Gene ID,Gene Name,breast,epididymis,choroid plexus,lymph node,appendix,spleen,skin,tonsil,thymus,stomach,salivary gland,prostate,parathyroid gland,kidney,adipose tissue,urinary bladder,cerebral cortex,esophagus,thyroid gland,adrenal gland,smooth muscle,cervix,gallbladder,colon,rectum,seminal vesicle,placenta,endometrium,ovary,lung,liver,fallopian tube,skeletal muscle,small intestine,duodenum,pancreas,testis,heart muscle,bone marrow,tongue
ENSG00000004848,ARX,0.00310644838475124,0.0474258731775668,0.0474258731775668,0.0474258731775668,0.0474258731775668,0.00506149512103887,0.0474258731775668,0.00266683603754786,0.0474258731775668,0.0474258731775668,0.0474258731775668,0.0474258731775668,0.0204724177234313,0.0151709213647627,0.0474258731775668,0.0474258731775668,0.0474258731775668,0.0474258731775668,0.0474258731775668,0.0474258731775668,0.0474258731775668,0.0474258731775668,0.00107788698560172,0.0171112751945664,0.0364188476887906,0.0474258731775668,0.00844182127561742,0.0474258731775668,0.0332140327633588,0.0188363624124329,0.0474258731775668,0.0474258731775668,0.0474258731775668,0.0174740145993864,0.022127489003451,0.0474258731775668,0.0294997102735484,0.0474258731775668,0.0474258731775668,0.0474258731775668
ENSG00000160113,NR2F6,0.0474258731775668,0.0474258731775668,0.0474258731775668,0.0474258731775668,0.0474258731775668,0.0474258731775668,0.0474258731775668,0.0474258731775668,0.0474258731775668,0.0474258731775668,0.0474258731775668,0.0474258731775668,0.0474258731775668,0.0474258731775668,0.0474258731775668,0.0474258731775668,0.0474258731775668,0.0474258731775668,0.0474258731775668,0.0474258731775668,0.0474258731775668,0.0474258731775668,0.0474258731775668,0.0474258731775668,0.0474258731775668,0.0474258731775668,0.0474258731775668,0.0474258731775668,0.0474258731775668,0.0474258731775668,0.0474258731775668,0.0474258731775668,0.0474258731775668,0.0474258731775668,0.0474258731775668,0.0474258731775668,0.104264997328657,0.0474258731775668,0.0474258731775668,0.0474258731775668
ENSG00000160199,PKNOX1,0.0474258731775668,0.0474258731775668,0.0474258731775668,0.0474258731775668,0.0474258731775668,0.0474258731775668,0.0474258731775668,0.0474258731775668,0.0474258731775668,0.0474258731775668,0.0474258731775668,0.0474258731775668,0.0474258731775668,0.0474258731775668,0.0474258731775668,0.0474258731775668,0.0474258731775668,0.0474258731775668,0.0391572419603829,0.0474258731775668,0.0474258731775668,0.0474258731775668,0.0474258731775668,0.0474258731775668,0.0474258731775668,0.0474258731775668,0.0474258731775668,0.0474258731775668,0.0474258731775668,0.0474258731775668,0.0474258731775668,0.0474258731775668,0.0474258731775668,0.0474258731775668,0.0474258731775668,0.0474258731775668,0.0474258731775668,0.0474258731775668,0.0474258731775668,0.0474258731775668
ENSG00000160685,ZBTB7B,0.0208394921056902,0.0442418206595007,0.0474258731775668,0.0474258731775668,0.0474258731775668,0.0474258731775668,0.0403283903951444,0.03139913132782,0.0474258731775668,0.0339567948712504,0.0474258731775668,0.0474258731775668,0.0474258731775668,0.0458141880805905,0.0474258731775668,0.0474258731775668,0.0474258731775668,0.0468670345254181,0.0354938501685917,0.0474258731775668,0.0474258731775668,0.0474258731775668,0.0415582003463904,0.0256686110290389,0.0201078107577094,0.0394160176642576,0.0474258731775668,0.0474258731775668,0.0474258731775668,0.0474258731775668,0.0295811894337764,0.0474258731775668,0.0474258731775668,0.029263875292958,0.0386486831685155,0.0474258731775668,0.0474258731775668,0.0474258731775668,0.0474258731775668,0.0474258731775668
ENSG00000160973,FOXH1,0.0474258731775668,0,0.0474258731775668,0.0474258731775668,0.0474258731775668,0.0474258731775668,0.0474258731775668,0.0242193276375471,0.0474258731775668,0.0474258731775668,0.0474258731775668,0.0474258731775668,0.0474258731775668,0.0474258731775668,0.0313369858416148,0.0474258731775668,0.0474258731775668,0,0.0474258731775668,0.0474258731775668,0.0474258731775668,0,0.0474258731775668,0.0474258731775668,0.0474258731775668,0.0474258731775668,0.0474258731775668,0.0474258731775668,0.0474258731775668,0.0474258731775668,0.0474258731775668,0.00244873232041588,0,0.0474258731775668,0.0474258731775668,0,0.0474258731775668,0,0.0474258731775668,0
ENSG00000161405,IKZF3,0.0474258731775668,0.0474258731775668,0.0474258731775668,0.0474258731775668,0.0474258731775668,0.0474258731775668,0.0474258731775668,0.0474258731775668,0.0474258731775668,0.0474258731775668,0.0474258731775668,0.0474258731775668,0.0474258731775668,0.0474258731775668,0.0474258731775668,0.0474258731775668,0.0474258731775668,0.0474258731775668,0.0474258731775668,0.0474258731775668,0.0474258731775668,0.0474258731775668,0.0474258731775668,0.0474258731775668,0.0474258731775668,0.0474258731775668,0.0474258731775668,0.0474258731775668,0.0474258731775668,0.0474258731775668,0.0474258731775668,0.0474258731775668,0.0474258731775668,0.0474258731775668,0.0474258731775668,0.0474258731775668,0.0474258731775668,0.0474258731775668,0.0474258731775668,0.0474258731775668
ENSG00000197044,ZNF441,0.0474258731775668,0.0474258731775668,0.0474258731775668,0.0474258731775668,0.0474258731775668,0.0474258731775668,0.0474258731775668,0.0474258731775668,0.0474258731775668,0.0474258731775668,0.0474258731775668,0.0474258731775668,0.0474258731775668,0.0474258731775668,0.0474258731775668,0.0474258731775668,0.0474258731775668,0.0474258731775668,0.0474258731775668,0.0474258731775668,0.0474258731775668,0.0474258731775668,0.0474258731775668,0.0474258731775668,0.0474258731775668,0.0474258731775668,0.0474258731775668,0.0474258731775668,0.0474258731775668,0.0474258731775668,0.0474258731775668,0.0474258731775668,0.0474258731775668,0.0474258731775668,0.0474258731775668,0.0474258731775668,0.0474258731775668,0.0474258731775668,0.0474258731775668,0.0474258731775668
ENSG00000197024,ZNF398,0.0474258731775668,0.0474258731775668,0.0474258731775668,0.0474258731775668,0.0474258731775668,0.0474258731775668,0.0474258731775668,0.0474258731775668,0.0474258731775668,0.0474258731775668,0.0474258731775668,0.0474258731775668,0.0474258731775668,0.0474258731775668,0.0474258731775668,0.0474258731775668,0.0474258731775668,0.0474258731775668,0.0474258731775668,0.0474258731775668,0.0474258731775668,0.0474258731775668,0.0474258731775668,0.0474258731775668,0.0474258731775668,0.0474258731775668,0.0474258731775668,0.0474258731775668,0.0474258731775668,0.0474258731775668,0.0474258731775668,0.0474258731775668,0.0474258731775668,0.0474258731775668,0.0474258731775668,0.0474258731775668,0.0474258731775668,0.0474258731775668,0.0474258731775668,0.0474258731775668
ENSG00000162367,TAL1,0.0474258731775668,0.0474258731775668,0.0362581006273903,0.0474258731775668,0.0474258731775668,0.0474258731775668,0.0474258731775668,0.0474258731775668,0.0474258731775668,0.028124186030752,0.0318187503331804,0.0474258731775668,0.0408707120374213,0.0474258731775668,0.0474258731775668,0.0474258731775668,0.0474258731775668,0.0474258731775668,0.0474258731775668,0.0474258731775668,0.0474258731775668,0.0474258731775668,0.0474258731775668,0.0474258731775668,0.0474258731775668,0.0474258731775668,0.0474258731775668,0.0474258731775668,0.0474258731775668,0.0474258731775668,0.0474258731775668,0.0474258731775668,0.0474258731775668,0.0474258731775668,0.0474258731775668,0.0474258731775668,0.035570392135074,0.0474258731775668,0.0474258731775668,0.0474258731775668
ENSG00000162624,LHX8,0,0,0,0,0,0,0,0.0138808336277531,0.0313419288669821,0,0.0474258731775668,0.0234161877621736,0,0,0,0.0474258731775668,0,0.0403753435855737,0.0117887720861496,0,0,0,0.0474258731775668,0,0,0,0.0234705007645156,0,0.0040602954966053,0.0474258731775668,0,0,0,0,0,0,0.0449369375781428,0.0474258731775668,0,0.019559257679344
ENSG00000160094,ZNF362,0.0474258731775668,0.0460991618644335,0.0474258731775668,0.0474258731775668,0.0474258731775668,0.100185522451491,0.0474258731775668,0.0474258731775668,0.0474258731775668,0.122052293683513,0.0474258731775668,0.0474258731775668,0.0474258731775668,0.0645167893281686,0.140978266179288,0.0474258731775668,0.0502275723673815,0.0474258731775668,0.0474258731775668,0.0474258731775668,0.0474258731775668,0.0474258731775668,0.0474258731775668,0.0916982752332174,0.0474258731775668,0.0474258731775668,0.0474258731775668,0.0474258731775668,0.0474258731775668,0.0474258731775668,0.062629631300801,0.0474258731775668,0.0474258731775668,0.0474258731775668,0.0708901270058556,0.0474258731775668,0.0474258731775668,0.0474258731775668,0.0474258731775668,0.0474258731775668
ENSG00000162761,LMX1A,0.0474258731775668,0.00480669297370725,0.0474258731775668,0.00260622425346248,0.0239944051192662,0,0.0474258731775668,0.0143838544918735,0.0474258731775668,0.0474258731775668,0.0474258731775668,0.0474258731775668,0.0474258731775668,0.0474258731775668,0.0474258731775668,0.0474258731775668,0.0474258731775668,0.0474258731775668,0.0474258731775668,0,0.0474258731775668,0.0474258731775668,0.0474258731775668,0.0474258731775668,0.0474258731775668,0.0474258731775668,0,0.0474258731775668,0.0474258731775668,0.0474258731775668,0.0474258731775668,0.0474258731775668,0.0474258731775668,0.0474258731775668,0.0474258731775668,0,0.0340714190566067,0.0474258731775668,0,0.0474258731775668
ENSG00000162924,REL,0.0474258731775668,0.0474258731775668,0.0474258731775668,0.0474258731775668,0.0474258731775668,0.0474258731775668,0.0474258731775668,0.0474258731775668,0.0474258731775668,0.0474258731775668,0.0474258731775668,0.0474258731775668,0.0474258731775668,0.0474258731775668,0.0474258731775668,0.0474258731775668,0.0474258731775668,0.0474258731775668,0.0474258731775668,0.0474258731775668,0.0474258731775668,0.0474258731775668,0.0474258731775668,0.0474258731775668,0.0474258731775668,0.0474258731775668,0.0474258731775668,0.0474258731775668,0.0474258731775668,0.0474258731775668,0.0474258731775668,0.0474258731775668,0.0474258731775668,0.0474258731775668,0.0474258731775668,0.0474258731775668,0.0474258731775668,0.0474258731775668,0.0474258731775668,0.0474258731775668
ENSG00000162992,NEUROD1,0.0173677365822229,0.0474258731775668,0.0474258731775668,0.00831108757496115,0.0474258731775668,0.0351491987907138,0.0196006862368685,0.0126031216369076,0.0474258731775668,0.0474258731775668,0.00782110397547198,0.0423328715492234,0,0.0474258731775668,0.0385616817198955,0.0278458311637881,0.0474258731775668,0.00388331883795304,0.0474258731775668,0,0.0111629907902017,0.00930241056161433,0,0.0474258731775668,0.0474258731775668,0.0217916283317182,0.00638893591351661,0.0140391401266105,0.00926907011960241,0.0106947191528977,0.0442387878816243,0.0202141855791322,0.0474258731775668,0.0474258731775668,0.0474258731775668,0.0474258731775668,0.0474258731775668,0.0474258731775668,0.012689638822601,0
ENSG00000163064,EN1,0.0474258731775668,0,0.0474258731775668,0.0474258731775668,0.0474258731775668,0.0474258731775668,0.0474258731775668,0.0474258731775668,0.0474258731775668,0.0474258731775668,0.0474258731775668,0.0474258731775668,0.0474258731775668,0,0.0474258731775668,0.0474258731775668,0.0474258731775668,0.0474258731775668,0.0474258731775668,0.0474258731775668,0.0474258731775668,0,0.0474258731775668,0.0474258731775668,0.0474258731775668,0.0474258731775668,0,0.0474258731775668,0.0474258731775668,0.0474258731775668,0,0.00885246199932084,0.0474258731775668,0,0.0474258731775668,0,0.0474258731775668,0.0474258731775668,0,0.0474258731775668
ENSG00000163132,MSX1,0.0474258731775668,0.0474258731775668,0.0474258731775668,0.0474258731775668,0.0474258731775668,0.0474258731775668,0.0474258731775668,0.0474258731775668,0.0474258731775668,0.0474258731775668,0.0474258731775668,0.0474258731775668,0.0474258731775668,0.0474258731775668,0.0474258731775668,0.0474258731775668,0.0474258731775668,0.0474258731775668,0.0474258731775668,0.0474258731775668,0.0474258731775668,0.0474258731775668,0.0474258731775668,0.0474258731775668,0.0474258731775668,0.0474258731775668,0.0474258731775668,0.0474258731775668,0.0474258731775668,0.0474258731775668,0.0474258731775668,0.0474258731775668,0.0474258731775668,0.0474258731775668,0.0474258731775668,0.0293756956485337,0.0474258731775668,0.0474258731775668,0.0474258731775668,0.0474258731775668
ENSG00000163497,FEV,0.0474258731775668,0,0.0474258731775668,0.0474258731775668,0.0474258731775668,0,0.0474258731775668,0,0.0474258731775668,0.0474258731775668,0,0.0474258731775668,0,0,0.0474258731775668,0,0.0193763468683135,0,0,0.0474258731775668,0.0209610186320194,0.0474258731775668,0.0474258731775668,0.0474258731775668,0.0474258731775668,0.0474258731775668,0.0255276465778093,0.0242513941938285,0.025283449518645,0.0474258731775668,0,0.0317001400788529,0,0.0474258731775668,0.0474258731775668,0.0474258731775668,0.0474258731775668,0.0474258731775668,0.0474258731775668,0
ENSG00000163508,EOMES,0.0474258731775668,0.0474258731775668,0.0474258731775668,0.0474258731775668,0.0474258731775668,0.0474258731775668,0.0474258731775668,0.0474258731775668,0.0474258731775668,0.0474258731775668,0.0474258731775668,0.0474258731775668,0.0474258731775668,0.0474258731775668,0.0474258731775668,0.0474258731775668,0.0474258731775668,0.0474258731775668,0.0474258731775668,0.0474258731775668,0.0474258731775668,0.0474258731775668,0.0474258731775668,0.0474258731775668,0.0474258731775668,0.0474258731775668,0.0474258731775668,0.0474258731775668,0.0474258731775668,0.0474258731775668,0.0474258731775668,0.0474258731775668,0.0474258731775668,0.0474258731775668,0.0474258731775668,0.0474258731775668,0.0474258731775668,0.0474258731775668,0.0474258731775668,0.0474258731775668
ENSG00000163623,NKX6-1,0.0474258731775668,0,0.0474258731775668,0.0474258731775668,0.0474258731775668,0.0474258731775668,0.0474258731775668,0.0474258731775668,0.0474258731775668,0.0474258731775668,0,0.0474258731775668,0.0474258731775668,0.0474258731775668,0.0474258731775668,0.0474258731775668,0.0474258731775668,0.0474258731775668,0.0474258731775668,0.0474258731775668,0.0474258731775668,0,0.0474258731775668,0.0474258731775668,0.0474258731775668,0.0474258731775668,0.0474258731775668,0.0474258731775668,0.0474258731775668,0.0474258731775668,0,0.0474258731775668,0,0,0.0474258731775668,0.0474258731775668,0.0474258731775668,0.0474258731775668,0.0474258731775668,0.0474258731775668
ENSG00000163792,TCF23,0.0474258731775668,0.0474258731775668,0.0474258731775668,0.0474258731775668,0.0474258731775668,0.0474258731775668,0.0474258731775668,0.0474258731775668,0.0474258731775668,0.0474258731775668,0.0474258731775668,0.0474258731775668,0.0474258731775668,0.0474258731775668,0.0474258731775668,0.0474258731775668,0.0474258731775668,0.0474258731775668,0.0474258731775668,0.0474258731775668,0.0474258731775668,0.0474258731775668,0.0474258731775668,0.0474258731775668,0.0474258731775668,0.0474258731775668,0.0474258731775668,0.0474258731775668,0.0474258731775668,0.0474258731775668,0.0474258731775668,0.0474258731775668,0.0474258731775668,0.0474258731775668,0.0474258731775668,0.0474258731775668,0.0474258731775668,0.0474258731775668,0.0474258731775668,0.0474258731775668
ENSG00000278318,ZNF229,0.0238758659403705,0.0210822029770563,0.0474258731775668,0.0140439483805283,0.0138733891472299,0.0208207267489193,0.0313529172273097,0.0181491077321282,0.0474258731775668,0.0155916665827316,0.045362494577199,0.0200596723520925,0.0262561904144256,0.0187890910560778,0.00792126834021174,0.0374778725319721,0.0414333475729178,0.0205062547335179,0.0235917249171244,0.0471796060033734,0.0221454490532265,0.0182850520602013,0.0304484516344545,0.0411320004043529,0.0120442945483357,0.0261510345851225,0.0202907116336457,0.0415569752028009,0.0213209988764502,0.0304709014310986,0.0226649973523566,0.0296735655468162,0.0474258731775668,0.0103458851996676,0.0474258731775668,0.0214989949365116,0.0179655992114853,0.046131549220817,0.00761120649004534,0.0361466254937954
ENSG00000162772,ATF3,0.0623225463010109,0.10731147944885,0.0846217254108393,0.152078999514826,0.058265305007636,0.0474258731775668,0.058830417387012,0.0474258731775668,0.0474258731775668,0.121997655603927,0.20781326333364,0.0847140888091518,0.0799014368559033,0.0526120389836264,0.0583084573881935,0.0551923180445833,0.0974095306170464,0.0482104606428399,0.0960149981033896,0.0976295427969674,0.0474258731775668,0.0474258731775668,0.101565035029778,0.0501336630479926,0.134089030405719,0.476316853187232,0.101609016788582,0.0605413593234722,0.0919267180803205,0.0474258731775668,0.0474258731775668,0.0585063179520745,0.090902990848613,0.094981026229473,0.0794942732408606,0.0474258731775668,0.186987972428349,0.0923112169562094,0.0609982137894387,0.156685406455981
ENSG00000163884,KLF15,0.0474258731775668,0.0474258731775668,0.0474258731775668,0.0474258731775668,0.0474258731775668,0.0474258731775668,0.0474258731775668,0.0474258731775668,0.0474258731775668,0.0474258731775668,0.0474258731775668,0.0474258731775668,0.0474258731775668,0.0474258731775668,0.0474258731775668,0.0474258731775668,0.0474258731775668,0.0474258731775668,0.0474258731775668,0.0474258731775668,0.0474258731775668,0.0474258731775668,0.0474258731775668,0.0474258731775668,0.0474258731775668,0.0474258731775668,0.0474258731775668,0.0474258731775668,0.0474258731775668,0.0474258731775668,0.0474258731775668,0.0474258731775668,0.0474258731775668,0.0474258731775668,0.0474258731775668,0.0474258731775668,0.0474258731775668,0.0474258731775668,0.0474258731775668,0.0474258731775668
ENSG00000197063,MAFG,0.0474258731775668,0.0474258731775668,0.0474258731775668,0.0474258731775668,0.0474258731775668,0.0474258731775668,0.0474258731775668,0.0474258731775668,0.0474258731775668,0.0474258731775668,0.0474258731775668,0.0474258731775668,0.0474258731775668,0.0474258731775668,0.0474258731775668,0.0474258731775668,0.0474258731775668,0.0474258731775668,0.0474258731775668,0.0474258731775668,0.0474258731775668,0.0474258731775668,0.0474258731775668,0.0474258731775668,0.0474258731775668,0.0474258731775668,0.0474258731775668,0.0474258731775668,0.0474258731775668,0.0474258731775668,0.0474258731775668,0.0474258731775668,0.0474258731775668,0.0474258731775668,0.0474258731775668,0.0474258731775668,0.0474258731775668,0.0474258731775668,0.0474258731775668,0.0474258731775668
ENSG00000159556,ISL2,0.0474258731775668,0,0.00545140113005269,0.0234679245593713,0.0224108090740868,0.0474258731775668,0,0.0474258731775668,0.0188402337369633,0.0474258731775668,0.0474258731775668,0.0474258731775668,0,0.00832042652998754,0.025659615418977,0.00203235005132619,0,0.0151510356897346,0,0.0105986567351734,0.0198521647479282,0,0.0237346412249396,0.0474258731775668,0.0428534051786456,0.0474258731775668,0.0182910108465299,0,0,0.0322965559123702,0,0,0,0.0474258731775668,0.0474258731775668,0,0.0474258731775668,0,0.00509498814617303,0
ENSG00000153234,NR4A2,0.0474258731775668,0.0474258731775668,0.475518949340625,0.0474258731775668,0.0474258731775668,0.0474258731775668,0.0474258731775668,0.0474258731775668,0.0474258731775668,0.0591895010844822,0.0474258731775668,0.0474258731775668,0.0573993931885893,0.0474258731775668,0.0474258731775668,0.0474258731775668,0.0474258731775668,0.101997882299508,0.0474258731775668,0.0474258731775668,0.0684611633320255,0.0474258731775668,0.0474258731775668,0.0474258731775668,0.0474258731775668,0.0474258731775668,0.061696663559266,0.0474258731775668,0.0474258731775668,0.0474258731775668,0.0474258731775668,0.0474258731775668,0.0908071399275572,0.0667193952667301,0.0474258731775668,0.0676860168675323,0.142862236454321,0.0474258731775668,0.0853105208826517,0.0474258731775668
ENSG00000153266,FEZF2,0.0474258731775668,0,0.0474258731775668,0,0,0.0474258731775668,0.0474258731775668,0.0474258731775668,0.0474258731775668,0.0474258731775668,0.0474258731775668,0.0474258731775668,0,0.0474258731775668,0.0474258731775668,0.0474258731775668,0.0474258731775668,0,0.0474258731775668,0.0474258731775668,0,0,0.0474258731775668,0.0474258731775668,0,0.0474258731775668,0.0474258731775668,0.0474258731775668,0.0474258731775668,0.0474258731775668,0.0474258731775668,0.0474258731775668,0.0474258731775668,0.0474258731775668,0,0,0.0474258731775668,0.0474258731775668,0,0
ENSG00000153779,TGIF2LX,0,0,0,0,0,0.0474258731775668,0,0,0,0.0474258731775668,0,0,0,0,0,0,0,0,0,0,0,0,0,0,0,0,0,0,0.0474258731775668,0,0,0,0,0,0.0474258731775668,0,0.0474258731775668,0.0474258731775668,0,0
ENSG00000153814,JAZF1,0.0228334547614245,0.00782154627736381,0.0474258731775668,0.0474258731775668,0.0474258731775668,0.0474258731775668,0.0416806054099584,0.0282828254398375,0.0474258731775668,0.0474258731775668,0.0371847530112111,0.0394600417867746,0.0267727208823027,0.0282954245578312,0.0474258731775668,0.0474258731775668,0.0388129516046719,0.0474258731775668,0.0474258731775668,0.0113317949357319,0.0420367210877461,0.0474258731775668,0.0474258731775668,0.0474258731775668,0.027549236861443,0.0453310698681459,0.0399569056862952,0.0387784667503463,0.0474258731775668,0.0474258731775668,0.0247483834704972,0.0474258731775668,0.0332089757868647,0.0474258731775668,0.0474258731775668,0.0474258731775668,0.0474258731775668,0.0474258731775668,0.0474258731775668,0.0474258731775668
ENSG00000153879,CEBPG,0.0474258731775668,0.0474258731775668,0.0407466930002867,0.0474258731775668,0.0474258731775668,0.0474258731775668,0.0474258731775668,0.0474258731775668,0.0474258731775668,0.0474258731775668,0.0474258731775668,0.0474258731775668,0.0474258731775668,0.0474258731775668,0.0474258731775668,0.0474258731775668,0.0474258731775668,0.0474258731775668,0.0474258731775668,0.0474258731775668,0.0474258731775668,0.0474258731775668,0.0474258731775668,0.0474258731775668,0.0474258731775668,0.0474258731775668,0.0474258731775668,0.0474258731775668,0.0474258731775668,0.0474258731775668,0.0474258731775668,0.0474258731775668,0.0474258731775668,0.0474258731775668,0.0474258731775668,0.0474258731775668,0.0474258731775668,0.0474258731775668,0.0474258731775668,0.0474258731775668
ENSG00000154727,GABPA,0.0474258731775668,0.0474258731775668,0.0474258731775668,0.0474258731775668,0.0474258731775668,0.0474258731775668,0.0474258731775668,0.0474258731775668,0.0474258731775668,0.0474258731775668,0.0474258731775668,0.0474258731775668,0.0474258731775668,0.0474258731775668,0.0474258731775668,0.0474258731775668,0.0474258731775668,0.0474258731775668,0.0474258731775668,0.0474258731775668,0.0474258731775668,0.0474258731775668,0.0474258731775668,0.0474258731775668,0.0474258731775668,0.0474258731775668,0.0474258731775668,0.0474258731775668,0.0474258731775668,0.0474258731775668,0.0474258731775668,0.0474258731775668,0.0474258731775668,0.0474258731775668,0.0474258731775668,0.0474258731775668,0.0474258731775668,0.0474258731775668,0.0474258731775668,0.0474258731775668
ENSG00000155090,KLF10,0.0474258731775668,0.0474258731775668,0.0474258731775668,0.0474258731775668,0.0474258731775668,0.0474258731775668,0.0474258731775668,0.0474258731775668,0.0474258731775668,0.0474258731775668,0.0474258731775668,0.0474258731775668,0.0474258731775668,0.0474258731775668,0.0474258731775668,0.0474258731775668,0.0474258731775668,0.0474258731775668,0.0474258731775668,0.0474258731775668,0.0474258731775668,0.0474258731775668,0.0474258731775668,0.0474258731775668,0.0474258731775668,0.0474258731775668,0.0474258731775668,0.0474258731775668,0.0474258731775668,0.0474258731775668,0.0474258731775668,0.0474258731775668,0.0474258731775668,0.0474258731775668,0.0474258731775668,0.0474258731775668,0.0474258731775668,0.0474258731775668,0.0474258731775668,0.0474258731775668
ENSG00000155545,MIER3,0.0474258731775668,0.0474258731775668,0.0474258731775668,0.0474258731775668,0.0474258731775668,0.0474258731775668,0.0474258731775668,0.0474258731775668,0.0474258731775668,0.0474258731775668,0.0474258731775668,0.0474258731775668,0.0474258731775668,0.0474258731775668,0.0506267140527487,0.0474258731775668,0.0474258731775668,0.0474258731775668,0.0474258731775668,0.0474258731775668,0.308833881515176,0.0474258731775668,0.0726275984998302,0.107813741243124,0.0474258731775668,0.0474258731775668,0.0474258731775668,0.0474258731775668,0.0474258731775668,0.0474258731775668,0.0474258731775668,0.117855843141639,0.0474258731775668,0.0474258731775668,0.0480500473245131,0.0474258731775668,0.0580442477732913,0.0474258731775668,0.0313972743039971,0.0474258731775668
ENSG00000155592,ZKSCAN2,0.0474258731775668,0.0474258731775668,0.0474258731775668,0.0474258731775668,0.0474258731775668,0.0474258731775668,0.0474258731775668,0.0474258731775668,0.0474258731775668,0.0474258731775668,0.0474258731775668,0.0474258731775668,0.0474258731775668,0.0474258731775668,0.0474258731775668,0.0474258731775668,0.0474258731775668,0.0474258731775668,0.0474258731775668,0.0474258731775668,0.0474258731775668,0.0474258731775668,0.0474258731775668,0.0474258731775668,0.0474258731775668,0.0474258731775668,0.0474258731775668,0.0474258731775668,0.0474258731775668,0.0474258731775668,0.0474258731775668,0.0474258731775668,0.0474258731775668,0.0474258731775668,0.0474258731775668,0.0474258731775668,0.0474258731775668,0.0474258731775668,0.0474258731775668,0.0474258731775668
ENSG00000197123,ZNF679,0,0.0474258731775668,0,0,0,0,0,0,0,0,0,0.0474258731775668,0,0,0.0474258731775668,0.0474258731775668,0,0,0.0474258731775668,0,0,0,0,0,0,0,0,0,0,0,0,0,0,0,0.0474258731775668,0,0.0474258731775668,0,0,0
ENSG00000156030,ELMSAN1,0.0263977867834904,0.00530678329167511,0.00846209508093077,0.0474258731775668,0.0474258731775668,0.0474258731775668,0.0769564577200908,0.0283636998589733,0.0529648999970352,0.0474258731775668,0.0474258731775668,0.087010643688753,0.040005732504691,0.0429413512769085,0.0474258731775668,0.0474258731775668,0.0755341514910319,0.0474258731775668,0.0822946002302837,0.0409021333810266,0.0321198018085478,0.0474258731775668,0.0607444245602256,0.0973511929300598,0.017772443419352,0.0427664036804336,0.0474258731775668,0.0451069590385347,0.0474258731775668,0.0474258731775668,0.0485695187826669,0.0474258731775668,0.114676318556036,0.0495057124813196,0.0407519104418578,0.0474258731775668,0.0534828460786921,0.0474258731775668,0.0838557057911715,0.0474258731775668
ENSG00000156150,ALX3,0.0474258731775668,0,0.0474258731775668,0.0474258731775668,0.0474258731775668,0.0474258731775668,0.0474258731775668,0.0474258731775668,0.0474258731775668,0.0474258731775668,0.0474258731775668,0.0474258731775668,0.0474258731775668,0.0474258731775668,0.0474258731775668,0.0474258731775668,0.0474258731775668,0.0474258731775668,0.0474258731775668,0.0474258731775668,0.0474258731775668,0.0474258731775668,0.0474258731775668,0.0474258731775668,0,0.0474258731775668,0.0474258731775668,0.0474258731775668,0.0474258731775668,0.0474258731775668,0.0474258731775668,0.0474258731775668,0.0474258731775668,0.0474258731775668,0.0474258731775668,0.0474258731775668,0.0474258731775668,0.0474258731775668,0.0474258731775668,0.0474258731775668
ENSG00000156650,KAT6B,0.0474258731775668,0.0474258731775668,0.0474258731775668,0.0474258731775668,0.0474258731775668,0.0474258731775668,0.0474258731775668,0.0474258731775668,0.0474258731775668,0.0474258731775668,0.0474258731775668,0.0474258731775668,0.0474258731775668,0.0474258731775668,0.0474258731775668,0.0474258731775668,0.060714486454239,0.0474258731775668,0.0474258731775668,0.0474258731775668,0.0474258731775668,0.0474258731775668,0.0474258731775668,0.0474258731775668,0.0474258731775668,0.0474258731775668,0.0474258731775668,0.0474258731775668,0.0474258731775668,0.0474258731775668,0.0474258731775668,0.0474258731775668,0.0474258731775668,0.0474258731775668,0.0474258731775668,0.0474258731775668,0.0474258731775668,0.0474258731775668,0.0474258731775668,0.0474258731775668
ENSG00000156853,ZNF689,0.0474258731775668,0.0474258731775668,0.0474258731775668,0.0474258731775668,0.0474258731775668,0.0474258731775668,0.0474258731775668,0.0474258731775668,0.0474258731775668,0.0474258731775668,0.0474258731775668,0.0474258731775668,0.0474258731775668,0.0474258731775668,0.0474258731775668,0.0474258731775668,0.0474258731775668,0.0474258731775668,0.0474258731775668,0.0474258731775668,0.0474258731775668,0.0474258731775668,0.0474258731775668,0.0474258731775668,0.0474258731775668,0.0474258731775668,0.0474258731775668,0.0474258731775668,0.0474258731775668,0.0474258731775668,0.0474258731775668,0.0474258731775668,0.0474258731775668,0.0474258731775668,0.0474258731775668,0.0474258731775668,0.0474258731775668,0.0474258731775668,0.0474258731775668,0.0474258731775668
ENSG00000156925,ZIC3,0.0229732337884245,0,0.0474258731775668,0.0474258731775668,0.0474258731775668,0.0474258731775668,0.0276218589268295,0.0474258731775668,0.0474258731775668,0.0474258731775668,0.0474258731775668,0.0474258731775668,0.0474258731775668,0.0257012280408347,0.0474258731775668,0.0474258731775668,0.0474258731775668,0.0474258731775668,0.0474258731775668,0,0,0.0474258731775668,0.0474258731775668,0.0474258731775668,0.0474258731775668,0.0474258731775668,0.0474258731775668,0.0474258731775668,0.0474258731775668,0.0474258731775668,0.0110338337561054,0.0474258731775668,0.0474258731775668,0.0474258731775668,0.0474258731775668,0.0474258731775668,0.0474258731775668,0.0474258731775668,0.0474258731775668,0
ENSG00000157554,ERG,0.0474258731775668,0.0474258731775668,0.0474258731775668,0.0474258731775668,0.0474258731775668,0.0474258731775668,0.0474258731775668,0.0474258731775668,0.0474258731775668,0.0474258731775668,0.0474258731775668,0.0474258731775668,0.0474258731775668,0.0474258731775668,0.0474258731775668,0.0474258731775668,0.0474258731775668,0.0474258731775668,0.0474258731775668,0.0474258731775668,0.0474258731775668,0.0474258731775668,0.0474258731775668,0.0474258731775668,0.0474258731775668,0.0474258731775668,0.0474258731775668,0.0474258731775668,0.0474258731775668,0.0474258731775668,0.0474258731775668,0.0474258731775668,0.0474258731775668,0.0474258731775668,0.0474258731775668,0.0474258731775668,0.0474258731775668,0.0474258731775668,0.0300066870186503,0.0474258731775668
ENSG00000158773,USF1,0.0370960283725176,0.0335444969465448,0.0369833764258907,0.0572529047536419,0.0377067097693507,0.0348975311730636,0.0423271979850595,0.0470187249866948,0.0474258731775668,0.0403066816090749,0.0473010037651163,0.0474258731775668,0.0474258731775668,0.0474258731775668,0.0407095562811211,0.0474258731775668,0.0474258731775668,0.0474258731775668,0.0474258731775668,0.0474258731775668,0.0474258731775668,0.0474258731775668,0.0474258731775668,0.0460283016669995,0.0518831949878525,0.0499553458117724,0.0474258731775668,0.0422194158050036,0.0474258731775668,0.0345521672012384,0.0474258731775668,0.0474258731775668,0.0474258731775668,0.0385973714608446,0.0474258731775668,0.034208087427252,0.0474258731775668,0.0474258731775668,0.0245248212141507,0.0474258731775668
ENSG00000158805,ZNF276,0.0474258731775668,0.0474258731775668,0.0179855934959349,0.0474258731775668,0.0474258731775668,0.0474258731775668,0.0474258731775668,0.0474258731775668,0.0474258731775668,0.0474258731775668,0.0474258731775668,0.0474258731775668,0.0425894627959381,0.0474258731775668,0.0474258731775668,0.0474258731775668,0.0474258731775668,0.0312959004450592,0.0474258731775668,0.0474258731775668,0.0474258731775668,0.0474258731775668,0.0474258731775668,0.0474258731775668,0.0474258731775668,0.0474258731775668,0.0474258731775668,0.0474258731775668,0.0474258731775668,0.0474258731775668,0.0474258731775668,0.0474258731775668,0.0474258731775668,0.0474258731775668,0.0474258731775668,0.0474258731775668,0.0372547238416274,0.0474258731775668,0.0474258731775668,0.0323903273290972
ENSG00000159184,HOXB13,0.0474258731775668,0.0474258731775668,0.0474258731775668,0.0474258731775668,0.0474258731775668,0.0474258731775668,0,0.0474258731775668,0.0474258731775668,0.0474258731775668,0.0474258731775668,0.0474258731775668,0.0474258731775668,0.0474258731775668,0.0474258731775668,0.0474258731775668,0.0474258731775668,0.0474258731775668,0.0474258731775668,0.0474258731775668,0.0474258731775668,0.0474258731775668,0,0.0474258731775668,0.0474258731775668,0.0474258731775668,0.0474258731775668,0.0474258731775668,0.0474258731775668,0.0474258731775668,0.0474258731775668,0.0474258731775668,0,0.0474258731775668,0.0474258731775668,0,0.0474258731775668,0,0,0
ENSG00000159387,IRX6,0.0474258731775668,0.0474258731775668,0.0474258731775668,0.0474258731775668,0.0381040278949147,0.0474258731775668,0.0474258731775668,0.0474258731775668,0.0474258731775668,0.0474258731775668,0.0474258731775668,0.0474258731775668,0.0474258731775668,0.0474258731775668,0.0474258731775668,0.0118316865957037,0.0160548566693267,0.0474258731775668,0.0474258731775668,0.0474258731775668,0.0474258731775668,0.0474258731775668,0.0474258731775668,0.0474258731775668,0.0474258731775668,0.0474258731775668,0.0474258731775668,0.0474258731775668,0.0474258731775668,0.0474258731775668,0.0331224080845593,0.0474258731775668,0.0474258731775668,0.0474258731775668,0.0474258731775668,0.0474258731775668,0.0474258731775668,0.0474258731775668,0.00646204958627651,0.0474258731775668
ENSG00000197362,ZNF786,0.0474258731775668,0.0474258731775668,0.0474258731775668,0.0474258731775668,0.0474258731775668,0.0474258731775668,0.0474258731775668,0.0474258731775668,0.0474258731775668,0.0474258731775668,0.0474258731775668,0.0474258731775668,0.0474258731775668,0.0474258731775668,0.0474258731775668,0.0474258731775668,0.0474258731775668,0.0474258731775668,0.0474258731775668,0.0474258731775668,0.0474258731775668,0.0474258731775668,0.0474258731775668,0.0474258731775668,0.0474258731775668,0.0474258731775668,0.0474258731775668,0.0474258731775668,0.0474258731775668,0.0474258731775668,0.0474258731775668,0.0474258731775668,0.0474258731775668,0.0474258731775668,0.0474258731775668,0.0474258731775668,0.0474258731775668,0.0474258731775668,0.0474258731775668,0.0474258731775668
ENSG00000153147,SMARCA5,0.0474258731775668,0.0474258731775668,0.0474258731775668,0.0474258731775668,0.0474258731775668,0.0474258731775668,0.0474258731775668,0.0474258731775668,0.0474258731775668,0.0474258731775668,0.0474258731775668,0.0474258731775668,0.0474258731775668,0.0474258731775668,0.0474258731775668,0.0474258731775668,0.0474258731775668,0.0474258731775668,0.0474258731775668,0.0474258731775668,0.0474258731775668,0.0474258731775668,0.0474258731775668,0.0474258731775668,0.0474258731775668,0.0474258731775668,0.0474258731775668,0.0474258731775668,0.0474258731775668,0.0474258731775668,0.0474258731775668,0.0474258731775668,0.0474258731775668,0.0474258731775668,0.0474258731775668,0.0474258731775668,0.0474258731775668,0.0474258731775668,0.0474258731775668,0.0474258731775668
ENSG00000163909,HEYL,0.0474258731775668,0.0474258731775668,0.0474258731775668,0.0474258731775668,0.0474258731775668,0.0474258731775668,0.0474258731775668,0.0474258731775668,0.0474258731775668,0.0474258731775668,0.0474258731775668,0.0474258731775668,0.0474258731775668,0.0474258731775668,0.0474258731775668,0.0474258731775668,0.0474258731775668,0.0474258731775668,0.0474258731775668,0.0474258731775668,0.0474258731775668,0.0474258731775668,0.0474258731775668,0.0474258731775668,0.0474258731775668,0.0474258731775668,0.0474258731775668,0.0474258731775668,0.0474258731775668,0.0474258731775668,0.0474258731775668,0.0474258731775668,0.0474258731775668,0.0474258731775668,0.0474258731775668,0.0474258731775668,0.0474258731775668,0.0474258731775668,0.0474258731775668,0.0474258731775668
ENSG00000164107,HAND2,0.0474258731775668,0.0474258731775668,0,0.0273050005733898,0.038015540103617,0.0363651958101759,0.0474258731775668,0.0474258731775668,0.0437159410135234,0.0474258731775668,0.0474258731775668,0.0328527439092897,0.0384848206932411,0.0243670909436554,0.0474258731775668,0.0474258731775668,0.01209273168351,0.0474258731775668,0.0474258731775668,0.040673756617615,0.0474258731775668,0.0474258731775668,0.0468089306455076,0.0474258731775668,0.0474258731775668,0.0330639186253697,0.0474258731775668,0.0474258731775668,0.0399539416406946,0.0474258731775668,0.0474258731775668,0.0474258731775668,0,0.0474258731775668,0.0474258731775668,0.0463490168778099,0.0236591434629486,0.0446687383118278,0,0.0474258731775668
ENSG00000166888,STAT6,0.0474258731775668,0.0821503821647026,0.0471485488380692,0.0637562607725612,0.0953549809965893,0.0666691037837341,0.124663994914922,0.080344840360944,0.072158501427276,0.081038329612545,0.0474258731775668,0.0474258731775668,0.0474258731775668,0.0881459187220228,0.0506051845260385,0.0545618467691584,0.0782324953087858,0.0860656879185139,0.0523739672587242,0.0571333757128452,0.0489314154830018,0.0474258731775668,0.0547498385988999,0.0566898059031761,0.0914944977213159,0.0474258731775668,0.0474258731775668,0.0512887024081724,0.0474258731775668,0.0474258731775668,0.0474258731775668,0.0474258731775668,0.114242069777278,0.0902276185079175,0.0823926045323969,0.0638152591266605,0.101300569552763,0.0474258731775668,0.129811394066668,0.0474258731775668
ENSG00000167034,NKX3-1,0.0474258731775668,0.0474258731775668,0.0474258731775668,0.0474258731775668,0.0474258731775668,0.0474258731775668,0.0474258731775668,0.0474258731775668,0.0474258731775668,0.0474258731775668,0.0474258731775668,0.0474258731775668,0.0474258731775668,0.0474258731775668,0.0474258731775668,0.0474258731775668,0.0474258731775668,0.0474258731775668,0.0474258731775668,0.0474258731775668,0.0474258731775668,0.0474258731775668,0.0474258731775668,0.0474258731775668,0.0474258731775668,0.0474258731775668,0.0474258731775668,0.0474258731775668,0.0474258731775668,0.0474258731775668,0.0474258731775668,0.0474258731775668,0.0474258731775668,0.0474258731775668,0.0474258731775668,0.0474258731775668,0.0474258731775668,0.0474258731775668,0.0474258731775668,0.0474258731775668
ENSG00000167074,TEF,0.0474258731775668,0.0474258731775668,0.0474258731775668,0.0474258731775668,0.0474258731775668,0.0474258731775668,0.0474258731775668,0.0474258731775668,0.0474258731775668,0.0474258731775668,0.0474258731775668,0.0474258731775668,0.0474258731775668,0.0474258731775668,0.0474258731775668,0.0474258731775668,0.0474258731775668,0.0474258731775668,0.0474258731775668,0.0474258731775668,0.0474258731775668,0.0474258731775668,0.0474258731775668,0.0474258731775668,0.0474258731775668,0.0474258731775668,0.0474258731775668,0.0474258731775668,0.0474258731775668,0.0474258731775668,0.0474258731775668,0.0474258731775668,0.0474258731775668,0.0474258731775668,0.0474258731775668,0.0474258731775668,0.0474258731775668,0.0474258731775668,0.0474258731775668,0.0474258731775668
ENSG00000196700,ZNF512B,0.0474258731775668,0.0474258731775668,0.0474258731775668,0.0474258731775668,0.0474258731775668,0.0474258731775668,0.0474258731775668,0.0474258731775668,0.0474258731775668,0.0474258731775668,0.0474258731775668,0.0474258731775668,0.0474258731775668,0.0474258731775668,0.0474258731775668,0.0474258731775668,0.0474258731775668,0.0474258731775668,0.0474258731775668,0.0474258731775668,0.0474258731775668,0.0474258731775668,0.0474258731775668,0.0474258731775668,0.0474258731775668,0.0474258731775668,0.0474258731775668,0.0474258731775668,0.0474258731775668,0.0474258731775668,0.0474258731775668,0.0474258731775668,0.0474258731775668,0.0474258731775668,0.0474258731775668,0.0474258731775668,0.0474258731775668,0.0474258731775668,0.0474258731775668,0.0474258731775668
ENSG00000167157,PRRX2,0.0474258731775668,0.0474258731775668,0.0474258731775668,0.0474258731775668,0.0474258731775668,0.0474258731775668,0.0474258731775668,0.0474258731775668,0.0474258731775668,0.0474258731775668,0.0474258731775668,0.0474258731775668,0.0474258731775668,0.0474258731775668,0.0474258731775668,0.0474258731775668,0.0474258731775668,0.0474258731775668,0.0474258731775668,0.0474258731775668,0.0474258731775668,0.0474258731775668,0.0474258731775668,0.0474258731775668,0.0474258731775668,0.0474258731775668,0.0474258731775668,0.0474258731775668,0.0474258731775668,0.0474258731775668,0.0474258731775668,0.0474258731775668,0.0474258731775668,0.0474258731775668,0.0474258731775668,0.0474258731775668,0.0474258731775668,0.0474258731775668,0.0474258731775668,0.0474258731775668
ENSG00000167384,ZNF180,0.0253983260686885,0.0474258731775668,0.0438513872900075,0.0261727190420872,0.0109323959093812,0.0375222111036632,0.0360560257493929,0.0208557995676449,0.0184798498164506,0.0241066332664322,0.0333315582934801,0.0253012908323341,0.0238407980789654,0.0228856755321438,0.0609071633957414,0.0210531993696437,0.0379328330544081,0.0174267351728082,0.0260142057305543,0.0474258731775668,0.01797334376576,0.0342868159738929,0.0101520345890142,0.0212822061818036,0.0217930835698697,0.0471678353011627,0.0207391581136088,0.0499938406885926,0.0167244457630531,0.0254629390204486,0.019191494649106,0.0278184665726228,0.223891185394587,0.0368695226435266,0.0254105703511891,0.0319752888584282,0.019226124671618,0.0162950043317144,0.0320188191343031,0.0125700807875186
ENSG00000196466,ZNF799,0.0474258731775668,0.0474258731775668,0.0474258731775668,0.0474258731775668,0.0474258731775668,0.0474258731775668,0.0149280517619614,0.0474258731775668,0.0474258731775668,0.0474258731775668,0.0474258731775668,0.0474258731775668,0.0474258731775668,0.0474258731775668,0.0474258731775668,0.0474258731775668,0.0474258731775668,0.0474258731775668,0.0474258731775668,0.018390669265828,0.0474258731775668,0.0474258731775668,0.0474258731775668,0.0474258731775668,0.0474258731775668,0.0474258731775668,0.0474258731775668,0.0474258731775668,0.0474258731775668,0.0474258731775668,0.0474258731775668,0.0474258731775668,0.0474258731775668,0.0474258731775668,0.0474258731775668,0.0474258731775668,0.0474258731775668,0.0474258731775668,0.0474258731775668,0.0474258731775668
ENSG00000196458,ZNF605,0.0474258731775668,0.0474258731775668,0.0474258731775668,0.0474258731775668,0.0474258731775668,0.0474258731775668,0.0474258731775668,0.0474258731775668,0.0474258731775668,0.0474258731775668,0.0474258731775668,0.0474258731775668,0.0474258731775668,0.0474258731775668,0.0474258731775668,0.0474258731775668,0.0474258731775668,0.0474258731775668,0.0474258731775668,0.0474258731775668,0.0474258731775668,0.0474258731775668,0.0474258731775668,0.0474258731775668,0.0474258731775668,0.0474258731775668,0.0474258731775668,0.0474258731775668,0.0474258731775668,0.0474258731775668,0.0474258731775668,0.0474258731775668,0.0474258731775668,0.0474258731775668,0.0474258731775668,0.0474258731775668,0.0474258731775668,0.0474258731775668,0.0474258731775668,0.0474258731775668
ENSG00000196453,ZNF777,0.0474258731775668,0.0474258731775668,0.0474258731775668,0.0474258731775668,0.0474258731775668,0.0474258731775668,0.0474258731775668,0.0474258731775668,0.0474258731775668,0.0474258731775668,0.0474258731775668,0.0474258731775668,0.0474258731775668,0.0474258731775668,0.0474258731775668,0.0474258731775668,0.0474258731775668,0.0474258731775668,0.0474258731775668,0.0474258731775668,0.0474258731775668,0.0474258731775668,0.0474258731775668,0.0474258731775668,0.0474258731775668,0.0474258731775668,0.0474258731775668,0.0474258731775668,0.0474258731775668,0.0474258731775668,0.0474258731775668,0.0474258731775668,0.0474258731775668,0.0474258731775668,0.0474258731775668,0.0474258731775668,0.0474258731775668,0.0474258731775668,0.0474258731775668,0.0474258731775668
ENSG00000166860,ZBTB39,0.0474258731775668,0.0474258731775668,0.0474258731775668,0.0474258731775668,0.0474258731775668,0.0474258731775668,0.0474258731775668,0.0474258731775668,0.0474258731775668,0.0474258731775668,0.0474258731775668,0.0474258731775668,0.0474258731775668,0.0474258731775668,0.0474258731775668,0.0474258731775668,0.0474258731775668,0.0474258731775668,0.0474258731775668,0.0474258731775668,0.0474258731775668,0.0474258731775668,0.0474258731775668,0.0474258731775668,0.0474258731775668,0.0474258731775668,0.0474258731775668,0.0474258731775668,0.0474258731775668,0.0474258731775668,0.0474258731775668,0.0474258731775668,0.0474258731775668,0.0474258731775668,0.0474258731775668,0.0474258731775668,0.0474258731775668,0.0474258731775668,0.0474258731775668,0.0474258731775668
ENSG00000167562,ZNF701,0.0477147716286139,0.0561477888601787,0.222987692200373,0.0618831286393965,0.14088119800738,0.0499453267947737,0.0392407520239629,0.0474258731775668,0.0474258731775668,0.0474258731775668,0.0474258731775668,0.0474258731775668,0.0474258731775668,0.0474258731775668,0.0760149945343138,0.0779071650610294,0.0474258731775668,0.0782232351940127,0.0759499813118331,0.0474258731775668,0.0807949690235282,0.0474258731775668,0.0497358611343184,0.0474258731775668,0.0474258731775668,0.0474258731775668,0.0854315834878018,0.0641824848610933,0.0474258731775668,0.0474258731775668,0.0474258731775668,0.0917380124310382,0.102675517322468,0.0659604677015183,0.0474258731775668,0.0276378269943353,0.080815836608434,0.0670395253174978,0.091791630504121,0.0474258731775668
ENSG00000167785,ZNF558,0.0474258731775668,0.0474258731775668,0.0474258731775668,0.0474258731775668,0.0474258731775668,0.0474258731775668,0.0474258731775668,0.0474258731775668,0.0474258731775668,0.0474258731775668,0.0474258731775668,0.0474258731775668,0.0474258731775668,0.0474258731775668,0.0474258731775668,0.0474258731775668,0.0474258731775668,0.0474258731775668,0.0474258731775668,0.0474258731775668,0.0474258731775668,0.0474258731775668,0.0474258731775668,0.0474258731775668,0.0474258731775668,0.0474258731775668,0.0474258731775668,0.0474258731775668,0.0474258731775668,0.0474258731775668,0.0474258731775668,0.0474258731775668,0.0474258731775668,0.0474258731775668,0.0474258731775668,0.0474258731775668,0.0474258731775668,0.0474258731775668,0.0474258731775668,0.0474258731775668
ENSG00000167800,TBX10,0.0474258731775668,0,0,0.0474258731775668,0.0474258731775668,0.0474258731775668,0.0474258731775668,0.0474258731775668,0.0474258731775668,0.0474258731775668,0.0474258731775668,0.0474258731775668,0.0474258731775668,0.0474258731775668,0.0474258731775668,0.0474258731775668,0.0474258731775668,0.0474258731775668,0.0474258731775668,0,0.0474258731775668,0.0474258731775668,0.0474258731775668,0.0474258731775668,0.0474258731775668,0.0474258731775668,0,0,0.0474258731775668,0.0474258731775668,0.0474258731775668,0.0474258731775668,0.0474258731775668,0.0474258731775668,0.0474258731775668,0.0474258731775668,0.0474258731775668,0.0474258731775668,0,0
ENSG00000167840,ZNF232,0.0474258731775668,0.0474258731775668,0.0474258731775668,0.0474258731775668,0.0474258731775668,0.0474258731775668,0.0474258731775668,0.0474258731775668,0.0474258731775668,0.0474258731775668,0.0474258731775668,0.0474258731775668,0.0474258731775668,0.0474258731775668,0.0417876915737663,0.0474258731775668,0.0474258731775668,0.0474258731775668,0.0474258731775668,0.0474258731775668,0.0474258731775668,0.0474258731775668,0.0474258731775668,0.0474258731775668,0.0474258731775668,0.0474258731775668,0.0474258731775668,0.0474258731775668,0.0474258731775668,0.0474258731775668,0.0474258731775668,0.0474258731775668,0.00927471199975751,0.0474258731775668,0.0474258731775668,0.0474258731775668,0.0474258731775668,0.0474258731775668,0.0347847137011182,0.0474258731775668
ENSG00000167967,E4F1,0.0474258731775668,0.0474258731775668,0.136606000818604,0.0474258731775668,0.0838161151862134,0.0474258731775668,0.0474258731775668,0.0474258731775668,0.0474258731775668,0.0782741910556145,0.0474258731775668,0.0474258731775668,0.109197393707473,0.0508487571448159,0.0505066816019404,0.0474258731775668,0.0474258731775668,0.0474258731775668,0.0474258731775668,0.0474258731775668,0.0675261933303737,0.0474258731775668,0.0474258731775668,0.0474258731775668,0.108506496528989,0.0474258731775668,0.0474258731775668,0.0474258731775668,0.0474258731775668,0.0474258731775668,0.0474258731775668,0.0474258731775668,0.0532363213537071,0.0474258731775668,0.0474258731775668,0.0580831044932615,0.0474258731775668,0.0474258731775668,0.0474258731775668,0.0474258731775668
ENSG00000167981,ZNF597,0.0474258731775668,0.0474258731775668,0.0474258731775668,0.0474258731775668,0.0474258731775668,0.0474258731775668,0.0474258731775668,0.0474258731775668,0.0474258731775668,0.0474258731775668,0.0474258731775668,0.0474258731775668,0.0474258731775668,0.0474258731775668,0.0474258731775668,0.0474258731775668,0.0474258731775668,0.0474258731775668,0.0474258731775668,0.0474258731775668,0.0474258731775668,0.0474258731775668,0.0474258731775668,0.0474258731775668,0.0474258731775668,0.0474258731775668,0.0474258731775668,0.0474258731775668,0.0474258731775668,0.0474258731775668,0.0474258731775668,0.0474258731775668,0.0474258731775668,0.0474258731775668,0.0474258731775668,0.0474258731775668,0.0474258731775668,0.0474258731775668,0.0474258731775668,0.0474258731775668
ENSG00000168214,RBPJ,0.0474258731775668,0.0474258731775668,0.06355095963469,0.0474258731775668,0.0474258731775668,0.0639469567394193,0.0474258731775668,0.0474258731775668,0.051487136004984,0.0474258731775668,0.0474258731775668,0.0474258731775668,0.0474258731775668,0.0496856334143508,0.0474258731775668,0.0474258731775668,0.0474258731775668,0.0625013889236658,0.0474258731775668,0.0474258731775668,0.0474258731775668,0.154599914413893,0.0474258731775668,0.088383226406623,0.0474258731775668,0.0534112961786761,0.0528161621706344,0.0474258731775668,0.0474258731775668,0.0474258731775668,0.083257190618144,0.0474258731775668,0.0474258731775668,0.0474258731775668,0.0474258731775668,0.0474258731775668,0.0474258731775668,0.0474258731775668,0.0474258731775668,0.222493469890144
ENSG00000168310,IRF2,0.0474258731775668,0.0474258731775668,0.0474258731775668,0.0474258731775668,0.0474258731775668,0.0474258731775668,0.0474258731775668,0.0474258731775668,0.0474258731775668,0.0474258731775668,0.0474258731775668,0.0474258731775668,0.0474258731775668,0.0474258731775668,0.0474258731775668,0.0474258731775668,0.0474258731775668,0.0474258731775668,0.0474258731775668,0.0474258731775668,0.0474258731775668,0.0474258731775668,0.0474258731775668,0.0474258731775668,0.0474258731775668,0.0474258731775668,0.0474258731775668,0.0474258731775668,0.0474258731775668,0.0474258731775668,0.0474258731775668,0.0474258731775668,0.0474258731775668,0.0474258731775668,0.0474258731775668,0.0474258731775668,0.0474258731775668,0.0474258731775668,0.0474258731775668,0.0474258731775668
ENSG00000168348,INSM2,0.0474258731775668,0,0.0474258731775668,0.0474258731775668,0.0474258731775668,0.0474258731775668,0.0474258731775668,0.0474258731775668,0.0474258731775668,0.0474258731775668,0,0.0474258731775668,0,0.0474258731775668,0.0474258731775668,0.0474258731775668,0.0474258731775668,0,0,0.0474258731775668,0,0,0.0474258731775668,0.0474258731775668,0,0.0474258731775668,0.0474258731775668,0,0,0.0474258731775668,0,0,0,0,0.0474258731775668,0,0.0474258731775668,0,0,0
ENSG00000168505,GBX2,0,0,0.0474258731775668,0,0.0474258731775668,0,0.0474258731775668,0,0,0,0,0,0,0.00769464811295137,0,0.185588247746853,0.0474258731775668,0.0474258731775668,0,0,0.0162259749686806,0,0,0.0209379443034744,0,0,0.0386677478072184,0,0.0467725580828995,0,0.0474258731775668,0,0,0.0200122153756703,0.00862009793868402,0,0.065912692246164,0.0474258731775668,0,0
ENSG00000167635,ZNF146,0.0474258731775668,0.0474258731775668,0.0474258731775668,0.0474258731775668,0.0474258731775668,0.0474258731775668,0.0474258731775668,0.0474258731775668,0.0474258731775668,0.0474258731775668,0.0474258731775668,0.0474258731775668,0.0474258731775668,0.0474258731775668,0.0474258731775668,0.0474258731775668,0.0474258731775668,0.0474258731775668,0.0474258731775668,0.0474258731775668,0.0474258731775668,0.0474258731775668,0.0474258731775668,0.0474258731775668,0.0474258731775668,0.0474258731775668,0.0474258731775668,0.0474258731775668,0.0474258731775668,0.0474258731775668,0.0474258731775668,0.0474258731775668,0.0474258731775668,0.0474258731775668,0.0474258731775668,0.0474258731775668,0.0474258731775668,0.0474258731775668,0.0474258731775668,0.0474258731775668
ENSG00000196946,ZNF705A,0.0474258731775668,0.0474258731775668,0.0474258731775668,0.0474258731775668,0.0474258731775668,0.0474258731775668,0.0474258731775668,0.0474258731775668,0.0474258731775668,0.0474258731775668,0.0474258731775668,0.0474258731775668,0.0474258731775668,0.0474258731775668,0.0474258731775668,0.0474258731775668,0.0474258731775668,0.0474258731775668,0.0474258731775668,0.0474258731775668,0.0474258731775668,0.0474258731775668,0.0474258731775668,0.0474258731775668,0.0474258731775668,0.0474258731775668,0.0474258731775668,0.0474258731775668,0.0474258731775668,0.0474258731775668,0.0474258731775668,0.0474258731775668,0,0.0474258731775668,0.0474258731775668,0.0474258731775668,0.0474258731775668,0.0474258731775668,0.0474258731775668,0
ENSG00000166823,MESP1,0.0197256051056944,0,0.00715848469808904,0.044015908241192,0.00763311672336085,0.0179493061372075,0.0474258731775668,0.0135105452497293,0.0102504657138515,0.0474258731775668,0.0157056880427565,0.0269641745704494,0.0143513424668784,0.0474258731775668,0.0474258731775668,0.00599337557455241,0.0474258731775668,0.00770698252908398,0.00358621458113574,0.0202715590733825,0.00639750907964496,0.0173156242893366,0.0117540613842493,0.0302622526014551,0.0104260234414948,0.011792272218242,0,0.00422628499093907,0.018238712897178,0.0272842998034352,0.0326788626592195,0.0106965338894782,0.0474258731775668,0.0216570133343615,0.0295703204736289,0.00558340817102711,0.0156471470580405,0.0137020072308035,0.015091637464337,0.0183835861236397
ENSG00000166704,ZNF606,0.0144009885302354,0.0164932952658452,0.0261382957351596,0.0211595036116278,0.0150682256378086,0.020120747029918,0.0229996137817292,0.0156069040692843,0.0268087325597206,0.0209004993905858,0.027192626168925,0.0240752853567048,0.030628250125289,0.0262510513850471,0.0474258731775668,0.0371256933045534,0.0474258731775668,0.0474258731775668,0.0345098220246687,0.0474258731775668,0.04630707043264,0.0380340161211826,0.0474258731775668,0.0357609699968081,0.0164111979507664,0.0403350071476502,0.0251314412904537,0.0276077387561721,0.035290495363314,0.0382543896200602,0.0214705648570009,0.0474258731775668,0.0474258731775668,0.0257585181865805,0.0305736363004775,0.0474258731775668,0.0474258731775668,0.0474258731775668,0.0166353731124449,0.0377494027640282
ENSG00000164379,FOXQ1,0.0474258731775668,0.0474258731775668,0.0474258731775668,0.0474258731775668,0.0474258731775668,0.0474258731775668,0.0474258731775668,0.0474258731775668,0.0474258731775668,0.0474258731775668,0.0474258731775668,0.0474258731775668,0.0474258731775668,0.0474258731775668,0.0474258731775668,0.0474258731775668,0.0474258731775668,0.0474258731775668,0.0474258731775668,0.0474258731775668,0.0474258731775668,0.0474258731775668,0.0474258731775668,0.0474258731775668,0.0474258731775668,0.0474258731775668,0.0474258731775668,0.0474258731775668,0.0474258731775668,0.0474258731775668,0.0474258731775668,0.0474258731775668,0.0474258731775668,0.0474258731775668,0.0474258731775668,0.0474258731775668,0.0474258731775668,0.0474258731775668,0.0474258731775668,0.0474258731775668
ENSG00000164438,TLX3,0,0,0,0,0,0,0,0,0.0474258731775668,0,0,0,0.0474258731775668,0.0474258731775668,0.0474258731775668,0,0,0.0474258731775668,0,0.0474258731775668,0,0.0474258731775668,0,0,0,0,0.0474258731775668,0,0.0474258731775668,0,0,0,0,0.0474258731775668,0,0,0.0474258731775668,0,0,0
ENSG00000164458,TBXT,0.0474258731775668,0.0474258731775668,0,0.0474258731775668,0.0474258731775668,0.0474258731775668,0.0474258731775668,0.0474258731775668,0.0474258731775668,0.0474258731775668,0.0474258731775668,0,0.0474258731775668,0,0.0474258731775668,0.0474258731775668,0.0474258731775668,0,0.0474258731775668,0,0,0,0,0.0474258731775668,0.0474258731775668,0,0.0474258731775668,0.0474258731775668,0.0474258731775668,0.0474258731775668,0.0474258731775668,0.0474258731775668,0.0474258731775668,0.0474258731775668,0.0474258731775668,0.0474258731775668,0.0474258731775668,0,0,0
ENSG00000164600,NEUROD6,0,0,0.0474258731775668,0,0.0474258731775668,0,0,0,0.0474258731775668,0.0474258731775668,0,0,0,0.0474258731775668,0.0474258731775668,0,0.0474258731775668,0,0,0,0,0,0,0,0,0,0,0,0,0,0.0474258731775668,0,0,0,0,0,0.0474258731775668,0,0,0
ENSG00000164651,SP8,0.0474258731775668,0.0474258731775668,0.0474258731775668,0,0.0474258731775668,0.0474258731775668,0.0474258731775668,0,0.0474258731775668,0.0474258731775668,0,0.0474258731775668,0,0.0474258731775668,0.0474258731775668,0.0474258731775668,0.0474258731775668,0.0474258731775668,0,0,0,0,0,0.0474258731775668,0,0.0474258731775668,0.0474258731775668,0,0.0474258731775668,0.0474258731775668,0.0474258731775668,0,0,0.0474258731775668,0,0,0.0474258731775668,0,0.0474258731775668,0
ENSG00000164683,HEY1,0.0474258731775668,0.0474258731775668,0.0474258731775668,0.0474258731775668,0.0474258731775668,0.0474258731775668,0.0474258731775668,0.0474258731775668,0.0474258731775668,0.0474258731775668,0.0474258731775668,0.0474258731775668,0.0474258731775668,0.0474258731775668,0.0474258731775668,0.0474258731775668,0.0474258731775668,0.0474258731775668,0.0474258731775668,0.0474258731775668,0.0474258731775668,0.0474258731775668,0.0474258731775668,0.0474258731775668,0.0474258731775668,0.0474258731775668,0.0474258731775668,0.0474258731775668,0.0474258731775668,0.0474258731775668,0.0474258731775668,0.0474258731775668,0.0474258731775668,0.0474258731775668,0.0474258731775668,0.0474258731775668,0.0474258731775668,0.0474258731775668,0.0474258731775668,0.0474258731775668
ENSG00000164736,SOX17,0.0474258731775668,0.0474258731775668,0.0474258731775668,0.0474258731775668,0.0474258731775668,0.0474258731775668,0.0474258731775668,0.0474258731775668,0.0474258731775668,0.0474258731775668,0.0474258731775668,0.0474258731775668,0.0474258731775668,0.0474258731775668,0.0474258731775668,0.0474258731775668,0.0474258731775668,0.0474258731775668,0.0474258731775668,0.0474258731775668,0.0474258731775668,0.0474258731775668,0.0474258731775668,0.0474258731775668,0.0474258731775668,0.0474258731775668,0.0474258731775668,0.0474258731775668,0.0474258731775668,0.0474258731775668,0.0474258731775668,0.0474258731775668,0.0474258731775668,0.0474258731775668,0.0474258731775668,0.0474258731775668,0.0474258731775668,0.0474258731775668,0.0474258731775668,0.0474258731775668
ENSG00000164749,HNF4G,0.0474258731775668,0.0474258731775668,0.0394287500630377,0.0151499893905493,0.0474258731775668,0.0304099666367283,0.000680178305783159,0.0474258731775668,0.0138371387326346,0.0474258731775668,0.0405303742510182,0.0474258731775668,0.0281168725694376,0.0474258731775668,0.0474258731775668,0.0474258731775668,0.0474258731775668,0.0474258731775668,0.00197857229734469,0.0277836629365363,0.0474258731775668,0.0474258731775668,0.0474258731775668,0.0474258731775668,0.0474258731775668,0.0474258731775668,0.035322558572884,0.0474258731775668,0.00136709107298576,0.0474258731775668,0.0474258731775668,0.0474258731775668,0.0474258731775668,0.0474258731775668,0.0474258731775668,0.0474258731775668,0.0474258731775668,0.0122088806100529,0.00895114690923939,0
ENSG00000164778,EN2,0.0474258731775668,0,0.0474258731775668,0.0474258731775668,0.0474258731775668,0.0474258731775668,0.0474258731775668,0.0474258731775668,0.0474258731775668,0.0474258731775668,0.0474258731775668,0.0474258731775668,0.0474258731775668,0.0474258731775668,0.0474258731775668,0.0474258731775668,0.0474258731775668,0.0474258731775668,0.0474258731775668,0.0474258731775668,0.0474258731775668,0.0474258731775668,0.0474258731775668,0.0474258731775668,0.0474258731775668,0.0474258731775668,0.0474258731775668,0.0474258731775668,0.0474258731775668,0.0474258731775668,0.0474258731775668,0.0474258731775668,0.0474258731775668,0.0474258731775668,0,0.0474258731775668,0.0474258731775668,0.0474258731775668,0.0474258731775668,0.0474258731775668
ENSG00000166716,ZNF592,0.0474258731775668,0.0474258731775668,0.0474258731775668,0.0474258731775668,0.045842343974942,0.0474258731775668,0.0474258731775668,0.0474258731775668,0.0474258731775668,0.0474258731775668,0.0474258731775668,0.0474258731775668,0.0474258731775668,0.0474258731775668,0.0474258731775668,0.0474258731775668,0.0474258731775668,0.0442362339422052,0.0474258731775668,0.0474258731775668,0.0474258731775668,0.0474258731775668,0.0474258731775668,0.0474258731775668,0.0474258731775668,0.0474258731775668,0.0474258731775668,0.0474258731775668,0.0474258731775668,0.0474258731775668,0.0474258731775668,0.0474258731775668,0.0431765607886723,0.0474258731775668,0.0474258731775668,0.0444422835930033,0.0449076592257368,0.0474258731775668,0.0274862130821025,0.0474258731775668
ENSG00000164853,UNCX,0,0,0.0474258731775668,0,0,0,0,0,0.0474258731775668,0.0474258731775668,0,0,0,0.0474258731775668,0,0,0,0,0,0,0,0,0,0.0474258731775668,0,0,0,0,0,0,0.0474258731775668,0,0,0,0,0,0.0474258731775668,0,0,0
ENSG00000164916,FOXK1,0.057545420047868,0.0474258731775668,0.191751980773658,0.113871812077146,0.0474258731775668,0.0526391471065969,0.0474258731775668,0.0474258731775668,0.0474258731775668,0.0867612947604081,0.104198879579679,0.0474258731775668,0.0474258731775668,0.0474258731775668,0.0474258731775668,0.108130981519899,0.0474258731775668,0.083809270865965,0.0474258731775668,0.0524837010008823,0.0474258731775668,0.0474258731775668,0.0810280554703211,0.0474258731775668,0.0474258731775668,0.0474258731775668,0.0973446339347044,0.0474258731775668,0.0474258731775668,0.0474258731775668,0.0552790456359339,0.0474258731775668,0.0474258731775668,0.0960339523494695,0.0505612810911111,0.210223210255006,0.112423386894479,0.0474258731775668,0.406238601527573,0.0474258731775668
ENSG00000165066,NKX6-3,0,0,0.0474258731775668,0.0474258731775668,0.0474258731775668,0.0474258731775668,0,0.0474258731775668,0.0474258731775668,0.0474258731775668,0.0474258731775668,0.0474258731775668,0.0474258731775668,0.0474258731775668,0.0474258731775668,0.0474258731775668,0.0474258731775668,0.0474258731775668,0.0474258731775668,0.0474258731775668,0,0.0474258731775668,0,0.0474258731775668,0.0474258731775668,0.0474258731775668,0.0474258731775668,0.0474258731775668,0.0474258731775668,0.0474258731775668,0,0.0474258731775668,0.0474258731775668,0.0474258731775668,0.0474258731775668,0.0474258731775668,0.0474258731775668,0.0474258731775668,0.0474258731775668,0
ENSG00000165512,ZNF22,0.0474258731775668,0.0474258731775668,0.0474258731775668,0.0474258731775668,0.0474258731775668,0.0474258731775668,0.0474258731775668,0.0474258731775668,0.0474258731775668,0.0474258731775668,0.0474258731775668,0.0474258731775668,0.0474258731775668,0.0474258731775668,0.0474258731775668,0.0474258731775668,0.0474258731775668,0.0474258731775668,0.0474258731775668,0.0474258731775668,0.0474258731775668,0.0474258731775668,0.0474258731775668,0.0474258731775668,0.0474258731775668,0.0474258731775668,0.0474258731775668,0.0474258731775668,0.0474258731775668,0.0474258731775668,0.0474258731775668,0.0474258731775668,0.0474258731775668,0.0474258731775668,0.0474258731775668,0.0474258731775668,0.0474258731775668,0.0474258731775668,0.0474258731775668,0.0474258731775668
ENSG00000165606,DRGX,0.0474258731775668,0,0.0474258731775668,0.0474258731775668,0.0474258731775668,0.0474258731775668,0.0474258731775668,0.0474258731775668,0.0474258731775668,0,0,0.0474258731775668,0.0474258731775668,0.0474258731775668,0.0474258731775668,0.0474258731775668,0.0474258731775668,0.0474258731775668,0,0.0474258731775668,0.0474258731775668,0.0474258731775668,0.0474258731775668,0.0474258731775668,0.0474258731775668,0,0.0474258731775668,0.0474258731775668,0.0474258731775668,0.0474258731775668,0.0474258731775668,0,0,0.0474258731775668,0,0,0.0474258731775668,0,0.0474258731775668,0
ENSG00000165702,GFI1B,0.0474258731775668,0.0405705605868556,0.00548728397737123,0.00732283694311491,0.0147202525143535,0.0474258731775668,0.0474258731775668,0.0218191950402387,0.0448710775723662,0.0474258731775668,0.11282283649237,0.0126922927528512,0.0135360699589531,0.00744384763426906,0.0163473872163784,0.0474258731775668,0.0424307023144884,0.0474258731775668,0.0117728677588374,0.0153280815841333,0.0280207110850144,0.151253207126425,0.0474258731775668,0.0474258731775668,0.0521604056114113,0.039156715547027,0.0474258731775668,0.0623351110474921,0.0135314999750487,0.0474258731775668,0.0442895033389929,0.0127933566682534,0.0800054209240929,0.0474258731775668,0.0474258731775668,0.0619548231504214,0.0118512289855246,0.027545882315309,0.0474258731775668,0.0327486203566564
ENSG00000196793,ZNF239,0.0474258731775668,0.0474258731775668,0.0474258731775668,0.0474258731775668,0.0458234205600528,0.0474258731775668,0.0474258731775668,0.0474258731775668,0.0474258731775668,0.0474258731775668,0.0474258731775668,0.0474258731775668,0.0474258731775668,0.0474258731775668,0.0474258731775668,0.0474258731775668,0.0474258731775668,0.0270025874660748,0.0474258731775668,0.0474258731775668,0.0474258731775668,0.0474258731775668,0.0474258731775668,0.0474258731775668,0.0474258731775668,0.0474258731775668,0.0474258731775668,0.0474258731775668,0.0474258731775668,0.0474258731775668,0.0474258731775668,0.0474258731775668,0.0474258731775668,0.0436724323356534,0.0474258731775668,0.0474258731775668,0.0474258731775668,0.0474258731775668,0.0474258731775668,0.0474258731775668
ENSG00000196767,POU3F4,0.0474258731775668,0,0.0474258731775668,0,0,0.0474258731775668,0.0474258731775668,0,0.0474258731775668,0.0474258731775668,0.0474258731775668,0.0474258731775668,0,0.0474258731775668,0,0.0474258731775668,0.0474258731775668,0.0474258731775668,0.0474258731775668,0,0.0474258731775668,0.0474258731775668,0.0474258731775668,0.0474258731775668,0.0474258731775668,0.0474258731775668,0,0.0474258731775668,0.0474258731775668,0.0474258731775668,0,0.0474258731775668,0,0.0474258731775668,0,0,0.0474258731775668,0,0.0474258731775668,0
ENSG00000166211,SPIC,0,0,0,0.0474258731775668,0.0474258731775668,0.0474258731775668,0,0.0474258731775668,0.0474258731775668,0.0474258731775668,0,0.0474258731775668,0,0.0474258731775668,0.0474258731775668,0.0474258731775668,0.0474258731775668,0.0474258731775668,0.0474258731775668,0.0474258731775668,0.0474258731775668,0.0474258731775668,0.0474258731775668,0.0474258731775668,0.0474258731775668,0,0.0474258731775668,0,0.0474258731775668,0.0474258731775668,0.0474258731775668,0.0474258731775668,0.0474258731775668,0.0474258731775668,0.0474258731775668,0,0.0474258731775668,0.0474258731775668,0.0474258731775668,0.0474258731775668
ENSG00000196757,ZNF700,0.0474258731775668,0.0474258731775668,0.0474258731775668,0.0474258731775668,0.0474258731775668,0.0474258731775668,0.0474258731775668,0.0474258731775668,0.0474258731775668,0.0474258731775668,0.0474258731775668,0.0474258731775668,0.0474258731775668,0.0474258731775668,0.0474258731775668,0.0474258731775668,0.0474258731775668,0.0474258731775668,0.0474258731775668,0.0474258731775668,0.0474258731775668,0.0474258731775668,0.0474258731775668,0.0474258731775668,0.0474258731775668,0.0474258731775668,0.0474258731775668,0.0474258731775668,0.0474258731775668,0.0474258731775668,0.0474258731775668,0.0474258731775668,0.0474258731775668,0.0474258731775668,0.0474258731775668,0.0474258731775668,0.0474258731775668,0.0474258731775668,0.0474258731775668,0.0474258731775668
ENSG00000164900,GBX1,0,0,0,0,0,0.0474258731775668,0.0220967366235158,0,0,0,0,0.0474258731775668,0,0,0.0474258731775668,0.0474258731775668,0.0474258731775668,0.00382246363017336,0.0474258731775668,0,0,0,0.00415038829078046,0.0474258731775668,0.0474258731775668,0,0.00570838219284433,0.0474258731775668,0.0474258731775668,0.0105220325906803,0.0474258731775668,0.0474258731775668,0.0383175020061267,0.00479312262336856,0,0,0.0474258731775668,0.0474258731775668,0,0.0474258731775668
ENSG00000168610,STAT3,0.0474258731775668,0.0474258731775668,0.0474258731775668,0.0474258731775668,0.0495709822074205,0.0474258731775668,0.0474258731775668,0.0474258731775668,0.0474258731775668,0.0474258731775668,0.0474258731775668,0.0474258731775668,0.0474258731775668,0.0474258731775668,0.0474258731775668,0.0474258731775668,0.0474258731775668,0.0474258731775668,0.0474258731775668,0.0474258731775668,0.0474258731775668,0.0474258731775668,0.0474258731775668,0.0474258731775668,0.0474258731775668,0.0474258731775668,0.0474258731775668,0.0474258731775668,0.0474258731775668,0.0474258731775668,0.0474258731775668,0.0474258731775668,0.0474258731775668,0.0474258731775668,0.0474258731775668,0.0474258731775668,0.0474258731775668,0.0474258731775668,0.0652469479508572,0.0474258731775668
ENSG00000152977,ZIC1,0.0237065626017087,0.00252536513855331,0.01586132584626,0.00206962136298611,0,0,0.0124772223511316,0.000804071648396696,0,0,0,0.00532703500371417,0.028711031725299,0.00643461124503563,0.015274091392846,0.0474258731775668,0.0173780674577698,0.012754969015261,0.00152098871940898,0.0203578778855649,0,0,0.0150837593213972,0.0128873533016711,0.0138789720619724,0.00287098087141368,0,0.000292335166892816,0.0120030487685456,0.0388206608902366,0.0162153059830695,0.00262739103259045,0.0288351694359307,0.0171886188702965,0.0154873602576846,0,0.00990872315307347,0.00270058830186475,0.0010170106074563,0.00229090036955553
ENSG00000152804,HHEX,0.0474258731775668,0.0474258731775668,0.0474258731775668,0.0474258731775668,0.0474258731775668,0.0474258731775668,0.0474258731775668,0.0474258731775668,0.0474258731775668,0.0474258731775668,0.0474258731775668,0.0474258731775668,0.0474258731775668,0.0474258731775668,0.0474258731775668,0.0474258731775668,0.0474258731775668,0.0474258731775668,0.0474258731775668,0.0474258731775668,0.0474258731775668,0.0474258731775668,0.0474258731775668,0.0474258731775668,0.0474258731775668,0.0474258731775668,0.0474258731775668,0.0474258731775668,0.0474258731775668,0.0474258731775668,0.0474258731775668,0.0474258731775668,0.0474258731775668,0.0474258731775668,0.0474258731775668,0.0474258731775668,0.0474258731775668,0.0474258731775668,0.0474258731775668,0.0474258731775668
ENSG00000137834,SMAD6,0.0529569458817758,0.237312528870991,0.150587892557658,0.0474258731775668,0.0474258731775668,0.0474258731775668,0.154490491948945,0.0474258731775668,0.0474258731775668,0.0474258731775668,0.0474258731775668,0.0474258731775668,0.0474258731775668,0.0474258731775668,0.0474258731775668,0.0474258731775668,0.0474258731775668,0.0474258731775668,0.0550544512557563,0.0474258731775668,0.0474258731775668,0.0474258731775668,0.0474258731775668,0.0474258731775668,0.0499989122322132,0.0474258731775668,0.0474258731775668,0.0474258731775668,0.0474258731775668,0.0474258731775668,0.0474258731775668,0.0474258731775668,0.0474258731775668,0.0474258731775668,0.0474258731775668,0.0474258731775668,0.0474258731775668,0.0474258731775668,0.186178345751944,0.0474258731775668
ENSG00000138083,SIX3,0.0474258731775668,0.0474258731775668,0.0474258731775668,0.0474258731775668,0.0474258731775668,0.0474258731775668,0.0474258731775668,0.0474258731775668,0.0474258731775668,0.0474258731775668,0.0474258731775668,0.0474258731775668,0.0474258731775668,0.0474258731775668,0.0474258731775668,0.0474258731775668,0.0474258731775668,0.0474258731775668,0.0474258731775668,0.0474258731775668,0.0474258731775668,0.0474258731775668,0.0474258731775668,0.0474258731775668,0.0474258731775668,0.0474258731775668,0.0474258731775668,0.0474258731775668,0.0474258731775668,0.0474258731775668,0.0474258731775668,0.0474258731775668,0.0474258731775668,0.0474258731775668,0.0474258731775668,0.0474258731775668,0.0474258731775668,0.0474258731775668,0.0474258731775668,0.0474258731775668
ENSG00000138136,LBX1,0.0474258731775668,0,0.0474258731775668,0,0,0,0,0,0,0,0,0.0474258731775668,0.0474258731775668,0,0.0474258731775668,0,0.0474258731775668,0.0474258731775668,0,0,0,0,0,0,0,0,0,0,0,0.0474258731775668,0,0.0474258731775668,0.0474258731775668,0,0,0,0.0474258731775668,0.0474258731775668,0,0.0474258731775668
ENSG00000138378,STAT4,0.0474258731775668,0.0867164539607764,0.0907084442969701,0.0486681698723248,0.0474258731775668,0.0474258731775668,0.0532352577185272,0.0474258731775668,0.121001892202764,0.0474258731775668,0.0523039413809262,0.0892975748505016,0.546058212644431,0.0474258731775668,0.0474258731775668,0.0474258731775668,0.210549437699471,0.157474117844084,0.0474258731775668,0.0715572696133335,0.0474258731775668,0.0474258731775668,0.0758818459305486,0.0474258731775668,0.0524497249710069,0.0694376549845879,0.0474258731775668,0.172751768948143,0.110389358813802,0.0539533217043386,0.160855109435403,0.0612174644079024,0.145797185373028,0.0474258731775668,0.0474258731775668,0.0474258731775668,0.161157688924637,0.0503087871224891,0.102709076249134,0.0474258731775668
ENSG00000198346,ZNF813,0.0721567728737039,0.0474258731775668,0.0474258731775668,0.0665277988773615,0.0474258731775668,0.0474258731775668,0.0474258731775668,0.0474258731775668,0.0477307822253862,0.166785877909387,0.0474258731775668,0.0474258731775668,0.0987860679446622,0.0474258731775668,0.0474258731775668,0.0474258731775668,0.0474258731775668,0.0474258731775668,0.0474258731775668,0.137982354116257,0.0474258731775668,0.145961067026772,0.377597688402439,0.0500462931796143,0.0474258731775668,0.0474258731775668,0.0474258731775668,0.0474258731775668,0.0474258731775668,0.146009102477639,0.0474258731775668,0.0474258731775668,0.241706496720229,0.28523508438231,0.14289513214761,0.0474258731775668,0.0474258731775668,0.0474258731775668,0.117039092595323,0.0474258731775668
ENSG00000198342,ZNF442,0.0474258731775668,0.0474258731775668,0.0474258731775668,0.0474258731775668,0.16564526780603,0.0474258731775668,0.0474258731775668,0.0474258731775668,0.0474258731775668,0.0474258731775668,0.112440035864231,0.0474258731775668,0.0474258731775668,0.0474258731775668,0.0474258731775668,0.0474258731775668,0.0474258731775668,0.0474258731775668,0.0474258731775668,0.0474258731775668,0.0474258731775668,0.0474258731775668,0.0474258731775668,0.0742875873752013,0.0474258731775668,0.0474258731775668,0.0474258731775668,0.0474258731775668,0.0474258731775668,0.0474258731775668,0.0474258731775668,0.0474258731775668,0.206715507886466,0.0750005930886568,0.144499019751407,0.163768725094887,0.0474258731775668,0.0474258731775668,0.0474258731775668,0.0474258731775668
ENSG00000139352,ASCL1,0.0474258731775668,0.0474258731775668,0.0474258731775668,0.0474258731775668,0.0474258731775668,0,0.0474258731775668,0.0474258731775668,0.0474258731775668,0.0474258731775668,0,0.0474258731775668,0.0474258731775668,0.0474258731775668,0.0474258731775668,0.0474258731775668,0.0474258731775668,0.0474258731775668,0.0474258731775668,0.0474258731775668,0.0474258731775668,0.0474258731775668,0.0474258731775668,0.0474258731775668,0.0474258731775668,0.0474258731775668,0.0474258731775668,0.0474258731775668,0.0474258731775668,0.0474258731775668,0.0474258731775668,0.0474258731775668,0.0474258731775668,0.0474258731775668,0.0474258731775668,0.0474258731775668,0.0474258731775668,0,0.0474258731775668,0.0474258731775668
ENSG00000198315,ZKSCAN8,0.0474258731775668,0.0474258731775668,0.0474258731775668,0.0474258731775668,0.0474258731775668,0.0474258731775668,0.0474258731775668,0.0474258731775668,0.0474258731775668,0.0474258731775668,0.0474258731775668,0.0474258731775668,0.0474258731775668,0.0474258731775668,0.0474258731775668,0.0474258731775668,0.0474258731775668,0.0474258731775668,0.0474258731775668,0.0474258731775668,0.0474258731775668,0.0474258731775668,0.0474258731775668,0.0474258731775668,0.0474258731775668,0.0474258731775668,0.0474258731775668,0.0474258731775668,0.0474258731775668,0.0474258731775668,0.0474258731775668,0.0474258731775668,0.0474258731775668,0.0474258731775668,0.0474258731775668,0.0474258731775668,0.0474258731775668,0.0474258731775668,0.0474258731775668,0.0474258731775668
ENSG00000139515,PDX1,0.0474258731775668,0,0,0.0474258731775668,0.0474258731775668,0.0474258731775668,0.0474258731775668,0.0474258731775668,0.0474258731775668,0.0474258731775668,0,0,0.0474258731775668,0.0474258731775668,0.0474258731775668,0.0474258731775668,0.0474258731775668,0.0474258731775668,0.0474258731775668,0,0.0474258731775668,0,0.0474258731775668,0.0474258731775668,0.0474258731775668,0.0474258731775668,0.0474258731775668,0.0474258731775668,0.0474258731775668,0.0474258731775668,0.0474258731775668,0.0474258731775668,0,0.0474258731775668,0.0474258731775668,0.0474258731775668,0.0474258731775668,0,0.0474258731775668,0
ENSG00000198353,HOXC4,0.0474258731775668,0.0474258731775668,0.0474258731775668,0.0474258731775668,0.0474258731775668,0.0474258731775668,0.0474258731775668,0.0474258731775668,0.0474258731775668,0.0474258731775668,0.0474258731775668,0.0338760372619085,0.046716319772987,0.0474258731775668,0.0474258731775668,0.0474258731775668,0.0474258731775668,0.020040233475237,0.0429205021628789,0.0474258731775668,0.0474258731775668,0.0368804968772146,0.0474258731775668,0.0474258731775668,0.0474258731775668,0.0474258731775668,0.0474258731775668,0.0474258731775668,0.0474258731775668,0.0474258731775668,0.0474258731775668,0.0400108456053597,0.0474258731775668,0.0474258731775668,0.0474258731775668,0.0474258731775668,0.0474258731775668,0.0474258731775668,0.0474258731775668,0.0474258731775668
ENSG00000139613,SMARCC2,0.0474258731775668,0.0474258731775668,0.0474258731775668,0.0474258731775668,0.0474258731775668,0.0474258731775668,0.0474258731775668,0.0474258731775668,0.0474258731775668,0.0474258731775668,0.0474258731775668,0.0474258731775668,0.0474258731775668,0.0474258731775668,0.0474258731775668,0.0474258731775668,0.0474258731775668,0.0474258731775668,0.0474258731775668,0.0474258731775668,0.0474258731775668,0.0474258731775668,0.0474258731775668,0.0474258731775668,0.0474258731775668,0.0474258731775668,0.0474258731775668,0.0474258731775668,0.0474258731775668,0.0474258731775668,0.0474258731775668,0.0474258731775668,0.0474258731775668,0.0474258731775668,0.0474258731775668,0.0474258731775668,0.0474258731775668,0.0474258731775668,0.0474258731775668,0.0474258731775668
ENSG00000139800,ZIC5,0.0474258731775668,0.0474258731775668,0.0474258731775668,0.0474258731775668,0.0474258731775668,0.0474258731775668,0.0474258731775668,0.0474258731775668,0.0474258731775668,0.0474258731775668,0.0474258731775668,0.0474258731775668,0,0.0474258731775668,0.0474258731775668,0,0.0474258731775668,0.0474258731775668,0,0.0474258731775668,0.0474258731775668,0,0,0.0474258731775668,0.0474258731775668,0.0474258731775668,0.0474258731775668,0.0474258731775668,0.0474258731775668,0.0474258731775668,0.0474258731775668,0.0474258731775668,0.0474258731775668,0.0474258731775668,0.0474258731775668,0,0.0474258731775668,0.0474258731775668,0.0474258731775668,0
ENSG00000140044,JDP2,0.0474258731775668,0.0474258731775668,0.0474258731775668,0.0474258731775668,0.0474258731775668,0.0474258731775668,0.0474258731775668,0.0474258731775668,0.0474258731775668,0.0474258731775668,0.0474258731775668,0.0474258731775668,0.0474258731775668,0.0474258731775668,0.0474258731775668,0.0474258731775668,0.0474258731775668,0.0474258731775668,0.0474258731775668,0.0474258731775668,0.0474258731775668,0.0474258731775668,0.0474258731775668,0.0474258731775668,0.0474258731775668,0.0474258731775668,0.0474258731775668,0.0474258731775668,0.0474258731775668,0.0474258731775668,0.0474258731775668,0.0474258731775668,0.0474258731775668,0.0474258731775668,0.0474258731775668,0.0474258731775668,0.0474258731775668,0.0474258731775668,0.0474258731775668,0.0474258731775668
ENSG00000198300,PEG3,0.0599755601326408,0.0474258731775668,0.0474258731775668,0.0474258731775668,0.0497629492383669,0.148095548156527,0.0474258731775668,0.0474258731775668,0.100922851167867,0.0474258731775668,0.0893290163489526,0.0483427541623259,0.078709210388789,0.0474258731775668,0.0474258731775668,0.0535169115738022,0.0474258731775668,0.146108382327398,0.159101751849761,0.0474258731775668,0.129695494276992,0.0474258731775668,0.0474258731775668,0.0558189694384644,0.0474258731775668,0.0697586257953796,0.0677154684081335,0.135723994267593,0.0496384735755816,0.137740098780843,0.0500654035237716,0.0925692283163038,0.0474258731775668,0.0474258731775668,0.0474258731775668,0.105962791201293,0.107316842728239,0.0873986550423183,0.0474258731775668,0.160169878870304
ENSG00000140265,ZSCAN29,0.0474258731775668,0.0474258731775668,0.0474258731775668,0.0474258731775668,0.0502775417437748,0.0562997937685294,0.0707041502330485,0.0474258731775668,0.0474258731775668,0.0964658561241117,0.140762835706128,0.0474258731775668,0.0474258731775668,0.0934298886065025,0.0474258731775668,0.0474258731775668,0.0474258731775668,0.124271232716177,0.0573710753001752,0.0596812953696896,0.0474258731775668,0.0474258731775668,0.128086658736424,0.0474258731775668,0.0474258731775668,0.0474258731775668,0.0474258731775668,0.0824901379464216,0.0574498491247639,0.0474258731775668,0.0474258731775668,0.0664358109588386,0.110208025843264,0.0679885322600556,0.0474258731775668,0.0609787535235882,0.518062850225141,0.0830332406240371,0.1328503592663,0.0474258731775668
ENSG00000186103,ARGFX,0.0474258731775668,0.0474258731775668,0.0474258731775668,0.0474258731775668,0.0474258731775668,0.0474258731775668,0.0474258731775668,0.0474258731775668,0.0474258731775668,0.0474258731775668,0.0474258731775668,0.0474258731775668,0.0474258731775668,0.0474258731775668,0.0474258731775668,0.0474258731775668,0.0474258731775668,0.0474258731775668,0.0474258731775668,0.0474258731775668,0.0474258731775668,0.0474258731775668,0.0474258731775668,0.0474258731775668,0.0474258731775668,0.0474258731775668,0.0474258731775668,0.0474258731775668,0.0474258731775668,0.0474258731775668,0.0474258731775668,0.0474258731775668,0.0474258731775668,0.0474258731775668,0.0474258731775668,0.0474258731775668,0.0474258731775668,0.0474258731775668,0.0474258731775668,0.0474258731775668
ENSG00000198298,ZNF485,0.0474258731775668,0.0474258731775668,0.0474258731775668,0.166173609394103,0.0474258731775668,0.0474258731775668,0.0474258731775668,0.0474258731775668,0.0474258731775668,0.0474258731775668,0.0474258731775668,0.0904360893252823,0.0474258731775668,0.0684346154977712,0.0474258731775668,0.0910881363354015,0.0474258731775668,0.0666354279361553,0.111266812749022,0.166097152185803,0.0672573267481832,0.0474258731775668,0.115329069264316,0.14762126827583,0.0474258731775668,0.0518395020209591,0.116431981901175,0.0789028609482087,0.0474258731775668,0.137533055877351,0.0474258731775668,0.0884750089764308,0.242372214213017,0.0923319405302253,0.0677446638828851,0.293212301379445,0.0474258731775668,0.0922369026444413,0.0474258731775668,0.0474258731775668
ENSG00000140836,ZFHX3,0.0474258731775668,0.0474258731775668,0.0474258731775668,0.0474258731775668,0.0474258731775668,0.0474258731775668,0.0474258731775668,0.0474258731775668,0.0474258731775668,0.0474258731775668,0.0474258731775668,0.0474258731775668,0.0474258731775668,0.0474258731775668,0.0474258731775668,0.0474258731775668,0.0474258731775668,0.0474258731775668,0.0474258731775668,0.0474258731775668,0.0474258731775668,0.0474258731775668,0.0474258731775668,0.0474258731775668,0.0474258731775668,0.0474258731775668,0.0474258731775668,0.0474258731775668,0.0474258731775668,0.0474258731775668,0.0474258731775668,0.0474258731775668,0.0474258731775668,0.0474258731775668,0.0474258731775668,0.0474258731775668,0.0474258731775668,0.0474258731775668,0.0294778808850032,0.0474258731775668
ENSG00000198205,ZXDA,0.0474258731775668,0.0474258731775668,0.0474258731775668,0.0474258731775668,0.0474258731775668,0.0474258731775668,0.0474258731775668,0.0474258731775668,0.0474258731775668,0.0474258731775668,0.0474258731775668,0.0474258731775668,0.0474258731775668,0.0474258731775668,0.0474258731775668,0.0474258731775668,0.0474258731775668,0.0474258731775668,0.0474258731775668,0.0474258731775668,0.0474258731775668,0.0474258731775668,0.0474258731775668,0.0474258731775668,0.0474258731775668,0.0474258731775668,0.0474258731775668,0.0474258731775668,0.0474258731775668,0.0474258731775668,0.0474258731775668,0.0474258731775668,0.0474258731775668,0.0474258731775668,0.0474258731775668,0.0474258731775668,0.0474258731775668,0.0474258731775668,0.0474258731775668,0.0474258731775668
ENSG00000198176,TFDP1,0.0474258731775668,0.0474258731775668,0.0474258731775668,0.0474258731775668,0.0474258731775668,0.0474258731775668,0.0474258731775668,0.0474258731775668,0.0474258731775668,0.0474258731775668,0.0474258731775668,0.0474258731775668,0.0474258731775668,0.0474258731775668,0.0474258731775668,0.0474258731775668,0.0474258731775668,0.0474258731775668,0.0474258731775668,0.0474258731775668,0.0474258731775668,0.0474258731775668,0.0474258731775668,0.0474258731775668,0.0474258731775668,0.0474258731775668,0.0474258731775668,0.0474258731775668,0.0474258731775668,0.0474258731775668,0.0474258731775668,0.0474258731775668,0.0474258731775668,0.0474258731775668,0.0474258731775668,0.0474258731775668,0.0474258731775668,0.0474258731775668,0.0474258731775668,0.0474258731775668
ENSG00000139651,ZNF740,0.0474258731775668,0.0154195038424052,0.0474258731775668,0.0474258731775668,0.0474258731775668,0.0474258731775668,0.0445665849148999,0.0474258731775668,0.0474258731775668,0.0438072824920357,0.0474258731775668,0.0474258731775668,0.0392632378316743,0.0474258731775668,0.0474258731775668,0.0474258731775668,0.0474258731775668,0.0474258731775668,0.0306839208511066,0.0474258731775668,0.0396157823958886,0.0474258731775668,0.0474258731775668,0.0474258731775668,0.0381229274726912,0.0474258731775668,0.045870322082651,0.0371005702119391,0.0474258731775668,0.0474258731775668,0.0474258731775668,0.0474258731775668,0.0474258731775668,0.0474258731775668,0.0474258731775668,0.0474258731775668,0.0369251981405669,0.0385417448874473,0.0238290569639623,0.0474258731775668
ENSG00000198169,ZNF251,0.0474258731775668,0.0474258731775668,0.0474258731775668,0.0474258731775668,0.0474258731775668,0.0474258731775668,0.0474258731775668,0.0474258731775668,0.0474258731775668,0.0474258731775668,0.0474258731775668,0.0474258731775668,0.0474258731775668,0.0474258731775668,0.0474258731775668,0.0474258731775668,0.0474258731775668,0.0474258731775668,0.0474258731775668,0.0474258731775668,0.0474258731775668,0.0474258731775668,0.0474258731775668,0.0474258731775668,0.0474258731775668,0.0474258731775668,0.0474258731775668,0.0474258731775668,0.0474258731775668,0.0474258731775668,0.0474258731775668,0.0474258731775668,0.0474258731775668,0.0474258731775668,0.0474258731775668,0.0474258731775668,0.0474258731775668,0.0474258731775668,0.0474258731775668,0.0474258731775668
ENSG00000137273,FOXF2,0.0474258731775668,0.0474258731775668,0.0474258731775668,0.0474258731775668,0.0474258731775668,0.0474258731775668,0.0474258731775668,0.0474258731775668,0.0474258731775668,0.0474258731775668,0.0474258731775668,0.0474258731775668,0.0474258731775668,0.0474258731775668,0.0474258731775668,0.0474258731775668,0.0474258731775668,0.0474258731775668,0.0474258731775668,0.0474258731775668,0.0474258731775668,0.0474258731775668,0.0474258731775668,0.0474258731775668,0.0474258731775668,0.0474258731775668,0.0474258731775668,0.0474258731775668,0.0474258731775668,0.0474258731775668,0.0474258731775668,0.0474258731775668,0.0474258731775668,0.0474258731775668,0.0474258731775668,0.0474258731775668,0.0474258731775668,0.0474258731775668,0,0.0474258731775668
ENSG00000137166,FOXP4,0.0474258731775668,0.0474258731775668,0.0474258731775668,0.0474258731775668,0.0474258731775668,0.0474258731775668,0.0474258731775668,0.0474258731775668,0.0474258731775668,0.0474258731775668,0.0474258731775668,0.0474258731775668,0.0474258731775668,0.0474258731775668,0.0474258731775668,0.0474258731775668,0.0474258731775668,0.0474258731775668,0.0474258731775668,0.0474258731775668,0.0474258731775668,0.0474258731775668,0.0474258731775668,0.0474258731775668,0.0474258731775668,0.0474258731775668,0.0474258731775668,0.0474258731775668,0.0474258731775668,0.0474258731775668,0.0474258731775668,0.0474258731775668,0.0474258731775668,0.0474258731775668,0.0474258731775668,0.0474258731775668,0.0474258731775668,0.0474258731775668,0.0474258731775668,0.0474258731775668
ENSG00000134595,SOX3,0,0,0.0474258731775668,0.0474258731775668,0,0,0.0474258731775668,0.0474258731775668,0,0.0474258731775668,0,0.0474258731775668,0.0474258731775668,0.0474258731775668,0.0474258731775668,0.0474258731775668,0.0474258731775668,0.0474258731775668,0.0474258731775668,0.0474258731775668,0.0474258731775668,0.0474258731775668,0,0.0474258731775668,0,0.0474258731775668,0.0474258731775668,0.0474258731775668,0.0474258731775668,0.0474258731775668,0,0.0474258731775668,0.0474258731775668,0.0474258731775668,0,0,0.0474258731775668,0,0,0.0474258731775668
ENSG00000134852,CLOCK,0.0474258731775668,0.0474258731775668,0.0474258731775668,0.0474258731775668,0.0474258731775668,0.0474258731775668,0.0474258731775668,0.0474258731775668,0.0474258731775668,0.0474258731775668,0.0474258731775668,0.0474258731775668,0.0474258731775668,0.0474258731775668,0.0474258731775668,0.0474258731775668,0.0474258731775668,0.0474258731775668,0.0474258731775668,0.0474258731775668,0.0474258731775668,0.0474258731775668,0.0474258731775668,0.0474258731775668,0.0474258731775668,0.0474258731775668,0.0474258731775668,0.0474258731775668,0.0474258731775668,0.0474258731775668,0.0474258731775668,0.0474258731775668,0.0474258731775668,0.0474258731775668,0.0474258731775668,0.0474258731775668,0.0474258731775668,0.0474258731775668,0.0474258731775668,0.0474258731775668
ENSG00000134954,ETS1,0.0474258731775668,0.0474258731775668,0.0474258731775668,0.0474258731775668,0.0474258731775668,0.0474258731775668,0.0474258731775668,0.0474258731775668,0.0474258731775668,0.0474258731775668,0.0474258731775668,0.0474258731775668,0.0474258731775668,0.0474258731775668,0.0474258731775668,0.0474258731775668,0.0474258731775668,0.0474258731775668,0.0474258731775668,0.0474258731775668,0.0474258731775668,0.0474258731775668,0.0474258731775668,0.0474258731775668,0.0474258731775668,0.0474258731775668,0.0474258731775668,0.0474258731775668,0.0474258731775668,0.0474258731775668,0.0474258731775668,0.0474258731775668,0.0474258731775668,0.0474258731775668,0.0474258731775668,0.0474258731775668,0.085069636407537,0.0474258731775668,0.0474258731775668,0.0474258731775668
ENSG00000135100,HNF1A,0.0474258731775668,0.0474258731775668,0.0474258731775668,0,0.0474258731775668,0.0474258731775668,0.0474258731775668,0.0449728585339491,0,0.0474258731775668,0.0474258731775668,0.0474258731775668,0.0474258731775668,0.0474258731775668,0.0474258731775668,0.0474258731775668,0.00757203258241194,0.0469003605208032,0.0474258731775668,0.0474258731775668,0.0474258731775668,0.0474258731775668,0.0474258731775668,0.0474258731775668,0.0474258731775668,0,0.0474258731775668,0.0474258731775668,0.00298511639814127,0.0474258731775668,0.0474258731775668,0.0474258731775668,0,0.0474258731775668,0.0474258731775668,0.0474258731775668,0.0474258731775668,0.03945986099126,0.0474258731775668,0
ENSG00000135111,TBX3,0.0474258731775668,0.0467736459537961,0.0474258731775668,0.0474258731775668,0.0474258731775668,0.0474258731775668,0.0474258731775668,0.0474258731775668,0.0474258731775668,0.0474258731775668,0.0474258731775668,0.0474258731775668,0.0474258731775668,0.0474258731775668,0.0474258731775668,0.0474258731775668,0.0474258731775668,0.0474258731775668,0.0474258731775668,0.0474258731775668,0.0474258731775668,0.0474258731775668,0.0474258731775668,0.0474258731775668,0.0474258731775668,0.0474258731775668,0.0474258731775668,0.0474258731775668,0.0474258731775668,0.0474258731775668,0.0474258731775668,0.0474258731775668,0.0474258731775668,0.0474258731775668,0.0474258731775668,0.0474258731775668,0.0474258731775668,0.0474258731775668,0.0474258731775668,0.0474258731775668
ENSG00000135547,HEY2,0.0474258731775668,0.0474258731775668,0.0474258731775668,0.0474258731775668,0.0474258731775668,0.0474258731775668,0.0474258731775668,0.0474258731775668,0.0474258731775668,0.0474258731775668,0.0474258731775668,0.0474258731775668,0.0474258731775668,0.0474258731775668,0.0474258731775668,0.0474258731775668,0.0474258731775668,0.0474258731775668,0.0474258731775668,0.0474258731775668,0.0474258731775668,0.0474258731775668,0.0474258731775668,0.0474258731775668,0.0474258731775668,0.0474258731775668,0.0474258731775668,0.0474258731775668,0.0474258731775668,0.0474258731775668,0.0474258731775668,0.0474258731775668,0.0474258731775668,0.0474258731775668,0.0474258731775668,0.0474258731775668,0.0474258731775668,0.0474258731775668,0.0474258731775668,0.0474258731775668
ENSG00000135625,EGR4,0.0474258731775668,0,0.0474258731775668,0.0474258731775668,0.0474258731775668,0.0474258731775668,0.0474258731775668,0.0474258731775668,0.0474258731775668,0.0474258731775668,0,0.0474258731775668,0.0474258731775668,0.0474258731775668,0.0474258731775668,0.0474258731775668,0.0474258731775668,0.0474258731775668,0,0.0474258731775668,0.0474258731775668,0.0474258731775668,0.0474258731775668,0.0474258731775668,0.0474258731775668,0,0.0474258731775668,0.0474258731775668,0.0474258731775668,0.0474258731775668,0.0474258731775668,0.0474258731775668,0.0474258731775668,0.0474258731775668,0,0,0.00763313481907349,0.0474258731775668,0.035057956313218,0.0474258731775668
ENSG00000198517,MAFK,0.0474258731775668,0.0474258731775668,0.0474258731775668,0.0474258731775668,0.0474258731775668,0.0474258731775668,0.0474258731775668,0.0474258731775668,0.0474258731775668,0.0474258731775668,0.0474258731775668,0.0474258731775668,0.0474258731775668,0.0474258731775668,0.0474258731775668,0.0474258731775668,0.0474258731775668,0.0474258731775668,0.0474258731775668,0.0474258731775668,0.0474258731775668,0.0474258731775668,0.0474258731775668,0.0474258731775668,0.0474258731775668,0.0474258731775668,0.0474258731775668,0.0474258731775668,0.0474258731775668,0.0474258731775668,0.0474258731775668,0.0474258731775668,0.0474258731775668,0.0474258731775668,0.0474258731775668,0.0474258731775668,0.0474258731775668,0.0474258731775668,0.0474258731775668,0.0474258731775668
ENSG00000135903,PAX3,0.0612999597693257,0.00420543737053732,0.0107455068799056,0.00347371418986381,0.00601404296028868,0.000548656884313041,0.0474258731775668,0.044154949820468,0.00656246079417181,0.0051982490134578,0,0.02607236701814,0.00325761175992207,0.00536392425766362,0.0474258731775668,0.0106600746644692,0.0158690925401288,0.0117039304887066,0,0.00642789061088291,0.0120998252201434,0.0229997016880127,0.00367962264715665,0.00641640923944097,0.00408484987265826,0.0140269226577875,0.00103966932211199,0.00555578695297171,0.00573261745527316,0.00365748682089419,0.128050356477168,0.00444909111765803,0.128717138629269,0.00322374900092192,0.00515283832999574,0.0136331407889921,0.0409393844908209,0.175799746960826,0.0288830854746509,0.0646771064769539
ENSG00000137270,GCM1,0.0474258731775668,0.0474258731775668,0.0474258731775668,0.0474258731775668,0.0474258731775668,0.0474258731775668,0.0474258731775668,0.0474258731775668,0.0474258731775668,0.0474258731775668,0.0474258731775668,0.0474258731775668,0.0474258731775668,0.0474258731775668,0.0474258731775668,0.0474258731775668,0.0474258731775668,0.0474258731775668,0.0474258731775668,0.0474258731775668,0.0474258731775668,0.0474258731775668,0.0474258731775668,0.0474258731775668,0.0474258731775668,0.0474258731775668,0.0474258731775668,0.0474258731775668,0.0474258731775668,0.0474258731775668,0.0474258731775668,0.0474258731775668,0.0474258731775668,0.0474258731775668,0.0474258731775668,0.0474258731775668,0.0474258731775668,0.0474258731775668,0.0474258731775668,0.0474258731775668
ENSG00000136327,NKX2-8,0,0,0,0.0474258731775668,0.0474258731775668,0,0.0474258731775668,0.0474258731775668,0.0474258731775668,0,0.0474258731775668,0.0474258731775668,0.0474258731775668,0.0474258731775668,0.0474258731775668,0,0.0474258731775668,0.0474258731775668,0.0474258731775668,0,0,0,0,0.0474258731775668,0,0,0.0474258731775668,0,0,0.0474258731775668,0,0.0474258731775668,0,0,0,0,0.0474258731775668,0,0,0
ENSG00000198466,ZNF587,0.0474258731775668,0.0474258731775668,0.0474258731775668,0.0474258731775668,0.0474258731775668,0.0474258731775668,0.0474258731775668,0.0474258731775668,0.0474258731775668,0.0474258731775668,0.0474258731775668,0.0474258731775668,0.0474258731775668,0.0474258731775668,0.0474258731775668,0.0474258731775668,0.0474258731775668,0.0474258731775668,0.0474258731775668,0.0474258731775668,0.0474258731775668,0.0474258731775668,0.0472745154597795,0.0474258731775668,0.0474258731775668,0.0474258731775668,0.0474258731775668,0.0474258731775668,0.0474258731775668,0.0474258731775668,0.0474258731775668,0.0474258731775668,0.0474258731775668,0.0474258731775668,0.0474258731775668,0.0474258731775668,0.0474258731775668,0.0474258731775668,0.0474258731775668,0.0474258731775668
ENSG00000136451,VEZF1,0.0474258731775668,0.115885476823906,0.0479878261672824,0.135709656336162,0.117461260972947,0.085023983696542,0.0730783366469857,0.127167399106802,0.0474258731775668,0.0728657552548428,0.0921195014980823,0.125858253696351,0.0790073571085556,0.0664933056618561,0.062859081820936,0.0511703398077213,0.0583516871477686,0.068118931687018,0.108771650269102,0.113287944320964,0.0474258731775668,0.0562831414893528,0.102727545522219,0.0623490022196748,0.0822744909867321,0.0692775821132304,0.0989364700791233,0.0541033307940402,0.0474258731775668,0.0474258731775668,0.0740276832084664,0.0771874119645443,0.0474258731775668,0.123610781791454,0.058486360973092,0.189251481042918,0.286594611077781,0.0556239256189071,0.0484811558713451,0.0474258731775668
ENSG00000136535,TBR1,0,0.0465086479734021,0.0474258731775668,0.0026138076545197,0,0,0,0.0156146644579449,0.0474258731775668,0.00718545499696593,0.0176377629468015,0.0201547092332394,0.0474258731775668,0.0127522240110056,0.0474258731775668,0.00554112415012696,0.0474258731775668,0.00418736468402966,0.0103356172011481,0,0.0474258731775668,0.0474258731775668,0.00360131398389447,0.0213118321356153,0.0474258731775668,0.0474258731775668,0.0169225835943734,0.00375760880171714,0.0474258731775668,0.0170723998930681,0,0.0474258731775668,0,0,0,0.0474258731775668,0.0474258731775668,0,0.0111261122110691,0
ENSG00000136630,HLX,0.0474258731775668,0.0474258731775668,0.0474258731775668,0.0474258731775668,0.0474258731775668,0.0474258731775668,0.0474258731775668,0.0474258731775668,0.0474258731775668,0.0474258731775668,0.0474258731775668,0.0474258731775668,0.0474258731775668,0.0474258731775668,0.0474258731775668,0.0474258731775668,0.0474258731775668,0.0474258731775668,0.0474258731775668,0.0474258731775668,0.0474258731775668,0.0474258731775668,0.0474258731775668,0.0474258731775668,0.0474258731775668,0.0474258731775668,0.0474258731775668,0.0474258731775668,0.0474258731775668,0.0474258731775668,0.0474258731775668,0.0474258731775668,0.0474258731775668,0.0474258731775668,0.0474258731775668,0.0474258731775668,0.0474258731775668,0.0474258731775668,0.0474258731775668,0.0474258731775668
ENSG00000136770,DNAJC1,0.0474258731775668,0.0474258731775668,0.0474258731775668,0.0474258731775668,0.0474258731775668,0.0474258731775668,0.0474258731775668,0.0474258731775668,0.0474258731775668,0.0474258731775668,0.0474258731775668,0.0474258731775668,0.0474258731775668,0.0474258731775668,0.0474258731775668,0.0474258731775668,0.0474258731775668,0.0474258731775668,0.0474258731775668,0.0474258731775668,0.0474258731775668,0.0474258731775668,0.0474258731775668,0.0474258731775668,0.0474258731775668,0.0474258731775668,0.0474258731775668,0.0474258731775668,0.0474258731775668,0.0474258731775668,0.0474258731775668,0.0474258731775668,0.0474258731775668,0.0474258731775668,0.0474258731775668,0.0474258731775668,0.0474258731775668,0.0474258731775668,0.0474258731775668,0.0474258731775668
ENSG00000136866,ZFP37,0.0474258731775668,0.0474258731775668,0.0474258731775668,0.0474258731775668,0.0474258731775668,0.0474258731775668,0.0474258731775668,0.0474258731775668,0.0474258731775668,0.0474258731775668,0.0474258731775668,0.0474258731775668,0.0474258731775668,0.0474258731775668,0.0474258731775668,0.0474258731775668,0.0474258731775668,0.0474258731775668,0.0474258731775668,0.0474258731775668,0.0474258731775668,0.0474258731775668,0.0474258731775668,0.0474258731775668,0.0474258731775668,0.0474258731775668,0.0474258731775668,0.0474258731775668,0.0474258731775668,0.0474258731775668,0.0474258731775668,0.0474258731775668,0.0474258731775668,0.0474258731775668,0.0474258731775668,0.0474258731775668,0.0474258731775668,0.0474258731775668,0.0474258731775668,0.0474258731775668
ENSG00000198455,ZXDB,0.0474258731775668,0.0474258731775668,0.0474258731775668,0.0474258731775668,0.0474258731775668,0.0474258731775668,0.0474258731775668,0.0474258731775668,0.0474258731775668,0.0474258731775668,0.0474258731775668,0.0474258731775668,0.0474258731775668,0.0474258731775668,0.0474258731775668,0.0474258731775668,0.0474258731775668,0.0474258731775668,0.0474258731775668,0.0474258731775668,0.0474258731775668,0.0474258731775668,0.0474258731775668,0.0474258731775668,0.0474258731775668,0.0474258731775668,0.0474258731775668,0.0474258731775668,0.0474258731775668,0.0474258731775668,0.0474258731775668,0.0474258731775668,0.0474258731775668,0.0474258731775668,0.0474258731775668,0.0474258731775668,0.0474258731775668,0.0474258731775668,0.0474258731775668,0.0474258731775668
ENSG00000136931,NR5A1,0.0474258731775668,0,0.629450290477091,0.0474258731775668,0.0282396685340633,0.208706757819729,0.0136411368145466,0.0474258731775668,0.0474258731775668,0.246205046198634,0.0474258731775668,0.120405658039477,0.0474258731775668,0.0474258731775668,0,0.0474258731775668,0.0474258731775668,0,0.782641334235031,0.0474258731775668,0.0474258731775668,0,0.0474258731775668,0.0474258731775668,0.0474258731775668,0,0.115469726232878,0.0474258731775668,0.0713437790690241,0.263674224591755,0.0474258731775668,0.0474258731775668,0,0.0344229302201438,0,0.0474258731775668,0.0724340291924958,0.0474258731775668,0.0474258731775668,0
ENSG00000136997,MYC,0.0474258731775668,0.0474258731775668,0.0474258731775668,0.0474258731775668,0.0474258731775668,0.0474258731775668,0.0474258731775668,0.0474258731775668,0.0474258731775668,0.0474258731775668,0.0474258731775668,0.0474258731775668,0.0474258731775668,0.0474258731775668,0.0474258731775668,0.0474258731775668,0.0474258731775668,0.0474258731775668,0.0474258731775668,0.0474258731775668,0.0474258731775668,0.0474258731775668,0.0474258731775668,0.0474258731775668,0.0350255301907718,0.0474258731775668,0.0474258731775668,0.0474258731775668,0.0474258731775668,0.0474258731775668,0.0474258731775668,0.0474258731775668,0.053365351780877,0.0474258731775668,0.0474258731775668,0.0474258731775668,0.0474258731775668,0.0474258731775668,0.0474258731775668,0.0474258731775668
ENSG00000136352,NKX2-1,0.0474258731775668,0,0,0.0474258731775668,0,0.0474258731775668,0,0,0.0474258731775668,0.0474258731775668,0,0.0474258731775668,0.0474258731775668,0,0.0474258731775668,0.0474258731775668,0.0474258731775668,0,0.0474258731775668,0.0474258731775668,0,0,0.0474258731775668,0.0474258731775668,0,0.0474258731775668,0.0474258731775668,0.0474258731775668,0,0.0474258731775668,0.0474258731775668,0.0474258731775668,0,0,0,0,0.0474258731775668,0.0474258731775668,0,0
ENSG00000152926,ZNF117,0.0474258731775668,0.0474258731775668,0.0474258731775668,0.0474258731775668,0.0474258731775668,0.0474258731775668,0.0474258731775668,0.0474258731775668,0.0474258731775668,0.0474258731775668,0.0474258731775668,0.0474258731775668,0.0474258731775668,0.0474258731775668,0.0474258731775668,0.0474258731775668,0.0474258731775668,0.0474258731775668,0.0474258731775668,0.0474258731775668,0.0474258731775668,0.0474258731775668,0.0474258731775668,0.0474258731775668,0.0474258731775668,0.0474258731775668,0.0474258731775668,0.0474258731775668,0.0474258731775668,0.0474258731775668,0.0474258731775668,0.0474258731775668,0.0474258731775668,0.0474258731775668,0.0474258731775668,0.0474258731775668,0.0474258731775668,0.0474258731775668,0.0474258731775668,0.0474258731775668
ENSG00000198160,MIER1,0.0474258731775668,0.0474258731775668,0.0474258731775668,0.0474258731775668,0.0474258731775668,0.0474258731775668,0.0474258731775668,0.0474258731775668,0.0474258731775668,0.0474258731775668,0.0474258731775668,0.0474258731775668,0.0474258731775668,0.0474258731775668,0.0474258731775668,0.0474258731775668,0.0474258731775668,0.0474258731775668,0.0474258731775668,0.0474258731775668,0.0474258731775668,0.0474258731775668,0.0474258731775668,0.0474258731775668,0.0474258731775668,0.0474258731775668,0.0474258731775668,0.0474258731775668,0.0474258731775668,0.0474258731775668,0.0474258731775668,0.0474258731775668,0.0487835843315179,0.0474258731775668,0.0474258731775668,0.0747480716127742,0.0474258731775668,0.0474258731775668,0.341442403589955,0.0474258731775668
ENSG00000141946,ZIM3,0.0474258731775668,0.0474258731775668,0.0474258731775668,0.0474258731775668,0.0474258731775668,0.0474258731775668,0.0474258731775668,0.0474258731775668,0.0474258731775668,0.0474258731775668,0.0474258731775668,0.0474258731775668,0.0474258731775668,0.0474258731775668,0.0474258731775668,0.0474258731775668,0.0474258731775668,0.0474258731775668,0.0474258731775668,0.0474258731775668,0.0474258731775668,0.0474258731775668,0.0474258731775668,0.0474258731775668,0.0474258731775668,0.0474258731775668,0.0474258731775668,0.0474258731775668,0.0474258731775668,0.0474258731775668,0.0474258731775668,0.0474258731775668,0.0474258731775668,0.0474258731775668,0.0474258731775668,0.0474258731775668,0.0474258731775668,0.0474258731775668,0.0474258731775668,0
ENSG00000147118,ZNF182,0.0474258731775668,0.0474258731775668,0.0474258731775668,0.0474258731775668,0.0474258731775668,0.0474258731775668,0.0474258731775668,0.0474258731775668,0.0474258731775668,0.0474258731775668,0.0474258731775668,0.0474258731775668,0.0474258731775668,0.0474258731775668,0.0474258731775668,0.0474258731775668,0.0474258731775668,0.0474258731775668,0.0474258731775668,0.0474258731775668,0.0474258731775668,0.0474258731775668,0.0474258731775668,0.0474258731775668,0.0474258731775668,0.0474258731775668,0.0474258731775668,0.0474258731775668,0.0474258731775668,0.0474258731775668,0.0474258731775668,0.0474258731775668,0.0474258731775668,0.0474258731775668,0.0474258731775668,0.0474258731775668,0.0474258731775668,0.0474258731775668,0.0474258731775668,0.0474258731775668
ENSG00000147596,PRDM14,0.0474258731775668,0.0474258731775668,0.0474258731775668,0.0474258731775668,0.0474258731775668,0.11556974390939,0.0474258731775668,0.0474258731775668,0.0474258731775668,0.0474258731775668,0.0474258731775668,0.185377823524285,0.0474258731775668,0.0474258731775668,0.0474258731775668,0.0474258731775668,0.0474258731775668,0.0474258731775668,0.0474258731775668,0.0474258731775668,0.0474258731775668,0,0.0474258731775668,0.0474258731775668,0.0474258731775668,0.0474258731775668,0.0474258731775668,0.0474258731775668,0.0474258731775668,0.0474258731775668,0.0474258731775668,0.0474258731775668,0.0474258731775668,0.0474258731775668,0.0474258731775668,0.0474258731775668,0.0474258731775668,0.0474258731775668,0.0474258731775668,0.0474258731775668
ENSG00000197921,HES5,0,0,0,0,0,0,0,0,0,0,0,0,0,0,0,0,0.0474258731775668,0,0,0,0,0,0,0.0474258731775668,0,0,0,0,0,0.0474258731775668,0,0,0,0,0,0,0,0,0,0
ENSG00000148737,TCF7L2,0.0724744069488219,0.208732930207654,0.0408282677750074,0.165390020902146,0.0474258731775668,0.0511334401426611,0.114711989021905,0.108162235741568,0.279659935812616,0.0916946105686234,0.042583837645369,0.08127722070089,0.114332189790851,0.0462747328206099,0.023992440073795,0.0836404934140512,0.0474258731775668,0.283397536907298,0.0917210251861425,0.0381234544611256,0.0580173735504954,0.0474258731775668,0.117414495003025,0.142870173231804,0.0944113561550769,0.159714459290086,0.0667639543509079,0.0317315842573522,0.0474258731775668,0.114085342845573,0.130874968452058,0.18170425309265,0.151250285381034,0.0474258731775668,0.110454763518212,0.0605648600093345,0.0223705056948533,0.0803928707221868,0.376286550033621,0.0474258731775668
ENSG00000148826,NKX6-2,0,0,0.0474258731775668,0.0474258731775668,0,0.0474258731775668,0.0474258731775668,0.0474258731775668,0.00593058258274868,0.0474258731775668,0,0.0357541887288055,0,0.017023001185765,0.0474258731775668,0.0474258731775668,0.0474258731775668,0.0474258731775668,0,0.0474258731775668,0,0,0.0474258731775668,0.0474258731775668,0,0,0.0474258731775668,0,0.0129674925153675,0.0194520010531804,0,0,0.0474258731775668,0.0474258731775668,0,0.0474258731775668,0.0474258731775668,0.0474258731775668,0.0474258731775668,0
ENSG00000149136,SSRP1,0.0474258731775668,0.0474258731775668,0.0474258731775668,0.0474258731775668,0.0474258731775668,0.0474258731775668,0.0474258731775668,0.0474258731775668,0.0474258731775668,0.0474258731775668,0.0474258731775668,0.0474258731775668,0.0474258731775668,0.0474258731775668,0.0474258731775668,0.0474258731775668,0.0474258731775668,0.0474258731775668,0.0474258731775668,0.0474258731775668,0.0474258731775668,0.0474258731775668,0.0474258731775668,0.0474258731775668,0.0474258731775668,0.0474258731775668,0.0474258731775668,0.0474258731775668,0.0474258731775668,0.0474258731775668,0.0474258731775668,0.0474258731775668,0.0474258731775668,0.0474258731775668,0.0474258731775668,0.0474258731775668,0.0474258731775668,0.0474258731775668,0.0474258731775668,0.0474258731775668
ENSG00000149480,MTA2,0.0474258731775668,0.0474258731775668,0.0474258731775668,0.0474258731775668,0.0474258731775668,0.0474258731775668,0.0474258731775668,0.0474258731775668,0.0474258731775668,0.0474258731775668,0.0474258731775668,0.0474258731775668,0.0474258731775668,0.0474258731775668,0.0474258731775668,0.0474258731775668,0.0474258731775668,0.0474258731775668,0.0474258731775668,0.0474258731775668,0.0474258731775668,0.0474258731775668,0.0474258731775668,0.0474258731775668,0.0474258731775668,0.0474258731775668,0.0474258731775668,0.0474258731775668,0.0474258731775668,0.0474258731775668,0.0474258731775668,0.0474258731775668,0.0474258731775668,0.0474258731775668,0.0474258731775668,0.0474258731775668,0.0474258731775668,0.0474258731775668,0.0474258731775668,0.0474258731775668
ENSG00000149922,TBX6,0.0474258731775668,0.0474258731775668,0.0474258731775668,0.0474258731775668,0.0474258731775668,0.0474258731775668,0.0474258731775668,0.0474258731775668,0.0474258731775668,0.0474258731775668,0.0474258731775668,0.0474258731775668,0.0474258731775668,0.0474258731775668,0.0474258731775668,0.0474258731775668,0.0474258731775668,0.0474258731775668,0.0474258731775668,0.0474258731775668,0.0474258731775668,0.0474258731775668,0.0474258731775668,0.0474258731775668,0.0474258731775668,0.0474258731775668,0.0474258731775668,0.0474258731775668,0.0474258731775668,0.0474258731775668,0.0474258731775668,0.0474258731775668,0.0474258731775668,0.0474258731775668,0.0474258731775668,0.0474258731775668,0.0474258731775668,0.0474258731775668,0.0474258731775668,0.0474258731775668
ENSG00000150347,ARID5B,0.0474258731775668,0.0474258731775668,0.0474258731775668,0.0474258731775668,0.0474258731775668,0.0474258731775668,0.0474258731775668,0.0474258731775668,0.0474258731775668,0.0474258731775668,0.0474258731775668,0.0474258731775668,0.0474258731775668,0.0474258731775668,0.0474258731775668,0.0474258731775668,0.0474258731775668,0.0474258731775668,0.0474258731775668,0.0474258731775668,0.0474258731775668,0.0474258731775668,0.0474258731775668,0.0474258731775668,0.0474258731775668,0.0474258731775668,0.0474258731775668,0.0474258731775668,0.0474258731775668,0.0474258731775668,0.0474258731775668,0.0474258731775668,0.0474258731775668,0.0474258731775668,0.0474258731775668,0.0474258731775668,0.0474258731775668,0.0474258731775668,0.0869191421898957,0.0474258731775668
ENSG00000147117,ZNF157,0.0474258731775668,0.0474258731775668,0.0474258731775668,0.0474258731775668,0.0474258731775668,0.0474258731775668,0.0474258731775668,0.0474258731775668,0.0474258731775668,0.0474258731775668,0.0474258731775668,0.0474258731775668,0.0474258731775668,0.0474258731775668,0.0474258731775668,0.0474258731775668,0.0474258731775668,0.0474258731775668,0.0474258731775668,0.0474258731775668,0.0474258731775668,0.0474258731775668,0.0474258731775668,0.0474258731775668,0.0474258731775668,0.0474258731775668,0.0474258731775668,0.0474258731775668,0.0474258731775668,0.0474258731775668,0.0474258731775668,0.0474258731775668,0.0474258731775668,0.0474258731775668,0.0474258731775668,0,0.0474258731775668,0.0474258731775668,0.0474258731775668,0.0474258731775668
ENSG00000150907,FOXO1,0.0474258731775668,0.0474258731775668,0.0474258731775668,0.0474258731775668,0.0474258731775668,0.0474258731775668,0.0474258731775668,0.0474258731775668,0.0474258731775668,0.0474258731775668,0.0474258731775668,0.0474258731775668,0.0474258731775668,0.0474258731775668,0.0474258731775668,0.0474258731775668,0.0474258731775668,0.0474258731775668,0.0474258731775668,0.0474258731775668,0.0474258731775668,0.0474258731775668,0.0474258731775668,0.0474258731775668,0.0474258731775668,0.0474258731775668,0.0474258731775668,0.0474258731775668,0.0474258731775668,0.0474258731775668,0.0474258731775668,0.0474258731775668,0.0474258731775668,0.0474258731775668,0.0474258731775668,0.0474258731775668,0.0474258731775668,0.0474258731775668,0.0474258731775668,0.0474258731775668
ENSG00000151615,POU4F2,0,0,0,0,0,0.0474258731775668,0.0474258731775668,0,0.0474258731775668,0,0,0.0474258731775668,0.0474258731775668,0.0474258731775668,0.0474258731775668,0.0474258731775668,0.0474258731775668,0,0.0474258731775668,0,0,0,0,0.0474258731775668,0.0474258731775668,0,0.0474258731775668,0.0474258731775668,0.0474258731775668,0.0474258731775668,0.0474258731775668,0,0,0,0,0,0.0474258731775668,0,0.0474258731775668,0
ENSG00000151623,NR3C2,0.0474258731775668,0.0474258731775668,0.0474258731775668,0.0474258731775668,0.0474258731775668,0.0474258731775668,0.0474258731775668,0.0474258731775668,0.0474258731775668,0.0474258731775668,0.0474258731775668,0.0474258731775668,0.0474258731775668,0.0474258731775668,0.0474258731775668,0.0474258731775668,0.0474258731775668,0.0474258731775668,0.0474258731775668,0.0474258731775668,0.0474258731775668,0.0474258731775668,0.0474258731775668,0.0474258731775668,0.0474258731775668,0.0474258731775668,0.0474258731775668,0.0474258731775668,0.0474258731775668,0.0474258731775668,0.0474258731775668,0.0474258731775668,0.0474258731775668,0.0474258731775668,0.0474258731775668,0.0474258731775668,0.0303979260314067,0.0474258731775668,0.0474258731775668,0.0474258731775668
ENSG00000151650,VENTX,0.0474258731775668,0.0474258731775668,0.0474258731775668,0.0474258731775668,0.0474258731775668,0.0474258731775668,0.0474258731775668,0.0474258731775668,0.0474258731775668,0.0474258731775668,0.0474258731775668,0.0474258731775668,0.0474258731775668,0.0474258731775668,0.0474258731775668,0.0474258731775668,0.0474258731775668,0.0474258731775668,0.0474258731775668,0.0474258731775668,0.0474258731775668,0.0474258731775668,0.0474258731775668,0.0474258731775668,0.0474258731775668,0.0474258731775668,0.0474258731775668,0.0474258731775668,0.0474258731775668,0.0474258731775668,0.0474258731775668,0.0474258731775668,0.0474258731775668,0.0474258731775668,0.0474258731775668,0.0474258731775668,0.0474258731775668,0.0474258731775668,0.0474258731775668,0.0474258731775668
ENSG00000151702,FLI1,0.025292169045735,0.00393576274703941,0.328093981384467,0.0206083955675493,0.101621548700995,0.144180837077679,0.209197924781269,0.00496673330483071,0.00404293032229656,0.249620089073471,0.130111394240097,0.110181731544538,0.0265505196796408,0.103872338094431,0.269759327191572,0.0238918307425008,0.14502527602439,0.119857787346223,0.0490035514702763,0.112562062532222,0.0295280511310356,0.030845878034308,0.0674389799170843,0.107410839981314,0.00962017074112585,0.0228548538527115,0.0313513335374652,0.133489096775736,0.120735341971592,0.083571498055188,0.0192632256473415,0.0636988703734118,0.129081052642866,0.0158557903621779,0.0635088269999533,0.408874161339024,0.102465913302416,0.095848505434782,0.0422772745773074,0.00341484681514773
ENSG00000197647,ZNF433,0.0474258731775668,0.0474258731775668,0.0474258731775668,0.0239578922403621,0.033915608597264,0.0303165638088191,0.0340058880328094,0.0368590850691721,0.0474258731775668,0.0406076294336388,0.0399233379683437,0.0474258731775668,0.0474258731775668,0.0474258731775668,0.0274986545152258,0.0474258731775668,0.0474258731775668,0.0474258731775668,0.0474258731775668,0.0400257640213895,0.0474258731775668,0.0474258731775668,0.0446075483920881,0.0342470647676291,0.0202646184661655,0.0474258731775668,0.0474258731775668,0.0474258731775668,0.0474258731775668,0.0474258731775668,0.0157144549645072,0.0474258731775668,0.0474258731775668,0.0288586326839472,0.0258232880945076,0.0474258731775668,0.0474258731775668,0.0357780042385661,0.016033175038838,0.0474258731775668
ENSG00000152192,POU4F1,0.0474258731775668,0,0.0474258731775668,0.0474258731775668,0.0474258731775668,0.0474258731775668,0.0474258731775668,0.0474258731775668,0.0474258731775668,0.0474258731775668,0.0474258731775668,0.0474258731775668,0.0474258731775668,0.0474258731775668,0.0474258731775668,0.0474258731775668,0.0474258731775668,0.0474258731775668,0.0474258731775668,0,0.0474258731775668,0.0474258731775668,0.0474258731775668,0.0474258731775668,0.0474258731775668,0,0.0474258731775668,0.0474258731775668,0.0474258731775668,0.0474258731775668,0.0474258731775668,0.0474258731775668,0.0474258731775668,0.0474258731775668,0.0474258731775668,0.0474258731775668,0.0474258731775668,0.0474258731775668,0.0474258731775668,0.0474258731775668
ENSG00000197576,HOXA4,0.0474258731775668,0.0474258731775668,0.0474258731775668,0.0474258731775668,0.0474258731775668,0.0474258731775668,0.0474258731775668,0.0474258731775668,0.0474258731775668,0.0474258731775668,0.0474258731775668,0.0474258731775668,0.0474258731775668,0.0474258731775668,0.0474258731775668,0.0474258731775668,0.0474258731775668,0.0474258731775668,0.0474258731775668,0.0474258731775668,0.0474258731775668,0.0474258731775668,0.0474258731775668,0.0474258731775668,0.0474258731775668,0.0474258731775668,0.0474258731775668,0.0474258731775668,0.0474258731775668,0.0474258731775668,0.0474258731775668,0.0474258731775668,0.0474258731775668,0.0474258731775668,0.0474258731775668,0.0474258731775668,0.0474258731775668,0.0474258731775668,0.0474258731775668,0.0474258731775668
ENSG00000152475,ZNF837,0.0474258731775668,0.0474258731775668,0.0474258731775668,0.0474258731775668,0.0474258731775668,0.0474258731775668,0.0474258731775668,0.0474258731775668,0.0474258731775668,0.0474258731775668,0.0474258731775668,0.0474258731775668,0.0474258731775668,0.0474258731775668,0.0474258731775668,0.0474258731775668,0.0474258731775668,0.0474258731775668,0.0474258731775668,0.0474258731775668,0.0474258731775668,0.0474258731775668,0.0474258731775668,0.0474258731775668,0.0474258731775668,0.0474258731775668,0.0474258731775668,0.0474258731775668,0.0474258731775668,0.0474258731775668,0.0474258731775668,0.0474258731775668,0.0474258731775668,0.0474258731775668,0.0474258731775668,0.0474258731775668,0.0474258731775668,0.0474258731775668,0.0474258731775668,0.0474258731775668
ENSG00000197385,ZNF860,0.0474258731775668,0.0474258731775668,0.0474258731775668,0.0474258731775668,0.0474258731775668,0.0474258731775668,0.0474258731775668,0.0474258731775668,0.0474258731775668,0.0474258731775668,0.0474258731775668,0.0474258731775668,0.0474258731775668,0.0474258731775668,0.0474258731775668,0.0474258731775668,0.0474258731775668,0.0474258731775668,0.0474258731775668,0.0474258731775668,0.0474258731775668,0.0474258731775668,0.0474258731775668,0.0474258731775668,0.0474258731775668,0.0474258731775668,0.0474258731775668,0.0474258731775668,0.0474258731775668,0.0474258731775668,0.0474258731775668,0.0474258731775668,0.0474258731775668,0.0474258731775668,0.0474258731775668,0.0277683015733337,0.0474258731775668,0.0474258731775668,0.0474258731775668,0.0474258731775668
ENSG00000151379,MSGN1,0.0474258731775668,0.0474258731775668,0.0474258731775668,0.0474258731775668,0.0474258731775668,0.0474258731775668,0,0.0474258731775668,0,0,0,0.0474258731775668,0,0,0,0,0.0474258731775668,0.0474258731775668,0,0,0,0,0,0.0474258731775668,0.0474258731775668,0.0474258731775668,0,0,0,0.0474258731775668,0,0.0474258731775668,0,0,0,0,0.0474258731775668,0,0,0
ENSG00000141646,SMAD4,0.0448199246122735,0.0443956267090246,0.0622619667112887,0.0550530366444953,0.0458144459365642,0.061515717537802,0.121697355700806,0.0386007954023127,0.0256736209843462,0.0528196810590761,0.0570946273332479,0.0425013335722972,0.0140311075323037,0.0229106922233512,0.0586475512271683,0.0156775650698644,0.0529288231051616,0.0240228631144516,0.0385601900245287,0.0319577227349446,0.0118276780426873,0.0201870990219124,0.0236813922517581,0.0663604671350218,0.0380193616305214,0.0249472812906639,0.0146120970706416,0.0312128120831607,0.0222784463091351,0.0266700298698049,0.0152747904058984,0.0222964254899751,0.028843260859616,0.0658665766524958,0.0450706691300628,0.0379429197202491,0.0559900835835657,0.0351991289687349,0.176014245137777,0.0134129379790933
ENSG00000146757,ZNF92,0.0474258731775668,0.0474258731775668,0.0474258731775668,0.0474258731775668,0.0474258731775668,0.0474258731775668,0.0474258731775668,0.0474258731775668,0.0474258731775668,0.0474258731775668,0.0474258731775668,0.0474258731775668,0.0474258731775668,0.0474258731775668,0.0474258731775668,0.0474258731775668,0.0474258731775668,0.0474258731775668,0.0474258731775668,0.0474258731775668,0.0474258731775668,0.0474258731775668,0.0474258731775668,0.0474258731775668,0.0474258731775668,0.0474258731775668,0.0474258731775668,0.0474258731775668,0.0474258731775668,0.0474258731775668,0.0474258731775668,0.0474258731775668,0.0474258731775668,0.0474258731775668,0.0474258731775668,0.0474258731775668,0.0474258731775668,0.0474258731775668,0.0474258731775668,0.0474258731775668
ENSG00000197933,ZNF823,0.0474258731775668,0.0474258731775668,0.0474258731775668,0.050587478832021,0.0532437018125434,0.0637024990349267,0.0474258731775668,0.0484694284708407,0.0495218698839586,0.0671595495078375,0.0474258731775668,0.069443346952632,0.0474258731775668,0.0859656338908453,0.132383450650082,0.0474258731775668,0.177838931197723,0.140403352182151,0.0668081275496249,0.335930004619905,0.100418799174646,0.0629275063630626,0.0474258731775668,0.0474258731775668,0.0474258731775668,0.0474258731775668,0.0474258731775668,0.0876415776955951,0.140241295205345,0.0474258731775668,0.0474258731775668,0.0787700540647463,0.0474258731775668,0.0474258731775668,0.0474258731775668,0.0474258731775668,0.186451625600494,0.150744565817025,0.0474258731775668,0.0474258731775668
ENSG00000198146,ZNF770,0.0474258731775668,0.0474258731775668,0.0474258731775668,0.0474258731775668,0.0474258731775668,0.0474258731775668,0.0474258731775668,0.0474258731775668,0.0474258731775668,0.0474258731775668,0.0474258731775668,0.0474258731775668,0.0474258731775668,0.0474258731775668,0.0474258731775668,0.0474258731775668,0.0474258731775668,0.0474258731775668,0.0474258731775668,0.0474258731775668,0.0474258731775668,0.0474258731775668,0.0474258731775668,0.0474258731775668,0.0474258731775668,0.0474258731775668,0.0474258731775668,0.0474258731775668,0.0474258731775668,0.0474258731775668,0.0474258731775668,0.0474258731775668,0.0474258731775668,0.0474258731775668,0.0474258731775668,0.0474258731775668,0.0474258731775668,0.0474258731775668,0.0474258731775668,0.0474258731775668
ENSG00000142025,DMRTC2,0.0474258731775668,0.0474258731775668,0.0474258731775668,0.0474258731775668,0.0474258731775668,0.0474258731775668,0.0474258731775668,0.0474258731775668,0.0474258731775668,0.0474258731775668,0.0474258731775668,0.0474258731775668,0.0474258731775668,0.0474258731775668,0.0474258731775668,0.0474258731775668,0.0474258731775668,0.0474258731775668,0.0474258731775668,0.0474258731775668,0.0474258731775668,0,0.0474258731775668,0.0474258731775668,0.0474258731775668,0.0474258731775668,0.0474258731775668,0.0474258731775668,0.0474258731775668,0.0474258731775668,0.0474258731775668,0.0474258731775668,0.0474258731775668,0.0474258731775668,0.0474258731775668,0.0474258731775668,0.0474258731775668,0.0474258731775668,0.0474258731775668,0
ENSG00000142409,ZNF787,0.0474258731775668,0.139093823665766,0.0474258731775668,0.136219727486729,0.0474258731775668,0.0474258731775668,0.115463945732993,0.099631258684015,0.0474258731775668,0.0540138734699485,0.0474258731775668,0.0474258731775668,0.0474258731775668,0.0474258731775668,0.0474258731775668,0.0474258731775668,0.0474258731775668,0.0474258731775668,0.0474258731775668,0.0474258731775668,0.0676367969744005,0.155701188028376,0.0474258731775668,0.0474258731775668,0.0474258731775668,0.058557161057606,0.0474258731775668,0.0474925505922228,0.0474258731775668,0.0495820813025537,0.0474258731775668,0.0777368033660213,0.0474258731775668,0.0474258731775668,0.0474258731775668,0.0474258731775668,0.0474258731775668,0.0474258731775668,0.14676641896006,0.0474258731775668
ENSG00000142684,ZNF593,0.0474258731775668,0.0474258731775668,0.0474258731775668,0.0474258731775668,0.0474258731775668,0.0474258731775668,0.0474258731775668,0.0474258731775668,0.0474258731775668,0.0474258731775668,0.0474258731775668,0.0474258731775668,0.0474258731775668,0.0474258731775668,0.0474258731775668,0.0474258731775668,0.0474258731775668,0.0474258731775668,0.0474258731775668,0.0474258731775668,0.0474258731775668,0.0474258731775668,0.0474258731775668,0.0474258731775668,0.0474258731775668,0.0474258731775668,0.0474258731775668,0.0474258731775668,0.0474258731775668,0.0474258731775668,0.0474258731775668,0.0474258731775668,0.0474258731775668,0.0474258731775668,0.0474258731775668,0.0474258731775668,0.0474258731775668,0.0474258731775668,0.0474258731775668,0.0474258731775668
ENSG00000142700,DMRTA2,0.0474258731775668,0,0.0474258731775668,0.0474258731775668,0,0.0474258731775668,0,0.0474258731775668,0.0474258731775668,0.0474258731775668,0,0.0474258731775668,0.0474258731775668,0.0474258731775668,0.0474258731775668,0.0474258731775668,0.0474258731775668,0.0474258731775668,0.0474258731775668,0,0,0.0474258731775668,0,0.0474258731775668,0.0474258731775668,0.0474258731775668,0.0474258731775668,0.0474258731775668,0.0474258731775668,0.0474258731775668,0.0474258731775668,0.0474258731775668,0.0474258731775668,0.0474258731775668,0.0474258731775668,0,0.0474258731775668,0,0.0474258731775668,0
ENSG00000143006,DMRTB1,0,0.0474258731775668,0,0.0474258731775668,0,0,0.0474258731775668,0,0.0474258731775668,0,0,0,0,0,0,0,0,0,0.0474258731775668,0,0,0,0,0,0,0.0474258731775668,0.0474258731775668,0.0474258731775668,0.0474258731775668,0,0,0,0,0.0474258731775668,0.0474258731775668,0,0.0474258731775668,0,0,0
ENSG00000143032,BARHL2,0,0,0.0474258731775668,0,0,0,0,0.0474258731775668,0,0,0,0,0,0,0,0,0,0,0,0,0,0,0,0,0,0,0,0,0.0474258731775668,0,0,0,0,0,0,0,0.0474258731775668,0,0.0474258731775668,0
ENSG00000143067,ZNF697,0.0474258731775668,0.0474258731775668,0.0474258731775668,0.0474258731775668,0.0474258731775668,0.0474258731775668,0.0474258731775668,0.0474258731775668,0.0474258731775668,0.0474258731775668,0.0474258731775668,0.0474258731775668,0.0474258731775668,0.0474258731775668,0.0474258731775668,0.0474258731775668,0.0474258731775668,0.0474258731775668,0.0474258731775668,0.0474258731775668,0.0474258731775668,0.0474258731775668,0.0474258731775668,0.0474258731775668,0.0474258731775668,0.0474258731775668,0.0474258731775668,0.0474258731775668,0.0474258731775668,0.0474258731775668,0.0474258731775668,0.0474258731775668,0.0474258731775668,0.0474258731775668,0.0474258731775668,0.0474258731775668,0.0474258731775668,0.0474258731775668,0.0474258731775668,0.0474258731775668
ENSG00000143178,TBX19,0.0474258731775668,0.0417751841519501,0.0474258731775668,0.0361764982062625,0.0474258731775668,0.0375670799228718,0.0276555429277446,0.0474258731775668,0.0474258731775668,0.0344093651311494,0.0474258731775668,0.0474258731775668,0.0474258731775668,0.0474258731775668,0.0435953121746708,0.0396852877219979,0.0474258731775668,0.0474258731775668,0.0474258731775668,0.0474258731775668,0.0474258731775668,0.0474258731775668,0.0474258731775668,0.0474258731775668,0.0474258731775668,0.0474258731775668,0.0474258731775668,0.0474258731775668,0.0474258731775668,0.0474258731775668,0.0474258731775668,0.0474258731775668,0.0474258731775668,0.0456067853351407,0.0408377068110856,0.0474258731775668,0.0474258731775668,0.0448829478720329,0.0474258731775668,0.0474258731775668
ENSG00000146618,FERD3L,0.0474258731775668,0,0.0474258731775668,0,0,0.0474258731775668,0.0474258731775668,0,0,0,0,0.0474258731775668,0,0,0.0474258731775668,0.0474258731775668,0.0474258731775668,0.0474258731775668,0,0.0474258731775668,0,0,0,0.0474258731775668,0.0474258731775668,0,0.0474258731775668,0.0474258731775668,0,0,0,0,0,0,0,0,0.0474258731775668,0.0474258731775668,0,0
ENSG00000143190,POU2F1,0.0474258731775668,0.0474258731775668,0.0216966291676882,0.0474258731775668,0.0474258731775668,0.0474258731775668,0.0474258731775668,0.0474258731775668,0.0474258731775668,0.0474258731775668,0.0474258731775668,0.0474258731775668,0.0474258731775668,0.0474258731775668,0.0474258731775668,0.0474258731775668,0.0474258731775668,0.0474258731775668,0.0474258731775668,0.0474258731775668,0.0474258731775668,0.0474258731775668,0.0474258731775668,0.0474258731775668,0.0474258731775668,0.0474258731775668,0.0474258731775668,0.0474258731775668,0.0474258731775668,0.0474258731775668,0.0474258731775668,0.0474258731775668,0.0474258731775668,0.0474258731775668,0.0474258731775668,0.0474258731775668,0.0462899840178663,0.0474258731775668,0.012262702395115,0.0474258731775668
ENSG00000198026,ZNF335,0.0474258731775668,0.0474258731775668,0.0474258731775668,0.0474258731775668,0.0474258731775668,0.0474258731775668,0.0474258731775668,0.0474258731775668,0.0474258731775668,0.0474258731775668,0.0474258731775668,0.0474258731775668,0.0474258731775668,0.0474258731775668,0.0474258731775668,0.0474258731775668,0.0474258731775668,0.0474258731775668,0.0474258731775668,0.0474258731775668,0.0474258731775668,0.0474258731775668,0.0474258731775668,0.0474258731775668,0.0474258731775668,0.0474258731775668,0.0474258731775668,0.0474258731775668,0.0474258731775668,0.0474258731775668,0.0474258731775668,0.0474258731775668,0.0474258731775668,0.0474258731775668,0.0474258731775668,0.0474258731775668,0.0474258731775668,0.0474258731775668,0.0474258731775668,0.0474258731775668
ENSG00000197961,ZNF121,0.0474258731775668,0.0474258731775668,0.0474258731775668,0.0474258731775668,0.0474258731775668,0.0474258731775668,0.0474258731775668,0.108821526088377,0.0474258731775668,0.0474258731775668,0.0474258731775668,0.0602973152634336,0.539391879111487,0.0972781966078557,0.142019793326852,0.0474258731775668,0.0474258731775668,0.127143500060824,0.104402338017012,0.0474258731775668,0.137338059535848,0.090819201024437,0.110936322092374,0.101300739903486,0.0841671825633032,0.0474258731775668,0.0578849368222187,0.128565721349211,0.0590390252854422,0.0849748663536854,0.128806584721281,0.0813522985238179,0.0474258731775668,0.0569277371486675,0.0474258731775668,0.0474258731775668,0.128491213826598,0.0475007822000305,0.1247823224612,0.0474258731775668
ENSG00000143842,SOX13,0.0474258731775668,0.0474258731775668,0.0474258731775668,0.0646261656024318,0.0474258731775668,0.0474258731775668,0.0474258731775668,0.0474258731775668,0.0474258731775668,0.0474258731775668,0.0474258731775668,0.0474258731775668,0.138016265459252,0.0474258731775668,0.0474258731775668,0.0474258731775668,0.0474258731775668,0.0527630931762363,0.0474258731775668,0.0474258731775668,0.0525838402639477,0.0474258731775668,0.0474258731775668,0.0474258731775668,0.0474258731775668,0.0474258731775668,0.0474258731775668,0.0474258731775668,0.0474258731775668,0.0474258731775668,0.0474258731775668,0.0474258731775668,0.0474258731775668,0.0474258731775668,0.0474258731775668,0.0474258731775668,0.0474258731775668,0.0474258731775668,0.124638430753617,0.0474258731775668
ENSG00000143867,OSR1,0.0474258731775668,0.0474258731775668,0.0474258731775668,0.0474258731775668,0.0474258731775668,0.0474258731775668,0.0474258731775668,0.0474258731775668,0.0474258731775668,0.0474258731775668,0.0474258731775668,0.0474258731775668,0.0474258731775668,0.0474258731775668,0.0474258731775668,0.0474258731775668,0.0474258731775668,0.0474258731775668,0.0474258731775668,0.0474258731775668,0.0474258731775668,0.0474258731775668,0.0474258731775668,0.0474258731775668,0.0474258731775668,0.0474258731775668,0.0474258731775668,0.0474258731775668,0.0474258731775668,0.0474258731775668,0.0474258731775668,0.0474258731775668,0.0474258731775668,0.0474258731775668,0.0474258731775668,0.0474258731775668,0.0474258731775668,0.0474258731775668,0,0.0474258731775668
ENSG00000143995,MEIS1,0.0294839093615762,0.030750854561878,0.00784054999168007,0.0474258731775668,0.0427011172428658,0.0474258731775668,0.0474258731775668,0.0291367091589248,0.0312716553031651,0.0474258731775668,0.0474258731775668,0.027199457265825,0.0474258731775668,0.0336199442078694,0.0407766381585113,0.0304759922563157,0.0300773735357405,0.0391613228629474,0.0472763263894754,0.0306712149267097,0.0421095975312448,0.016566883655265,0.0350401515544166,0.0362825038693187,0.0474258731775668,0.0158308883701579,0.0474258731775668,0.0474258731775668,0.0322755828354412,0.0445780373674796,0.0293984963438109,0.0317670078838573,0.0474258731775668,0.0469373637932546,0.0317159594098848,0.0311094617982491,0.0282346513425651,0.0156771161368787,0.0474258731775668,0.0166614276884921
ENSG00000197951,ZNF71,0.0474258731775668,0.047168735163844,0.0474258731775668,0.0474258731775668,0.0474258731775668,0.0474258731775668,0.0474258731775668,0.0474258731775668,0.0474258731775668,0.0474258731775668,0.0474258731775668,0.0474258731775668,0.0474258731775668,0.0474258731775668,0.0474258731775668,0.0474258731775668,0.0474258731775668,0.0474258731775668,0.0474258731775668,0.0474258731775668,0.0474258731775668,0.0474258731775668,0.0474258731775668,0.0474258731775668,0.0474258731775668,0.0474258731775668,0.0474258731775668,0.0474258731775668,0.0474258731775668,0.0474258731775668,0.0474258731775668,0.0474258731775668,0.0474258731775668,0.0474258731775668,0.0474258731775668,0.0474258731775668,0.0474258731775668,0.0474258731775668,0.0474258731775668,0.0474258731775668
ENSG00000144485,HES6,0.0791067836720068,0.0791067836720068,0.0474258731775668,0.0791067836720068,0.0791067836720068,0.0474258731775668,0.0656067630216052,0.0791067836720068,0.0607520912307264,0.0474258731775668,0.0622903612378482,0.0474258731775668,0.0791067836720068,0.0474258731775668,0.0474258731775668,0.0791067836720068,0.0791067836720068,0.0791067836720068,0.0791067836720068,0.0702068427050687,0.0791067836720068,0.0791067836720068,0.0791067836720068,0.0474258731775668,0.0791067836720068,0.0791067836720068,0.0474258731775668,0.0791067836720068,0.0791067836720068,0.0474258731775668,0.0474258731775668,0.0791067836720068,0.0474258731775668,0.0474258731775668,0.0474258731775668,0.0586256908271246,0.0474258731775668,0.0791067836720068,0.0474258731775668,0.0578097857050761
ENSG00000144852,NR1I2,0.0474258731775668,0.0294894830098723,0.0474258731775668,0.0340929269462867,0.0474258731775668,0.00656988886877415,0,0.00148098100396865,0.0474258731775668,0.0474258731775668,0.0119195152143487,0.0126711172046695,0.0163828784903655,0.0215413694832589,0.0383955171073313,0.0147194085474582,0.0128716551620932,0.0314278484390688,0.0124737332069646,0.0270325212260848,0.0474258731775668,0.0474258731775668,0.0474258731775668,0.0474258731775668,0.0474258731775668,0.0474258731775668,0.0241282015163952,0.00351817615632201,0.0474258731775668,0.0257734289805185,0.0474258731775668,0.0460876338741169,0,0.0474258731775668,0.0474258731775668,0.0317546199078124,0.0223030934063149,0.0474258731775668,0.0474258731775668,0
ENSG00000145220,LYAR,0.0474258731775668,0.0474258731775668,0.0474258731775668,0.0474258731775668,0.0474258731775668,0.0474258731775668,0.0474258731775668,0.0474258731775668,0.0474258731775668,0.0474258731775668,0.0474258731775668,0.0474258731775668,0.0474258731775668,0.0474258731775668,0.0474258731775668,0.0474258731775668,0.0474258731775668,0.0474258731775668,0.0474258731775668,0.0474258731775668,0.0474258731775668,0.0474258731775668,0.0474258731775668,0.0474258731775668,0.0474258731775668,0.0474258731775668,0.0474258731775668,0.0474258731775668,0.0474258731775668,0.0474258731775668,0.0474258731775668,0.0474258731775668,0.0474258731775668,0.0474258731775668,0.0474258731775668,0.0474258731775668,0.0474258731775668,0.0474258731775668,0.0474258731775668,0.0474258731775668
ENSG00000143365,RORC,0.0474258731775668,0.0124449539189944,0.0262796064812957,0.0474258731775668,0.0474258731775668,0.0474258731775668,0.0474258731775668,0.0474258731775668,0.0474258731775668,0.0474258731775668,0.0474258731775668,0.0474258731775668,0.0474258731775668,0.0474258731775668,0.0474258731775668,0.0474258731775668,0.0473041863744174,0.0474258731775668,0.0474258731775668,0.0474258731775668,0.0474258731775668,0.0474258731775668,0.0474258731775668,0.0474258731775668,0.0474258731775668,0.0474258731775668,0.00529519818924033,0.0474258731775668,0.0474258731775668,0.0474258731775668,0.0474258731775668,0.0474258731775668,0.0474258731775668,0.0474258731775668,0.0474258731775668,0.0474258731775668,0.0474258731775668,0.0474258731775668,0.0122027474423982,0.0474258731775668
ENSG00000168779,SHOX2,0.0474258731775668,0.0474258731775668,0.0474258731775668,0.0196060451988355,0.0288814442151269,0.0474258731775668,0.0149321601809635,0.0245746624861326,0.0384838078187072,0.0474258731775668,0.0225373532227636,0.0474258731775668,0.0149282500040034,0.0474258731775668,0.0455973937018579,0.0405325964799224,0.0474258731775668,0.0474258731775668,0.0291206210923536,0.0474258731775668,0.0196416872319732,0.0474258731775668,0.0474258731775668,0.0474258731775668,0.0237344971322499,0.0445416140535271,0.0276651341411071,0.0474258731775668,0.0474258731775668,0.04100684308908,0.0474258731775668,0.0287376108845479,0.0303331129936261,0.0474258731775668,0.0337651336805447,0.0474258731775668,0.0474258731775668,0.0474258731775668,0.0474258731775668,0.0474258731775668
ENSG00000168795,ZBTB5,0.0474258731775668,0.0474258731775668,0.0474258731775668,0.0474258731775668,0.0474258731775668,0.0474258731775668,0.0474258731775668,0.0474258731775668,0.0474258731775668,0.0474258731775668,0.0474258731775668,0.0474258731775668,0.0474258731775668,0.0474258731775668,0.0474258731775668,0.0474258731775668,0.0474258731775668,0.0474258731775668,0.0474258731775668,0.0474258731775668,0.0474258731775668,0.0474258731775668,0.0474258731775668,0.0474258731775668,0.0474258731775668,0.0474258731775668,0.0474258731775668,0.0474258731775668,0.0474258731775668,0.0474258731775668,0.0474258731775668,0.0474258731775668,0.0474258731775668,0.0474258731775668,0.0474258731775668,0.0474258731775668,0.0474258731775668,0.0474258731775668,0.0474258731775668,0.0474258731775668
ENSG00000168813,ZNF507,0.0474258731775668,0.0474258731775668,0.0474258731775668,0.0474258731775668,0.0474258731775668,0.0474258731775668,0.0474258731775668,0.0474258731775668,0.0474258731775668,0.0474258731775668,0.0474258731775668,0.0474258731775668,0.0474258731775668,0.0474258731775668,0.0474258731775668,0.0474258731775668,0.0474258731775668,0.0474258731775668,0.0474258731775668,0.0474258731775668,0.0474258731775668,0.0474258731775668,0.0474258731775668,0.0474258731775668,0.0474258731775668,0.0474258731775668,0.0474258731775668,0.0474258731775668,0.0474258731775668,0.0474258731775668,0.0474258731775668,0.0474258731775668,0.0474258731775668,0.0474258731775668,0.0474258731775668,0.0474258731775668,0.0474258731775668,0.0474258731775668,0.0474258731775668,0.0474258731775668
ENSG00000179774,ATOH7,0.0474258731775668,0.0474258731775668,0.0474258731775668,0.0474258731775668,0,0.0474258731775668,0.0474258731775668,0.0474258731775668,0.0474258731775668,0.0474258731775668,0.0474258731775668,0.0474258731775668,0,0.0474258731775668,0.0474258731775668,0.0474258731775668,0.0474258731775668,0.0474258731775668,0.0474258731775668,0.0474258731775668,0.0474258731775668,0.0474258731775668,0.0474258731775668,0.0474258731775668,0.0474258731775668,0.0474258731775668,0.0474258731775668,0.0474258731775668,0.0474258731775668,0.0474258731775668,0.0474258731775668,0.0474258731775668,0.0474258731775668,0.0474258731775668,0.0474258731775668,0.0474258731775668,0.0474258731775668,0.0474258731775668,0.0474258731775668,0.0474258731775668
ENSG00000179909,ZNF154,0.0474258731775668,0.0386813362760735,0.0268573093070758,0.0474258731775668,0.0474258731775668,0.0474258731775668,0.0474258731775668,0.0474258731775668,0.0474258731775668,0.0474258731775668,0.0474258731775668,0.0392858084557488,0.0474258731775668,0.0474258731775668,0.0448886471932655,0.0474258731775668,0.0474258731775668,0.0474258731775668,0.0474258731775668,0.0474258731775668,0.0309133616532712,0.0474258731775668,0.0323813152745344,0.0327939659616532,0.0474258731775668,0.0346307612671401,0.0474258731775668,0.0474258731775668,0.0210202432235946,0.0440506188500965,0.0474258731775668,0.0413774070182453,0.0424118185533552,0.0474258731775668,0.0474258731775668,0.0474258731775668,0.0474258731775668,0.0360090038939484,0.0322059075203426,0.0261021809563053
ENSG00000179922,ZNF784,0.0474258731775668,0.0474258731775668,0.0474258731775668,0.0474258731775668,0.0474258731775668,0.0474258731775668,0.0474258731775668,0.0474258731775668,0.0474258731775668,0.0474258731775668,0.0474258731775668,0.0474258731775668,0.0474258731775668,0.0474258731775668,0.0474258731775668,0.0474258731775668,0.0474258731775668,0.0474258731775668,0.0474258731775668,0.0503541480466213,0.0474258731775668,0.0474258731775668,0.0474258731775668,0.0474258731775668,0.0474258731775668,0.0474258731775668,0.0474258731775668,0.0474258731775668,0.0474258731775668,0.0474258731775668,0.0474258731775668,0.0474258731775668,0.0474258731775668,0.0474258731775668,0.0474258731775668,0.0474258731775668,0.0474258731775668,0.0474258731775668,0.0474258731775668,0.0474258731775668
ENSG00000179930,ZNF648,0.0474258731775668,0.0474258731775668,0.0474258731775668,0.0474258731775668,0.0474258731775668,0,0.0474258731775668,0.0474258731775668,0.0474258731775668,0.0474258731775668,0,0.0474258731775668,0,0.0474258731775668,0.0474258731775668,0.0474258731775668,0.0474258731775668,0.0474258731775668,0.0474258731775668,0.0474258731775668,0.0474258731775668,0.0474258731775668,0,0.0474258731775668,0.0474258731775668,0,0.0474258731775668,0.0474258731775668,0.0474258731775668,0.0474258731775668,0.0474258731775668,0.0474258731775668,0.0474258731775668,0,0,0,0.0474258731775668,0,0.0474258731775668,0
ENSG00000187855,ASCL4,0.0474258731775668,0,0,0.0474258731775668,0.0474258731775668,0.0474258731775668,0.0474258731775668,0.0474258731775668,0.0474258731775668,0.0474258731775668,0.0474258731775668,0.0474258731775668,0.0474258731775668,0.0474258731775668,0,0.0474258731775668,0.0474258731775668,0.0474258731775668,0.0474258731775668,0.0474258731775668,0.0474258731775668,0.0474258731775668,0.0474258731775668,0.0474258731775668,0.0474258731775668,0.0474258731775668,0.0474258731775668,0.0474258731775668,0.0474258731775668,0.0474258731775668,0,0.0474258731775668,0.0474258731775668,0.0474258731775668,0.0474258731775668,0,0.0474258731775668,0.0474258731775668,0.0474258731775668,0
ENSG00000180053,NKX2-6,0,0,0,0,0,0,0,0,0,0,0.0474258731775668,0.0474258731775668,0,0,0,0,0,0.0474258731775668,0,0,0.0474258731775668,0,0,0,0,0,0,0,0.0474258731775668,0,0,0,0.0474258731775668,0,0.0474258731775668,0,0.0474258731775668,0.0474258731775668,0,0
ENSG00000187821,HELT,0,0,0.0474258731775668,0,0,0.0474258731775668,0.0474258731775668,0,0,0.0474258731775668,0,0,0,0.0474258731775668,0,0,0.0474258731775668,0,0.0474258731775668,0,0,0,0,0,0,0,0.0474258731775668,0,0.0474258731775668,0.0474258731775668,0,0,0,0,0,0,0.0474258731775668,0,0,0
ENSG00000180318,ALX1,0.0474258731775668,0.0474258731775668,0.0474258731775668,0.0474258731775668,0,0,0.0474258731775668,0.0474258731775668,0.0474258731775668,0.0474258731775668,0,0.0474258731775668,0,0.0474258731775668,0.0474258731775668,0.0474258731775668,0.0474258731775668,0.0474258731775668,0.0474258731775668,0.0474258731775668,0.0474258731775668,0.0474258731775668,0.0474258731775668,0.0474258731775668,0.0474258731775668,0.0474258731775668,0.0474258731775668,0.0474258731775668,0.0474258731775668,0.0474258731775668,0,0.0474258731775668,0.0474258731775668,0.0474258731775668,0.0474258731775668,0.0474258731775668,0.0474258731775668,0.0474258731775668,0.0474258731775668,0.0474258731775668
ENSG00000180479,ZNF571,0.010176419767027,0.0156379136139794,0.00646285664862457,0.0235119968968267,0.0129845154638462,0.0309277997794727,0.0150115325185594,0.0270053546222203,0.0263750294665261,0.0316031573621826,0.0205768996596496,0.0149973929415832,0.0143678941503696,0.0182870792780902,0.0292684219592891,0.0208783861958858,0.0224588674312981,0.0264324106014381,0.00150332281596422,0.0430205542580411,0.02895959618141,0.0306357882933788,0.0128958566180335,0.0422552343855753,0.0474258731775668,0.0372719440409118,0.0333041114089113,0.0265895409102976,0.0369038140513232,0.0390162053448133,0.0474258731775668,0.0225633687896444,0.0266900341001356,0.0359328720313497,0.0226186950710938,0.0176026114337511,0.0474258731775668,0.0192673252892522,0.0178982845707915,0.0474258731775668
ENSG00000179772,FOXS1,0.0474258731775668,0.0474258731775668,0.0474258731775668,0.0474258731775668,0.0474258731775668,0.0474258731775668,0.0474258731775668,0.0474258731775668,0.0474258731775668,0.0474258731775668,0.0474258731775668,0.0474258731775668,0.0474258731775668,0.0474258731775668,0.0474258731775668,0.0474258731775668,0.0474258731775668,0.0474258731775668,0.0474258731775668,0.0474258731775668,0.0474258731775668,0.0474258731775668,0.0474258731775668,0.0474258731775668,0.0474258731775668,0.0474258731775668,0.0474258731775668,0.0474258731775668,0.0474258731775668,0.0474258731775668,0.0474258731775668,0.0474258731775668,0.0474258731775668,0.0474258731775668,0.0474258731775668,0.0474258731775668,0.0474258731775668,0.0474258731775668,0.0474258731775668,0.0474258731775668
ENSG00000180535,BHLHA15,0.0474258731775668,0.0474258731775668,0.0474258731775668,0.0474258731775668,0.0474258731775668,0.0474258731775668,0.0474258731775668,0.0474258731775668,0.0474258731775668,0.0474258731775668,0.0474258731775668,0.0474258731775668,0.0474258731775668,0.0474258731775668,0.0474258731775668,0.0474258731775668,0.0474258731775668,0.0474258731775668,0.0474258731775668,0.0474258731775668,0.0474258731775668,0.0474258731775668,0.0474258731775668,0.0474258731775668,0.0474258731775668,0.0474258731775668,0.0474258731775668,0.0474258731775668,0.0474258731775668,0.0474258731775668,0.0474258731775668,0.0474258731775668,0.0474258731775668,0.0474258731775668,0.0474258731775668,0.0474258731775668,0.0474258731775668,0.0474258731775668,0.0474258731775668,0.0474258731775668
ENSG00000180787,ZFP3,0.0474258731775668,0.0474258731775668,0.0474258731775668,0.0474258731775668,0.0474258731775668,0.0474258731775668,0.0474258731775668,0.0474258731775668,0.0474258731775668,0.0474258731775668,0.0474258731775668,0.0474258731775668,0.0474258731775668,0.0474258731775668,0.0474258731775668,0.0474258731775668,0.0474258731775668,0.0474258731775668,0.0474258731775668,0.0474258731775668,0.0474258731775668,0.0474258731775668,0.0474258731775668,0.0474258731775668,0.0474258731775668,0.0474258731775668,0.0474258731775668,0.0474258731775668,0.0474258731775668,0.0474258731775668,0.0474258731775668,0.0474258731775668,0.0474258731775668,0.0474258731775668,0.0474258731775668,0.0474258731775668,0.0474258731775668,0.0474258731775668,0.0474258731775668,0.0474258731775668
ENSG00000187801,ZFP69B,0.0474258731775668,0.0474258731775668,0,0.0474258731775668,0.0474258731775668,0.0474258731775668,0.0474258731775668,0.0474258731775668,0.0474258731775668,0.0474258731775668,0.0474258731775668,0.0474258731775668,0.0474258731775668,0.0474258731775668,0.0474258731775668,0.0474258731775668,0.0474258731775668,0.0474258731775668,0.0474258731775668,0.0474258731775668,0.0474258731775668,0.0474258731775668,0.0474258731775668,0.0474258731775668,0.0474258731775668,0.0474258731775668,0.0474258731775668,0.0474258731775668,0.0474258731775668,0.0474258731775668,0.0474258731775668,0.0474258731775668,0.0191529938399274,0.0474258731775668,0.0474258731775668,0.0474258731775668,0.0474258731775668,0.0474258731775668,0.0474258731775668,0.0474258731775668
ENSG00000180828,BHLHE22,0.0474258731775668,0.0474258731775668,0.0474258731775668,0.0474258731775668,0.0474258731775668,0.0474258731775668,0.0474258731775668,0.0474258731775668,0.0474258731775668,0.0474258731775668,0.0474258731775668,0.0474258731775668,0.0474258731775668,0.0474258731775668,0.0474258731775668,0.0474258731775668,0.0474258731775668,0.0474258731775668,0.0474258731775668,0.0474258731775668,0.0474258731775668,0.0474258731775668,0.0474258731775668,0.0474258731775668,0.0474258731775668,0.0474258731775668,0.0474258731775668,0.0474258731775668,0.0474258731775668,0.0474258731775668,0.0474258731775668,0.0474258731775668,0.0474258731775668,0.0474258731775668,0.0474258731775668,0.0474258731775668,0.0474258731775668,0.0474258731775668,0.0474258731775668,0.0474258731775668
ENSG00000180855,ZNF443,0.0474258731775668,0.0474258731775668,0.0474258731775668,0.0474258731775668,0.0474258731775668,0.0474258731775668,0.0474258731775668,0.0474258731775668,0.0474258731775668,0.0474258731775668,0.0474258731775668,0.0474258731775668,0.0474258731775668,0.0474258731775668,0.0474258731775668,0.0474258731775668,0.0474258731775668,0.0474258731775668,0.0474258731775668,0.0474258731775668,0.0474258731775668,0.0474258731775668,0.0474258731775668,0.0474258731775668,0.0474258731775668,0.0474258731775668,0.0474258731775668,0.0474258731775668,0.0474258731775668,0.0474258731775668,0.0474258731775668,0.0474258731775668,0.0474258731775668,0.0474258731775668,0.0474258731775668,0.0474258731775668,0.0474258731775668,0.0474258731775668,0.0474258731775668,0.0474258731775668
ENSG00000180884,ZNF792,0.0474258731775668,0.0474258731775668,0.0474258731775668,0.0474258731775668,0.0474258731775668,0.0474258731775668,0.0474258731775668,0.0474258731775668,0.0474258731775668,0.0474258731775668,0.0474258731775668,0.0474258731775668,0.0474258731775668,0.0474258731775668,0.0474258731775668,0.0474258731775668,0.0474258731775668,0.0474258731775668,0.0474258731775668,0.0474258731775668,0.0474258731775668,0.0474258731775668,0.0474258731775668,0.0474258731775668,0.0474258731775668,0.0474258731775668,0.0474258731775668,0.0474258731775668,0.0474258731775668,0.0474258731775668,0.0474258731775668,0.0474258731775668,0.0474258731775668,0.0474258731775668,0.0474258731775668,0.0474258731775668,0.0474258731775668,0.0474258731775668,0.0474258731775668,0.0474258731775668
ENSG00000180938,ZNF572,0.0474258731775668,0.0474258731775668,0.0474258731775668,0.0474258731775668,0.0474258731775668,0.0474258731775668,0.0474258731775668,0.0474258731775668,0.0474258731775668,0.0474258731775668,0.0474258731775668,0.0474258731775668,0.0474258731775668,0.0474258731775668,0.0474258731775668,0.0474258731775668,0.0474258731775668,0.0474258731775668,0.0474258731775668,0.0474258731775668,0.0474258731775668,0.0474258731775668,0.0474258731775668,0.0474258731775668,0.0474258731775668,0.0474258731775668,0.0474258731775668,0.0474258731775668,0.0474258731775668,0.0474258731775668,0.0474258731775668,0.0474258731775668,0.0474258731775668,0.0474258731775668,0.0474258731775668,0.0474258731775668,0.0474258731775668,0.0474258731775668,0.0474258731775668,0.0474258731775668
ENSG00000187792,ZNF70,0.0474258731775668,0.0474258731775668,0.0474258731775668,0.0474258731775668,0.0474258731775668,0.0474258731775668,0.0474258731775668,0.0474258731775668,0.0474258731775668,0.0474258731775668,0.0474258731775668,0.0474258731775668,0.0474258731775668,0.0474258731775668,0.0474258731775668,0.0474258731775668,0.0474258731775668,0.0474258731775668,0.0474258731775668,0.0474258731775668,0.0474258731775668,0.0474258731775668,0.0474258731775668,0.0474258731775668,0.0474258731775668,0.0474258731775668,0.0474258731775668,0.0474258731775668,0.0474258731775668,0.0474258731775668,0.0474258731775668,0.0474258731775668,0.0474258731775668,0.0474258731775668,0.0474258731775668,0.0474258731775668,0.0474258731775668,0.0474258731775668,0.0474258731775668,0.0474258731775668
ENSG00000181315,ZNF322,0.0474258731775668,0.0474258731775668,0.0474258731775668,0.0474258731775668,0.0474258731775668,0.0474258731775668,0.0474258731775668,0.0474258731775668,0.0474258731775668,0.0474258731775668,0.0474258731775668,0.0474258731775668,0.0474258731775668,0.0474258731775668,0.0474258731775668,0.0474258731775668,0.0474258731775668,0.0474258731775668,0.0474258731775668,0.0474258731775668,0.0474258731775668,0.0474258731775668,0.0474258731775668,0.0474258731775668,0.0474258731775668,0.0474258731775668,0.0474258731775668,0.0474258731775668,0.0474258731775668,0.0474258731775668,0.0474258731775668,0.0474258731775668,0.0474258731775668,0.0474258731775668,0.0474258731775668,0.0474258731775668,0.0474258731775668,0.0474258731775668,0.0474258731775668,0.0474258731775668
ENSG00000181449,SOX2,0.0474258731775668,0.0474258731775668,0.0474258731775668,0.0474258731775668,0.0474258731775668,0.0474258731775668,0.0474258731775668,0.0474258731775668,0.0474258731775668,0.0474258731775668,0.0474258731775668,0.0474258731775668,0.0474258731775668,0.0474258731775668,0.0474258731775668,0.0474258731775668,0.0474258731775668,0.0474258731775668,0.0474258731775668,0.0474258731775668,0.0474258731775668,0.0474258731775668,0.0474258731775668,0.0474258731775668,0.0474258731775668,0.0474258731775668,0.0474258731775668,0.0474258731775668,0.0474258731775668,0.0474258731775668,0.0474258731775668,0.0474258731775668,0.0474258731775668,0.0474258731775668,0.0474258731775668,0.0474258731775668,0.0474258731775668,0.0474258731775668,0.0474258731775668,0.0474258731775668
ENSG00000187815,ZFP69,0.0474258731775668,0.0474258731775668,0.0474258731775668,0.0474258731775668,0.0474258731775668,0.0474258731775668,0.0458031827892724,0.0474258731775668,0.0474258731775668,0.0474258731775668,0.0474258731775668,0.0474258731775668,0.0474258731775668,0.0474258731775668,0.0474258731775668,0.0474258731775668,0.0474258731775668,0.0474258731775668,0.0474258731775668,0.0474258731775668,0.0474258731775668,0.0474258731775668,0.0474258731775668,0.0474258731775668,0.0474258731775668,0.0474258731775668,0.0474258731775668,0.0474258731775668,0.0474258731775668,0.0474258731775668,0.0474258731775668,0.0474258731775668,0.0353018211805087,0.0474258731775668,0.0474258731775668,0.0474258731775668,0.0474258731775668,0.0474258731775668,0.0474258731775668,0.0474258731775668
ENSG00000181472,ZBTB2,0.0474258731775668,0.0474258731775668,0.0474258731775668,0.0474258731775668,0.0474258731775668,0.0474258731775668,0.0474258731775668,0.0474258731775668,0.0474258731775668,0.0474258731775668,0.0474258731775668,0.0474258731775668,0.0474258731775668,0.0474258731775668,0.0474258731775668,0.0474258731775668,0.0474258731775668,0.0474258731775668,0.0474258731775668,0.0474258731775668,0.0474258731775668,0.0474258731775668,0.0474258731775668,0.0474258731775668,0.0474258731775668,0.0474258731775668,0.0474258731775668,0.0474258731775668,0.0474258731775668,0.0474258731775668,0.0474258731775668,0.0474258731775668,0.0474258731775668,0.0474258731775668,0.0474258731775668,0.0474258731775668,0.0474258731775668,0.0474258731775668,0.0474258731775668,0.0474258731775668
ENSG00000179627,ZBTB42,0.0474258731775668,0.0474258731775668,0.0474258731775668,0.0474258731775668,0.0474258731775668,0.0474258731775668,0.0474258731775668,0.0474258731775668,0.0474258731775668,0.0474258731775668,0.0474258731775668,0.0474258731775668,0.0474258731775668,0.0474258731775668,0.0474258731775668,0.0474258731775668,0.0474258731775668,0.0474258731775668,0.0474258731775668,0.0474258731775668,0.0474258731775668,0.0474258731775668,0.0474258731775668,0.0474258731775668,0.0474258731775668,0.0474258731775668,0.0474258731775668,0.0474258731775668,0.0474258731775668,0.0474258731775668,0.0474258731775668,0.0474258731775668,0.0474258731775668,0.0474258731775668,0.0474258731775668,0.0474258731775668,0.0474258731775668,0.0474258731775668,0.0474258731775668,0.0474258731775668
ENSG00000179361,ARID3B,0.0474258731775668,0.0474258731775668,0.0474258731775668,0.0474258731775668,0.0474258731775668,0.0474258731775668,0.0474258731775668,0.0474258731775668,0.0474258731775668,0.0474258731775668,0.0474258731775668,0.0474258731775668,0.0474258731775668,0.0474258731775668,0.0474258731775668,0.0474258731775668,0.0474258731775668,0.0474258731775668,0.0474258731775668,0.0474258731775668,0.0474258731775668,0.0474258731775668,0.0474258731775668,0.0474258731775668,0.0474258731775668,0.0474258731775668,0.0474258731775668,0.0474258731775668,0.0474258731775668,0.0474258731775668,0.0474258731775668,0.0474258731775668,0.0474258731775668,0.0474258731775668,0.0474258731775668,0.0474258731775668,0.0474258731775668,0.0474258731775668,0.0474258731775668,0.0474258731775668
ENSG00000177599,ZNF491,0.0474258731775668,0.0474258731775668,0.0474258731775668,0.0474258731775668,0.0474258731775668,0.0474258731775668,0.0474258731775668,0.0474258731775668,0.0474258731775668,0.0474258731775668,0.0474258731775668,0.0474258731775668,0.0474258731775668,0.0474258731775668,0.0474258731775668,0.0474258731775668,0.0474258731775668,0.0474258731775668,0.0474258731775668,0.0474258731775668,0.0474258731775668,0.0474258731775668,0.0474258731775668,0.0474258731775668,0.0474258731775668,0.0474258731775668,0.0474258731775668,0.0474258731775668,0.0474258731775668,0.0474258731775668,0.0474258731775668,0.0474258731775668,0.0474258731775668,0.0474258731775668,0.0474258731775668,0.0474258731775668,0.0467523372790726,0.0474258731775668,0.0474258731775668,0.0474258731775668
ENSG00000177606,JUN,0.0474258731775668,0.0474258731775668,0.0474258731775668,0.0474258731775668,0.0474258731775668,0.0474258731775668,0.0474258731775668,0.0474258731775668,0.0474258731775668,0.0474258731775668,0.0474258731775668,0.0474258731775668,0.0474258731775668,0.0474258731775668,0.0474258731775668,0.0474258731775668,0.0474258731775668,0.0474258731775668,0.0474258731775668,0.0474258731775668,0.0474258731775668,0.0474258731775668,0.0474258731775668,0.0474258731775668,0.0474258731775668,0.0474258731775668,0.0474258731775668,0.0474258731775668,0.0474258731775668,0.0474258731775668,0.0474258731775668,0.0474258731775668,0.0474258731775668,0.0474258731775668,0.0474258731775668,0.0474258731775668,0.0474258731775668,0.0474258731775668,0.037974335484214,0.0474258731775668
ENSG00000177732,SOX12,0.0474258731775668,0.0474258731775668,0.0474258731775668,0.0474258731775668,0.0474258731775668,0.0474258731775668,0.0474258731775668,0.0474258731775668,0.0474258731775668,0.0474258731775668,0.0474258731775668,0.0474258731775668,0.0474258731775668,0.0474258731775668,0.0474258731775668,0.0474258731775668,0.0474258731775668,0.0474258731775668,0.0474258731775668,0.0474258731775668,0.0474258731775668,0.0474258731775668,0.0474258731775668,0.0474258731775668,0.0474258731775668,0.0474258731775668,0.0474258731775668,0.0474258731775668,0.0474258731775668,0.0474258731775668,0.0474258731775668,0.0474258731775668,0.0474258731775668,0.0474258731775668,0.0474258731775668,0.0474258731775668,0.0474258731775668,0.0474258731775668,0.0474258731775668,0.0474258731775668
ENSG00000177873,ZNF619,0.0474258731775668,0.0474258731775668,0.0474258731775668,0.0474258731775668,0.0474258731775668,0.0474258731775668,0.0474258731775668,0.0474258731775668,0.0474258731775668,0.0474258731775668,0.0474258731775668,0.0474258731775668,0.0474258731775668,0.0474258731775668,0.0474258731775668,0.0474258731775668,0.0474258731775668,0.0474258731775668,0.0474258731775668,0.0474258731775668,0.0474258731775668,0.0474258731775668,0.0474258731775668,0.0474258731775668,0.0474258731775668,0.0474258731775668,0.0474258731775668,0.0474258731775668,0.0474258731775668,0.0474258731775668,0.0474258731775668,0.0474258731775668,0.0474258731775668,0.0474258731775668,0.0474258731775668,0.0474258731775668,0.0474258731775668,0.0474258731775668,0.0474258731775668,0.0474258731775668
ENSG00000177888,ZBTB41,0.0474258731775668,0.0474258731775668,0.0474258731775668,0.0474258731775668,0.0474258731775668,0.0474258731775668,0.0474258731775668,0.0474258731775668,0.0474258731775668,0.0474258731775668,0.0474258731775668,0.0474258731775668,0.0474258731775668,0.0474258731775668,0.0474258731775668,0.0474258731775668,0.0474258731775668,0.0474258731775668,0.0474258731775668,0.0474258731775668,0.0474258731775668,0.0474258731775668,0.0474258731775668,0.0474258731775668,0.0474258731775668,0.0474258731775668,0.0474258731775668,0.0474258731775668,0.0474258731775668,0.0474258731775668,0.0474258731775668,0.0474258731775668,0.0474258731775668,0.0474258731775668,0.0474258731775668,0.0474258731775668,0.0474258731775668,0.0474258731775668,0.0474258731775668,0.0474258731775668
ENSG00000177932,ZNF354C,0.0474258731775668,0.0474258731775668,0.0474258731775668,0.0474258731775668,0.0474258731775668,0.0474258731775668,0.0474258731775668,0.0474258731775668,0.0474258731775668,0.0474258731775668,0.0474258731775668,0.0474258731775668,0.0474258731775668,0.0474258731775668,0.0474258731775668,0.0474258731775668,0.0474258731775668,0.0474258731775668,0.0474258731775668,0.0474258731775668,0.0474258731775668,0.0474258731775668,0.0474258731775668,0.0474258731775668,0.0474258731775668,0.0474258731775668,0.0474258731775668,0.0474258731775668,0.0474258731775668,0.0474258731775668,0.0474258731775668,0.0474258731775668,0.0474258731775668,0.0474258731775668,0.0474258731775668,0.0474258731775668,0.0474258731775668,0.0474258731775668,0.0474258731775668,0.0474258731775668
ENSG00000178175,ZNF366,0.173684826515656,0.0474258731775668,0.0474258731775668,0.0474258731775668,0.0474258731775668,0.0474258731775668,0.305466408623779,0.115716727890832,0.156164944195896,0.0474258731775668,0.0474258731775668,0.0474258731775668,0.0474258731775668,0.0474258731775668,0.0474258731775668,0.0474258731775668,0.0474258731775668,0.0474258731775668,0.0569439423692973,0.0474258731775668,0.10796927157787,0.0474258731775668,0.0474258731775668,0.118218238310516,0.124290621124095,0.0474258731775668,0.0474258731775668,0.128967208232935,0.0474258731775668,0.0474258731775668,0.0474258731775668,0.0812433030193588,0.0474258731775668,0.0474258731775668,0.0474258731775668,0.0474258731775668,0.0576323268832291,0.0520296083043327,0.0993430448938192,0.0474258731775668
ENSG00000178229,ZNF543,0.0474258731775668,0.0474258731775668,0.0474258731775668,0.0474258731775668,0.0474258731775668,0.0474258731775668,0.0474258731775668,0.0474258731775668,0.0474258731775668,0.0474258731775668,0.0474258731775668,0.0474258731775668,0.0474258731775668,0.0474258731775668,0.0474258731775668,0.0474258731775668,0.0474258731775668,0.0474258731775668,0.0474258731775668,0.0474258731775668,0.0474258731775668,0.0474258731775668,0.0474258731775668,0.0474258731775668,0.0474258731775668,0.0474258731775668,0.0474258731775668,0.0474258731775668,0.0474258731775668,0.0474258731775668,0.0474258731775668,0.0474258731775668,0.0474258731775668,0.0474258731775668,0.0474258731775668,0.0474258731775668,0.0474258731775668,0.0474258731775668,0.0474258731775668,0.0474258731775668
ENSG00000188095,MESP2,0.00898691342122361,0.00652256972395783,0.00173099222120769,0.0382807780879571,0,0,0.00808050579659254,0.00419386359080361,0.00571235437943684,0.0326519897783382,0.0474258731775668,0.0135716548291443,0.00386623077601776,0.0198535105107499,0.0474258731775668,0.00935395256056393,0.0474258731775668,0.0474258731775668,0.0143337026208134,0.00534376261395579,0.0474258731775668,0.00488602670199604,0.0474258731775668,0.0468281383130695,0.0204795944382279,0.00278256422464249,0.00881144329557925,0,0.0276471797957836,0.00481720832346093,0.00761773736760894,0.00872462156580443,0.0474258731775668,0.0154127621311852,0.0322907412728864,0.0474258731775668,0.0406101021703962,0.00514353409661018,0.00612361558852272,0
ENSG00000179388,EGR3,0.0474258731775668,0.0474258731775668,0.0474258731775668,0.0474258731775668,0.0474258731775668,0.0474258731775668,0.0474258731775668,0.0474258731775668,0.0474258731775668,0.0474258731775668,0.0474258731775668,0.0474258731775668,0.0474258731775668,0.0474258731775668,0.0474258731775668,0.0474258731775668,0.0474258731775668,0.0474258731775668,0.0474258731775668,0.0474258731775668,0.0474258731775668,0.0474258731775668,0.0474258731775668,0.0474258731775668,0.0474258731775668,0.0474258731775668,0.0474258731775668,0.0474258731775668,0.0474258731775668,0.0474258731775668,0.014760111486459,0.0474258731775668,0.0474258731775668,0.0474258731775668,0.0474258731775668,0.0474258731775668,0.0474258731775668,0.0474258731775668,0.0474258731775668,0.0474258731775668
ENSG00000188033,ZNF490,0.0474258731775668,0.0474258731775668,0.0474258731775668,0.0440180816728352,0.0474258731775668,0.0474258731775668,0.0474258731775668,0.0474258731775668,0.0474258731775668,0.0474258731775668,0.0474258731775668,0.0474258731775668,0.0474258731775668,0.0474258731775668,0.0474258731775668,0.0474258731775668,0.0474258731775668,0.0474258731775668,0.0474258731775668,0.0474258731775668,0.0474258731775668,0.0474258731775668,0.0474258731775668,0.0474258731775668,0.0474258731775668,0.0474258731775668,0.0474258731775668,0.0474258731775668,0.0474258731775668,0.0474258731775668,0.0474258731775668,0.0474258731775668,0.0474258731775668,0.0474258731775668,0.0474258731775668,0.0811726562124906,0.0474258731775668,0.0474258731775668,0.0294756456640235,0.0474258731775668
ENSG00000178665,ZNF713,0.0474258731775668,0.033448690366432,0.0474258731775668,0.0474258731775668,0.0474258731775668,0.0474258731775668,0.0474258731775668,0.0410608352879123,0.0472973284679913,0.0474258731775668,0.0474258731775668,0.0450714825320109,0.0362965718596883,0.0474258731775668,0.0474258731775668,0.0413321222027068,0.040694301145487,0.0474258731775668,0.0399106444239657,0.0474258731775668,0.0474258731775668,0.0474258731775668,0.0444792551877593,0.0474258731775668,0.0394113038124203,0.0474258731775668,0.0474258731775668,0.0474258731775668,0.0474258731775668,0.0474258731775668,0.0474258731775668,0.0419234874768266,0.0474258731775668,0.0474258731775668,0.0474258731775668,0.0474258731775668,0.0474258731775668,0.0474258731775668,0.0474258731775668,0.0244368607911228
ENSG00000178860,MSC,0.0474258731775668,0.0448683976063359,0.0474258731775668,0.0474258731775668,0.0474258731775668,0.0474258731775668,0.0474258731775668,0.0427058400077745,0.0474258731775668,0.0474258731775668,0.0474258731775668,0.0474258731775668,0.0474258731775668,0.0474258731775668,0.0474258731775668,0.0474258731775668,0.0474258731775668,0.0474258731775668,0.0474258731775668,0.0474258731775668,0.0474258731775668,0.0474258731775668,0.0474258731775668,0.0474258731775668,0.0290427568068277,0.0474258731775668,0.0474258731775668,0.0474258731775668,0.0474258731775668,0.0474258731775668,0.0474258731775668,0.0474258731775668,0.0474258731775668,0.0474258731775668,0.0474258731775668,0.0474258731775668,0.0474258731775668,0.0474258731775668,0.0474258731775668,0.0474258731775668
ENSG00000178919,FOXE1,0.0474258731775668,0.0474258731775668,0,0.0474258731775668,0.0474258731775668,0.0474258731775668,0.0474258731775668,0.0474258731775668,0.0474258731775668,0.0474258731775668,0,0.0474258731775668,0.0474258731775668,0.0474258731775668,0.0474258731775668,0.0474258731775668,0.0474258731775668,0.0474258731775668,0.0474258731775668,0,0.0474258731775668,0.0474258731775668,0.0474258731775668,0.0474258731775668,0,0.0474258731775668,0.0474258731775668,0.0474258731775668,0.0474258731775668,0.0474258731775668,0.0474258731775668,0.0474258731775668,0,0,0,0,0.0474258731775668,0.0474258731775668,0.0474258731775668,0
ENSG00000178928,TPRX1,0.0474258731775668,0,0,0,0.0474258731775668,0.0474258731775668,0.0474258731775668,0.0474258731775668,0,0,0,0,0,0.0474258731775668,0,0,0,0.0474258731775668,0,0,0.0474258731775668,0,0,0.0474258731775668,0.0474258731775668,0,0,0.0474258731775668,0.0474258731775668,0.0474258731775668,0.0474258731775668,0,0,0,0,0,0.0474258731775668,0,0,0
ENSG00000187987,ZSCAN23,0.0265827915555082,0.0181716746063787,0.0315446701540644,0.0294168010783258,0.0474258731775668,0.0221580067935576,0.0347287797771915,0.0304371239236962,0.0298572586334663,0.00943840945753841,0.0276125537567216,0.028861748379141,0.0268760546963065,0.0155336189073341,0.00910437868575498,0.0157457090965613,0.00971250576797539,0.0169703281395848,0.0206885230620146,0.0202726700079619,0.0144115983375844,0.0207866725131833,0.0130759990034464,0.010366326203648,0.0250314172499939,0.0296371641976479,0.0292009059726143,0.0220508372660887,0.0196292363036115,0.0136112151529004,0.0211543472023077,0.0195872609710283,0.0281296952019286,0.0198797753215311,0.0146872376532894,0.0165367056378617,0.0220863488327111,0.0136384554573178,0.00386715557857199,0.012360866276929
ENSG00000178951,ZBTB7A,0.0474258731775668,0.0474258731775668,0.0474258731775668,0.0474258731775668,0.0474258731775668,0.0474258731775668,0.0474258731775668,0.0474258731775668,0.0474258731775668,0.0474258731775668,0.0474258731775668,0.0474258731775668,0.0474258731775668,0.0474258731775668,0.0474258731775668,0.0474258731775668,0.0474258731775668,0.0474258731775668,0.0474258731775668,0.0474258731775668,0.0474258731775668,0.0474258731775668,0.0474258731775668,0.0474258731775668,0.0474258731775668,0.0474258731775668,0.0474258731775668,0.0474258731775668,0.0474258731775668,0.0474258731775668,0.0474258731775668,0.0474258731775668,0.0474258731775668,0.0474258731775668,0.0474258731775668,0.0474258731775668,0.0474258731775668,0.0474258731775668,0.0474258731775668,0.0474258731775668
ENSG00000179059,ZFP42,0.0474258731775668,0.0474258731775668,0.0474258731775668,0.0474258731775668,0.0474258731775668,0.0474258731775668,0.0474258731775668,0.0474258731775668,0.0474258731775668,0.0474258731775668,0.0474258731775668,0.0474258731775668,0.0474258731775668,0.0474258731775668,0.0474258731775668,0.0474258731775668,0.0474258731775668,0.0474258731775668,0.0474258731775668,0.0474258731775668,0.0474258731775668,0.0474258731775668,0.0474258731775668,0.0474258731775668,0.0474258731775668,0.0474258731775668,0.0474258731775668,0.0474258731775668,0.0474258731775668,0.0474258731775668,0.0474258731775668,0.0474258731775668,0.0474258731775668,0.0474258731775668,0.0474258731775668,0.0474258731775668,0.0474258731775668,0.0474258731775668,0.0474258731775668,0.0474258731775668
ENSG00000179111,HES7,0.0474258731775668,0.0474258731775668,0.0474258731775668,0.0474258731775668,0.0474258731775668,0.0474258731775668,0.0474258731775668,0.0474258731775668,0.0474258731775668,0.0474258731775668,0.0474258731775668,0.0474258731775668,0.0474258731775668,0.0474258731775668,0.0474258731775668,0.0474258731775668,0.0474258731775668,0.0474258731775668,0.0474258731775668,0.0474258731775668,0.0474258731775668,0.0474258731775668,0.0474258731775668,0.0474258731775668,0.0474258731775668,0.0474258731775668,0.0474258731775668,0.0474258731775668,0.0474258731775668,0.0474258731775668,0.0474258731775668,0.0474258731775668,0.0474258731775668,0.0474258731775668,0,0.0474258731775668,0.0474258731775668,0.0474258731775668,0.0474258731775668,0.0474258731775668
ENSG00000179195,ZNF664,0.0474258731775668,0.0474258731775668,0.0474258731775668,0.0474258731775668,0.0474258731775668,0.0474258731775668,0.0474258731775668,0.0474258731775668,0.0474258731775668,0.0474258731775668,0.0474258731775668,0.0474258731775668,0.0474258731775668,0.0474258731775668,0.0474258731775668,0.0474258731775668,0.0474258731775668,0.0474258731775668,0.0474258731775668,0.0474258731775668,0.0474258731775668,0.0474258731775668,0.0474258731775668,0.0474258731775668,0.0474258731775668,0.0474258731775668,0.0474258731775668,0.0474258731775668,0.0474258731775668,0.0474258731775668,0.0474258731775668,0.0474258731775668,0.0474258731775668,0.0474258731775668,0.0474258731775668,0.0474258731775668,0.0474258731775668,0.0474258731775668,0.0474258731775668,0.0474258731775668
ENSG00000178403,NEUROG2,0.0474258731775668,0,0.0474258731775668,0.0474258731775668,0,0,0.0474258731775668,0.0474258731775668,0.0474258731775668,0,0.0474258731775668,0,0.0474258731775668,0,0.0474258731775668,0.0474258731775668,0.0474258731775668,0,0,0.0474258731775668,0,0,0,0.0474258731775668,0,0.0474258731775668,0,0.0474258731775668,0.0474258731775668,0.0474258731775668,0.0474258731775668,0.0474258731775668,0.0474258731775668,0.0474258731775668,0,0,0.0474258731775668,0.0474258731775668,0.0474258731775668,0
ENSG00000177508,IRX3,0.0130937871110936,0.00586913861982517,0.0248715675615986,0.0135360440257626,0.0101827716868428,0.0192794574535458,0.0173131019003609,0.011085809877085,0.0147256104912959,0.0474258731775668,0.0268325852910763,0.0257668904772785,0.0146214780064708,0.0250891359343463,0.0474258731775668,0.00952229595793109,0.0189329299590831,0.0108531749786888,0.0161719405077108,0.0191415923934428,0.00811194867606069,0.0150735013513597,0.00241983869780971,0.0439189584426878,0.0230533824191241,0.0233188989464716,0.0189028061658077,0.0449059303591428,0.0324234355342508,0.0290648482758329,0.0101497578704535,0.0151951923413458,0.0474258731775668,0.0250219548072572,0.0474258731775668,0.0474258731775668,0.0391243073305077,0.0192342417373402,0.00617331503912762,0.0258592626487485
ENSG00000181638,ZFP41,0.0267208711634504,0.0409592048374686,0.0474258731775668,0.0278774360988201,0.0474258731775668,0.0474258731775668,0.0474258731775668,0.0169194720338487,0.0431285531445362,0.0473322789363911,0.0474258731775668,0.0474258731775668,0.0384480997738162,0.0433022682154227,0.0474258731775668,0.0313855543303695,0.0474258731775668,0.0264170308899194,0.0297265283348502,0.0474258731775668,0.0289502112864593,0.0464568981068225,0.0174855119148664,0.0322977597926005,0.0197277395294124,0.0474258731775668,0.0417225139061865,0.0474258731775668,0.0474258731775668,0.0474258731775668,0.034710455471068,0.043505138149966,0.0474258731775668,0.0474258731775668,0.0474258731775668,0.0474258731775668,0.0474258731775668,0.0474258731775668,0.0439285280289756,0.0474258731775668
ENSG00000181827,RFX7,0.0474258731775668,0.0474258731775668,0.0474258731775668,0.0700088897265598,0.0474258731775668,0.0474258731775668,0.0521995582136042,0.0474258731775668,0.0474258731775668,0.0474258731775668,0.100789550948287,0.0474258731775668,0.0474258731775668,0.0474258731775668,0.0474258731775668,0.0474258731775668,0.0474258731775668,0.0474258731775668,0.0474258731775668,0.0474258731775668,0.0474258731775668,0.0474258731775668,0.114919188716918,0.0474258731775668,0.0474258731775668,0.0474258731775668,0.0474258731775668,0.0474258731775668,0.0474258731775668,0.0474258731775668,0.0474258731775668,0.0474258731775668,0.0474258731775668,0.0474258731775668,0.0474258731775668,0.0474258731775668,0.205087141431413,0.0474258731775668,0.260164403542364,0.0474258731775668
ENSG00000184677,ZBTB40,0.0557033775604577,0.0474258731775668,0.0474258731775668,0.0474258731775668,0.0474258731775668,0.0474258731775668,0.0474258731775668,0.0474258731775668,0.0474258731775668,0.0614077521021637,0.0474258731775668,0.0474258731775668,0.0474258731775668,0.0626957364715123,0.0474258731775668,0.0474258731775668,0.0474258731775668,0.0474258731775668,0.0474258731775668,0.0474258731775668,0.0474258731775668,0.0496022821906021,0.0474258731775668,0.0474258731775668,0.0589119583926773,0.0474258731775668,0.0570935266072733,0.0474258731775668,0.0474258731775668,0.0474258731775668,0.0535172170001964,0.0474258731775668,0.0474258731775668,0.0474258731775668,0.0474258731775668,0.0474258731775668,0.121387504793325,0.0474258731775668,0.0474258731775668,0.0474258731775668
ENSG00000184895,SRY,0,0.0474258731775668,0.0474258731775668,0,0,0.0474258731775668,0.0474258731775668,0.0474258731775668,0,0,0,0.0474258731775668,0,0.0474258731775668,0,0,0.0474258731775668,0.0474258731775668,0,0,0,0,0.0474258731775668,0.0474258731775668,0.0474258731775668,0,0.0474258731775668,0,0,0.0474258731775668,0,0,0,0,0,0,0.0474258731775668,0,0.0474258731775668,0
ENSG00000185002,RFX6,0.0474258731775668,0.0092259600195703,0,0.0474258731775668,0.0474258731775668,0.0474258731775668,0.0474258731775668,0,0.0474258731775668,0.0474258731775668,0.0474258731775668,0.0474258731775668,0,0.0474258731775668,0.0140423943820756,0.0474258731775668,0.0474258731775668,0,0.0473159406931177,0.0474258731775668,0.0474258731775668,0.0474258731775668,0.0474258731775668,0.0474258731775668,0.0474258731775668,0.0474258731775668,0.0474258731775668,0,0.0474258731775668,0.0474258731775668,0.0474258731775668,0.0474258731775668,0,0.0474258731775668,0.0474258731775668,0.0474258731775668,0.0474258731775668,0,0.0474258731775668,0
ENSG00000185122,HSF1,0.0474258731775668,0.0474258731775668,0.0474258731775668,0.0474258731775668,0.0474258731775668,0.0474258731775668,0.0474258731775668,0.0474258731775668,0.0474258731775668,0.0474258731775668,0.0474258731775668,0.0474258731775668,0.0474258731775668,0.0474258731775668,0.0474258731775668,0.0474258731775668,0.0474258731775668,0.0474258731775668,0.0474258731775668,0.0474258731775668,0.0474258731775668,0.0474258731775668,0.0474258731775668,0.0474258731775668,0.0474258731775668,0.0474258731775668,0.0474258731775668,0.0474258731775668,0.0474258731775668,0.0474258731775668,0.0474258731775668,0.0474258731775668,0.0474258731775668,0.0474258731775668,0.0474258731775668,0.0474258731775668,0.0474258731775668,0.0474258731775668,0.0474258731775668,0.0474258731775668
ENSG00000186564,FOXD2,0.0474258731775668,0.0474258731775668,0.0474258731775668,0.0474258731775668,0.0474258731775668,0.0474258731775668,0.0474258731775668,0.0474258731775668,0.0474258731775668,0.0474258731775668,0.0474258731775668,0.0474258731775668,0.0474258731775668,0.0474258731775668,0.0474258731775668,0.0474258731775668,0.0474258731775668,0.0474258731775668,0.0474258731775668,0.0474258731775668,0.0474258731775668,0.0474258731775668,0.0474258731775668,0.0474258731775668,0.0474258731775668,0.0474258731775668,0.0474258731775668,0.0474258731775668,0.0474258731775668,0.0474258731775668,0.0474258731775668,0.0474258731775668,0.0474258731775668,0.0474258731775668,0.0474258731775668,0.0474258731775668,0.0474258731775668,0.0474258731775668,0.0474258731775668,0.0474258731775668
ENSG00000185177,ZNF479,0.0474258731775668,0.0474258731775668,0,0.0474258731775668,0.0474258731775668,0.0474258731775668,0.0474258731775668,0.0474258731775668,0.0474258731775668,0.0474258731775668,0.0474258731775668,0.0474258731775668,0.0474258731775668,0.0474258731775668,0.0474258731775668,0.0474258731775668,0.0474258731775668,0.0474258731775668,0.0474258731775668,0.0474258731775668,0.0474258731775668,0.0474258731775668,0.0474258731775668,0.0474258731775668,0.0474258731775668,0.0474258731775668,0.0474258731775668,0.0474258731775668,0.0474258731775668,0.0474258731775668,0.0474258731775668,0.0474258731775668,0.0474258731775668,0.0474258731775668,0.0474258731775668,0.0474258731775668,0.0474258731775668,0.0474258731775668,0.0474258731775668,0.0474258731775668
ENSG00000186487,MYT1L,0.0151855603907038,0.0301464291207126,0.141278519900139,0.0243366373304702,0.0344692292467971,0.0238222006948556,0.0645206186891696,0.0499908780018358,0.0151076524887075,0.216333075638101,0.0419350419998979,0.052927170807755,0.0662336438023906,0.0439085266119043,0.0733695003206187,0.0415863900692147,0.0767927652955509,0.0421275211177543,0.0186569760069949,0.221925394195183,0.0260303993079011,0,0.0173773435361395,0.0437905709444945,0.0932474299254631,0.0150227656821486,0.0395155775336592,0.072355129899354,0.0283418306743829,0.0157349422121577,0.387279583561021,0.035454450385264,0.120002507762003,0.0752553517477362,0.213055525286476,0.100097138169174,0.228570813238657,0.0269317629830085,0.0332211383697537,0
ENSG00000185507,IRF7,0.0474258731775668,0.017851452418447,0.0235296925715422,0.014252914844008,0.0200855931597433,0.00975382625139147,0.0218547355128048,0.0352638520515074,0.0321629906359264,0.00477087687160306,0,0.0164448472198842,0.0474258731775668,0.030361973454981,0.0561078992964579,0.159203202508239,0.0110952796917162,0.0495456250597802,0.208594325532274,0.045887237573483,0.129730846663651,0.0474258731775668,0.0474258731775668,0.0247499248848734,0.0474258731775668,0.0693209500609013,0.0442196342053191,0.0461781531480336,0.0474258731775668,0.0442648150466131,0.031615767654201,0.109050523657491,0.0554582586400275,0,0,0,0.0268547717927444,0.055233778180127,0.0070413673713609,0.0474258731775668
ENSG00000185551,NR2F2,0.0474258731775668,0.0474258731775668,0.0474258731775668,0.0474258731775668,0.0545484440112643,0.0910165650737406,0.12901867838005,0.0496875198949403,0.0474258731775668,0.162138626891073,0.136331389897956,0.0474258731775668,0.0474258731775668,0.0474258731775668,0.110223920848763,0.0474258731775668,0.0474258731775668,0.198007161146862,0.0474258731775668,0.0474258731775668,0.0474258731775668,0.0474258731775668,0.092075453507492,0.107098525885671,0.0474258731775668,0.0474258731775668,0.0474258731775668,0.0474258731775668,0.0474258731775668,0.0743790258656972,0.0744386806370229,0.0474258731775668,0.162353552439507,0.132193432615626,0.336551177923935,0.0474258731775668,0.0499638379436593,0.184873958063973,0.0474258731775668,0.0474258731775668
ENSG00000184659,FOXD4L4,0.0474258731775668,0,0.0474258731775668,0,0.0474258731775668,0.0474258731775668,0,0,0.0474258731775668,0.0474258731775668,0,0.0474258731775668,0,0.0474258731775668,0,0.0474258731775668,0.0474258731775668,0,0.0474258731775668,0,0,0,0,0.0474258731775668,0.0474258731775668,0,0.0474258731775668,0,0.0474258731775668,0,0,0.0474258731775668,0.0474258731775668,0.0474258731775668,0,0.0474258731775668,0.0474258731775668,0,0,0
ENSG00000186446,ZNF501,0.0474258731775668,0.0474258731775668,0.0474258731775668,0.0474258731775668,0.0474258731775668,0.0474258731775668,0.0474258731775668,0.0474258731775668,0.0474258731775668,0.0474258731775668,0.0474258731775668,0.0474258731775668,0.0474258731775668,0.0474258731775668,0.0474258731775668,0.0474258731775668,0.0474258731775668,0.0474258731775668,0.0474258731775668,0.0474258731775668,0.0474258731775668,0.0474258731775668,0.0474258731775668,0.0474258731775668,0.0474258731775668,0.0474258731775668,0.0474258731775668,0.0474258731775668,0.0474258731775668,0.0474258731775668,0.0474258731775668,0.0474258731775668,0.0474258731775668,0.0474258731775668,0.0474258731775668,0.0474258731775668,0.0474258731775668,0.0474258731775668,0.0474258731775668,0.0474258731775668
ENSG00000185630,PBX1,0.0474258731775668,0.0474258731775668,0.0624116335460897,0.0474258731775668,0.0474258731775668,0.0474258731775668,0.0474258731775668,0.0474258731775668,0.0474258731775668,0.0474258731775668,0.0474258731775668,0.0474258731775668,0.0474258731775668,0.0474258731775668,0.0474258731775668,0.0474258731775668,0.0474258731775668,0.0474258731775668,0.0474258731775668,0.0474258731775668,0.0474258731775668,0.0474258731775668,0.0474258731775668,0.0474258731775668,0.0474258731775668,0.0474258731775668,0.017845281760521,0.0474258731775668,0.0474258731775668,0.0474258731775668,0.0474258731775668,0.0474258731775668,0.202956528050081,0.0474258731775668,0.0474258731775668,0.0474258731775668,0.0793974136367473,0.0474258731775668,0.212714846400738,0.0474258731775668
ENSG00000185668,POU3F1,0.0474258731775668,0.0474258731775668,0.0474258731775668,0.0474258731775668,0.0474258731775668,0.0474258731775668,0.0474258731775668,0.0474258731775668,0.0474258731775668,0.0474258731775668,0.0474258731775668,0.0474258731775668,0.0474258731775668,0.0474258731775668,0.0474258731775668,0.0474258731775668,0.0474258731775668,0.0474258731775668,0.0474258731775668,0.0474258731775668,0.0474258731775668,0.0474258731775668,0.0474258731775668,0.0474258731775668,0.0474258731775668,0.0474258731775668,0.0474258731775668,0.0474258731775668,0.0474258731775668,0.0474258731775668,0.0474258731775668,0.0474258731775668,0.0474258731775668,0.0474258731775668,0.0474258731775668,0.0474258731775668,0.0474258731775668,0.0474258731775668,0.0474258731775668,0.0474258731775668
ENSG00000185669,SNAI3,0.0474258731775668,0.0474258731775668,0.0474258731775668,0.0474258731775668,0.0474258731775668,0.0474258731775668,0.0474258731775668,0.0474258731775668,0.0474258731775668,0.0474258731775668,0.0474258731775668,0.0474258731775668,0.0474258731775668,0.0474258731775668,0.0474258731775668,0.0474258731775668,0.0474258731775668,0.0474258731775668,0.0474258731775668,0.0474258731775668,0.0474258731775668,0.0474258731775668,0.0474258731775668,0.0474258731775668,0.0474258731775668,0.0474258731775668,0.0474258731775668,0.0474258731775668,0.0474258731775668,0.0474258731775668,0.0474258731775668,0.0474258731775668,0.0474258731775668,0.0474258731775668,0.0474258731775668,0.0474258731775668,0.0474258731775668,0.0474258731775668,0.0474258731775668,0.0474258731775668
ENSG00000186376,ZNF75D,0.0474258731775668,0.0474258731775668,0.0474258731775668,0.0474258731775668,0.0474258731775668,0.0474258731775668,0.0474258731775668,0.0474258731775668,0.0474258731775668,0.0474258731775668,0.0474258731775668,0.0474258731775668,0.0474258731775668,0.0474258731775668,0.0474258731775668,0.0474258731775668,0.0474258731775668,0.0474258731775668,0.0474258731775668,0.0474258731775668,0.0474258731775668,0.0474258731775668,0.0474258731775668,0.0474258731775668,0.0474258731775668,0.0474258731775668,0.0474258731775668,0.0474258731775668,0.0474258731775668,0.0474258731775668,0.0474258731775668,0.0474258731775668,0.0474258731775668,0.0474258731775668,0.0474258731775668,0.0474258731775668,0.0155155630562938,0.0474258731775668,0.0474258731775668,0.0474258731775668
ENSG00000185869,ZNF829,0.0474258731775668,0.0474258731775668,0.0474258731775668,0.0474258731775668,0.0474258731775668,0.0474258731775668,0.0474258731775668,0.0474258731775668,0.0474258731775668,0.0474258731775668,0.0474258731775668,0.0474258731775668,0.0474258731775668,0.0474258731775668,0.0474258731775668,0.0474258731775668,0.0474258731775668,0.0474258731775668,0.0474258731775668,0.0474258731775668,0.0474258731775668,0.0474258731775668,0.0474258731775668,0.0474258731775668,0.0474258731775668,0.0474258731775668,0.0474258731775668,0.0474258731775668,0.0474258731775668,0.0474258731775668,0.0474258731775668,0.0474258731775668,0.0474258731775668,0.0474258731775668,0.0474258731775668,0.0474258731775668,0.0474258731775668,0.0474258731775668,0.0474258731775668,0.0474258731775668
ENSG00000186272,ZNF17,0.0516344448419482,0.0474258731775668,0.0474258731775668,0.0492986318884479,0.0474258731775668,0.10862162754934,0.28100783319263,0.0474258731775668,0.0600093775062551,0.101579573082109,0.0474258731775668,0.0474258731775668,0.0519227897840031,0.0474258731775668,0.0798337283553701,0.0474258731775668,0.147067102090408,0.0803068192994847,0.0474258731775668,0.0474258731775668,0.0474258731775668,0.0474258731775668,0.0533863415494968,0.0649453487624389,0.0691993809015599,0.0474258731775668,0.0474258731775668,0.074831324048398,0.0474258731775668,0.061017005662913,0.0622798821612617,0.0474258731775668,0.0474258731775668,0.0474682150500599,0.0474258731775668,0.0474258731775668,0.0990548582233812,0.0474258731775668,0.0520770822088385,0.0474258731775668
ENSG00000185960,SHOX,0.0474258731775668,0.0474258731775668,0.0474258731775668,0.0474258731775668,0.0474258731775668,0.0474258731775668,0.0474258731775668,0.0474258731775668,0.0474258731775668,0.0474258731775668,0.0474258731775668,0.0474258731775668,0.0474258731775668,0.0474258731775668,0.0474258731775668,0.0474258731775668,0.0474258731775668,0.0474258731775668,0.0474258731775668,0.0474258731775668,0.0474258731775668,0.0474258731775668,0.0474258731775668,0.0474258731775668,0.0474258731775668,0.0474258731775668,0.0474258731775668,0.0474258731775668,0.0474258731775668,0.0474258731775668,0.0474258731775668,0.0474258731775668,0.0474258731775668,0.0474258731775668,0.0474258731775668,0.0474258731775668,0.0474258731775668,0.0474258731775668,0.0474258731775668,0.0474258731775668
ENSG00000186026,ZNF284,0.0474258731775668,0.0474258731775668,0.0474258731775668,0.0474258731775668,0.0474258731775668,0.0474258731775668,0.0474258731775668,0.0474258731775668,0.0474258731775668,0.0474258731775668,0.0474258731775668,0.0474258731775668,0.0474258731775668,0.0474258731775668,0.0474258731775668,0.0474258731775668,0.0474258731775668,0.0474258731775668,0.0474258731775668,0.0474258731775668,0.0474258731775668,0.0474258731775668,0.0474258731775668,0.0474258731775668,0.0474258731775668,0.0474258731775668,0.0474258731775668,0.0474258731775668,0.0474258731775668,0.0474258731775668,0.0474258731775668,0.0474258731775668,0.0474258731775668,0.0474258731775668,0.0474258731775668,0.0474258731775668,0.0474258731775668,0.0474258731775668,0.0474258731775668,0.0474258731775668
ENSG00000186051,TAL2,0.0474258731775668,0.0474258731775668,0.0474258731775668,0.0474258731775668,0.0474258731775668,0.0474258731775668,0.0474258731775668,0.0474258731775668,0.0474258731775668,0.0474258731775668,0,0.0474258731775668,0.0474258731775668,0.0474258731775668,0.0474258731775668,0.0474258731775668,0.0474258731775668,0.0474258731775668,0.0474258731775668,0.0474258731775668,0.0474258731775668,0.0474258731775668,0.0474258731775668,0.0474258731775668,0.0474258731775668,0.0474258731775668,0.0474258731775668,0.0474258731775668,0.0474258731775668,0.0474258731775668,0.0474258731775668,0.0474258731775668,0.0474258731775668,0.0474258731775668,0.0474258731775668,0,0.0474258731775668,0.0474258731775668,0.0474258731775668,0.0474258731775668
ENSG00000185610,DBX2,0.0474258731775668,0,0.0474258731775668,0.0474258731775668,0.0474258731775668,0,0.0474258731775668,0.0474258731775668,0.0474258731775668,0.0474258731775668,0.0474258731775668,0.0474258731775668,0.0474258731775668,0.0474258731775668,0.0474258731775668,0.0474258731775668,0.0474258731775668,0.0474258731775668,0.0474258731775668,0.0474258731775668,0.0474258731775668,0.0474258731775668,0.0474258731775668,0.0474258731775668,0.0474258731775668,0.0474258731775668,0.0474258731775668,0.0474258731775668,0.0474258731775668,0.0474258731775668,0,0.0474258731775668,0.0474258731775668,0,0,0,0.0474258731775668,0.0474258731775668,0.0474258731775668,0.0474258731775668
ENSG00000187559,FOXD4L3,0.0474258731775668,0,0,0.0474258731775668,0.0474258731775668,0.0474258731775668,0.0474258731775668,0.0474258731775668,0.0474258731775668,0.0474258731775668,0.0474258731775668,0.0474258731775668,0,0.0474258731775668,0.0474258731775668,0.0474258731775668,0.0474258731775668,0,0,0.0474258731775668,0,0.0474258731775668,0.0474258731775668,0.0474258731775668,0.0474258731775668,0.0474258731775668,0.0474258731775668,0.0474258731775668,0.0474258731775668,0.0474258731775668,0.0474258731775668,0.0474258731775668,0,0.0474258731775668,0,0.0474258731775668,0.0474258731775668,0,0.0474258731775668,0
ENSG00000186766,FOXI2,0.0474258731775668,0.0474258731775668,0,0.0474258731775668,0.0474258731775668,0.0474258731775668,0.0474258731775668,0.0474258731775668,0.0474258731775668,0.0474258731775668,0.0474258731775668,0.0474258731775668,0.0474258731775668,0.0474258731775668,0.0474258731775668,0.0474258731775668,0.0474258731775668,0.0474258731775668,0.0474258731775668,0,0.0474258731775668,0.0474258731775668,0.0474258731775668,0.0474258731775668,0.0474258731775668,0.0474258731775668,0.0474258731775668,0.0474258731775668,0.0474258731775668,0.0474258731775668,0,0.0474258731775668,0.0474258731775668,0.0474258731775668,0.0474258731775668,0.0474258731775668,0.0474258731775668,0.0474258731775668,0.0474258731775668,0.0474258731775668
ENSG00000184486,POU3F2,0.0474258731775668,0,0.0474258731775668,0.0474258731775668,0,0.0474258731775668,0.0474258731775668,0,0.0474258731775668,0.0474258731775668,0.0474258731775668,0.0474258731775668,0,0.0474258731775668,0.0474258731775668,0.0474258731775668,0.0474258731775668,0.0474258731775668,0.0474258731775668,0.0474258731775668,0.0474258731775668,0.0474258731775668,0.0474258731775668,0.0474258731775668,0.0474258731775668,0.0474258731775668,0,0.0474258731775668,0.0474258731775668,0.0474258731775668,0,0.0474258731775668,0.0474258731775668,0.0474258731775668,0,0,0.0474258731775668,0.0474258731775668,0,0.0474258731775668
ENSG00000181894,ZNF329,0.0474258731775668,0.0474258731775668,0.0474258731775668,0.0474258731775668,0.0474258731775668,0.0474258731775668,0.0474258731775668,0.0474258731775668,0.0474258731775668,0.0474258731775668,0.0474258731775668,0.0474258731775668,0.0474258731775668,0.0474258731775668,0.0474258731775668,0.0474258731775668,0.0474258731775668,0.0474258731775668,0.0474258731775668,0.0474258731775668,0.0474258731775668,0.0474258731775668,0.0474258731775668,0.0474258731775668,0.0474258731775668,0.0474258731775668,0.0474258731775668,0.0474258731775668,0.0474258731775668,0.0474258731775668,0.0474258731775668,0.0474258731775668,0.0407745020545917,0.0474258731775668,0.0474258731775668,0.0474258731775668,0.0474258731775668,0.0474258731775668,0.0474258731775668,0.0474258731775668
ENSG00000181965,NEUROG1,0,0,0.0474258731775668,0,0,0,0,0,0.0474258731775668,0,0,0,0,0,0,0,0,0,0,0,0.0474258731775668,0,0,0,0,0,0,0.0474258731775668,0.0474258731775668,0,0,0,0,0,0,0,0.0474258731775668,0,0,0
ENSG00000182111,ZNF716,0.0474258731775668,0.0474258731775668,0,0.0474258731775668,0.0474258731775668,0.0474258731775668,0.0474258731775668,0.0474258731775668,0.0474258731775668,0.0474258731775668,0.0474258731775668,0.0474258731775668,0.0474258731775668,0.0474258731775668,0.0474258731775668,0.0474258731775668,0.0474258731775668,0.0474258731775668,0.0474258731775668,0.0474258731775668,0.0474258731775668,0.0474258731775668,0.0474258731775668,0.0474258731775668,0.0474258731775668,0.0474258731775668,0.0474258731775668,0.0474258731775668,0.0474258731775668,0.0474258731775668,0.0474258731775668,0.0474258731775668,0.0474258731775668,0.0474258731775668,0.0474258731775668,0.0474258731775668,0.0474258731775668,0.0474258731775668,0.0474258731775668,0.0474258731775668
ENSG00000187140,FOXD3,0.0474258731775668,0.0474258731775668,0,0.0474258731775668,0.0474258731775668,0.0474258731775668,0.0474258731775668,0.0474258731775668,0.0474258731775668,0.0474258731775668,0.0474258731775668,0.0474258731775668,0,0.0474258731775668,0.0474258731775668,0.0474258731775668,0.0474258731775668,0.0474258731775668,0.0474258731775668,0.0474258731775668,0.0474258731775668,0.0474258731775668,0.0474258731775668,0.0474258731775668,0.0474258731775668,0.0474258731775668,0.0474258731775668,0.0474258731775668,0.0474258731775668,0.0474258731775668,0.0474258731775668,0.0474258731775668,0.0474258731775668,0.0474258731775668,0.0474258731775668,0.0474258731775668,0.0474258731775668,0.0474258731775668,0.0474258731775668,0.0474258731775668
ENSG00000187098,MITF,0.0474258731775668,0.0197234198029549,0.0916311313127942,0.0450108187400927,0.0474258731775668,0.019218658029433,0.0474258731775668,0.0474258731775668,0.0474258731775668,0.0474258731775668,0.189325113483978,0.0474258731775668,0.0474258731775668,0.0474258731775668,0.0677251628178295,0.0474258731775668,0.0474258731775668,0.0474258731775668,0.0453425315308932,0.0474258731775668,0.0474258731775668,0.0474258731775668,0.0474258731775668,0.0474258731775668,0.0474258731775668,0.0474258731775668,0.0474258731775668,0.0474258731775668,0.0474258731775668,0.0557871939846532,0.19136706797102,0.0474258731775668,0.0474258731775668,0.0474258731775668,0.272264626305561,0.0474258731775668,0.00707756482873719,0.0537201855202971,0.00865094500306767,0.0474258731775668
ENSG00000182742,HOXB4,0.0474258731775668,0.0474258731775668,0.0474258731775668,0.0474258731775668,0.0474258731775668,0.0474258731775668,0.0474258731775668,0.0474258731775668,0.0474258731775668,0.0474258731775668,0.0474258731775668,0.0474258731775668,0.0474258731775668,0.0474258731775668,0.0474258731775668,0.0474258731775668,0.0474258731775668,0.0474258731775668,0.0474258731775668,0.0474258731775668,0.0474258731775668,0.0474258731775668,0.0474258731775668,0.0474258731775668,0.0474258731775668,0.0474258731775668,0.0474258731775668,0.0474258731775668,0.0474258731775668,0.0474258731775668,0.0474258731775668,0.0474258731775668,0.0474258731775668,0.0474258731775668,0.0474258731775668,0.0474258731775668,0.0474258731775668,0.0474258731775668,0.0474258731775668,0.0474258731775668
ENSG00000182759,MAFA,0,0.0474258731775668,0.0474258731775668,0.0474258731775668,0.0474258731775668,0.0474258731775668,0.026167240389547,0.0324092711209705,0.0474258731775668,0.0474258731775668,0.0474258731775668,0.0474258731775668,0.0474258731775668,0.0474258731775668,0.0474258731775668,0.0474258731775668,0.0474258731775668,0.0474258731775668,0.0474258731775668,0.0474258731775668,0.0120213863520583,0.00868183080663852,0.00679046242233418,0.0474258731775668,0.0474258731775668,0.0474258731775668,0.047410657179415,0,0.0474258731775668,0.0474258731775668,0.0474258731775668,0,0.0474258731775668,0.0044687276417005,0.0474258731775668,0.0474258731775668,0.0474258731775668,0.0474258731775668,0.0159574619773885,0.0474258731775668
ENSG00000182968,SOX1,0.0474258731775668,0,0.0474258731775668,0.0474258731775668,0.0474258731775668,0,0.0474258731775668,0,0.0474258731775668,0.0474258731775668,0.0474258731775668,0.0474258731775668,0.0474258731775668,0.0474258731775668,0.0474258731775668,0,0.0474258731775668,0.0474258731775668,0,0.0474258731775668,0.0474258731775668,0,0.0474258731775668,0.0474258731775668,0.0474258731775668,0.0474258731775668,0.0474258731775668,0.0474258731775668,0.0474258731775668,0.0474258731775668,0,0,0,0.0474258731775668,0.0474258731775668,0,0.0474258731775668,0,0,0
ENSG00000182979,MTA1,0.0474258731775668,0.0265180507426303,0.0428168117870457,0.0357919817474647,0.0474258731775668,0.0251580912292244,0.0196816959265714,0.0326473979941959,0.0468133014949554,0.0355282862625948,0.0452825169815032,0.0474258731775668,0.0474258731775668,0.0474258731775668,0.0474258731775668,0.043830847701051,0.9508312728289,0.0918622584631988,0.0473076857661723,0.138672211883502,0.0474258731775668,0.0474258731775668,0.0474258731775668,0.0474258731775668,0.0365713147305892,0.0474258731775668,0.0474258731775668,0.0474258731775668,0.0474258731775668,0.0474258731775668,0.0474258731775668,0.0474258731775668,0.0474258731775668,0.0308854108920613,0.0447705623802895,0.0361910249465124,0.0474258731775668,0.0253571618211671,0.0454790063821986,0.0474258731775668
ENSG00000184492,FOXD4L1,0.0474258731775668,0,0.0474258731775668,0.0474258731775668,0.0474258731775668,0.0474258731775668,0.0474258731775668,0.0474258731775668,0.0474258731775668,0.0474258731775668,0.0474258731775668,0.0474258731775668,0.0474258731775668,0.0474258731775668,0.0474258731775668,0.0474258731775668,0.0474258731775668,0.0474258731775668,0.0474258731775668,0.0474258731775668,0.0474258731775668,0.0474258731775668,0.0474258731775668,0.0474258731775668,0.0474258731775668,0.0474258731775668,0.0474258731775668,0.0474258731775668,0.0474258731775668,0.0474258731775668,0.0474258731775668,0.0474258731775668,0.0474258731775668,0,0,0.0474258731775668,0.0474258731775668,0.0474258731775668,0.0474258731775668,0
ENSG00000186790,FOXE3,0.0474258731775668,0,0.0474258731775668,0,0.0474258731775668,0,0.0474258731775668,0,0.0474258731775668,0,0,0.0474258731775668,0,0.0474258731775668,0.0474258731775668,0,0.0474258731775668,0.0474258731775668,0,0.0474258731775668,0,0.0474258731775668,0,0.0474258731775668,0.0474258731775668,0.0474258731775668,0.0474258731775668,0.0474258731775668,0.0474258731775668,0,0,0,0.0474258731775668,0.0474258731775668,0,0,0.0474258731775668,0,0.0474258731775668,0
ENSG00000183434,TFDP3,0,0,0,0.0474258731775668,0,0.0474258731775668,0,0,0.0474258731775668,0,0,0.0474258731775668,0.0474258731775668,0.0474258731775668,0,0.0474258731775668,0,0,0.0474258731775668,0,0,0.0474258731775668,0,0,0,0,0,0.0474258731775668,0.0474258731775668,0.0474258731775668,0.0474258731775668,0,0,0,0.0474258731775668,0,0.0474258731775668,0,0,0
ENSG00000183733,FIGLA,0.0474258731775668,0,0,0.0474258731775668,0,0.0474258731775668,0,0,0,0,0.0474258731775668,0.0474258731775668,0.0474258731775668,0.0474258731775668,0.0474258731775668,0.0474258731775668,0.0474258731775668,0.0474258731775668,0,0,0.0474258731775668,0.0474258731775668,0.0474258731775668,0.0474258731775668,0.0474258731775668,0.0474258731775668,0.0474258731775668,0.0474258731775668,0.0474258731775668,0.0474258731775668,0.0474258731775668,0.0474258731775668,0.0474258731775668,0.0474258731775668,0,0.0474258731775668,0.0474258731775668,0.0474258731775668,0,0.0474258731775668
ENSG00000183734,ASCL2,0.0474258731775668,0.0474258731775668,0.0474258731775668,0.0474258731775668,0.0474258731775668,0.0474258731775668,0.0474258731775668,0.0474258731775668,0.0474258731775668,0.0474258731775668,0.0474258731775668,0.0474258731775668,0.0474258731775668,0.0474258731775668,0.0474258731775668,0.0474258731775668,0.0474258731775668,0.0474258731775668,0.0474258731775668,0.0474258731775668,0.0474258731775668,0.0474258731775668,0.0474258731775668,0.0474258731775668,0.0474258731775668,0.0474258731775668,0.0474258731775668,0.0474258731775668,0.0474258731775668,0.0474258731775668,0.0474258731775668,0.0474258731775668,0.0474258731775668,0.0474258731775668,0.0474258731775668,0.0474258731775668,0.0474258731775668,0.0474258731775668,0.0474258731775668,0
ENSG00000183770,FOXL2,0.0474258731775668,0.0474258731775668,0.0474258731775668,0.0474258731775668,0.0474258731775668,0.0474258731775668,0.0474258731775668,0.0474258731775668,0.0474258731775668,0,0.0474258731775668,0.0474258731775668,0.0474258731775668,0.0474258731775668,0.0474258731775668,0.0474258731775668,0.0474258731775668,0.0474258731775668,0.0474258731775668,0.0474258731775668,0.0474258731775668,0.0474258731775668,0.0474258731775668,0.0474258731775668,0.0474258731775668,0.0474258731775668,0.0474258731775668,0.0474258731775668,0.0474258731775668,0,0.0474258731775668,0.0474258731775668,0,0,0,0.0474258731775668,0.0474258731775668,0.0474258731775668,0.0474258731775668,0.0474258731775668
ENSG00000184058,TBX1,0.0474258731775668,0.0474258731775668,0.0474258731775668,0.139577276335074,0.248215739158703,0.0655416368732728,0.0331946182525892,0.0474258731775668,0.276046630669351,0.383240753397106,0.0474258731775668,0.0476942286921742,0.0739345113769422,0.0474258731775668,0.0825674254198061,0.0474258731775668,0.0898449804942846,0.0474258731775668,0.0640129671146909,0.0964810735226808,0.0474258731775668,0.0576149714033543,0.0474258731775668,0.111305587438585,0.0474258731775668,0.0474258731775668,0.0450781609395631,0.371525555117302,0.101512789259561,0.169210779533143,0.162944485370669,0.108312759624987,0.0474258731775668,0.130152730076061,0.0466355244009983,0.0101496778904608,0.0474258731775668,0.0394624605090235,0.0474258731775668,0.108695625073027
ENSG00000184221,OLIG1,0.0137880433973758,0.000595328190553448,0.0474258731775668,0.0474258731775668,0.045072719237065,0.0474258731775668,0,0.0154210803097668,0.00549545636742383,0.0474258731775668,0.0474258731775668,0.0177779854277876,0.00418838413637433,0.0474258731775668,0.00173802325146283,0.0327250098199003,0.0474258731775668,0.0192006964060696,0.0474258731775668,0,0.0146927776135686,0.0474258731775668,0.0474258731775668,0.0243970225109847,0.0474258731775668,0,0.0338768680519946,0.0474258731775668,0.0474258731775668,0.0474258731775668,0.0188165250233304,0.0474258731775668,0.0460903665809097,0.0474258731775668,0.0474258731775668,0.0474258731775668,0.0356973976585628,0.0214399406176741,0.043137621635803,0.0474258731775668
ENSG00000184271,POU6F1,0.0119924133460187,0.00213626522436896,0.114474029242782,0.0832743588312129,0.0698738632336099,0.0758927879337136,0.0865370020752235,0.0100565554991523,0.0560657265596377,0.0713524670752588,0.0265525547477381,0.0557379779800096,0.0289091363866402,0.163860828285547,0.146667328332859,0.133539207826862,0.35428711348787,0.177656679757429,0.0148927436987763,0.377924913181884,0.0945281831113513,0.0918102229725321,0.025803165528356,0.0952400237701813,0.0524132499768241,0.014508709986715,0.149102625271591,0.131900293667764,0.0665779516769289,0.0811260981807663,0.117869054772863,0.0801115993783826,0.025943541454393,0.420132736384089,0.0176645982590617,0.204171790868703,0.166358328601169,0.00417370865064149,0.0419145500104264,0.00648616188413428
ENSG00000184302,SIX6,0,0,0.0474258731775668,0,0,0.0474258731775668,0,0,0.0474258731775668,0,0.0474258731775668,0.0474258731775668,0,0,0.0474258731775668,0,0,0,0,0,0,0,0,0,0,0,0,0,0,0,0,0,0.0474258731775668,0,0,0,0.0474258731775668,0,0.0474258731775668,0.0474258731775668
ENSG00000184481,FOXO4,0.0474258731775668,0.0474258731775668,0.0474258731775668,0.0474258731775668,0.0474258731775668,0.0474258731775668,0.0474258731775668,0.0474258731775668,0.0474258731775668,0.0474258731775668,0.0474258731775668,0.0474258731775668,0.0474258731775668,0.0474258731775668,0.0474258731775668,0.0474258731775668,0.0474258731775668,0.0474258731775668,0.0474258731775668,0.0474258731775668,0.0474258731775668,0.0474258731775668,0.0474258731775668,0.0474258731775668,0.0474258731775668,0.0474258731775668,0.0474258731775668,0.0474258731775668,0.0474258731775668,0.0474258731775668,0.0474258731775668,0.0474258731775668,0.0474258731775668,0.0474258731775668,0.0474258731775668,0.0474258731775668,0.0474258731775668,0.0474258731775668,0.0474258731775668,0.0474258731775668
ENSG00000186777,ZNF732,0.0474258731775668,0.0474258731775668,0.0474258731775668,0.0474258731775668,0.0474258731775668,0.0474258731775668,0.0474258731775668,0.0474258731775668,0.0474258731775668,0.0474258731775668,0.0474258731775668,0.0474258731775668,0.0474258731775668,0.0474258731775668,0.0474258731775668,0.0474258731775668,0.0474258731775668,0.0474258731775668,0.0474258731775668,0.0474258731775668,0.0474258731775668,0.0474258731775668,0.0474258731775668,0.0474258731775668,0.0474258731775668,0.0474258731775668,0.0474258731775668,0.0474258731775668,0.0474258731775668,0.0474258731775668,0.0474258731775668,0.0474258731775668,0.0474258731775668,0.0474258731775668,0.0474258731775668,0.0474258731775668,0.0474258731775668,0.0474258731775668,0.0474258731775668,0
ENSG00000177494,ZBED2,0.0474258731775668,0.0474258731775668,0,0.0474258731775668,0.0474258731775668,0.0474258731775668,0.0474258731775668,0.0474258731775668,0.0474258731775668,0.0474258731775668,0.0474258731775668,0.0474258731775668,0.0474258731775668,0.0474258731775668,0.0474258731775668,0.0474258731775668,0.0474258731775668,0.0474258731775668,0.0474258731775668,0,0.0474258731775668,0.0474258731775668,0.0474258731775668,0.0474258731775668,0.0474258731775668,0.0474258731775668,0.0474258731775668,0.0474258731775668,0.0474258731775668,0.0474258731775668,0.0474258731775668,0.0474258731775668,0.0474258731775668,0.0474258731775668,0.0474258731775668,0,0.0474258731775668,0.0474258731775668,0.0474258731775668,0.0474258731775668
ENSG00000177485,ZBTB33,0.0474258731775668,0.0474258731775668,0.0474258731775668,0.0474258731775668,0.0474258731775668,0.0474258731775668,0.0474258731775668,0.0474258731775668,0.0474258731775668,0.0474258731775668,0.0474258731775668,0.0474258731775668,0.0474258731775668,0.0474258731775668,0.0474258731775668,0.0474258731775668,0.0474258731775668,0.0474258731775668,0.0474258731775668,0.0474258731775668,0.0474258731775668,0.0474258731775668,0.0474258731775668,0.0474258731775668,0.0474258731775668,0.0474258731775668,0.0474258731775668,0.0474258731775668,0.0474258731775668,0.0474258731775668,0.0474258731775668,0.0474258731775668,0.0474258731775668,0.0474258731775668,0.0474258731775668,0.0474258731775668,0.0474258731775668,0.0474258731775668,0.0474258731775668,0.0474258731775668
ENSG00000177468,OLIG3,0,0,0,0.0474258731775668,0,0,0.0474258731775668,0,0,0,0,0.0474258731775668,0,0.0474258731775668,0,0,0,0.0474258731775668,0,0,0,0,0,0,0,0,0.0474258731775668,0,0,0.0474258731775668,0,0,0,0.0474258731775668,0.0474258731775668,0,0.0474258731775668,0,0,0
ENSG00000170608,FOXA3,0.0474258731775668,0.0474258731775668,0.0474258731775668,0.0474258731775668,0.0474258731775668,0.363907782808526,0.0474258731775668,0.0474258731775668,0.0474258731775668,0.0474258731775668,0.0474258731775668,0.0474258731775668,0.0474258731775668,0.0474258731775668,0.391275844128434,0.0474258731775668,0.0474258731775668,0.0474258731775668,0.871567922774832,0.0474258731775668,0.0474258731775668,0.0474258731775668,0.0474258731775668,0.0474258731775668,0.0474258731775668,0.0474258731775668,0.0474258731775668,0.0476073334699191,0.0671845383709154,0.0474258731775668,0.0474258731775668,0.0474258731775668,0,0.0474258731775668,0.0474258731775668,0.0474258731775668,0.193313482531995,0.0474258731775668,0,0
ENSG00000170653,ATF7,0.0474258731775668,0.0474258731775668,0.0474258731775668,0.0474258731775668,0.0474258731775668,0.0474258731775668,0.0474258731775668,0.0474258731775668,0.0474258731775668,0.0474258731775668,0.0474258731775668,0.0474258731775668,0.0474258731775668,0.0474258731775668,0.0474258731775668,0.0474258731775668,0.0474258731775668,0.0474258731775668,0.0474258731775668,0.0474258731775668,0.0474258731775668,0.0474258731775668,0.0474258731775668,0.0582665884700247,0.0474258731775668,0.0474258731775668,0.0474258731775668,0.0474258731775668,0.0474258731775668,0.0474258731775668,0.0474258731775668,0.0474258731775668,0.105892178987332,0.0474258731775668,0.101428733304359,0.087505032417977,0.0474258731775668,0.0474258731775668,0.0474258731775668,0.0474258731775668
ENSG00000170684,ZNF296,0.0474258731775668,0.0474258731775668,0.0474258731775668,0.0474258731775668,0.0474258731775668,0.0474258731775668,0.0474258731775668,0.0474258731775668,0.0474258731775668,0.0474258731775668,0.0474258731775668,0.0474258731775668,0.0474258731775668,0.0474258731775668,0.0474258731775668,0.0474258731775668,0.0474258731775668,0.0474258731775668,0.0474258731775668,0.0474258731775668,0.0474258731775668,0.0474258731775668,0.0474258731775668,0.0474258731775668,0.0474258731775668,0.0474258731775668,0.0474258731775668,0.0474258731775668,0.0474258731775668,0.0474258731775668,0.0474258731775668,0.0474258731775668,0.0474258731775668,0.0474258731775668,0.0474258731775668,0.0474258731775668,0.0474258731775668,0.0474258731775668,0.0474258731775668,0.0474258731775668
ENSG00000171056,SOX7,0.0474258731775668,0.0474258731775668,0.0474258731775668,0.0474258731775668,0.0474258731775668,0.0474258731775668,0.0474258731775668,0.0474258731775668,0.0474258731775668,0.0474258731775668,0.0474258731775668,0.0474258731775668,0.0474258731775668,0.0474258731775668,0.0474258731775668,0.0474258731775668,0.0474258731775668,0.0474258731775668,0.0474258731775668,0.0474258731775668,0.0474258731775668,0.0474258731775668,0.0474258731775668,0.0474258731775668,0.0474258731775668,0.0474258731775668,0.0474258731775668,0.0474258731775668,0.0474258731775668,0.0474258731775668,0.0474258731775668,0.0474258731775668,0.0474258731775668,0.0474258731775668,0.0474258731775668,0.0474258731775668,0.0474258731775668,0.0474258731775668,0.0474258731775668,0.0474258731775668
ENSG00000171116,HSFX1,0.0474258731775668,0.0474258731775668,0.0474258731775668,0.0474258731775668,0.0474258731775668,0.0474258731775668,0.0474258731775668,0.0474258731775668,0.0474258731775668,0.0474258731775668,0.0474258731775668,0.0474258731775668,0.0474258731775668,0.0474258731775668,0.0474258731775668,0.0474258731775668,0.0474258731775668,0.0474258731775668,0.0474258731775668,0.0474258731775668,0.0474258731775668,0.0474258731775668,0.0474258731775668,0.0474258731775668,0.0474258731775668,0.0474258731775668,0.0474258731775668,0.0474258731775668,0.0474258731775668,0.0474258731775668,0.0474258731775668,0.0474258731775668,0.0474258731775668,0.0474258731775668,0.0474258731775668,0.0474258731775668,0.0474258731775668,0.0474258731775668,0.0474258731775668,0
ENSG00000171161,ZNF672,0.0607100310276016,0.0553361543586597,0.0474258731775668,0.139031034336142,0.0639313906097873,0.0584953716076153,0.117316337076694,0.0593301087245319,0.0474258731775668,0.0998721461159809,0.0474258731775668,0.0615502108205006,0.0474258731775668,0.0474258731775668,0.109323873497987,0.092243186793398,0.0994685388930825,0.244105231417163,0.159132100212153,0.0885818175962251,0.106808396890012,0.122868966111778,0.23130190696864,0.0504250359196821,0.0976441816304576,0.0577605687713571,0.0656603618460159,0.0687583539550048,0.0474258731775668,0.0682560204741938,0.0474258731775668,0.22546486527889,0.0474258731775668,0.0474258731775668,0.10300141587789,0.0992911454766392,0.0896365052970134,0.165902213270493,0.176479136549414,0.0688209885923697
ENSG00000171163,ZNF692,0.0229466172798714,0.0311831762182858,0.0474258731775668,0.0168537019542921,0.0243308569207191,0.0181198524044044,0.0330917283472726,0.0132614554955,0.0189043901827535,0.0256850439407781,0.0251105131419216,0.0172449887801676,0.0244164924053511,0.0261683621150645,0.0169838802858602,0.01759344248857,0.0275501443987534,0.0279279505729409,0.0342732034142268,0.0277907751060506,0.0160116420051395,0.0212491308204567,0.0228209594417791,0.0245549326578569,0.0144942643240217,0.0163802232473114,0.0194752347871393,0.0232949794379838,0.0204429814061748,0.0186041653738177,0.0251781126788241,0.0249698863539338,0.0276941673932861,0.0222348663526776,0.0137407717854812,0.0270129414596277,0.0474258731775668,0.0226643632553806,0.0474258731775668,0.0428595152260564
ENSG00000171223,JUNB,0.0474258731775668,0.0474258731775668,0.0474258731775668,0.0474258731775668,0.0474258731775668,0.0474258731775668,0.0474258731775668,0.0474258731775668,0.0474258731775668,0.0474258731775668,0.0474258731775668,0.0474258731775668,0.0474258731775668,0.0474258731775668,0.0474258731775668,0.0474258731775668,0.0474258731775668,0.0474258731775668,0.0474258731775668,0.0474258731775668,0.0474258731775668,0.0474258731775668,0.0474258731775668,0.0474258731775668,0.0474258731775668,0.0474258731775668,0.0474258731775668,0.0474258731775668,0.0474258731775668,0.0474258731775668,0.0474258731775668,0.0474258731775668,0.0474258731775668,0.0474258731775668,0.0474258731775668,0.0474258731775668,0.0474258731775668,0.0474258731775668,0.0474258731775668,0.0474258731775668
ENSG00000196247,ZNF107,0.0439869852444292,0.0474258731775668,0.0185031605599143,0.0315206484768479,0.0206262479495865,0.0238289998814752,0.0474258731775668,0.0298749584650583,0.0474258731775668,0.0439888945422727,0.0329181062986682,0.0474258731775668,0.0362588101067303,0.0474258731775668,0.0334668169555496,0.0273576522856213,0.0474258731775668,0.0235229070285214,0.0474258731775668,0.0474258731775668,0.0295858471191312,0.0474258731775668,0.027536748446818,0.0474258731775668,0.0248273002817863,0.0373369422266547,0.0405825787855594,0.0474258731775668,0.0474258731775668,0.0385366562074627,0.0305287144442071,0.0474258731775668,0.0263002249669391,0.0474258731775668,0.0474258731775668,0.020447740831806,0.026236963485656,0.0474258731775668,0.00538790763806194,0.037388740997521
ENSG00000170577,SIX2,0.0474258731775668,0.0474258731775668,0.0474258731775668,0.0474258731775668,0.0474258731775668,0.0474258731775668,0.0474258731775668,0.0474258731775668,0.0474258731775668,0.0474258731775668,0.0474258731775668,0.0474258731775668,0.0474258731775668,0.0474258731775668,0.0474258731775668,0.0474258731775668,0.0474258731775668,0.0474258731775668,0.0474258731775668,0.0474258731775668,0.0474258731775668,0.0474258731775668,0.0474258731775668,0.0474258731775668,0.0474258731775668,0.0474258731775668,0.0474258731775668,0.0474258731775668,0.0474258731775668,0.0474258731775668,0.0474258731775668,0.0474258731775668,0.0474258731775668,0.0474258731775668,0.0474258731775668,0.0474258731775668,0.0474258731775668,0.0474258731775668,0.0474258731775668,0.0474258731775668
ENSG00000171425,ZNF581,0.0474258731775668,0.0474258731775668,0.0474258731775668,0.0474258731775668,0.0474258731775668,0.0474258731775668,0.0474258731775668,0.0474258731775668,0.0474258731775668,0.0474258731775668,0.0474258731775668,0.0474258731775668,0.0474258731775668,0.0474258731775668,0.0474258731775668,0.0474258731775668,0.0474258731775668,0.0474258731775668,0.0474258731775668,0.0474258731775668,0.0474258731775668,0.0474258731775668,0.0474258731775668,0.0474258731775668,0.0474258731775668,0.0474258731775668,0.0474258731775668,0.0474258731775668,0.0474258731775668,0.0474258731775668,0.0474258731775668,0.0474258731775668,0.0474258731775668,0.0474258731775668,0.0474258731775668,0.0474258731775668,0.0474258731775668,0.0474258731775668,0.0474258731775668,0.0474258731775668
ENSG00000171476,HOPX,0.0474258731775668,0.0474258731775668,0.0474258731775668,0.0474258731775668,0.0474258731775668,0.0474258731775668,0.0474258731775668,0.0474258731775668,0.0474258731775668,0.0474258731775668,0.0474258731775668,0.0474258731775668,0.0474258731775668,0.0474258731775668,0.0474258731775668,0.0474258731775668,0.0474258731775668,0.0474258731775668,0.0474258731775668,0.0474258731775668,0.0474258731775668,0.0474258731775668,0.0474258731775668,0.0474258731775668,0.0474258731775668,0.0474258731775668,0.0474258731775668,0.0474258731775668,0.0474258731775668,0.0474258731775668,0.0474258731775668,0.0474258731775668,0.0474258731775668,0.0474258731775668,0.0474258731775668,0.0474258731775668,0.0474258731775668,0.0474258731775668,0.0474258731775668,0.0474258731775668
ENSG00000171532,NEUROD2,0.0474258731775668,0,0.0474258731775668,0.0474258731775668,0.0474258731775668,0.0474258731775668,0.0270709698034025,0.0474258731775668,0.0474258731775668,0.0474258731775668,0.0474258731775668,0.0474258731775668,0.0474258731775668,0.0474258731775668,0.0474258731775668,0.0474258731775668,0.0474258731775668,0.0474258731775668,0.0474258731775668,0.0474258731775668,0.0474258731775668,0.0474258731775668,0.0474258731775668,0.0474258731775668,0.0474258731775668,0.0474258731775668,0.0474258731775668,0.0474258731775668,0.0474258731775668,0.0474258731775668,0.0474258731775668,0.0474258731775668,0.0474258731775668,0.0474258731775668,0.0474258731775668,0.0474258731775668,0.0474258731775668,0.0474258731775668,0.0474258731775668,0
ENSG00000171540,OTP,0,0,0,0,0,0,0,0.0474258731775668,0.0474258731775668,0,0,0.0474258731775668,0.0474258731775668,0,0.0474258731775668,0.0474258731775668,0,0.0474258731775668,0.0474258731775668,0,0,0,0,0,0.0474258731775668,0,0,0.0474258731775668,0,0.0474258731775668,0,0.0474258731775668,0.0474258731775668,0,0,0.0474258731775668,0.0269080630947806,0,0,0.0474258731775668
ENSG00000196109,ZNF676,0.0474258731775668,0.0474258731775668,0.00491766595098561,0.0171141319418784,0.0245504514188604,0.040232755456043,0.0246205583566159,0.0115530144631118,0.0215825242552034,0.0293577845796948,0.028771094319261,0.0474258731775668,0.0474258731775668,0.0474258731775668,0.0474258731775668,0.0474258731775668,0.0474258731775668,0.0148374002828052,0.0474258731775668,0.0358958932385936,0.0474258731775668,0.0474258731775668,0.0474258731775668,0.0474258731775668,0.0474258731775668,0.0474258731775668,0.00606663541377333,0.0474258731775668,0.0474258731775668,0.0418084091622001,0.0474258731775668,0.0474258731775668,0,0.0262531491809412,0.0247440467660577,0.0230301309462567,0.0474258731775668,0.0474258731775668,0,0.0474258731775668
ENSG00000171786,NHLH1,0.0474258731775668,0.0474258731775668,0.0474258731775668,0.0474258731775668,0.0474258731775668,0.0474258731775668,0.0474258731775668,0.0474258731775668,0.0474258731775668,0.0474258731775668,0.0474258731775668,0.0474258731775668,0.0474258731775668,0.0474258731775668,0.0474258731775668,0.0474258731775668,0.0474258731775668,0.0474258731775668,0.0474258731775668,0.0474258731775668,0.0474258731775668,0.0474258731775668,0.0474258731775668,0.0474258731775668,0.0474258731775668,0.0474258731775668,0.0474258731775668,0.0474258731775668,0.0474258731775668,0.0474258731775668,0.0474258731775668,0.0474258731775668,0.0474258731775668,0.0474258731775668,0.0474258731775668,0.0474258731775668,0.0474258731775668,0.0474258731775668,0.0474258731775668,0.0474258731775668
ENSG00000189299,FOXR2,0,0.0474258731775668,0,0,0,0,0,0,0,0,0,0,0,0,0.0474258731775668,0,0,0,0.0474258731775668,0,0.0474258731775668,0,0,0,0,0,0,0,0.0474258731775668,0,0,0.0474258731775668,0.0474258731775668,0,0,0,0.0474258731775668,0,0,0
ENSG00000189298,ZKSCAN3,0.0474258731775668,0.0474258731775668,0.0474258731775668,0.0474258731775668,0.0474258731775668,0.0474258731775668,0.0474258731775668,0.0474258731775668,0.0474258731775668,0.0474258731775668,0.0474258731775668,0.0474258731775668,0.0474258731775668,0.0474258731775668,0.0474258731775668,0.0474258731775668,0.0474258731775668,0.0474258731775668,0.0474258731775668,0.0474258731775668,0.0474258731775668,0.0474258731775668,0.0474258731775668,0.0474258731775668,0.0474258731775668,0.0474258731775668,0.0474258731775668,0.0474258731775668,0.0474258731775668,0.0474258731775668,0.0474258731775668,0.0474258731775668,0.0474258731775668,0.0474258731775668,0.0474258731775668,0.0474258731775668,0.0474258731775668,0.0474258731775668,0.0474258731775668,0.0474258731775668
ENSG00000171872,KLF17,0.0474258731775668,0.0474258731775668,0.0474258731775668,0.0474258731775668,0.0474258731775668,0.0474258731775668,0.0474258731775668,0.0474258731775668,0.0474258731775668,0.0474258731775668,0.0474258731775668,0.0474258731775668,0.0474258731775668,0.0474258731775668,0.0474258731775668,0.0474258731775668,0.0474258731775668,0.0474258731775668,0.0474258731775668,0.0474258731775668,0.0474258731775668,0.0474258731775668,0.0474258731775668,0.0474258731775668,0.0474258731775668,0.0474258731775668,0.0474258731775668,0.0474258731775668,0.0474258731775668,0.0474258731775668,0.0474258731775668,0.0474258731775668,0.0474258731775668,0.0474258731775668,0.034470699118586,0,0.0474258731775668,0.0474258731775668,0.0474258731775668,0
ENSG00000171956,FOXB1,0.0474258731775668,0,0.0370352280369418,0.0474258731775668,0.0474258731775668,0.0474258731775668,0.00879246849192367,0.0474258731775668,0.0193529634111594,0.0474258731775668,0.0474258731775668,0.0474258731775668,0,0.0036783035828236,0.0474258731775668,0.0474258731775668,0.0474258731775668,0.0474258731775668,0.0474258731775668,0,0.0474258731775668,0.0474258731775668,0.0474258731775668,0.0474258731775668,0.0474258731775668,0.0474258731775668,0.0474258731775668,0.0474258731775668,0.00108295165848312,0.0474258731775668,0.0474258731775668,0.0474258731775668,0.0474258731775668,0.0474258731775668,0,0.0474258731775668,0.00890999386630727,0.0208049154156586,0.00675778416806127,0.0474258731775668
ENSG00000196110,ZNF699,0.0474258731775668,0.0474258731775668,0.0474258731775668,0.0474258731775668,0.0474258731775668,0.0474258731775668,0.0474258731775668,0.0474258731775668,0.0474258731775668,0.0474258731775668,0.0474258731775668,0.0474258731775668,0.0474258731775668,0.0474258731775668,0.0474258731775668,0.0474258731775668,0.0474258731775668,0.0474258731775668,0.0474258731775668,0.0474258731775668,0.0474258731775668,0.0474258731775668,0.0474258731775668,0.0474258731775668,0.0474258731775668,0.0474258731775668,0.0474258731775668,0.0474258731775668,0.0474258731775668,0.0474258731775668,0.0474258731775668,0.0474258731775668,0.0474258731775668,0.0474258731775668,0.0474258731775668,0.0474258731775668,0.0474258731775668,0.0474258731775668,0.0474258731775668,0.0474258731775668
ENSG00000171970,ZNF57,0.0474258731775668,0.0474258731775668,0.0474258731775668,0.0474258731775668,0.0474258731775668,0.0474258731775668,0.0474258731775668,0.0474258731775668,0.0474258731775668,0.0474258731775668,0.0474258731775668,0.0474258731775668,0.0474258731775668,0.0474258731775668,0.0474258731775668,0.0474258731775668,0.0474258731775668,0.0474258731775668,0.0474258731775668,0.0474258731775668,0.0474258731775668,0.0474258731775668,0.0474258731775668,0.0474258731775668,0.0474258731775668,0.0474258731775668,0.0474258731775668,0.0474258731775668,0.0474258731775668,0.0474258731775668,0.0474258731775668,0.0474258731775668,0.0474258731775668,0.0474258731775668,0.0474258731775668,0.0474258731775668,0.0474258731775668,0.0474258731775668,0.0474258731775668,0.0474258731775668
ENSG00000170561,IRX2,0.0474258731775668,0.0474258731775668,0.0474258731775668,0.0474258731775668,0.0474258731775668,0.0474258731775668,0.0474258731775668,0.0474258731775668,0.0474258731775668,0.0474258731775668,0.0474258731775668,0.0474258731775668,0.0474258731775668,0.0474258731775668,0.0474258731775668,0.0474258731775668,0.0474258731775668,0.0474258731775668,0.0474258731775668,0.0474258731775668,0.0474258731775668,0.0474258731775668,0.0474258731775668,0.0474258731775668,0.0474258731775668,0.0474258731775668,0.0474258731775668,0.0474258731775668,0.0474258731775668,0.0474258731775668,0.0474258731775668,0.0474258731775668,0.0474258731775668,0.0474258731775668,0.0474258731775668,0.0474258731775668,0.0474258731775668,0.0474258731775668,0.0474258731775668,0.0474258731775668
ENSG00000170365,SMAD1,0.0592625725882865,0.0474258731775668,0.0474258731775668,0.0621998126164134,0.064290546814579,0.0610518171404928,0.0474258731775668,0.0550269044886618,0.0498117656333542,0.0759391501576433,0.0474258731775668,0.0487421910766804,0.0474258731775668,0.0474258731775668,0.140162551334773,0.0569921208543978,0.0640181855155918,0.13623910712909,0.0474258731775668,0.0474258731775668,0.132245534965045,0.170104259555385,0.123622469569822,0.0992326675101252,0.05177531164965,0.0636606596681533,0.0474258731775668,0.098503501596198,0.0801993104139472,0.0625671126964816,0.0474258731775668,0.101469080759071,0.0486439801410929,0.0683423062362072,0.0506404946693321,0.0474258731775668,0.0474258731775668,0.068035184155244,0.132391845850294,0.0474258731775668
ENSG00000168874,ATOH8,0.00565180062574543,0.00789103467612468,0.00173207332987884,0.00987475111630824,0.00980245183395612,0.0153359846011699,0.0128829364367907,0.00431396294710144,0.0055993409805695,0.012320225731715,0.0137948008218554,0.00793398943618177,0.00458650121904844,0.00765643650547134,0.0214311729013824,0.00511749096656563,0.00891455719205775,0.00789734900563822,0.00742587215903211,0.00406953152448048,0.00617715840625535,0.00531572278220113,0.00716583002716959,0.0104115482999942,0.00848981021283995,0.0062524810908156,0.00796998331984102,0.00775676212659356,0.00637178536513088,0.0148066916240519,0.00288501188918909,0.00920369903925316,0.0109137998116717,0.0160596106066538,0.00664807677233583,0.00670468663308626,0.00426394463735228,0.0108299711832813,0.0177199142173215,0.00437598928106105
ENSG00000168875,SOX14,0.0474258731775668,0,0,0,0,0,0,0.0474258731775668,0.0474258731775668,0,0,0.0474258731775668,0.0474258731775668,0,0,0,0,0,0,0,0.0474258731775668,0,0,0.0474258731775668,0.0474258731775668,0,0.0474258731775668,0.0474258731775668,0.0474258731775668,0.0474258731775668,0,0,0,0.0474258731775668,0,0,0.0474258731775668,0,0,0
ENSG00000169016,E2F6,0.0263361288326783,0.0277970926243223,0.0474258731775668,0.0302442738676616,0.0391665078664511,0.0474258731775668,0.0222870766741868,0.0189529886237402,0.0260845698062818,0.0434720038117981,0.0474258731775668,0.0281404561823951,0.0244960578509371,0.0203554458037636,0.0448675901648539,0.0206901749146336,0.0474258731775668,0.0243847328768968,0.0172240065275003,0.0264103903061037,0.0353755513949349,0.0200711678375139,0.0297122733259468,0.04461320456285,0.0248430510770892,0.0257091683851388,0.0194473291565763,0.0269492847243791,0.0298645032829317,0.0409414704969211,0.0200230789485054,0.0289754201564831,0.0376566359717212,0.0474258731775668,0.0459341134707037,0.0447026286118713,0.0154401550487597,0.0413450865863926,0.0474258731775668,0.0416298043060275
ENSG00000196391,ZNF774,0.0474258731775668,0.0270661788882141,0.0474258731775668,0.0360912936560452,0.0474258731775668,0.0330898906233104,0.0268304028487748,0.0474258731775668,0.0474258731775668,0.0474258731775668,0.0410685468748115,0.0474258731775668,0.0474258731775668,0.0474258731775668,0.0474258731775668,0.0445829789882098,0.0386400377241155,0.0474258731775668,0.0474258731775668,0.0474258731775668,0.0474258731775668,0.0474258731775668,0.0368360320244371,0.0474258731775668,0.0474258731775668,0.0146745306325296,0.0474258731775668,0.0474258731775668,0.0474258731775668,0.0474258731775668,0.0474258731775668,0.0474258731775668,0.0474258731775668,0.0474258731775668,0.0426407397231049,0.0474258731775668,0.0474258731775668,0.0474258731775668,0.016806832119012,0.0474258731775668
ENSG00000169548,ZNF280A,0.0474258731775668,0.0474258731775668,0,0.0474258731775668,0.0474258731775668,0.0474258731775668,0.0474258731775668,0.0474258731775668,0.0474258731775668,0,0,0.0474258731775668,0.0474258731775668,0,0.0474258731775668,0.0474258731775668,0,0,0.0474258731775668,0.0474258731775668,0,0,0,0.0474258731775668,0,0.0474258731775668,0.0474258731775668,0.0474258731775668,0.0474258731775668,0.0474258731775668,0,0.0474258731775668,0,0,0,0,0.0474258731775668,0,0,0
ENSG00000196378,ZNF34,0.0474258731775668,0.0569264178534911,0.053456558648535,0.0982921101830949,0.0474258731775668,0.0474258731775668,0.0495444676675266,0.10032548661563,0.0474258731775668,0.0542861973775863,0.157472363288647,0.0474258731775668,0.0477722460535931,0.0474258731775668,0.0907904784303022,0.0544560054719267,0.196137525382676,0.160082098107697,0.0600130084787994,0.175011219918484,0.0474258731775668,0.0474258731775668,0.0714676483226586,0.133003062958753,0.0474258731775668,0.0903994412098766,0.0802088489116324,0.0474258731775668,0.0474258731775668,0.118852774259232,0.0474258731775668,0.0474258731775668,0.114670393239032,0.0635495248149137,0.0474258731775668,0.170780686870836,0.0784878786519153,0.0859263946810897,0.113332239422252,0.0474258731775668
ENSG00000169594,BNC1,0.0474258731775668,0.0474258731775668,0.0474258731775668,0.0474258731775668,0.0474258731775668,0.0474258731775668,0.0474258731775668,0.0474258731775668,0.0474258731775668,0.0474258731775668,0.0474258731775668,0.0474258731775668,0.0474258731775668,0.0474258731775668,0.0474258731775668,0.0474258731775668,0.0474258731775668,0.0474258731775668,0.0474258731775668,0.0474258731775668,0.0474258731775668,0.0474258731775668,0.0474258731775668,0.0474258731775668,0.0474258731775668,0.0474258731775668,0.0474258731775668,0.0474258731775668,0.0474258731775668,0.0474258731775668,0.0474258731775668,0.0474258731775668,0.0474258731775668,0.0474258731775668,0.0474258731775668,0.0474258731775668,0.0474258731775668,0.0474258731775668,0.0474258731775668,0.0474258731775668
ENSG00000169635,HIC2,0.0474258731775668,0.0474258731775668,0.0474258731775668,0.0474258731775668,0.0474258731775668,0.0474258731775668,0.0474258731775668,0.0474258731775668,0.0474258731775668,0.0474258731775668,0.0474258731775668,0.0474258731775668,0.0474258731775668,0.0474258731775668,0.0474258731775668,0.0474258731775668,0.0474258731775668,0.0474258731775668,0.0474258731775668,0.0474258731775668,0.0474258731775668,0.0474258731775668,0.0474258731775668,0.0474258731775668,0.0474258731775668,0.0474258731775668,0.0474258731775668,0.0474258731775668,0.0474258731775668,0.0474258731775668,0.0474258731775668,0.0474258731775668,0.0474258731775668,0.0474258731775668,0.0474258731775668,0.0474258731775668,0.0474258731775668,0.0474258731775668,0.0474258731775668,0.0474258731775668
ENSG00000169840,GSX1,0,0,0,0,0,0,0,0,0.0474258731775668,0,0,0,0,0,0,0,0.0474258731775668,0,0,0,0,0,0.0474258731775668,0,0.0474258731775668,0,0,0,0,0,0,0,0,0,0,0,0.0474258731775668,0,0,0
ENSG00000170549,IRX1,0.0474258731775668,0,0.0474258731775668,0.0474258731775668,0.0474258731775668,0,0.0474258731775668,0.0474258731775668,0.0474258731775668,0.0474258731775668,0.0474258731775668,0.0474258731775668,0.0474258731775668,0.0474258731775668,0.0474258731775668,0,0.0474258731775668,0.0474258731775668,0.0474258731775668,0.0474258731775668,0,0.0474258731775668,0.0474258731775668,0.0474258731775668,0,0.0474258731775668,0.0474258731775668,0,0.0474258731775668,0.0474258731775668,0,0.0474258731775668,0.0474258731775668,0.0474258731775668,0,0.0474258731775668,0.0474258731775668,0.0474258731775668,0.0474258731775668,0
ENSG00000169856,ONECUT1,0.0474258731775668,0.0474258731775668,0.0474258731775668,0.0474258731775668,0.0474258731775668,0.0474258731775668,0.0474258731775668,0.0301952376765487,0.0474258731775668,0.0474258731775668,0.0474258731775668,0.0474258731775668,0.0474258731775668,0.0183359981449312,0.018098608093737,0.0474258731775668,0.0332301292944058,0.0474258731775668,0.0379252410049331,0.00800229980235558,0.00858111038731562,0.0474258731775668,0.0341429064113326,0.0474258731775668,0.0343426323826242,0.0474258731775668,0.0474258731775668,0.0474258731775668,0.028921218671957,0.0474258731775668,0.0474258731775668,0.00668431253830631,0.0474258731775668,0.0198953348331251,0.0223263597099246,0.0474258731775668,0.0249975223437784,0.0474258731775668,0.0474258731775668,0
ENSG00000169946,ZFPM2,0.0474258731775668,0.0474258731775668,0.0115354227588848,0.0474258731775668,0.0474258731775668,0.0474258731775668,0.030891245060029,0.0474258731775668,0.0474258731775668,0.0474258731775668,0.0378156433308359,0.0474258731775668,0.0474258731775668,0.0474258731775668,0.0474258731775668,0.0474258731775668,0.0474258731775668,0.0474258731775668,0.0474258731775668,0.0474258731775668,0.0474258731775668,0.0474258731775668,0.0474258731775668,0.0474258731775668,0.0474258731775668,0.0474258731775668,0.0474258731775668,0.0474258731775668,0.0474258731775668,0.0474258731775668,0.0474258731775668,0.0474258731775668,0.0474258731775668,0.0468505051860193,0.031099273649413,0.0224788940934045,0.0326540445933561,0.0474258731775668,0.000961316755102293,0.0474258731775668
ENSG00000196357,ZNF565,0.0474258731775668,0.114112965907969,0.231422675712376,0.215942508069094,0.0474258731775668,0.0760248001164351,0.168750271628593,0.13849648651262,0.0559480633970037,0.117390846048538,0.264009560300882,0.0733728592993869,0.0474258731775668,0.0661308761723206,0.0474258731775668,0.061947855300472,0.0667021109764529,0.0474258731775668,0.194766674188797,0.146624198918915,0.0474258731775668,0.0474258731775668,0.0474258731775668,0.112311856280762,0.0474258731775668,0.0580933734414468,0.0474258731775668,0.103650766601913,0.0474258731775668,0.0474258731775668,0.0853158811565537,0.0474258731775668,0.0474258731775668,0.0998384343570985,0.0474258731775668,0.0474258731775668,0.10935107085002,0.0474258731775668,0.275603512116054,0.0474258731775668
ENSG00000169957,ZNF768,0.0474258731775668,0.0474258731775668,0.0474258731775668,0.0474258731775668,0.0474258731775668,0.0474258731775668,0.0474258731775668,0.0474258731775668,0.0474258731775668,0.0474258731775668,0.0474258731775668,0.0474258731775668,0.0474258731775668,0.0474258731775668,0.0474258731775668,0.0474258731775668,0.0474258731775668,0.0474258731775668,0.0474258731775668,0.0474258731775668,0.0474258731775668,0.0474258731775668,0.0474258731775668,0.0474258731775668,0.0474258731775668,0.0474258731775668,0.0474258731775668,0.0474258731775668,0.0474258731775668,0.0474258731775668,0.0474258731775668,0.0474258731775668,0.0474258731775668,0.0474258731775668,0.0474258731775668,0.0474258731775668,0.0474258731775668,0.0474258731775668,0.0474258731775668,0.0474258731775668
ENSG00000196350,ZNF729,0.0474258731775668,0.0474258731775668,0,0.0474258731775668,0.0474258731775668,0.0474258731775668,0,0,0.0474258731775668,0.0474258731775668,0.0474258731775668,0,0.0474258731775668,0.0474258731775668,0.0474258731775668,0.0474258731775668,0.0474258731775668,0,0.0474258731775668,0,0.0474258731775668,0.0474258731775668,0.0474258731775668,0.0474258731775668,0.0474258731775668,0,0.0474258731775668,0.0474258731775668,0.0474258731775668,0.0474258731775668,0,0.0474258731775668,0,0,0.0474258731775668,0,0.0474258731775668,0,0,0.0474258731775668
ENSG00000170122,FOXD4,0.0474258731775668,0.0474258731775668,0.0474258731775668,0.0474258731775668,0.0474258731775668,0.0474258731775668,0.0474258731775668,0.0474258731775668,0.0474258731775668,0.0474258731775668,0.0474258731775668,0.0474258731775668,0.0474258731775668,0.0474258731775668,0.0474258731775668,0.0474258731775668,0.0474258731775668,0.0474258731775668,0.0474258731775668,0.0474258731775668,0.0474258731775668,0.0474258731775668,0.0474258731775668,0.0474258731775668,0.0474258731775668,0.0474258731775668,0.0474258731775668,0.0474258731775668,0.0474258731775668,0.0474258731775668,0.0474258731775668,0.0474258731775668,0.0474258731775668,0.0474258731775668,0.0474258731775668,0.0474258731775668,0.0474258731775668,0.0474258731775668,0.0474258731775668,0.0474258731775668
ENSG00000170166,HOXD4,0.0474258731775668,0.0474258731775668,0,0.0474258731775668,0.0474258731775668,0.0474258731775668,0.0474258731775668,0.0474258731775668,0.0474258731775668,0.0474258731775668,0.0474258731775668,0.0474258731775668,0.0474258731775668,0.0474258731775668,0.0474258731775668,0.0474258731775668,0.0474258731775668,0.0474258731775668,0.0474258731775668,0.0474258731775668,0.0474258731775668,0.0474258731775668,0.0474258731775668,0.0474258731775668,0.0474258731775668,0.0474258731775668,0.0474258731775668,0.0474258731775668,0.0474258731775668,0.0474258731775668,0.0474258731775668,0.0474258731775668,0.0474258731775668,0.0474258731775668,0.0474258731775668,0.0474258731775668,0.0474258731775668,0.0474258731775668,0,0.0474258731775668
ENSG00000170178,HOXD12,0,0,0,0.0474258731775668,0,0,0,0.0474258731775668,0.0474258731775668,0.0474258731775668,0,0.0474258731775668,0,0.269976483413276,0,0.17257106220833,0,0,0,0,0,0.0474258731775668,0,0.0474258731775668,0.0474258731775668,0.0474258731775668,0,0.0474258731775668,0,0,0,0,0,0,0,0,0.0474258731775668,0,0,0
ENSG00000170260,ZNF212,0.0585421886442196,0.11511788484148,0.0474258731775668,0.0607104091977021,0.0474258731775668,0.0474258731775668,0.138214396480046,0.0839876895600549,0.0474258731775668,0.0474258731775668,0.0474258731775668,0.0509972490057579,0.0474258731775668,0.0474258731775668,0.0474258731775668,0.0474258731775668,0.0474258731775668,0.0915180189060391,0.0474258731775668,0.0474258731775668,0.0474258731775668,0.0474258731775668,0.0547121294612889,0.0474258731775668,0.126450823098635,0.0474258731775668,0.0677290155078351,0.0735758748112229,0.0474258731775668,0.0474258731775668,0.0474258731775668,0.0546424102345869,0.086560147170906,0.0474258731775668,0.0474258731775668,0.0474258731775668,0.0474258731775668,0.0474258731775668,0.0941187661941685,0.0474258731775668
ENSG00000170345,FOS,0.0474258731775668,0.0627055790211015,0.0634760849121876,0.0900187848278219,0.0890003525984933,0.11441187839971,0.0474258731775668,0.0901691320045906,0.0474258731775668,0.127713362858034,0.198424198257068,0.0474258731775668,0.0474258731775668,0.0474258731775668,0.0511306404570882,0.0474258731775668,0.103536846149969,0.0474258731775668,0.0474258731775668,0.0602091405426045,0.0474258731775668,0.0474258731775668,0.0572021217334711,0.0525551900372304,0.0485804449796064,0.0899944324661579,0.0474258731775668,0.0972837061096123,0.0692162215800493,0.0695416275168037,0.0474258731775668,0.051898740853731,0.0583707737261218,0.0879242075908058,0.106083160996317,0.138932290252164,0.201194416532702,0.0678271663554033,0.0474258731775668,0.0474258731775668
ENSG00000169926,KLF13,0.0474258731775668,0.0474258731775668,0.00444019483361421,0.0474258731775668,0.0474258731775668,0.0474258731775668,0.0474258731775668,0.0474258731775668,0.0474258731775668,0.0474258731775668,0.0474258731775668,0.0474258731775668,0.0474258731775668,0.0474258731775668,0.0474258731775668,0.0474258731775668,0.0474258731775668,0.0474258731775668,0.0474258731775668,0.0474258731775668,0.0474258731775668,0.0474258731775668,0.0474258731775668,0.0474258731775668,0.0474258731775668,0.0474258731775668,0.0474258731775668,0.0474258731775668,0.0474258731775668,0.0474258731775668,0.0432808046916402,0.0474258731775668,0.0450592827448306,0.0474258731775668,0.0474258731775668,0.0474258731775668,0.0474258731775668,0.0474258731775668,0.0474258731775668,0.0474258731775668
ENSG00000172000,ZNF556,0.0474258731775668,0.0474258731775668,0.0474258731775668,0.0474258731775668,0.0474258731775668,0.0474258731775668,0.0474258731775668,0.0474258731775668,0.0474258731775668,0.0474258731775668,0.0474258731775668,0.0474258731775668,0.0474258731775668,0.0474258731775668,0.0474258731775668,0.0474258731775668,0.0474258731775668,0.0474258731775668,0.0474258731775668,0.0474258731775668,0.0474258731775668,0.0474258731775668,0.0474258731775668,0.0474258731775668,0.0474258731775668,0.0230863243942731,0.0474258731775668,0.0474258731775668,0.0474258731775668,0.0474258731775668,0.0474258731775668,0.0474258731775668,0.0474258731775668,0.0474258731775668,0.0474258731775668,0.0474258731775668,0.0474258731775668,0.0474258731775668,0.0474258731775668,0.0474258731775668
ENSG00000172201,ID4,0.0474258731775668,0.0474258731775668,0.0474258731775668,0.0474258731775668,0.0474258731775668,0.0474258731775668,0.0474258731775668,0.0474258731775668,0.0474258731775668,0.0474258731775668,0.0474258731775668,0.0474258731775668,0.0474258731775668,0.0474258731775668,0.0474258731775668,0.0474258731775668,0.0474258731775668,0.0474258731775668,0.0474258731775668,0.0474258731775668,0.0474258731775668,0.0474258731775668,0.0474258731775668,0.0474258731775668,0.0474258731775668,0.0474258731775668,0.0474258731775668,0.0474258731775668,0.0474258731775668,0.0474258731775668,0.0474258731775668,0.0474258731775668,0.0474258731775668,0.0474258731775668,0.0474258731775668,0.0474258731775668,0.0474258731775668,0.0474258731775668,0.0474258731775668,0.0474258731775668
ENSG00000172238,ATOH1,0.0474258731775668,0,0,0.0474258731775668,0.0474258731775668,0,0.0474258731775668,0,0.0474258731775668,0.0474258731775668,0,0.0474258731775668,0,0.0474258731775668,0.0474258731775668,0,0.0474258731775668,0.0474258731775668,0,0,0.0474258731775668,0,0.0474258731775668,0.0474258731775668,0.0474258731775668,0.0474258731775668,0,0.0474258731775668,0,0,0,0.0474258731775668,0,0.0474258731775668,0.0474258731775668,0,0.0474258731775668,0.0474258731775668,0,0
ENSG00000188816,HMX2,0,0,0,0.0474258731775668,0.0474258731775668,0.0474258731775668,0,0.0474258731775668,0.0474258731775668,0.0474258731775668,0,0.0474258731775668,0,0.0474258731775668,0.0474258731775668,0.0474258731775668,0,0,0,0,0.0474258731775668,0,0,0.0474258731775668,0.0474258731775668,0.0474258731775668,0.0474258731775668,0,0.0474258731775668,0.0474258731775668,0,0,0,0.0474258731775668,0.0474258731775668,0,0.0474258731775668,0,0,0
ENSG00000175592,FOSL1,0.0759496830308173,0.0474258731775668,0.0474258731775668,0.0474258731775668,0.0474258731775668,0.0812771152047749,0.0474258731775668,0.0474258731775668,0.0474258731775668,0.338501704546194,0.0474258731775668,0.0474258731775668,0.0474258731775668,0.0474258731775668,0.0474258731775668,0.0474258731775668,0.0474258731775668,0.0474258731775668,0.0474258731775668,0.0474258731775668,0.0474258731775668,0.0474258731775668,0.0474258731775668,0.0636491304107196,0.0474258731775668,0.0474258731775668,0.0474258731775668,0.0474258731775668,0.0474258731775668,0.0474258731775668,0.145467929485013,0.164959216017314,0.0474258731775668,0.102359076378664,0.0474258731775668,0.0739712728857604,0.364291585866247,0.0474258731775668,0.0474258731775668,0.147655944890899
ENSG00000175691,ZNF77,0.0474258731775668,0.0474258731775668,0.0474258731775668,0.0474258731775668,0.0474258731775668,0.0474258731775668,0.0474258731775668,0.0474258731775668,0.0474258731775668,0.0474258731775668,0.0474258731775668,0.0474258731775668,0.0474258731775668,0.0474258731775668,0.0474258731775668,0.0474258731775668,0.0474258731775668,0.0474258731775668,0.0474258731775668,0.0474258731775668,0.0474258731775668,0.0474258731775668,0.0474258731775668,0.0474258731775668,0.0474258731775668,0.0474258731775668,0.0474258731775668,0.0474258731775668,0.0474258731775668,0.0474258731775668,0.0474258731775668,0.0474258731775668,0.0474258731775668,0.0474258731775668,0.0474258731775668,0.0474258731775668,0.0474258731775668,0.0474258731775668,0.0474258731775668,0.0474258731775668
ENSG00000175727,MLXIP,0.0749766433001428,0.117048157949627,0.0474258731775668,0.0474258731775668,0.0637800107466648,0.0474258731775668,0.0474258731775668,0.130473380804023,0.0474258731775668,0.0490707260097437,0.0474258731775668,0.0474258731775668,0.0474258731775668,0.0474258731775668,0.0724032837969295,0.0625053003800161,0.0661085961872211,0.077379229886878,0.0474258731775668,0.0474258731775668,0.091144058929231,0.0474258731775668,0.0949011729057573,0.0635662931084752,0.0940227104892422,0.0474258731775668,0.0474258731775668,0.0558412580562791,0.0474258731775668,0.0474258731775668,0.0474258731775668,0.0474258731775668,0.0474258731775668,0.0755520822516283,0.0474258731775668,0.0474258731775668,0.0474258731775668,0.0474258731775668,0.156832542921239,0.0474258731775668
ENSG00000175745,NR2F1,0.0474258731775668,0.0474258731775668,0.0474258731775668,0.0474258731775668,0.0474258731775668,0.0474258731775668,0.0474258731775668,0.0474258731775668,0.0474258731775668,0.0474258731775668,0.0474258731775668,0.0474258731775668,0.0474258731775668,0.0474258731775668,0.0474258731775668,0.0474258731775668,0.0474258731775668,0.0474258731775668,0.0474258731775668,0.0474258731775668,0.0474258731775668,0.0474258731775668,0.0474258731775668,0.0474258731775668,0.0474258731775668,0.0474258731775668,0.0474258731775668,0.0474258731775668,0.0474258731775668,0.0474258731775668,0.0474258731775668,0.0474258731775668,0.0474258731775668,0.0474258731775668,0.0474258731775668,0.0474258731775668,0.0474258731775668,0.0474258731775668,0.0474258731775668,0.0474258731775668
ENSG00000175832,ETV4,0.0474258731775668,0.0474258731775668,0.0474258731775668,0.182300759109039,0.0474258731775668,0.413668476544112,0.110348219528111,0.0474258731775668,0.0474258731775668,0.0474258731775668,0.0474258731775668,0.0474258731775668,0.0474258731775668,0.0474258731775668,0.0362915151351512,0.0474258731775668,0.0474258731775668,0.0474258731775668,0.0474258731775668,0.0474258731775668,0.0474258731775668,0.0474258731775668,0.0474258731775668,0.0474258731775668,0.0474258731775668,0.0474258731775668,0.0474258731775668,0.0474258731775668,0.0474258731775668,0.0474258731775668,0.0474258731775668,0.0474258731775668,0.581960918841547,0.0474258731775668,0.0474258731775668,0.0474258731775668,0.0474258731775668,0.0474258731775668,0.00352943271676601,0.0474258731775668
ENSG00000176009,ASCL3,0.0474258731775668,0,0,0.0474258731775668,0.0474258731775668,0.0474258731775668,0,0.0474258731775668,0.0474258731775668,0.0474258731775668,0.0474258731775668,0.0474258731775668,0.0474258731775668,0.0474258731775668,0,0.0474258731775668,0,0,0.0474258731775668,0,0,0.0474258731775668,0,0.0474258731775668,0,0,0.0474258731775668,0,0.0474258731775668,0.0474258731775668,0,0.0474258731775668,0.0474258731775668,0.0474258731775668,0.0474258731775668,0,0.0474258731775668,0,0,0
ENSG00000176160,HSF5,0.0474258731775668,0.0474258731775668,0,0.0474258731775668,0.0474258731775668,0.0474258731775668,0.0474258731775668,0.0474258731775668,0.0474258731775668,0.0474258731775668,0.0474258731775668,0.0474258731775668,0,0.0474258731775668,0.0474258731775668,0.0474258731775668,0.0474258731775668,0.0474258731775668,0.0474258731775668,0.0474258731775668,0.0474258731775668,0.0474258731775668,0.0474258731775668,0.0474258731775668,0.0474258731775668,0.0474258731775668,0.0474258731775668,0.0474258731775668,0.0474258731775668,0.0474258731775668,0.0474258731775668,0.0474258731775668,0.0474258731775668,0.0474258731775668,0.0474258731775668,0.0474258731775668,0.0474258731775668,0.0474258731775668,0.0474258731775668,0
ENSG00000176165,FOXG1,0.0474258731775668,0.0474258731775668,0.0474258731775668,0.0474258731775668,0.0474258731775668,0.0474258731775668,0.0474258731775668,0.0474258731775668,0.0474258731775668,0.0474258731775668,0,0.0474258731775668,0.0474258731775668,0.0474258731775668,0.0474258731775668,0.0474258731775668,0.0474258731775668,0.0474258731775668,0.0474258731775668,0.0474258731775668,0,0,0.0474258731775668,0.0474258731775668,0.0474258731775668,0.0474258731775668,0.0474258731775668,0.0474258731775668,0.0474258731775668,0.0474258731775668,0.0474258731775668,0.0474258731775668,0.0474258731775668,0.0474258731775668,0,0.0474258731775668,0.0474258731775668,0.0474258731775668,0.0474258731775668,0.0474258731775668
ENSG00000175329,ISX,0.0474258731775668,0.0474258731775668,0.0474258731775668,0.0474258731775668,0.0474258731775668,0.0474258731775668,0.0474258731775668,0.0474258731775668,0.0474258731775668,0.0474258731775668,0,0.0474258731775668,0,0.0474258731775668,0.0474258731775668,0.0474258731775668,0.0474258731775668,0.0474258731775668,0,0,0.0474258731775668,0,0,0.0474258731775668,0.0474258731775668,0.0474258731775668,0.0474258731775668,0.0474258731775668,0.0474258731775668,0.0474258731775668,0.0474258731775668,0.0474258731775668,0,0.0474258731775668,0.0474258731775668,0.0474258731775668,0.0474258731775668,0.0474258731775668,0,0
ENSG00000176222,ZNF404,0.00829167202726616,0.00370600115960093,0.00326001627985031,0.00369668725820106,0.0185105257306614,0.00496186604758186,0.0134304169591825,0.00222617510122475,0.00224405754145612,0.00582140564744363,0.0125418036918098,0.00415593917225687,0.0049165011639606,0.00868965722826336,0.0150259473435378,0.0127874335940649,0.00106548781313888,0.011007310717129,0.00591668389193125,0,0.00362616546767171,0.00520265562707169,0.00462127280322443,0.0105817373163973,0.0082634055337138,0,0.00495294204724774,0.00601906988683632,0.0128826804240928,0.00802514278433711,0.000159067927682585,0.00615149724592173,0.00110172023369577,0.00747593862322595,0.000134812244012399,0.016327527160799,0.00541638632381248,0.00332223787336561,0.0103778052616065,0.0309099766416596
ENSG00000176399,DMRTA1,0.0474258731775668,0.0474258731775668,0.0474258731775668,0.0474258731775668,0.0474258731775668,0.0474258731775668,0.0474258731775668,0.0474258731775668,0.0474258731775668,0.0474258731775668,0.0474258731775668,0.0474258731775668,0.0474258731775668,0.0474258731775668,0.0474258731775668,0.0474258731775668,0.0474258731775668,0.0474258731775668,0.0474258731775668,0.0474258731775668,0.0474258731775668,0.0474258731775668,0.0474258731775668,0.0474258731775668,0.0474258731775668,0.0474258731775668,0.0474258731775668,0.0474258731775668,0.0474258731775668,0.0474258731775668,0.0474258731775668,0.0474258731775668,0.0474258731775668,0.0474258731775668,0.0474258731775668,0.0474258731775668,0.0474258731775668,0.0474258731775668,0.0474258731775668,0.0474258731775668
ENSG00000176678,FOXL1,0.0474258731775668,0.0474258731775668,0.0474258731775668,0.0474258731775668,0.0474258731775668,0.0800623196082179,0.0474258731775668,0.0474258731775668,0.0474258731775668,0.0759233876126437,0.23714050500444,0.0474258731775668,0.0474258731775668,0.0474258731775668,0.0502474167941624,0.0474258731775668,0.0474258731775668,0.0474258731775668,0.164326998597176,0.101624086021788,0.0717498535382687,0.0474258731775668,0.0474258731775668,0.0474258731775668,0.0474258731775668,0.0602774267398612,0.0513282919771095,0.0500559245296405,0.0985391039532146,0.050310315302947,0.144170846399946,0.0474258731775668,0.0570936045597914,0.0474258731775668,0.0474258731775668,0.0474258731775668,0.0474258731775668,0.0502829780248623,0.0474258731775668,0.0474258731775668
ENSG00000176679,TGIF2LY,0,0,0,0,0,0.0474258731775668,0,0,0,0,0,0,0,0,0,0,0,0,0,0,0,0,0,0,0,0,0,0,0,0,0,0,0,0.0474258731775668,0,0,0.0474258731775668,0.0474258731775668,0,0
ENSG00000176692,FOXC2,0.0474258731775668,0.0474258731775668,0.0474258731775668,0.0474258731775668,0.0474258731775668,0.0474258731775668,0.0474258731775668,0.0474258731775668,0.0474258731775668,0.0474258731775668,0.0474258731775668,0.0474258731775668,0.0474258731775668,0.0474258731775668,0.0474258731775668,0.0474258731775668,0.0474258731775668,0.0474258731775668,0.0474258731775668,0.0474258731775668,0.0474258731775668,0.0474258731775668,0.0474258731775668,0.0474258731775668,0.0474258731775668,0.0474258731775668,0.0474258731775668,0.0474258731775668,0.0474258731775668,0.0474258731775668,0.0474258731775668,0.0474258731775668,0.0474258731775668,0.0474258731775668,0.0474258731775668,0.0474258731775668,0.0474258731775668,0.0474258731775668,0.0474258731775668,0.0474258731775668
ENSG00000188786,MTF1,0.0474258731775668,0.0474258731775668,0.0474258731775668,0.0474258731775668,0.0474258731775668,0.0474258731775668,0.0474258731775668,0.0474258731775668,0.0474258731775668,0.0474258731775668,0.0474258731775668,0.0474258731775668,0.0474258731775668,0.0474258731775668,0.0474258731775668,0.0474258731775668,0.0474258731775668,0.0474258731775668,0.0474258731775668,0.0474258731775668,0.0474258731775668,0.0474258731775668,0.0474258731775668,0.0474258731775668,0.0474258731775668,0.0474258731775668,0.0474258731775668,0.0474258731775668,0.0474258731775668,0.0474258731775668,0.0474258731775668,0.0474258731775668,0.0474258731775668,0.0474258731775668,0.0474258731775668,0.0474258731775668,0.0474258731775668,0.0474258731775668,0.041615055568635,0.0474258731775668
ENSG00000176887,SOX11,0.0474258731775668,0.0474258731775668,0.0474258731775668,0.0474258731775668,0.0474258731775668,0.0474258731775668,0.0474258731775668,0.0474258731775668,0.0474258731775668,0.0474258731775668,0.0474258731775668,0.0474258731775668,0.0474258731775668,0.0474258731775668,0.0474258731775668,0.0474258731775668,0.0474258731775668,0.0474258731775668,0.0474258731775668,0.0474258731775668,0.0474258731775668,0.0474258731775668,0.0474258731775668,0.0474258731775668,0.0474258731775668,0.0474258731775668,0.0474258731775668,0.0474258731775668,0.0474258731775668,0.0474258731775668,0.0474258731775668,0.0474258731775668,0.0474258731775668,0.0474258731775668,0.0474258731775668,0.0474258731775668,0.0474258731775668,0.0474258731775668,0.0474258731775668,0.0474258731775668
ENSG00000188620,HMX3,0.0474258731775668,0.0474258731775668,0.0474258731775668,0.0474258731775668,0.0474258731775668,0.0474258731775668,0.0474258731775668,0.0474258731775668,0.0474258731775668,0.0474258731775668,0.0474258731775668,0.0474258731775668,0.0474258731775668,0.0474258731775668,0.0474258731775668,0.0474258731775668,0.0474258731775668,0.0474258731775668,0.0474258731775668,0.0474258731775668,0.0474258731775668,0.0474258731775668,0.0474258731775668,0.0474258731775668,0.0474258731775668,0.0474258731775668,0.0474258731775668,0.0474258731775668,0.0474258731775668,0.0474258731775668,0.0474258731775668,0.0474258731775668,0.0474258731775668,0.0474258731775668,0.0474258731775668,0.0474258731775668,0.0474258731775668,0.0474258731775668,0.0474258731775668,0.0474258731775668
ENSG00000188295,ZNF669,0.0474258731775668,0.0474258731775668,0.0474258731775668,0.0652148282434976,0.0474258731775668,0.0474258731775668,0.0781629810864343,0.0474258731775668,0.0530898181920401,0.106195554150994,0.157979509517337,0.0474258731775668,0.0696984046527494,0.0909220448554866,0.0779733335316921,0.111844817096833,0.0474258731775668,0.128704653492289,0.0474258731775668,0.087322097347555,0.0474258731775668,0.0588048387516457,0.101302926176083,0.0615404973693104,0.0474258731775668,0.0474258731775668,0.0474258731775668,0.0981246381513647,0.0797999837720793,0.066739830991979,0.0982352517862282,0.0798180803831985,0.213878158233157,0.0475687471271767,0.122633044464851,0.123718913973809,0.0474258731775668,0.127545945968021,0.163312700084329,0.0474258731775668
ENSG00000188290,HES4,0.00870083406816429,0.0167438057805134,0.0190537026963443,0.0130031179820604,0.0170052496524545,0.0161119415054352,0.0126915796484049,0.0169029659061974,0.0157404310462789,0.0204053715506453,0.0195594847803733,0.0173608484003815,0.011453701515034,0.0178157086996282,0.0259325091562167,0.0255202264343287,0.0318592034445669,0.0144715471760629,0.0228076434227426,0.0312485611980215,0.0342453197072317,0.0184482698843912,0.00846924024764195,0.0359907095466294,0.0144422275348522,0.0344630111111444,0.0100066705856009,0.00758028481178361,0.0152552121827624,0.0297151507814156,0.0306518482370175,0.0196421533048499,0.0140347246746754,0.0290523370662223,0.0395530647555774,0.0221861890908564,0.0250719419310896,0.0168658489743498,0.0119504646693199,0.033808384811185
ENSG00000176302,FOXR1,0,0,0.0474258731775668,0,0,0.013582983994051,0,0,0.0229283314296869,0,0,0,0,0,0,0,0.00945115878690728,0,0.00473541522506405,0.0474258731775668,0,0,0,0.00427461637706355,0,0,0,0.0474258731775668,0.0474258731775668,0,0,0.0474258731775668,0,0,0,0,0.0474258731775668,0,0,0
ENSG00000175325,PROP1,0,0,0,0,0,0,0,0,0,0,0,0.0474258731775668,0,0,0,0,0,0,0,0,0,0,0,0,0,0,0,0,0,0,0,0,0,0,0,0,0.0474258731775668,0,0,0
ENSG00000175322,ZNF519,0.0158144558258607,0.338585085813286,0.235345818804647,0.0656476472349021,0.0287272918422701,0.0220127169539785,0.108049427986735,0.0250886894523144,0.0268825735076227,0.0536196816122372,0.013097770299647,0.0597932246154965,0.183386834226868,0.0173709849346254,0.0228319124518619,0.0396996249939106,0.0082020815402425,0.0290257273727364,0.0106348362901508,0.0583750366123206,0.0379490778735611,0.0288328530956083,0.0202167469614476,0.0410711871753268,0.0534816607072405,0.041609716926147,0.0265536179119385,0.0308244202084085,0.0260695296002108,0.0115819912937,0.097162428759554,0.028339360172545,0.138320461145352,0.0253752601669857,0.0124479987407928,0.123387548389731,0.0317660615767043,0.0153123410740872,0.0444576276608843,0.0148817012538614
ENSG00000174332,GLIS1,0.0474258731775668,0.0474258731775668,0.0474258731775668,0.0474258731775668,0.0474258731775668,0.0474258731775668,0.0474258731775668,0.0474258731775668,0.0474258731775668,0.0474258731775668,0.0474258731775668,0.0474258731775668,0.0474258731775668,0.0474258731775668,0.0474258731775668,0.0474258731775668,0.0474258731775668,0.0474258731775668,0.0474258731775668,0.0474258731775668,0.0474258731775668,0.0474258731775668,0.0474258731775668,0.0474258731775668,0.0474258731775668,0.0474258731775668,0.0474258731775668,0.0474258731775668,0.0474258731775668,0.0474258731775668,0.0474258731775668,0.0474258731775668,0.0474258731775668,0.0474258731775668,0.0474258731775668,0,0.0474258731775668,0.0474258731775668,0.0474258731775668,0.0474258731775668
ENSG00000172379,ARNT2,0.0474258731775668,0.0474258731775668,0.0474258731775668,0.0474258731775668,0.0474258731775668,0.0474258731775668,0.0474258731775668,0.0474258731775668,0.0474258731775668,0.0474258731775668,0.20044978455458,0.0474258731775668,0.0474258731775668,0.0474258731775668,0.0474258731775668,0.0474258731775668,0.0474258731775668,0.0474258731775668,0.0474258731775668,0.0474258731775668,0.0474258731775668,0.0474258731775668,0.0474258731775668,0.0474258731775668,0.0474258731775668,0.0474258731775668,0.0474258731775668,0.0474258731775668,0.0474258731775668,0.0474258731775668,0.140352460445215,0.0474258731775668,0.0474258731775668,0.0474258731775668,0.0474258731775668,0.0474258731775668,0.0474258731775668,0.0474258731775668,0.0417227527797688,0.0474258731775668
ENSG00000172789,HOXC5,0.0474258731775668,0.0474258731775668,0.0474258731775668,0.0474258731775668,0.0474258731775668,0.0474258731775668,0.0474258731775668,0.0474258731775668,0.0474258731775668,0.0474258731775668,0,0.0474258731775668,0.0474258731775668,0.0474258731775668,0.0474258731775668,0.0474258731775668,0.0474258731775668,0.0474258731775668,0.0474258731775668,0.0474258731775668,0.0474258731775668,0,0.0474258731775668,0.0474258731775668,0.0474258731775668,0.0474258731775668,0.0474258731775668,0.0474258731775668,0.0474258731775668,0.0474258731775668,0,0.0474258731775668,0.0474258731775668,0.0474258731775668,0.0474258731775668,0,0.0474258731775668,0.0474258731775668,0.0474258731775668,0
ENSG00000172818,OVOL1,0.0474258731775668,0.0474258731775668,0.0474258731775668,0.0474258731775668,0.0474258731775668,0.0474258731775668,0.0474258731775668,0.0474258731775668,0.0474258731775668,0.0474258731775668,0.0474258731775668,0.0474258731775668,0.0474258731775668,0.0474258731775668,0.0474258731775668,0.0474258731775668,0.0474258731775668,0.0474258731775668,0.0474258731775668,0.0474258731775668,0.0474258731775668,0.0474258731775668,0.0474258731775668,0.0474258731775668,0.0474258731775668,0.0474258731775668,0.0474258731775668,0.0474258731775668,0.0474258731775668,0.0474258731775668,0.0474258731775668,0.0474258731775668,0.0474258731775668,0.0474258731775668,0.0474258731775668,0.0474258731775668,0.0474258731775668,0.00775439169459277,0.0474258731775668,0
ENSG00000172845,SP3,0.0474258731775668,0.0474258731775668,0.0474258731775668,0.0474258731775668,0.0474258731775668,0.0474258731775668,0.0474258731775668,0.0474258731775668,0.0474258731775668,0.0474258731775668,0.0474258731775668,0.0474258731775668,0.0474258731775668,0.0474258731775668,0.0474258731775668,0.0474258731775668,0.0474258731775668,0.0474258731775668,0.0474258731775668,0.0474258731775668,0.0474258731775668,0.0474258731775668,0.0474258731775668,0.0474258731775668,0.0474258731775668,0.0474258731775668,0.0474258731775668,0.0474258731775668,0.0474258731775668,0.0474258731775668,0.0474258731775668,0.0474258731775668,0.0474258731775668,0.0474258731775668,0.0474258731775668,0.0474258731775668,0.0474258731775668,0.0474258731775668,0.0474258731775668,0.0474258731775668
ENSG00000173011,TADA2B,0.0474258731775668,0.0474258731775668,0.0474258731775668,0.0474258731775668,0.0474258731775668,0.0474258731775668,0.0474258731775668,0.0474258731775668,0.0474258731775668,0.0474258731775668,0.0474258731775668,0.0474258731775668,0.0474258731775668,0.0474258731775668,0.0474258731775668,0.0474258731775668,0.0474258731775668,0.0474258731775668,0.0474258731775668,0.0474258731775668,0.0474258731775668,0.0474258731775668,0.0474258731775668,0.0474258731775668,0.0474258731775668,0.0474258731775668,0.0474258731775668,0.0474258731775668,0.0474258731775668,0.0474258731775668,0.0474258731775668,0.0474258731775668,0.0474258731775668,0.0474258731775668,0.0474258731775668,0.0474258731775668,0.0474258731775668,0.0474258731775668,0.0474258731775668,0.0474258731775668
ENSG00000173039,RELA,0.0474258731775668,0.0474258731775668,0.0474258731775668,0.0474258731775668,0.0474258731775668,0.0474258731775668,0.0474258731775668,0.0474258731775668,0.0474258731775668,0.0474258731775668,0.0474258731775668,0.0474258731775668,0.0474258731775668,0.0474258731775668,0.0474258731775668,0.0474258731775668,0.0474258731775668,0.0474258731775668,0.0474258731775668,0.0474258731775668,0.0474258731775668,0.0474258731775668,0.0474258731775668,0.0474258731775668,0.0474258731775668,0.0474258731775668,0.0474258731775668,0.0474258731775668,0.0474258731775668,0.0474258731775668,0.0474258731775668,0.0474258731775668,0.0559851720234478,0.0474258731775668,0.0474258731775668,0.0474258731775668,0.0474258731775668,0.0474258731775668,0.0479027386533381,0.0474258731775668
ENSG00000189120,SP6,0.0474258731775668,0.0474258731775668,0.0474258731775668,0.0474258731775668,0.0474258731775668,0.0474258731775668,0.0474258731775668,0.0474258731775668,0.0474258731775668,0.0474258731775668,0.0474258731775668,0.0474258731775668,0.0474258731775668,0.0474258731775668,0.0474258731775668,0.0474258731775668,0.0474258731775668,0.0474258731775668,0.0474258731775668,0.0474258731775668,0.0474258731775668,0.0474258731775668,0.0474258731775668,0.0474258731775668,0.0474258731775668,0.0474258731775668,0.0474258731775668,0.0474258731775668,0.0474258731775668,0.0474258731775668,0.0474258731775668,0.0474258731775668,0.0474258731775668,0.0474258731775668,0.0474258731775668,0.0474258731775668,0.0474258731775668,0.0474258731775668,0.0474258731775668,0.0474258731775668
ENSG00000189042,ZNF567,0.20838202563935,0.0515894403437701,0.584790689759138,0.0474258731775668,0.0586296368383184,0.0615680913636682,0.0253794872077895,0.0474258731775668,0.0935134471274213,0.188759711360033,0.0474258731775668,0.149816237823055,0.053581641065276,0.0490743085494031,0.0530328464870255,0.0530328464870255,0.0909867598712612,0.0530328464870255,0.0474258731775668,0.056805143778668,0.0474258731775668,0.0474258731775668,0.0474258731775668,0.0787287883755115,0.0474258731775668,0.394672138960743,0.0474258731775668,0.0474258731775668,0.0474258731775668,0.0515023877490884,0.356350857714248,0.0474258731775668,0.0573867765760285,0.0474258731775668,0.0474258731775668,0.0474258731775668,0.0677556634852088,0.0474258731775668,0.0414178843666195,0.0474258731775668
ENSG00000188909,BSX,0,0,0.0474258731775668,0.0474258731775668,0,0,0,0,0.0474258731775668,0,0,0,0,0.0474258731775668,0,0,0,0,0,0,0,0,0,0,0,0,0,0,0,0,0,0,0,0,0,0,0.0474258731775668,0,0,0
ENSG00000173404,INSM1,0.0474258731775668,0,0.0474258731775668,0.0474258731775668,0.0474258731775668,0.0474258731775668,0.0474258731775668,0.0474258731775668,0.0474258731775668,0.0474258731775668,0,0.0474258731775668,0,0.0474258731775668,0.0474258731775668,0.0474258731775668,0.0474258731775668,0.0474258731775668,0.0474258731775668,0.0474258731775668,0.0474258731775668,0,0.0474258731775668,0.0474258731775668,0.0474258731775668,0.0474258731775668,0.0474258731775668,0.0474258731775668,0.0474258731775668,0.0474258731775668,0.0474258731775668,0.0474258731775668,0,0.0474258731775668,0.0474258731775668,0.0474258731775668,0.0474258731775668,0,0.0474258731775668,0.0474258731775668
ENSG00000173473,SMARCC1,0.0474258731775668,0.0474258731775668,0.0474258731775668,0.0474258731775668,0.0474258731775668,0.0474258731775668,0.0474258731775668,0.0474258731775668,0.0474258731775668,0.0474258731775668,0.0474258731775668,0.0474258731775668,0.0474258731775668,0.0474258731775668,0.0474258731775668,0.0474258731775668,0.0474258731775668,0.0474258731775668,0.0474258731775668,0.0474258731775668,0.0474258731775668,0.0474258731775668,0.0474258731775668,0.0474258731775668,0.0474258731775668,0.0474258731775668,0.0474258731775668,0.0474258731775668,0.0474258731775668,0.0474258731775668,0.0474258731775668,0.0474258731775668,0.0474258731775668,0.0474258731775668,0.0474258731775668,0.0474258731775668,0.0474258731775668,0.0474258731775668,0.0474258731775668,0.0474258731775668
ENSG00000173480,ZNF417,0.0126292676687437,0.0112209349226667,0.0085027181802642,0.0163471054003887,0.0720195061351811,0.0162583257874768,0.0216493066642967,0.012693349254105,0.0141285255265201,0.0226616235610998,0.018482194827246,0.0185029086324919,0.0170465988600292,0.017210662021065,0.0304860820019353,0.0158314426821457,0.0599050870120156,0.0234973334351223,0.012485434865746,0.0256912898986897,0.0200464008795254,0.0111420439518754,0.0311382909237684,0.0185362129047272,0.0160272104568182,0.0129319578740392,0.0249151961828838,0.0244513540824209,0.0286504535793181,0.0197905647700503,0.0149878692774238,0.0148738485548891,0.0624683758058653,0.0335851949301844,0.0405283098595174,0.10113987267503,0.0347653922272651,0.0319429246261058,0.0822072174843829,0.0280374836728954
ENSG00000173673,HES3,0,0,0,0,0,0,0,0,0.0474258731775668,0,0,0,0,0,0,0,0,0,0,0,0,0,0,0,0,0,0,0,0,0,0,0,0,0,0,0,0.0474258731775668,0,0,0
ENSG00000173757,STAT5B,0.0474258731775668,0.0259296777742128,0.0155703665513116,0.0474258731775668,0.0474258731775668,0.0474258731775668,0.0474258731775668,0.0474258731775668,0.0474258731775668,0.0474258731775668,0.0474258731775668,0.0474258731775668,0.0474258731775668,0.0474258731775668,0.0474258731775668,0.0474258731775668,0.0474258731775668,0.0474258731775668,0.0474258731775668,0.0474258731775668,0.0474258731775668,0.0474258731775668,0.0474258731775668,0.0474258731775668,0.0474258731775668,0.0474258731775668,0.0474258731775668,0.0474258731775668,0.0474258731775668,0.0474258731775668,0.0474258731775668,0.0474258731775668,0.0474258731775668,0.0474258731775668,0.0474258731775668,0.0474258731775668,0.0474258731775668,0.0474258731775668,0.0474258731775668,0.0474258731775668
ENSG00000173875,ZNF791,0.0615995422417347,0.112255745782876,0.342433269552362,0.0639136788349571,0.0474258731775668,0.0670230082755987,0.0910348319408358,0.0614420241716143,0.0483526937315316,0.107893140201403,0.0772639237667197,0.0474258731775668,0.0606149187423826,0.0474258731775668,0.0495534997758352,0.0474258731775668,0.0509564810540928,0.0474258731775668,0.0474258731775668,0.1138385317377,0.0474258731775668,0.0474258731775668,0.0474258731775668,0.0498878968203014,0.0474258731775668,0.0474258731775668,0.0474258731775668,0.0474258731775668,0.0474258731775668,0.0474258731775668,0.056530251936574,0.0474258731775668,0.0569121509825395,0.0630662772136174,0.0997834392165728,0.155814970865833,0.0988472027393111,0.0534345314580936,0.0893692235522491,0.0474258731775668
ENSG00000173917,HOXB2,0.0474258731775668,0.0474258731775668,0.0474258731775668,0.0474258731775668,0.0474258731775668,0.0474258731775668,0.0474258731775668,0.0474258731775668,0.0474258731775668,0.0474258731775668,0.0474258731775668,0.0474258731775668,0.0474258731775668,0.0474258731775668,0.0474258731775668,0.0474258731775668,0.0474258731775668,0.0474258731775668,0.0474258731775668,0.0474258731775668,0.0474258731775668,0.0474258731775668,0.0474258731775668,0.0474258731775668,0.0474258731775668,0.0474258731775668,0.0474258731775668,0.0474258731775668,0.0474258731775668,0.0474258731775668,0.0474258731775668,0.0474258731775668,0.0474258731775668,0.0474258731775668,0.0474258731775668,0.0474258731775668,0.0474258731775668,0.0474258731775668,0.0474258731775668,0.0474258731775668
ENSG00000173976,RAX2,0.0474258731775668,0.0474258731775668,0.0474258731775668,0.0474258731775668,0.0474258731775668,0.0474258731775668,0.0474258731775668,0.0474258731775668,0.0474258731775668,0.0474258731775668,0.0474258731775668,0.0474258731775668,0.0474258731775668,0.0474258731775668,0.0474258731775668,0.0474258731775668,0.0474258731775668,0.0474258731775668,0.0474258731775668,0,0.0474258731775668,0.0474258731775668,0.0474258731775668,0.0474258731775668,0.0474258731775668,0.0474258731775668,0.0474258731775668,0.0474258731775668,0.0474258731775668,0.0474258731775668,0.0474258731775668,0.0474258731775668,0.0474258731775668,0.0474258731775668,0.0474258731775668,0.0474258731775668,0.0474258731775668,0.0474258731775668,0.0474258731775668,0.0474258731775668
ENSG00000174197,MGA,0.0633372463640113,0.116420563403927,0.038988989156954,0.046679158364226,0.0474258731775668,0.0545702717817643,0.0518227021146249,0.0457116514358956,0.0696523161246285,0.0474258731775668,0.0656601648935751,0.0971335341267724,0.0687620836650418,0.103367104980931,0.135931610137137,0.146931807136489,0.117464150192365,0.0615278445553726,0.100033192479841,0.142998776161102,0.0897805980119612,0.0478963902000091,0.0579445104244401,0.0914904072635335,0.0848354283539394,0.0856942061994068,0.0539910543701455,0.0498414808856662,0.0636819892731809,0.0531317194529931,0.0468878823962082,0.0681815596433438,0.129891658511312,0.0234203876895195,0.135520223912516,0.0474258731775668,0.228831733620711,0.131110383460359,0.293691106094685,0.0474258731775668
ENSG00000174255,ZNF80,0.000484144322449073,0.0474258731775668,0,0.0474258731775668,0.0474258731775668,0.0474258731775668,0.0189904770921285,0.0474258731775668,0.0140344404492008,0.0474258731775668,0.0474258731775668,0.0395445693885128,0.00987652320011205,0.0228360866880947,0.00804510587533562,0.0474258731775668,0,0.009607648303154,0.00303682597273466,0.0474258731775668,0.0123086632235962,0.0474258731775668,0.0474258731775668,0.00870921400259062,0.0434774046103333,0.00787921921724881,0.00489348448983959,0.00994503204805226,0.00535661437825836,0.0309392059497632,0.0417368577056899,0.011983552899017,0.0271666629827847,0.0274920024999483,0.0131116395268514,0.0259671948425612,0.00547578826665103,0.0452797438667727,0.0300787131181115,0
ENSG00000174279,EVX2,0,0,0,0,0.0474258731775668,0,0,0,0,0.0474258731775668,0.0474258731775668,0.0474258731775668,0,0.0474258731775668,0.0474258731775668,0.0474258731775668,0.0474258731775668,0,0,0,0,0.0474258731775668,0,0.0474258731775668,0.0474258731775668,0.0474258731775668,0.0474258731775668,0.0474258731775668,0.0474258731775668,0,0,0.0474258731775668,0,0,0,0,0.0474258731775668,0,0,0
ENSG00000174282,ZBTB4,0.0474258731775668,0.0474258731775668,0.0474258731775668,0.0474258731775668,0.0474258731775668,0.0474258731775668,0.0474258731775668,0.0474258731775668,0.0474258731775668,0.0474258731775668,0.0474258731775668,0.0474258731775668,0.0474258731775668,0.0474258731775668,0.0474258731775668,0.0474258731775668,0.0474258731775668,0.0474258731775668,0.0474258731775668,0.0474258731775668,0.0474258731775668,0.0474258731775668,0.0474258731775668,0.0474258731775668,0.0474258731775668,0.0474258731775668,0.0474258731775668,0.0474258731775668,0.0474258731775668,0.0474258731775668,0.0474258731775668,0.0474258731775668,0.0474258731775668,0.0474258731775668,0.0474258731775668,0.0474258731775668,0.0474258731775668,0.0474258731775668,0.0474258731775668,0.0474258731775668
ENSG00000198546,ZNF511,0.0474258731775668,0.0474258731775668,0.0336791304560425,0.0474258731775668,0.0427740133438508,0.0474258731775668,0.0474258731775668,0.0474258731775668,0.0474258731775668,0.0474258731775668,0.0474258731775668,0.0474258731775668,0.0474258731775668,0.0474258731775668,0.0474258731775668,0.0474258731775668,0.0474258731775668,0.0474258731775668,0.0474258731775668,0.0450827951182795,0.0474258731775668,0.0474258731775668,0.0474258731775668,0.0474258731775668,0.0474258731775668,0.0474258731775668,0.0474258731775668,0.0474258731775668,0.0474258731775668,0.0474258731775668,0.0474258731775668,0.0474258731775668,0.0474258731775668,0.0474258731775668,0.0474258731775668,0.0474258731775668,0.0474258731775668,0.0474258731775668,0.0474258731775668,0.0474258731775668
ENSG00000134107,BHLHE40,0.0474258731775668,0.0474258731775668,0.0474258731775668,0.0474258731775668,0.0474258731775668,0.0474258731775668,0.0474258731775668,0.0474258731775668,0.0474258731775668,0.0474258731775668,0.0474258731775668,0.0474258731775668,0.0474258731775668,0.0474258731775668,0.0474258731775668,0.0474258731775668,0.0474258731775668,0.0474258731775668,0.0474258731775668,0.0474258731775668,0.0474258731775668,0.0474258731775668,0.0474258731775668,0.0474258731775668,0.0474258731775668,0.0474258731775668,0.0474258731775668,0.0474258731775668,0.0474258731775668,0.0474258731775668,0.0474258731775668,0.0474258731775668,0.0474258731775668,0.0474258731775668,0.0474258731775668,0.0474258731775668,0.0474258731775668,0.0474258731775668,0.0474258731775668,0.0474258731775668
ENSG00000186130,ZBTB6,0.0474258731775668,0.0474258731775668,0.0474258731775668,0.0474258731775668,0.0474258731775668,0.0474258731775668,0.0474258731775668,0.0474258731775668,0.0474258731775668,0.0474258731775668,0.0474258731775668,0.0474258731775668,0.0474258731775668,0.0474258731775668,0.0474258731775668,0.0474258731775668,0.0474258731775668,0.0474258731775668,0.0474258731775668,0.0474258731775668,0.0474258731775668,0.0474258731775668,0.0474258731775668,0.0474258731775668,0.0474258731775668,0.0474258731775668,0.0474258731775668,0.0474258731775668,0.0474258731775668,0.0474258731775668,0.0474258731775668,0.0474258731775668,0.0474258731775668,0.0474258731775668,0.0474258731775668,0.0474258731775668,0.0474258731775668,0.0474258731775668,0.0474258731775668,0.0474258731775668
ENSG00000112238,PRDM13,0,0,0,0,0,0,0.0474258731775668,0.0474258731775668,0,0.0474258731775668,0,0,0,0,0.0474258731775668,0.0474258731775668,0,0,0,0,0,0,0.0474258731775668,0.0474258731775668,0,0,0.0474258731775668,0,0.0474258731775668,0,0,0.0474258731775668,0,0,0,0,0.0474258731775668,0,0.0474258731775668,0
ENSG00000213973,ZNF99,0.0474258731775668,0.0474258731775668,0.0474258731775668,0.0474258731775668,0.0474258731775668,0.0474258731775668,0.0474258731775668,0.0474258731775668,0.0474258731775668,0.0474258731775668,0.0474258731775668,0.0474258731775668,0.0474258731775668,0.0474258731775668,0.0474258731775668,0.0474258731775668,0.0474258731775668,0.0474258731775668,0.0474258731775668,0.0474258731775668,0.0474258731775668,0.0474258731775668,0.0474258731775668,0.0474258731775668,0.0474258731775668,0.0474258731775668,0.0474258731775668,0.0474258731775668,0.0474258731775668,0.0474258731775668,0.0474258731775668,0.0474258731775668,0.0474258731775668,0.0474258731775668,0.0474258731775668,0.0474258731775668,0.0474258731775668,0.0474258731775668,0.0474258731775668,0.0474258731775668
ENSG00000114853,ZBTB47,0.0474258731775668,0.0474258731775668,0.0474258731775668,0.0474258731775668,0.0474258731775668,0.0474258731775668,0.0474258731775668,0.0474258731775668,0.0474258731775668,0.0474258731775668,0.0474258731775668,0.0474258731775668,0.0474258731775668,0.0474258731775668,0.0474258731775668,0.0474258731775668,0.0474258731775668,0.0474258731775668,0.0474258731775668,0.0474258731775668,0.0474258731775668,0.0474258731775668,0.0474258731775668,0.0474258731775668,0.0474258731775668,0.0474258731775668,0.0474258731775668,0.0474258731775668,0.0474258731775668,0.0474258731775668,0.0474258731775668,0.0474258731775668,0.0474258731775668,0.0474258731775668,0.0474258731775668,0.0474258731775668,0.0474258731775668,0.0474258731775668,0.0474258731775668,0.0474258731775668
ENSG00000083168,KAT6A,0.0474258731775668,0.118685861213016,0.0537450277004976,0.0474258731775668,0.0996811744519581,0.0474258731775668,0.069934154547736,0.0474258731775668,0.0474258731775668,0.129497347018185,0.0474258731775668,0.0564464858499728,0.0474258731775668,0.0474258731775668,0.0474258731775668,0.0474258731775668,0.0474258731775668,0.187147120224184,0.0794263667266025,0.0474258731775668,0.0619894446959898,0.0664737169736363,0.109970321564368,0.0778119291461956,0.124102138311537,0.0474258731775668,0.0474258731775668,0.0474258731775668,0.0474258731775668,0.0474258731775668,0.0765175220755448,0.0474258731775668,0.0474258731775668,0.056157609832283,0.0474258731775668,0.114189451460075,0.0474258731775668,0.127122935161481,0.26146340755292,0.0474258731775668
ENSG00000115297,TLX2,0.0474258731775668,0,0.0474258731775668,0.0474258731775668,0.0474258731775668,0.0331468060178944,0.0162694820151173,0.0474258731775668,0.0474258731775668,0.0282473241211821,0,0,0.0474258731775668,0,0.0119689789819474,0.0113074830455289,0.0456054996242296,0.00231250917970827,0.0474258731775668,0.0474258731775668,0.0378894087188256,0.0474258731775668,0,0.0474258731775668,0.0474258731775668,0,0.0474258731775668,0,0.0474258731775668,0.0474258731775668,0,0,0,0.0265707719969458,0.0267756657142543,0,0.0474258731775668,0,0.0380206102117307,0
ENSG00000115415,STAT1,0.0474258731775668,0.0324522110143564,0.0365083887932538,0.0474258731775668,0.0474258731775668,0.0474258731775668,0.0474258731775668,0.0474258731775668,0.0474258731775668,0.0474258731775668,0.0474258731775668,0.0474258731775668,0.0474258731775668,0.0474258731775668,0.0474258731775668,0.0474258731775668,0.0474258731775668,0.0474258731775668,0.0474258731775668,0.0474258731775668,0.0474258731775668,0.0474258731775668,0.0474258731775668,0.0474258731775668,0.0474258731775668,0.0474258731775668,0.0474258731775668,0.0474258731775668,0.0474258731775668,0.0474258731775668,0.0474258731775668,0.0474258731775668,0.0474258731775668,0.0474258731775668,0.0474258731775668,0.0474258731775668,0.0771191899308873,0.0474258731775668,0.158381297549864,0.0474258731775668
ENSG00000115507,OTX1,0.0474258731775668,0.0474258731775668,0.0474258731775668,0.0474258731775668,0.0474258731775668,0.0474258731775668,0.0474258731775668,0.0474258731775668,0.0474258731775668,0.0474258731775668,0.0474258731775668,0.0474258731775668,0,0.0474258731775668,0.0474258731775668,0.0474258731775668,0.0474258731775668,0.0474258731775668,0.0474258731775668,0.0413515223310835,0.0474258731775668,0,0.0474258731775668,0.0474258731775668,0.0474258731775668,0,0.0474258731775668,0.0474258731775668,0.0474258731775668,0.0474258731775668,0.0474258731775668,0.0474258731775668,0,0.0474258731775668,0.0474258731775668,0.00897481057618335,0.0474258731775668,0,0.0255349716864531,0.0474258731775668
ENSG00000115738,ID2,0.0474258731775668,0.0474258731775668,0.0474258731775668,0.0474258731775668,0.0474258731775668,0.0474258731775668,0.0474258731775668,0.0474258731775668,0.0474258731775668,0.0474258731775668,0.0474258731775668,0.0474258731775668,0.0474258731775668,0.0474258731775668,0.0474258731775668,0.0474258731775668,0.0474258731775668,0.0474258731775668,0.0474258731775668,0.0474258731775668,0.0474258731775668,0.0474258731775668,0.0474258731775668,0.0474258731775668,0.0474258731775668,0.0474258731775668,0.0474258731775668,0.0474258731775668,0.0474258731775668,0.0474258731775668,0.0474258731775668,0.0474258731775668,0.0474258731775668,0.0474258731775668,0.0474258731775668,0.0474258731775668,0.0474258731775668,0.0474258731775668,0.0474258731775668,0.0474258731775668
ENSG00000114315,HES1,0.0474258731775668,0.0474258731775668,0.0474258731775668,0.0474258731775668,0.0474258731775668,0.0474258731775668,0.0474258731775668,0.0474258731775668,0.0474258731775668,0.0474258731775668,0.0474258731775668,0.0474258731775668,0.0474258731775668,0.0474258731775668,0.0474258731775668,0.0474258731775668,0.0474258731775668,0.0474258731775668,0.0474258731775668,0.0474258731775668,0.0474258731775668,0.0474258731775668,0.0474258731775668,0.0474258731775668,0.0474258731775668,0.0474258731775668,0.0474258731775668,0.0474258731775668,0.0474258731775668,0.0474258731775668,0.0474258731775668,0.0474258731775668,0.0474258731775668,0.0474258731775668,0.0474258731775668,0.0474258731775668,0.0474258731775668,0.0474258731775668,0.0474258731775668,0.0474258731775668
ENSG00000253831,ETV3L,0.0474258731775668,0,0.0474258731775668,0.0474258731775668,0.0474258731775668,0.0474258731775668,0,0.0474258731775668,0.0474258731775668,0.0474258731775668,0.0474258731775668,0.0474258731775668,0,0.0474258731775668,0.0474258731775668,0.0474258731775668,0.0474258731775668,0,0,0,0,0,0.0474258731775668,0.0474258731775668,0,0,0.0474258731775668,0.0474258731775668,0.0474258731775668,0.0474258731775668,0.0474258731775668,0.0474258731775668,0,0.0474258731775668,0.0474258731775668,0,0.0474258731775668,0,0.0474258731775668,0
ENSG00000082175,PGR,0.0474258731775668,0.0474258731775668,0.0389053842174546,0.0474258731775668,0.0474258731775668,0.0474258731775668,0.0474258731775668,0.0474258731775668,0.0474258731775668,0.0474258731775668,0.0474258731775668,0.0474258731775668,0.0474258731775668,0.0474258731775668,0.0474258731775668,0.0474258731775668,0.0474258731775668,0.0474258731775668,0.0474258731775668,0.0474258731775668,0.0474258731775668,0.0474258731775668,0.0474258731775668,0.0474258731775668,0.0474258731775668,0.0474258731775668,0.0474258731775668,0.0474258731775668,0.0474258731775668,0.0474258731775668,0.0474258731775668,0.0474258731775668,0.0474258731775668,0.0474258731775668,0.0474258731775668,0.0474258731775668,0.0474258731775668,0.0474258731775668,0.409731903285312,0.0474258731775668
ENSG00000116017,ARID3A,0.0474258731775668,0.0319625585897741,0.0474258731775668,0.0474258731775668,0.0474258731775668,0.0474258731775668,0.0474258731775668,0.0474258731775668,0.0474258731775668,0.0474258731775668,0.0474258731775668,0.0401845194635959,0.0474258731775668,0.0474258731775668,0.0474258731775668,0.0474258731775668,0.0474258731775668,0.0474258731775668,0.0474258731775668,0.0474258731775668,0.0474258731775668,0.0474258731775668,0.0434465495104906,0.0474258731775668,0.0474258731775668,0.0474258731775668,0.0474258731775668,0.0474258731775668,0.0474258731775668,0.0474258731775668,0.0474258731775668,0.0474258731775668,0.0474258731775668,0.0474258731775668,0.0474258731775668,0.0399579378089563,0.0389536006074404,0.0474258731775668,0.0474258731775668,0.0474258731775668
ENSG00000081386,ZNF510,0.0474258731775668,0.0474258731775668,0.0474258731775668,0.0474258731775668,0.0474258731775668,0.0474258731775668,0.0474258731775668,0.0474258731775668,0.0474258731775668,0.0474258731775668,0.0474258731775668,0.0474258731775668,0.0474258731775668,0.0474258731775668,0.0474258731775668,0.0474258731775668,0.0474258731775668,0.0474258731775668,0.0474258731775668,0.0474258731775668,0.0474258731775668,0.0474258731775668,0.0474258731775668,0.0474258731775668,0.0474258731775668,0.0474258731775668,0.0474258731775668,0.0474258731775668,0.0474258731775668,0.0474258731775668,0.0474258731775668,0.0474258731775668,0.0474258731775668,0.0474258731775668,0.0474258731775668,0.0474258731775668,0.0474258731775668,0.0474258731775668,0.0456185616343041,0.0474258731775668
ENSG00000116035,VAX2,0.0180521080492376,0.0320925913319631,0.0474258731775668,0.0474258731775668,0.0474258731775668,0.0293188546800229,0.00702663061002169,0.0474258731775668,0,0.024132270090921,0.0139880594614897,0.0474258731775668,0.036248937439546,0.000412758665714383,0.0474258731775668,0.0271692751949467,0.0474258731775668,0.00877026615029655,0.0474258731775668,0.0474258731775668,0.0474258731775668,0.00456114121717071,0.0173366160261931,0.0474258731775668,0.0196452068213454,0.024732574659493,0.00466196643083763,0.0406679004223838,0.0474258731775668,0.0313887278961512,0,0.00800126687974447,0.0474258731775668,0.0231412940025525,0.00985723719793846,0.0474258731775668,0.0460985017712715,0.0474258731775668,0.0474258731775668,0.0229659437554946
ENSG00000213921,LEUTX,0,0,0,0,0,0,0,0,0.0474258731775668,0,0,0,0,0,0,0,0,0,0,0,0,0,0,0,0.0474258731775668,0,0.0474258731775668,0,0,0,0,0,0,0,0,0,0,0,0,0
ENSG00000254004,ZNF260,0.0474258731775668,0.0474258731775668,0.0474258731775668,0.0474258731775668,0.0474258731775668,0.0474258731775668,0.0474258731775668,0.0474258731775668,0.0474258731775668,0.0474258731775668,0.0474258731775668,0.0474258731775668,0.0474258731775668,0.0474258731775668,0.0474258731775668,0.0474258731775668,0.0474258731775668,0.0474258731775668,0.0474258731775668,0.0474258731775668,0.0474258731775668,0.0474258731775668,0.0474258731775668,0.0474258731775668,0.0474258731775668,0.0474258731775668,0.0474258731775668,0.0474258731775668,0.0474258731775668,0.0474258731775668,0.0474258731775668,0.0474258731775668,0.0474258731775668,0.0474258731775668,0.0474258731775668,0.0474258731775668,0.0474258731775668,0.0474258731775668,0.0432577772799784,0.0474258731775668
ENSG00000078900,TP73,0.0474258731775668,0.0474258731775668,0.0474258731775668,0.0474258731775668,0.0474258731775668,0.0474258731775668,0.0474258731775668,0.0474258731775668,0.0474258731775668,0.0474258731775668,0.0474258731775668,0.0474258731775668,0.0474258731775668,0.0474258731775668,0.0474258731775668,0.0474258731775668,0.0474258731775668,0.0474258731775668,0.0474258731775668,0.0474258731775668,0.0474258731775668,0.0474258731775668,0.0474258731775668,0.0474258731775668,0.0474258731775668,0.0474258731775668,0.0474258731775668,0.0474258731775668,0.0474258731775668,0.0474258731775668,0.0474258731775668,0.0474258731775668,0.0474258731775668,0.0474258731775668,0.0213149773809901,0.0474258731775668,0.0169281902425115,0.0474258731775668,0.0474258731775668,0.0474258731775668
ENSG00000213928,IRF9,0.0474258731775668,0.0812833340057288,0.110247840558791,0.0474258731775668,0.0655026322001662,0.0474258731775668,0.0552104598766822,0.0474258731775668,0.0474258731775668,0.106345733689917,0.0785529679191818,0.103618676218271,0.0718622860270887,0.113478535811358,0.0474258731775668,0.0951865302833019,0.0474258731775668,0.141356141590422,0.0474258731775668,0.0474258731775668,0.0934626366490842,0.0498723758465833,0.0648421512709908,0.0792892546065444,0.192103762399031,0.119135933884334,0.105819881788022,0.0474258731775668,0.0474258731775668,0.0474258731775668,0.0946836632772513,0.112706170254901,0.153914092539423,0.138620603474086,0.177575505302225,0.1005403419235,0.0490273671808205,0.178782123461711,0.055869693347958,0.0379899365084803
ENSG00000116132,PRRX1,0.0474258731775668,0.0474258731775668,0.0474258731775668,0.0474258731775668,0.0474258731775668,0.0474258731775668,0.0474258731775668,0.0474258731775668,0.0474258731775668,0.0474258731775668,0.0474258731775668,0.0474258731775668,0.0474258731775668,0.0474258731775668,0.0474258731775668,0.0474258731775668,0.0474258731775668,0.0474258731775668,0.0474258731775668,0.0474258731775668,0.0474258731775668,0.0474258731775668,0.0474258731775668,0.0474258731775668,0.0474258731775668,0.0474258731775668,0.0474258731775668,0.0474258731775668,0.0474258731775668,0.0474258731775668,0.0474258731775668,0.0474258731775668,0.0474258731775668,0.0474258731775668,0.0474258731775668,0.0474258731775668,0.0474258731775668,0.0474258731775668,0.00954928585682651,0.0442771561768343
ENSG00000083812,ZNF324,0.0474258731775668,0.0474258731775668,0.0474258731775668,0.0474258731775668,0.0474258731775668,0.0474258731775668,0.0474258731775668,0.0474258731775668,0.0474258731775668,0.0474258731775668,0.0474258731775668,0.0474258731775668,0.0474258731775668,0.0474258731775668,0.0474258731775668,0.0474258731775668,0.0474258731775668,0.0474258731775668,0.0474258731775668,0.0474258731775668,0.0474258731775668,0.0474258731775668,0.0474258731775668,0.0474258731775668,0.0474258731775668,0.0474258731775668,0.0474258731775668,0.0474258731775668,0.0474258731775668,0.0474258731775668,0.0474258731775668,0.0474258731775668,0.0474258731775668,0.0474258731775668,0.0474258731775668,0.0474258731775668,0.0474258731775668,0.0474258731775668,0.0474258731775668,0.0474258731775668
ENSG00000113722,CDX1,0.0474258731775668,0.0474258731775668,0.0474258731775668,0.0474258731775668,0.0474258731775668,0.0474258731775668,0.0474258731775668,0.0474258731775668,0.0474258731775668,0.0474258731775668,0.0474258731775668,0.0474258731775668,0.0474258731775668,0.0474258731775668,0.0474258731775668,0.0474258731775668,0.0474258731775668,0.0474258731775668,0.0474258731775668,0.0474258731775668,0.0474258731775668,0.0474258731775668,0.0474258731775668,0.0474258731775668,0.0474258731775668,0.0474258731775668,0.0474258731775668,0.0474258731775668,0.0474258731775668,0.0474258731775668,0.0474258731775668,0.0474258731775668,0.0474258731775668,0.0474258731775668,0.0474258731775668,0,0.0474258731775668,0.0474258731775668,0,0
ENSG00000112242,E2F3,0.0474258731775668,0.0474258731775668,0.0474258731775668,0.0474258731775668,0.0474258731775668,0.0474258731775668,0.0474258731775668,0.0474258731775668,0.0474258731775668,0.0474258731775668,0.0474258731775668,0.0474258731775668,0.0474258731775668,0.0474258731775668,0.0474258731775668,0.0474258731775668,0.0474258731775668,0.0474258731775668,0.0474258731775668,0.0474258731775668,0.0474258731775668,0.0474258731775668,0.0474258731775668,0.0474258731775668,0.0474258731775668,0.0474258731775668,0.0474258731775668,0.0474258731775668,0.0474258731775668,0.0474258731775668,0.0474258731775668,0.0474258731775668,0.0474258731775668,0.0474258731775668,0.0474258731775668,0.0474258731775668,0.0474258731775668,0.0474258731775668,0.0474258731775668,0.0474258731775668
ENSG00000112333,NR2E1,0.0474258731775668,0.0474258731775668,0.0814624445948346,0.0474258731775668,0.0474258731775668,0.0474258731775668,0.0434617753153619,0.0474258731775668,0.0474258731775668,0.0474258731775668,0.0474258731775668,0.0474258731775668,0.0474258731775668,0.0474258731775668,0.0474258731775668,0.0474258731775668,0.0474258731775668,0.0474258731775668,0.0474258731775668,0.0474258731775668,0.0474258731775668,0,0.0474258731775668,0.0474258731775668,0.0474258731775668,0.0474258731775668,0.0474258731775668,0.0474258731775668,0.0474258731775668,0.0474258731775668,0.0474258731775668,0.0474258731775668,0.0474258731775668,0.0474258731775668,0.0474258731775668,0.0474258731775668,0.0474258731775668,0.0474258731775668,0.0474258731775668,0
ENSG00000112365,ZBTB24,0.0474258731775668,0.0474258731775668,0.0474258731775668,0.0474258731775668,0.0474258731775668,0.0474258731775668,0.0474258731775668,0.0474258731775668,0.0558919237537339,0.0474258731775668,0.0538372788716427,0.0474258731775668,0.0474258731775668,0.0474258731775668,0.0863993337565824,0.117743423201925,0.0517389665556059,0.0474258731775668,0.0474258731775668,0.0474258731775668,0.0798291315021332,0.116761875129276,0.0581774102846403,0.0474258731775668,0.0474258731775668,0.0474258731775668,0.0474258731775668,0.0474258731775668,0.0474258731775668,0.053822844456852,0.0474258731775668,0.0474258731775668,0.0699462073182367,0.0474258731775668,0.0474258731775668,0.0474258731775668,0.0766597039798677,0.0474258731775668,0.0474258731775668,0.0474258731775668
ENSG00000089116,LHX5,0,0,0,0,0,0,0,0.0474258731775668,0,0.0474258731775668,0,0,0.0474258731775668,0.0474258731775668,0,0.0474258731775668,0.0474258731775668,0.0474258731775668,0.0474258731775668,0.0474258731775668,0,0,0,0.0474258731775668,0.0474258731775668,0.0474258731775668,0.0474258731775668,0.0474258731775668,0.0474258731775668,0,0,0,0.0474258731775668,0,0,0,0.0474258731775668,0,0,0
ENSG00000249709,ZNF564,0.0474258731775668,0.0474258731775668,0.0474258731775668,0.0474258731775668,0.056134836500895,0.0551531780598125,0.0925305400324127,0.0474258731775668,0.0474258731775668,0.064614479176362,0.0898975488827435,0.0478977930218472,0.0474258731775668,0.0474258731775668,0.0474258731775668,0.0547583560647949,0.052630326108695,0.129570608986667,0.0865095224799836,0.102629514012075,0.0823593420827227,0.0474258731775668,0.0474258731775668,0.0741153382803177,0.0474258731775668,0.053171117081038,0.0474258731775668,0.073565881012327,0.0474258731775668,0.0629483479482356,0.0558126225425741,0.0924750127341139,0.146399596484174,0.0506116836716057,0.0743864442958785,0.255287490998642,0.0879143904703196,0.0474258731775668,0.0561052771916533,0.0474258731775668
ENSG00000214513,NOTO,0.0474258731775668,0.0474258731775668,0,0.0474258731775668,0.0474258731775668,0.0474258731775668,0.0474258731775668,0.0474258731775668,0.0474258731775668,0.0474258731775668,0.0474258731775668,0.0474258731775668,0.0474258731775668,0.0474258731775668,0.0474258731775668,0.0474258731775668,0.0474258731775668,0.0474258731775668,0.0474258731775668,0.0474258731775668,0.0474258731775668,0.0474258731775668,0.0474258731775668,0.0474258731775668,0.0474258731775668,0.0474258731775668,0.0474258731775668,0.0474258731775668,0.0474258731775668,0.0474258731775668,0.0474258731775668,0.0474258731775668,0.0474258731775668,0.0474258731775668,0.0474258731775668,0,0.0474258731775668,0.0474258731775668,0.0474258731775668,0
ENSG00000112837,TBX18,0.0474258731775668,0.0474258731775668,0.0165303618106372,0.0890578170417966,0.153482552348597,0.0461751178837578,0.0474258731775668,0.0474258731775668,0.0474258731775668,0.0474258731775668,0.0474258731775668,0.0624365009449717,0.0523879590222627,0.103562874720049,0.153996909516636,0.0987799123584083,0.0474258731775668,0.119280756015228,0.0824761325097217,0.141873425417976,0.0740513883534342,0.0474258731775668,0.0840528080639633,0.0571298368914172,0.0474258731775668,0.0476583866007133,0.106838005249936,0.0793840032233982,0.147565982917647,0.0753837765086963,0.0474258731775668,0.0474258731775668,0.0474258731775668,0.192997193492489,0.0474258731775668,0.0474258731775668,0.0627060482968566,0.0703243447439337,0.0474258731775668,0.0467604996044387
ENSG00000213988,ZNF90,0.0153834790487475,0.0291605566275307,0.00696574706073855,0.0448966991329385,0.0410519954454429,0.0209165085499967,0.028852607172496,0.0288170910902728,0.040847083316644,0.0290835002050232,0.0177491075888006,0.0197434870766853,0.0302522922730232,0.0207345781711198,0.0195151898054632,0.0233694936435058,0.00588877330170558,0.0296334536503627,0.0255953497514607,0.01175775218736,0.0224770388584469,0.0196665961645315,0.0161762213262561,0.0298618487254592,0.0447246554007358,0.0311793210012431,0.0319195672722808,0.0222960035857308,0.0305667102385486,0.0474258731775668,0.00938663971586415,0.02330858842406,0.0257705144555598,0.0292590728967222,0.0316766852407695,0.0337895201378285,0.0474258731775668,0.011399516733339,0.0195773782775949,0.00481344128744389
ENSG00000250312,ZNF718,0.0474258731775668,0.0474258731775668,0.0224081040421756,0.0474258731775668,0.0457390024789662,0.0474258731775668,0.0474258731775668,0.0474258731775668,0.0474258731775668,0.0474258731775668,0.0474258731775668,0.0474258731775668,0.0474258731775668,0.0474258731775668,0.0474258731775668,0.0474258731775668,0.0474258731775668,0.0474258731775668,0.0474258731775668,0.0474258731775668,0.0474258731775668,0.0474258731775668,0.0474258731775668,0.0474258731775668,0.0474258731775668,0.0474258731775668,0.0474258731775668,0.0474258731775668,0.0474258731775668,0.0474258731775668,0.0289497700708661,0.0474258731775668,0.0424831960105257,0.0474258731775668,0.0474258731775668,0.0474258731775668,0.0266243198265007,0.0378932111925366,0.0474258731775668,0.0474258731775668
ENSG00000214336,FOXI3,0.0474258731775668,0.0474258731775668,0,0.0474258731775668,0.0474258731775668,0.0474258731775668,0.0474258731775668,0.0474258731775668,0.0474258731775668,0.0474258731775668,0.0474258731775668,0.0474258731775668,0.0474258731775668,0.0474258731775668,0.0474258731775668,0.0474258731775668,0.0474258731775668,0.0474258731775668,0.0474258731775668,0.0474258731775668,0.0474258731775668,0,0.0474258731775668,0.0474258731775668,0.0474258731775668,0.0474258731775668,0.0474258731775668,0.0474258731775668,0.0474258731775668,0.0474258731775668,0.0474258731775668,0.0474258731775668,0.0474258731775668,0.0474258731775668,0.0474258731775668,0.0474258731775668,0.0474258731775668,0.0474258731775668,0.0474258731775668,0.0474258731775668
ENSG00000113580,NR3C1,0.0474258731775668,0.0474258731775668,0.0474258731775668,0.0474258731775668,0.0474258731775668,0.0474258731775668,0.0474258731775668,0.0474258731775668,0.0474258731775668,0.0474258731775668,0.0474258731775668,0.0474258731775668,0.0474258731775668,0.0474258731775668,0.0474258731775668,0.0474258731775668,0.0474258731775668,0.0474258731775668,0.0474258731775668,0.0563891263000086,0.0474258731775668,0.0474258731775668,0.0474258731775668,0.0474258731775668,0.0474258731775668,0.0474258731775668,0.0474258731775668,0.0474258731775668,0.0474258731775668,0.0474258731775668,0.0229271831911198,0.0474258731775668,0.0474258731775668,0.0474258731775668,0.0474258731775668,0.0474258731775668,0.0591057890215636,0.0474258731775668,0.196947181347868,0.0474258731775668
ENSG00000214029,ZNF891,0.0474258731775668,0.0474258731775668,0.0474258731775668,0.0474258731775668,0.0474258731775668,0.0474258731775668,0.0474258731775668,0.0474258731775668,0.0474258731775668,0.0474258731775668,0.0474258731775668,0.0474258731775668,0.0474258731775668,0.0474258731775668,0.0474258731775668,0.0474258731775668,0.0474258731775668,0.0474258731775668,0.0474258731775668,0.0474258731775668,0.0474258731775668,0.0474258731775668,0.0474258731775668,0.0474258731775668,0.0474258731775668,0.0474258731775668,0.0474258731775668,0.0474258731775668,0.0474258731775668,0.0474258731775668,0.0474258731775668,0.0474258731775668,0.0474258731775668,0.0474258731775668,0.0474258731775668,0.0474258731775668,0.0474258731775668,0.0474258731775668,0.0474258731775668,0.0474258731775668
ENSG00000251493,FOXD1,0.0474258731775668,0.0474258731775668,0.0474258731775668,0.0474258731775668,0.0474258731775668,0.0474258731775668,0.0474258731775668,0.0474258731775668,0.0474258731775668,0.0474258731775668,0.0474258731775668,0.0474258731775668,0.0474258731775668,0.0474258731775668,0.0474258731775668,0.0474258731775668,0.0474258731775668,0.0474258731775668,0.0474258731775668,0.0474258731775668,0.0474258731775668,0.0474258731775668,0.0474258731775668,0.0474258731775668,0.0474258731775668,0.0474258731775668,0.0474258731775668,0.0474258731775668,0.0474258731775668,0.0474258731775668,0.0474258731775668,0.0474258731775668,0.00570270195850749,0.0474258731775668,0.0474258731775668,0,0.0474258731775668,0.0474258731775668,0.0474258731775668,0.0474258731775668
ENSG00000085274,MYNN,0.0474258731775668,0.0474258731775668,0.0335664827020182,0.0474258731775668,0.0474258731775668,0.0474258731775668,0.0474258731775668,0.0474258731775668,0.0474258731775668,0.0474258731775668,0.0474258731775668,0.0474258731775668,0.0474258731775668,0.0474258731775668,0.0474258731775668,0.0474258731775668,0.0474258731775668,0.0474258731775668,0.0474258731775668,0.0474258731775668,0.0474258731775668,0.0474258731775668,0.0474258731775668,0.0474258731775668,0.0474258731775668,0.0474258731775668,0.0474258731775668,0.0474258731775668,0.0474258731775668,0.0474258731775668,0.0474258731775668,0.0474258731775668,0.039183396689685,0.0474258731775668,0.0474258731775668,0.0474258731775668,0.0474258731775668,0.0474258731775668,0.0474258731775668,0.0474258731775668
ENSG00000253293,HOXA10,0.0474258731775668,0.0474258731775668,0.0474258731775668,0.0474258731775668,0.0474258731775668,0.0302349325615675,0.0474258731775668,0.0474258731775668,0.0474258731775668,0.0474258731775668,0.0474258731775668,0.0474258731775668,0.0474258731775668,0.0474258731775668,0.0474258731775668,0.0474258731775668,0.0266315605271805,0.0474258731775668,0.0474258731775668,0.0474258731775668,0.0474258731775668,0.0474258731775668,0.0474258731775668,0.0474258731775668,0.0474258731775668,0.0474258731775668,0.0474258731775668,0.0474258731775668,0.0474258731775668,0.0474258731775668,0.0474258731775668,0.0436631839485628,0.0474258731775668,0.0474258731775668,0.0474258731775668,0,0.0474258731775668,0.0474258731775668,0.0474258731775668,0.0138289189328321
ENSG00000083838,ZNF446,0.0474258731775668,0.0474258731775668,0.0474258731775668,0.0474258731775668,0.120040620960953,0.0474258731775668,0.0474258731775668,0.0474258731775668,0.0474258731775668,0.0474258731775668,0.0474258731775668,0.0474258731775668,0.0474258731775668,0.0474258731775668,0.0474258731775668,0.0767701266444649,0.0789501630086113,0.0632443944651995,0.0474258731775668,0.0891426140033762,0.0474258731775668,0.0474258731775668,0.0474258731775668,0.0474258731775668,0.0474258731775668,0.0474258731775668,0.0650086731990478,0.0474258731775668,0.0474258731775668,0.0474258731775668,0.567414947149176,0.0474258731775668,0.0474258731775668,0.0474258731775668,0.14338904551072,0.2307358087375,0.0474258731775668,0.0474258731775668,0.156364551352785,0.0474258731775668
ENSG00000113196,HAND1,0.0474258731775668,0,0,0.0474258731775668,0.0474258731775668,0,0.0474258731775668,0,0.0474258731775668,0,0,0.0474258731775668,0.0474258731775668,0.0474258731775668,0.0474258731775668,0.0474258731775668,0,0,0.0474258731775668,0.0474258731775668,0.0474258731775668,0,0.0474258731775668,0.0474258731775668,0.0474258731775668,0.0474258731775668,0.0474258731775668,0.0474258731775668,0.0474258731775668,0.0474258731775668,0,0.0474258731775668,0,0.0474258731775668,0.0474258731775668,0.0474258731775668,0.0474258731775668,0.0474258731775668,0,0.0474258731775668
ENSG00000133937,GSC,0.0474258731775668,0.0474258731775668,0.0474258731775668,0.0474258731775668,0.0474258731775668,0.0474258731775668,0.0474258731775668,0.0474258731775668,0.0474258731775668,0.0474258731775668,0.0474258731775668,0.0474258731775668,0.0474258731775668,0.0474258731775668,0.0474258731775668,0.0474258731775668,0.0474258731775668,0.0474258731775668,0.0474258731775668,0.0474258731775668,0.0474258731775668,0.0474258731775668,0.0474258731775668,0.0474258731775668,0.0474258731775668,0.0474258731775668,0.0474258731775668,0.0474258731775668,0.0474258731775668,0.0474258731775668,0.0474258731775668,0.0474258731775668,0.0474258731775668,0.0474258731775668,0.0474258731775668,0.0474258731775668,0.0474258731775668,0.0474258731775668,0.0474258731775668,0.0474258731775668
ENSG00000255009,UBTFL1,0,0,0,0.0474258731775668,0,0,0,0.0474258731775668,0.0474258731775668,0,0,0.0474258731775668,0,0,0,0.0474258731775668,0.0474258731775668,0,0.0474258731775668,0,0,0,0,0,0.0474258731775668,0,0,0,0,0,0.0474258731775668,0,0,0,0,0,0.0474258731775668,0.0474258731775668,0,0
ENSG00000213762,ZNF134,0.0474258731775668,0.0720054756461189,0.0474258731775668,0.05352513890263,0.0474258731775668,0.0474258731775668,0.0514362964453237,0.0474258731775668,0.0474258731775668,0.0474258731775668,0.0474258731775668,0.0474258731775668,0.0474258731775668,0.0474258731775668,0.0474258731775668,0.0474258731775668,0.0474258731775668,0.0474258731775668,0.0474258731775668,0.0474258731775668,0.0474258731775668,0.0474258731775668,0.0474258731775668,0.0474258731775668,0.0474258731775668,0.0474258731775668,0.0474258731775668,0.0474258731775668,0.0474258731775668,0.0474258731775668,0.0474258731775668,0.0474258731775668,0.0474258731775668,0.0474258731775668,0.0723749891706703,0.0776446053414474,0.0474258731775668,0.0474258731775668,0.0578013058180864,0.0474258731775668
ENSG00000118689,FOXO3,0.0474258731775668,0.0474258731775668,0.0474258731775668,0.0474258731775668,0.0474258731775668,0.0474258731775668,0.0474258731775668,0.0474258731775668,0.0474258731775668,0.0474258731775668,0.0474258731775668,0.0474258731775668,0.0474258731775668,0.0474258731775668,0.0474258731775668,0.0474258731775668,0.0474258731775668,0.0474258731775668,0.0474258731775668,0.0474258731775668,0.0474258731775668,0.0474258731775668,0.0474258731775668,0.0474258731775668,0.0474258731775668,0.0474258731775668,0.0474258731775668,0.0474258731775668,0.0474258731775668,0.0474258731775668,0.0474258731775668,0.0474258731775668,0.0474258731775668,0.0474258731775668,0.0474258731775668,0.0574835344959316,0.0486550093675009,0.060214654922237,0.0474258731775668,0.0474258731775668
ENSG00000118707,TGIF2,0.0474258731775668,0.0474258731775668,0.0474258731775668,0.0474258731775668,0.0474258731775668,0.0474258731775668,0.0474258731775668,0.0474258731775668,0.0474258731775668,0.0474258731775668,0.0474258731775668,0.0474258731775668,0.0474258731775668,0.0474258731775668,0.0474258731775668,0.0474258731775668,0.0474258731775668,0.0474258731775668,0.0474258731775668,0.0474258731775668,0.0474258731775668,0.0474258731775668,0.0474258731775668,0.0474258731775668,0.0474258731775668,0.0474258731775668,0.0474258731775668,0.0474258731775668,0.0474258731775668,0.0474258731775668,0.0474258731775668,0.0474258731775668,0.0474258731775668,0.0474258731775668,0.0474258731775668,0.0474258731775668,0.0474258731775668,0.0474258731775668,0.0474258731775668,0.0474258731775668
ENSG00000119042,SATB2,0.031766517378334,0.0303972281881695,0.042574459831205,0.0623802730174981,0.167324422807775,0.150995451783361,0.0307271726061123,0.0474258731775668,0.0159006162496426,0.0285651113415994,0.03679762024794,0.0363006302370356,0.0474258731775668,0.0474258731775668,0.0474258731775668,0.0474258731775668,0.288275407513156,0.0432842509961889,0.0383593260373569,0.0503126593640232,0.0474258731775668,0.0474258731775668,0.0474258731775668,0.0691656589667144,0.0474258731775668,0.0474258731775668,0.0474258731775668,0.186619591958272,0.0474258731775668,0.0474258731775668,0.0518885672297945,0.0474258731775668,0.265606053968296,0.0414727470486314,0.0474258731775668,0.0474258731775668,0.0474258731775668,0.272206219407836,0.0815020797623876,0.066317512374932
ENSG00000119138,KLF9,0.0474258731775668,0.0474258731775668,0.0474258731775668,0.0474258731775668,0.0474258731775668,0.0474258731775668,0.0474258731775668,0.0474258731775668,0.0474258731775668,0.0474258731775668,0.0474258731775668,0.0474258731775668,0.0474258731775668,0.0474258731775668,0.0474258731775668,0.0474258731775668,0.0474258731775668,0.0474258731775668,0.0474258731775668,0.0474258731775668,0.0474258731775668,0.0474258731775668,0.0474258731775668,0.0474258731775668,0.0474258731775668,0.0474258731775668,0.0474258731775668,0.0474258731775668,0.0474258731775668,0.0474258731775668,0.0474258731775668,0.0474258731775668,0.0474258731775668,0.0474258731775668,0.0474258731775668,0.0474258731775668,0.0474258731775668,0.0474258731775668,0.0474258731775668,0.0474258731775668
ENSG00000119508,NR4A3,0.0474258731775668,0.0474258731775668,0.750630427610477,0.0474258731775668,0.0483228191899044,0.0474258731775668,0.0790249957507083,0.0474258731775668,0.0474258731775668,0.0713044434333402,0.0474258731775668,0.0714702549960856,0.048363634400604,0.119457571697512,0.0474258731775668,0.0474258731775668,0.0474258731775668,0.0474258731775668,0.0494216048443931,0.109828638004139,0.0474258731775668,0.0475912842872432,0.0474258731775668,0.0474258731775668,0.0474258731775668,0.0867822670462689,0.157262518960188,0.0474258731775668,0.0474258731775668,0.0474258731775668,0.0474258731775668,0.0823012646726182,0.0474258731775668,0.0474258731775668,0.0474258731775668,0.0474258731775668,0.0474258731775668,0.0474258731775668,0.0541224846178707,0.0474258731775668
ENSG00000119547,ONECUT2,0.0474258731775668,0.0474258731775668,0.0474258731775668,0.0474258731775668,0.0474258731775668,0.0474258731775668,0.0474258731775668,0.0474258731775668,0.00826081648210617,0.0474258731775668,0.0474258731775668,0.0474258731775668,0.0474258731775668,0.0336535816486637,0.0474258731775668,0.0474258731775668,0.0474258731775668,0.0474258731775668,0.0474258731775668,0.0249638851581813,0.0474258731775668,0.0474258731775668,0.0474258731775668,0.0474258731775668,0.0474258731775668,0.0474258731775668,0.0474258731775668,0.0474258731775668,0.0474258731775668,0.0474258731775668,0.0474258731775668,0.0474258731775668,0.0474258731775668,0.0474258731775668,0.0474258731775668,0.0474258731775668,0.0222355640955694,0.0474258731775668,0.0474258731775668,0.0474258731775668
ENSG00000119574,ZBTB45,0.120648266540665,0.471731618212716,0.0474258731775668,0.0474258731775668,0.13259470110527,0.0474258731775668,0.18102786643207,0.0775623061662444,0.0831254702786424,0.0496326589968862,0.106765927033212,0.0474258731775668,0.0474258731775668,0.0668188300758895,0.0811036096654608,0.0474258731775668,0.107773910649516,0.0911012043385642,0.237294868611135,0.0789073860435842,0.0474258731775668,0.0474258731775668,0.274626038376614,0.054703486439754,0.0971753334831298,0.0474258731775668,0.0474258731775668,0.0948208325287578,0.0474258731775668,0.080361497874546,0.123557226975427,0.0680423323283662,0.0474258731775668,0.0474258731775668,0.0474258731775668,0.0474258731775668,0.2756505530131,0.0474258731775668,0.079684869705681,0.0474258731775668
ENSG00000072736,NFATC3,0.0474258731775668,0.0474258731775668,0.0474258731775668,0.0689167849680188,0.0474258731775668,0.0474258731775668,0.0474258731775668,0.0474258731775668,0.0474258731775668,0.0474258731775668,0.0474258731775668,0.0474258731775668,0.0474258731775668,0.0474258731775668,0.0474258731775668,0.0474258731775668,0.0474258731775668,0.0474258731775668,0.0474258731775668,0.0474258731775668,0.0474258731775668,0.0474258731775668,0.0474258731775668,0.0474258731775668,0.0474258731775668,0.0474258731775668,0.0474258731775668,0.0474258731775668,0.0474258731775668,0.0474258731775668,0.0474258731775668,0.0474258731775668,0.0474258731775668,0.0474258731775668,0.0474258731775668,0.0474258731775668,0.5,0.0474258731775668,0.287796598897128,0.0474258731775668
ENSG00000119608,PROX2,0.00184528942940142,0.00190707673041486,0,0.00703555926746789,0.00484357951216029,0.0110941848988203,0.0474258731775668,0.031487962191813,0.00625014007615341,0.0265870516771938,0.0474258731775668,0.0148870195051868,0,0.0101260597552115,0.0138055463010427,0.021477678899087,0.0474258731775668,0.00451697239878981,0.0392959279244247,0.0252292283755463,0.00779380633488533,0.00515085762962487,0.0105023310950053,0.0119106426659891,0.00919089317437976,0.00232879434274444,0.00336439896127958,0.0152342319580389,0.0158088438957768,0.0300649626359944,0.0474258731775668,0.0142445155048564,0.0474258731775668,0.0234779636123067,0.0460618983560984,0.0474258731775668,0.0120463315180394,0.0112247827094468,0.00219281653627248,0
ENSG00000070476,ZXDC,0.0437360134646904,0.0289330534602872,0.0474258731775668,0.0474258731775668,0.0474258731775668,0.0474258731775668,0.0269956564291123,0.042422864646602,0.0463464583409324,0.0474258731775668,0.0474258731775668,0.0474258731775668,0.0474258731775668,0.0474258731775668,0.0474258731775668,0.0474258731775668,0.0474258731775668,0.0474258731775668,0.0474258731775668,0.0474258731775668,0.0474258731775668,0.0474258731775668,0.0474258731775668,0.0474258731775668,0.040537128682489,0.0474258731775668,0.0474258731775668,0.0474258731775668,0.0474258731775668,0.0474258731775668,0.0428293302814463,0.0474258731775668,0.0474258731775668,0.0474258731775668,0.0454974636916476,0.0474258731775668,0.0474258731775668,0.0474258731775668,0.0474258731775668,0.0376153081599327
ENSG00000205857,NANOGNB,0.0474258731775668,0.0474258731775668,0,0.0474258731775668,0.0474258731775668,0.0474258731775668,0.012680094784767,0.0423564676202894,0,0.0474258731775668,0.0474258731775668,0.0474258731775668,0.0148610052721925,0.0474258731775668,0.0474258731775668,0.0474258731775668,0.0287982961992426,0.0474258731775668,0.0474258731775668,0.0474258731775668,0,0.0474258731775668,0.0474258731775668,0.0442818947319477,0,0.0474258731775668,0.0474258731775668,0.0212532132061169,0,0,0,0.0474258731775668,0.01682942433645,0.0474258731775668,0,0.0474258731775668,0.0474258731775668,0,0.0474258731775668,0
ENSG00000119919,NKX2-3,0,0,0,0.0474258731775668,0.0474258731775668,0.0474258731775668,0.0474258731775668,0.0474258731775668,0.0474258731775668,0.0474258731775668,0.0474258731775668,0.0474258731775668,0.0474258731775668,0.0474258731775668,0.0474258731775668,0,0.0474258731775668,0.0474258731775668,0.0474258731775668,0,0.0474258731775668,0,0.0474258731775668,0.0474258731775668,0.0474258731775668,0.0474258731775668,0.0474258731775668,0.0474258731775668,0.0474258731775668,0.0474258731775668,0.0474258731775668,0.0474258731775668,0,0.0474258731775668,0.0474258731775668,0.0474258731775668,0.0474258731775668,0.0474258731775668,0.0474258731775668,0
ENSG00000232237,ASCL5,0.0474258731775668,0.0474258731775668,0.0474258731775668,0.0474258731775668,0.0474258731775668,0.0474258731775668,0.0474258731775668,0.0474258731775668,0.0474258731775668,0.0474258731775668,0.0474258731775668,0.0474258731775668,0.0474258731775668,0.0474258731775668,0.0474258731775668,0.0474258731775668,0.0474258731775668,0,0.0474258731775668,0.0474258731775668,0.0474258731775668,0,0.0474258731775668,0.0474258731775668,0.0474258731775668,0.0474258731775668,0.0474258731775668,0.0474258731775668,0.0474258731775668,0.0474258731775668,0.0474258731775668,0.0474258731775668,0.0474258731775668,0.0474258731775668,0.0474258731775668,0.0474258731775668,0.0474258731775668,0.0474258731775668,0.0474258731775668,0.0474258731775668
ENSG00000119950,MXI1,0.0474258731775668,0.0474258731775668,0.0474258731775668,0.0474258731775668,0.0474258731775668,0.0474258731775668,0.0474258731775668,0.0474258731775668,0.0474258731775668,0.0474258731775668,0.0474258731775668,0.0474258731775668,0.0474258731775668,0.0474258731775668,0.0474258731775668,0.0474258731775668,0.0474258731775668,0.0474258731775668,0.0474258731775668,0.0474258731775668,0.0474258731775668,0.0474258731775668,0.0474258731775668,0.0474258731775668,0.0474258731775668,0.0474258731775668,0.0474258731775668,0.0474258731775668,0.0474258731775668,0.0474258731775668,0.0474258731775668,0.0474258731775668,0.0474258731775668,0.0474258731775668,0.0474258731775668,0.0474258731775668,0.0474258731775668,0.0474258731775668,0.0474258731775668,0.0474258731775668
ENSG00000120068,HOXB8,0.0474258731775668,0.0474258731775668,0.0474258731775668,0.0945344268681182,0.0578650029748335,0.0474258731775668,0.0474258731775668,0.0518454666497798,0.0474258731775668,0.0474258731775668,0,0.0487877060080208,0.0474258731775668,0.0474258731775668,0.0474258731775668,0.0474258731775668,0.112795406282893,0,0.0474258731775668,0.0488861834090503,0.0474258731775668,0.0474258731775668,0.112795406282893,0.0474258731775668,0.0474258731775668,0.0474258731775668,0.0474258731775668,0.0474258731775668,0.0474258731775668,0.0474258731775668,0.0474258731775668,0.0474258731775668,0.112795406282893,0.0474258731775668,0.0474258731775668,0,0.0904685559392661,0.0474258731775668,0.112795406282893,0
ENSG00000120075,HOXB5,0.0474258731775668,0.0474258731775668,0.0474258731775668,0.0474258731775668,0.0474258731775668,0.0474258731775668,0.0474258731775668,0.0474258731775668,0.0474258731775668,0.0474258731775668,0.0474258731775668,0.0474258731775668,0.0474258731775668,0.0474258731775668,0.0474258731775668,0.0474258731775668,0.0474258731775668,0.0474258731775668,0.0474258731775668,0.0474258731775668,0.0474258731775668,0.0474258731775668,0.0474258731775668,0.0474258731775668,0.0474258731775668,0.0474258731775668,0.0474258731775668,0.0474258731775668,0.0474258731775668,0.0474258731775668,0.0474258731775668,0.0474258731775668,0.0474258731775668,0.0474258731775668,0.0474258731775668,0.0474258731775668,0.0474258731775668,0.0474258731775668,0.0474258731775668,0.0474258731775668
ENSG00000119614,VSX2,0.0474258731775668,0,0,0.0474258731775668,0.0474258731775668,0.0474258731775668,0.0474258731775668,0.0474258731775668,0.0474258731775668,0,0,0,0,0,0,0.0474258731775668,0.0474258731775668,0,0.0474258731775668,0.0474258731775668,0.0474258731775668,0,0.0474258731775668,0.0474258731775668,0.0474258731775668,0,0.0474258731775668,0,0,0.0474258731775668,0,0,0.0474258731775668,0.0474258731775668,0.0474258731775668,0,0.0474258731775668,0,0.0474258731775668,0
ENSG00000213799,ZNF845,0.0474258731775668,0.0474258731775668,0.0474258731775668,0.0474258731775668,0.0474258731775668,0.0474258731775668,0.0474258731775668,0.0474258731775668,0.0474258731775668,0.0474258731775668,0.0474258731775668,0.0474258731775668,0.0474258731775668,0.0474258731775668,0.0474258731775668,0.0474258731775668,0.0474258731775668,0.0474258731775668,0.0474258731775668,0.0474258731775668,0.0474258731775668,0.0474258731775668,0.0474258731775668,0.0474258731775668,0.0474258731775668,0.0474258731775668,0.0474258731775668,0.0474258731775668,0.0474258731775668,0.0474258731775668,0.0474258731775668,0.0474258731775668,0.0474258731775668,0.0474258731775668,0.0474258731775668,0.0474258731775668,0.0474258731775668,0.0474258731775668,0.0474258731775668,0.0474258731775668
ENSG00000118526,TCF21,0.0474258731775668,0.0474258731775668,0.0474258731775668,0.0474258731775668,0.0474258731775668,0.0474258731775668,0.0474258731775668,0.0474258731775668,0.0474258731775668,0.0474258731775668,0.0474258731775668,0.0474258731775668,0.0474258731775668,0.0474258731775668,0.0474258731775668,0.0474258731775668,0.0474258731775668,0.0474258731775668,0.0474258731775668,0.0474258731775668,0.0474258731775668,0.0474258731775668,0.0474258731775668,0.0474258731775668,0.0474258731775668,0.0474258731775668,0.0474258731775668,0.0474258731775668,0.0474258731775668,0.0474258731775668,0.0474258731775668,0.0474258731775668,0.0474258731775668,0.0474258731775668,0.0474258731775668,0.0474258731775668,0.0474258731775668,0.0474258731775668,0.0474258731775668,0.0474258731775668
ENSG00000205899,BHLHA9,0,0,0.0474258731775668,0,0,0,0,0,0.0474258731775668,0,0,0.0474258731775668,0,0,0.0474258731775668,0,0.0474258731775668,0,0,0,0.0474258731775668,0,0,0.0474258731775668,0,0,0,0.0474258731775668,0.0474258731775668,0,0.0474258731775668,0.0474258731775668,0,0,0,0,0.0474258731775668,0.0474258731775668,0.0474258731775668,0
ENSG00000213676,ATF6B,0.0474258731775668,0.0474258731775668,0.0474258731775668,0.0474258731775668,0.0474258731775668,0.0474258731775668,0.0474258731775668,0.0474258731775668,0.0474258731775668,0.0474258731775668,0.0474258731775668,0.0474258731775668,0.0474258731775668,0.0474258731775668,0.0474258731775668,0.0474258731775668,0.0474258731775668,0.0474258731775668,0.0474258731775668,0.0474258731775668,0.0474258731775668,0.0474258731775668,0.0474258731775668,0.0474258731775668,0.0474258731775668,0.0474258731775668,0.0474258731775668,0.0474258731775668,0.0474258731775668,0.0474258731775668,0.0474258731775668,0.0474258731775668,0.0474258731775668,0.0474258731775668,0.0474258731775668,0.0474258731775668,0.0474258731775668,0.0474258731775668,0.0474258731775668,0.0474258731775668
ENSG00000116809,ZBTB17,0.0474258731775668,0.0474258731775668,0.0474258731775668,0.0474258731775668,0.0474258731775668,0.0474258731775668,0.0474258731775668,0.0474258731775668,0.0474258731775668,0.0474258731775668,0.0474258731775668,0.0474258731775668,0.0474258731775668,0.0474258731775668,0.0474258731775668,0.0474258731775668,0.0474258731775668,0.0474258731775668,0.0474258731775668,0.0474258731775668,0.0474258731775668,0.0474258731775668,0.0474258731775668,0.0474258731775668,0.0474258731775668,0.0474258731775668,0.0474258731775668,0.0474258731775668,0.0474258731775668,0.0474258731775668,0.0474258731775668,0.0474258731775668,0.0474258731775668,0.0474258731775668,0.0474258731775668,0.0474258731775668,0.0474258731775668,0.0474258731775668,0.0474258731775668,0.0474258731775668
ENSG00000213347,MXD3,0.0474258731775668,0.015064179794324,0.0474258731775668,0.0474258731775668,0.0271695325568002,0.0458910651826455,0.0474258731775668,0.0474258731775668,0.0474258731775668,0.0474258731775668,0.0474258731775668,0.0474258731775668,0.0363160868446761,0.0474258731775668,0.0474258731775668,0.0464681436110127,0.0338195728765063,0.0357753306352263,0.0295300274416687,0.0474258731775668,0.0474258731775668,0.0474258731775668,0.0363859622859502,0.0474258731775668,0.0114651019809917,0.0474258731775668,0.0474258731775668,0.0474258731775668,0.0474258731775668,0.0425950893898208,0.0474258731775668,0.0474258731775668,0.038322835673943,0.0474258731775668,0.0474258731775668,0.0581990082216541,0.0474258731775668,0.0974568793030828,0.0315944161344286,0.0295600598115437
ENSG00000116990,MYCL,0.0583999964089472,0.107954848304168,0.31518918423712,0.0641473279149619,0.123155224691805,0.0682215304899148,0.0474258731775668,0.0474258731775668,0.0492977068350471,0.127343478522622,0.0587977921927314,0.130010717316413,0.091921515433875,0.187420711412213,0.389751387884493,0.154470524385216,0.0746542414736064,0.0474258731775668,0.102642221580288,0.0758444039636877,0.0525931036486646,0.170223347493469,0.0479415906422614,0.0835322147127156,0.0650083343774355,0.109218648582778,0.122759359652806,0.160445188599618,0.0949724126192125,0.0724090795448162,0.112113861191329,0.0917372692993937,0.0474258731775668,0.0971798097910016,0.203504245575241,0.0474258731775668,0.0669186647071027,0.0474258731775668,0.0736784801286918,0.093194115863387
ENSG00000117000,RLF,0.0474258731775668,0.0474258731775668,0.0474258731775668,0.0474258731775668,0.0474258731775668,0.0474258731775668,0.0474258731775668,0.0474258731775668,0.0474258731775668,0.0474258731775668,0.0474258731775668,0.0474258731775668,0.0474258731775668,0.0474258731775668,0.0474258731775668,0.0474258731775668,0.0474258731775668,0.0474258731775668,0.0474258731775668,0.0474258731775668,0.0474258731775668,0.0474258731775668,0.0474258731775668,0.0474258731775668,0.0474258731775668,0.0474258731775668,0.0474258731775668,0.0474258731775668,0.0474258731775668,0.0474258731775668,0.0474258731775668,0.0474258731775668,0.0474258731775668,0.0474258731775668,0.0474258731775668,0.0474258731775668,0.0474258731775668,0.0474258731775668,0.0474258731775668,0.0474258731775668
ENSG00000077150,NFKB2,0.0215243895219319,0.00453848136320762,0.00913994617725933,0.017470903708666,0.0192840387354105,0.019099576254521,0.0133612584140111,0.00825672968206733,0.0210893063411355,0.0267442407226278,0.0260638067640825,0.017082899246823,0.0122619975986562,0.0198816194824384,0.0260109253952222,0.0185729966287242,0.0211471543368824,0.0156382972709565,0.0117603683457778,0.0245962573984715,0.0134289934012902,0.0217115044741572,0.0126225139205362,0.0151455227933983,0.00934486246680518,0.0290932031035158,0.0279253827537792,0.0182720928176788,0.0244801583378055,0.0198958524873293,0.0278257271964631,0.024781099747181,0.0474258731775668,0.0221264777387812,0.0213677799205853,0.0162332201514486,0.0288996869467196,0.0201603786259081,0.00477954800564146,0.028961576569238
ENSG00000075891,PAX2,0.0474258731775668,0.0350560735718674,0.0205307492941908,0,0,0.0474258731775668,0.0474258731775668,0,0.0474258731775668,0.0474258731775668,0.0474258731775668,0.0474258731775668,0.0401417734556481,0.0474258731775668,0.0159427235150457,0,0.0474258731775668,0.0474258731775668,0.0474258731775668,0,0.00683432292744723,0.0474258731775668,0,0.0404339752471725,0.0474258731775668,0.0474258731775668,0.0450437323390371,0.0474258731775668,0.011369968882362,0.0474258731775668,0.0474258731775668,0.0474258731775668,0,0,0,0.0474258731775668,0.0474258731775668,0,0.0474258731775668,0
ENSG00000118513,MYB,0.0474258731775668,0.0320604934060368,0.0350563140789164,0.0474258731775668,0.0474258731775668,0.0474258731775668,0.0474258731775668,0.0474258731775668,0.0474258731775668,0.0474258731775668,0.0343966959587978,0.0474258731775668,0.0474258731775668,0.0474258731775668,0.0192964596786803,0.0474258731775668,0.0197387836635264,0.0474258731775668,0.0474258731775668,0.0474258731775668,0.0474258731775668,0.0474258731775668,0.0474258731775668,0.0474258731775668,0.0474258731775668,0.0474258731775668,0.0474258731775668,0.0474258731775668,0.0474258731775668,0.0474258731775668,0.0474258731775668,0.0474258731775668,0.0294450542578078,0.0474258731775668,0.0474258731775668,0.0474258731775668,0.0419566911435905,0.0474258731775668,0.0474258731775668,0.0201309309599304
ENSG00000117139,KDM5B,0.0347815470277926,0.137197406322115,0.112182697674742,0.0380144545783968,0.038112366090244,0.0550389882044613,0.0521064787063969,0.0173539129711554,0.0566062801429216,0.0986084896188581,0.165044292165848,0.0584380017982858,0.0441044316252186,0.0434104427750999,0.0319765109156809,0.036384291306597,0.0850546849090249,0.035149437439644,0.0458636838932059,0.0570049970857069,0.0463973477554945,0.0306648887355081,0.0294089229543748,0.0548431081280689,0.0437476549019378,0.0381784675599004,0.0984763601267668,0.0499347448975286,0.0690726611572255,0.0508484206588838,0.0679408651792807,0.018938843403838,0.106095899899518,0.127110668323761,0.0330697987340214,0.174217071179551,0.0144064190142964,0.100851488128339,0.369543376564684,0.0474721618843067
ENSG00000117595,IRF6,0.0474258731775668,0.0474258731775668,0.0709914357604192,0.0900933817972337,0.0474258731775668,0.154711243945077,0.0474258731775668,0.0474258731775668,0.0474258731775668,0.0474258731775668,0.0474258731775668,0.0474258731775668,0.0474258731775668,0.0474258731775668,0.304726018557296,0.0474258731775668,0.5,0.0474258731775668,0.0474258731775668,0.0971891844431072,0.11743544032632,0.0474258731775668,0.0474258731775668,0.0474258731775668,0.0474258731775668,0.0474258731775668,0.0474258731775668,0.0474258731775668,0.0517612811267908,0.0474258731775668,0.197093871145649,0.0474258731775668,0.127577878046293,0.0474258731775668,0.0474258731775668,0.0474258731775668,0.124590081296185,0.328525693996838,0.0487277508333005,0.350286198212796
ENSG00000075426,FOSL2,0.0145836336951797,0.00600458978667169,0.0458774431671194,0.020451550248173,0.0474258731775668,0.0474258731775668,0.0166107374794788,0.0152540641614772,0.0224146220821007,0.0474258731775668,0.0374087330875325,0.0276098568411557,0.0197344227846741,0.0414399250810379,0.0404307168365791,0.0249551152363883,0.0474258731775668,0.0192206871174182,0.0165181607787569,0.0443947804253618,0.0177912091845676,0.0275856091923809,0.0188666646571216,0.0474258731775668,0.00915579282769378,0.0283919540239705,0.0383536539907061,0.0253141925065758,0.0271126531118991,0.0272714094735979,0.0425107329520772,0.0244647088306354,0.0474258731775668,0.0474258731775668,0.0474258731775668,0.0356111613414218,0.033078328810492,0.0312279357014755,0.0358417026425016,0.0232395045041294
ENSG00000205922,ONECUT3,0.0474258731775668,0.0474258731775668,0.0474258731775668,0.0474258731775668,0.0474258731775668,0.0474258731775668,0.0474258731775668,0.0474258731775668,0.0474258731775668,0.0474258731775668,0.0474258731775668,0.0474258731775668,0.0474258731775668,0.0474258731775668,0.0474258731775668,0.0474258731775668,0.0474258731775668,0.0474258731775668,0.0474258731775668,0.0474258731775668,0.0474258731775668,0.0474258731775668,0.0474258731775668,0.0474258731775668,0.0474258731775668,0.0474258731775668,0.0474258731775668,0.0474258731775668,0.0474258731775668,0.0474258731775668,0.0474258731775668,0.0474258731775668,0.0474258731775668,0.0474258731775668,0.0474258731775668,0.0474258731775668,0.0474258731775668,0.0474258731775668,0.0474258731775668,0.0474258731775668
ENSG00000117713,ARID1A,0.0474258731775668,0.0714947778806449,0.0474258731775668,0.0536185550409338,0.106453997544523,0.0474258731775668,0.0474258731775668,0.0474258731775668,0.0474258731775668,0.191412023445578,0.0474258731775668,0.0474258731775668,0.0474258731775668,0.0915847960482437,0.0911069726543156,0.0474258731775668,0.0474258731775668,0.166336357489675,0.0580356989207015,0.0474258731775668,0.0474258731775668,0.0474258731775668,0.0474258731775668,0.161475856784611,0.0474258731775668,0.0474258731775668,0.0474258731775668,0.0474258731775668,0.0474258731775668,0.0474258731775668,0.0474258731775668,0.0474258731775668,0.19858064396103,0.133895729002974,0.0772355151289906,0.162980214235283,0.0666592366258938,0.135594335757575,0.116192178116562,0.0474258731775668
ENSG00000073861,TBX21,0.0474258731775668,0.0474258731775668,0.0474258731775668,0.0474258731775668,0.0474258731775668,0.0474258731775668,0.0474258731775668,0.0474258731775668,0.0474258731775668,0.0474258731775668,0.0474258731775668,0.0474258731775668,0.0474258731775668,0.0474258731775668,0.0474258731775668,0.0474258731775668,0.0474258731775668,0.0474258731775668,0.0474258731775668,0.0474258731775668,0.0474258731775668,0.0474258731775668,0.0474258731775668,0.0474258731775668,0.0474258731775668,0.0474258731775668,0.0474258731775668,0.0474258731775668,0.0474258731775668,0.0474258731775668,0.0474258731775668,0.0474258731775668,0.0474258731775668,0.0474258731775668,0.0474258731775668,0.0474258731775668,0.0474258731775668,0.0474258731775668,0.0474258731775668,0.0474258731775668
ENSG00000073614,KDM5A,0.0813781518311414,0.0785170608081913,0.0474258731775668,0.0862629449051758,0.152836624563375,0.104660618982777,0.0474258731775668,0.0638583570389415,0.058506276236977,0.131958634022375,0.0711041968456745,0.0474258731775668,0.0654898811774158,0.0474258731775668,0.121511124877928,0.0613671055168887,0.102283940488077,0.276149302114549,0.0474258731775668,0.0474258731775668,0.178095172564654,0.0474258731775668,0.111605318461109,0.0859306600240112,0.0801257544712615,0.0715021271285958,0.0685986664357637,0.0512760176699764,0.0474258731775668,0.0742469387988763,0.0777262561411725,0.0968432151061808,0.0946252052263724,0.0513417642233654,0.0697721693974713,0.203483460437083,0.230989654157757,0.11261297663287,0.310425981120847,0.108437633862823
ENSG00000256683,ZNF350,0.0857295381796835,0.180183006004855,0.0677812048125528,0.179118948568374,0.101146417918155,0.0826336384129641,0.10739149452475,0.109640446386687,0.0967808198279302,0.143612368925093,0.238272438075321,0.129837544482036,0.0474258731775668,0.0474258731775668,0.0874820470237206,0.0581012255405107,0.114170170552578,0.223509457096035,0.0633977387178273,0.0609005787012028,0.0667737029085159,0.0474258731775668,0.13012580653139,0.0798476939671015,0.125988081342849,0.0632803536237747,0.107379808400993,0.0670701594631032,0.0474258731775668,0.14159375319356,0.0927090529268204,0.0474258731775668,0.102222852026844,0.0617224575289303,0.098876465542325,0.0195172823205415,0.137984293459915,0.0605465890124528,0.241790057873688,0.10541924102578
ENSG00000117318,ID3,0.0474258731775668,0.0474258731775668,0.0474258731775668,0.0474258731775668,0.0474258731775668,0.0474258731775668,0.0474258731775668,0.0474258731775668,0.0474258731775668,0.0474258731775668,0.0474258731775668,0.0474258731775668,0.0474258731775668,0.0474258731775668,0.0474258731775668,0.0474258731775668,0.0474258731775668,0.0474258731775668,0.0474258731775668,0.0474258731775668,0.0474258731775668,0.0474258731775668,0.0474258731775668,0.0474258731775668,0.0474258731775668,0.0474258731775668,0.0474258731775668,0.0474258731775668,0.0474258731775668,0.0474258731775668,0.0474258731775668,0.0474258731775668,0.0474258731775668,0.0474258731775668,0.0474258731775668,0.0474258731775668,0.0474258731775668,0.0474258731775668,0.0474258731775668,0.0474258731775668
ENSG00000069011,PITX1,0.0474258731775668,0,0.0474258731775668,0.395345102638574,0.0508089200529085,0.0474258731775668,0.0474258731775668,0.0474258731775668,0.0416347781732531,0.0474258731775668,0.0474258731775668,0.062650440199341,0.0474258731775668,0.0474258731775668,0.0496688576099599,0.0474258731775668,0.0474258731775668,0.0474258731775668,0.0474258731775668,0.0388289453349253,0.034559995216989,0.0474258731775668,0.0474258731775668,0.0474258731775668,0.033478453153925,0.0474258731775668,0.0474258731775668,0.0474258731775668,0.317675149792899,0.0474258731775668,0.201230289283875,0.0474258731775668,0.0474258731775668,0.0474258731775668,0.0483237399635502,0.0474258731775668,0.0502390236196079,0.0474258731775668,0.0270324990501923,0.0474258731775668
ENSG00000112182,BACH2,0.0474258731775668,0.0334144061422919,0.0421983540215315,0.0474258731775668,0.0474258731775668,0.0474258731775668,0.0474258731775668,0.0474258731775668,0.0474258731775668,0.0474258731775668,0.0474258731775668,0.0474258731775668,0.0474258731775668,0.0474258731775668,0.0474258731775668,0.0474258731775668,0.0474258731775668,0.0474258731775668,0.0474258731775668,0.0474258731775668,0.0474258731775668,0.0474258731775668,0.0474258731775668,0.0474258731775668,0.0474258731775668,0.0474258731775668,0.0474258731775668,0.0474258731775668,0.0474258731775668,0.0474258731775668,0.0474258731775668,0.0474258731775668,0.0474258731775668,0.0474258731775668,0.0474258731775668,0.0474258731775668,0.0395922403901412,0.0474258731775668,0.0474258731775668,0.0474258731775668
ENSG00000214652,ZNF727,0.0474258731775668,0.0474258731775668,0.0474258731775668,0.0474258731775668,0.0474258731775668,0.0474258731775668,0.0474258731775668,0.0474258731775668,0.0474258731775668,0.0474258731775668,0.0474258731775668,0.0474258731775668,0.0474258731775668,0.0474258731775668,0.0474258731775668,0.0474258731775668,0.0474258731775668,0.0474258731775668,0.0474258731775668,0.0474258731775668,0.0474258731775668,0.0474258731775668,0.0474258731775668,0.0474258731775668,0.0474258731775668,0.0474258731775668,0.0474258731775668,0.0474258731775668,0.0474258731775668,0.0474258731775668,0.0474258731775668,0.0474258731775668,0.0474258731775668,0.0474258731775668,0.0474258731775668,0.0474258731775668,0.0474258731775668,0.0474258731775668,0.0474258731775668,0.0474258731775668
ENSG00000101115,SALL4,0.0356445004107383,0.0474258731775668,0.0474258731775668,0.0474258731775668,0.0474258731775668,0.0412734252855438,0.0474258731775668,0.0474258731775668,0.0309928951237532,0.0474258731775668,0.0474258731775668,0.0474258731775668,0.0474258731775668,0.0474258731775668,0.0474258731775668,0.0474258731775668,0.0474258731775668,0.0402090585769369,0.0380726405675877,0.0474258731775668,0.0474258731775668,0.0474258731775668,0.0474258731775668,0.0474258731775668,0.0474258731775668,0.0474258731775668,0.0474258731775668,0.0474258731775668,0.0474258731775668,0.0474258731775668,0.0474258731775668,0.0474258731775668,0.0474258731775668,0.0474258731775668,0.0474258731775668,0.0474258731775668,0.0474258731775668,0.0242715543876144,0.0474258731775668,0
ENSG00000101096,NFATC2,0.0474258731775668,0.0474258731775668,0.0474258731775668,0.0474258731775668,0.0474258731775668,0.0474258731775668,0.0474258731775668,0.0474258731775668,0.0474258731775668,0.0474258731775668,0.0474258731775668,0.0474258731775668,0.0474258731775668,0.0474258731775668,0.0474258731775668,0.0474258731775668,0.0474258731775668,0.0474258731775668,0.0474258731775668,0.0474258731775668,0.0474258731775668,0.0474258731775668,0.0474258731775668,0.0474258731775668,0.0474258731775668,0.0474258731775668,0.0474258731775668,0.0474258731775668,0.0474258731775668,0.0474258731775668,0.0474258731775668,0.0474258731775668,0.0474258731775668,0.0474258731775668,0.0474258731775668,0.0474258731775668,0.0474258731775668,0.0474258731775668,0.0474258731775668,0.0474258731775668
ENSG00000101057,MYBL2,0.0474258731775668,0.0474258731775668,0.0474258731775668,0.0474258731775668,0.0474258731775668,0.0474258731775668,0.0474258731775668,0.0474258731775668,0.0474258731775668,0.0474258731775668,0.0474258731775668,0.0474258731775668,0.0474258731775668,0.0474258731775668,0.0474258731775668,0.0474258731775668,0.0474258731775668,0.0474258731775668,0.0474258731775668,0.0474258731775668,0.0474258731775668,0.0474258731775668,0.0474258731775668,0.0474258731775668,0.0474258731775668,0.0474258731775668,0.0474258731775668,0.0474258731775668,0.0474258731775668,0.0474258731775668,0.0474258731775668,0.0474258731775668,0.0474258731775668,0.0474258731775668,0.0474258731775668,0.0474258731775668,0.0474258731775668,0.0474258731775668,0.0474258731775668,0.0474258731775668
ENSG00000105856,HBP1,0.0474258731775668,0.0474258731775668,0.0474258731775668,0.0474258731775668,0.129943715474399,0.0478000948853536,0.0474258731775668,0.0474258731775668,0.0474258731775668,0.0750524809853759,0.0474258731775668,0.0474258731775668,0.0474258731775668,0.0474258731775668,0.10871073274708,0.0474258731775668,0.170064069309236,0.0474258731775668,0.0474258731775668,0.0745701678225659,0.0474258731775668,0.0474258731775668,0.0474258731775668,0.135986528247057,0.0474258731775668,0.0474258731775668,0.0474258731775668,0.0474258731775668,0.0474258731775668,0.0474258731775668,0.0474258731775668,0.0474258731775668,0.186239962241947,0.0474258731775668,0.0474258731775668,0.120088553589348,0.141373781970076,0.0474258731775668,0.362295647318556,0.0474258731775668
ENSG00000105866,SP4,0.0474258731775668,0.0474258731775668,0.0474258731775668,0.0474258731775668,0.0890312308333653,0.0474258731775668,0.0474258731775668,0.0474258731775668,0.0474258731775668,0.0617380198454441,0.0474258731775668,0.0474258731775668,0.0474258731775668,0.0474258731775668,0.0474258731775668,0.0474258731775668,0.0474258731775668,0.0474258731775668,0.0474258731775668,0.0638636683824591,0.0474258731775668,0.11891802849452,0.0474258731775668,0.0542868022863369,0.0474258731775668,0.126375394684437,0.0474258731775668,0.0677003181493357,0.0474258731775668,0.052895600632766,0.150008203234723,0.0474258731775668,0.0458548237991026,0.174354659245514,0.0474258731775668,0.0347138089632295,0.0776432978763971,0.0474258731775668,0.0701438655750657,0.0474258731775668
ENSG00000223614,ZNF735,0,0,0.0474258731775668,0,0,0,0,0,0.0474258731775668,0,0,0,0,0,0.0474258731775668,0,0,0,0,0,0,0,0,0,0,0,0,0,0,0.0474258731775668,0,0,0,0,0,0,0.0474258731775668,0,0,0
ENSG00000243943,ZNF512,0.0474258731775668,0.0474258731775668,0.0474258731775668,0.0474258731775668,0.0441941455093552,0.0474258731775668,0.0474258731775668,0.0474258731775668,0.0474258731775668,0.0474258731775668,0.0474258731775668,0.0474258731775668,0.0474258731775668,0.0474258731775668,0.0474258731775668,0.0474258731775668,0.0474258731775668,0.0376774186073769,0.0396168574767421,0.0474258731775668,0.0440940548316825,0.0474258731775668,0.0452090417915713,0.0474258731775668,0.0474258731775668,0.0474258731775668,0.0474258731775668,0.0474258731775668,0.0474258731775668,0.0474258731775668,0.0437435710749844,0.0474258731775668,0.0474258731775668,0.0474258731775668,0.0474258731775668,0.0474258731775668,0.0474258731775668,0.0382429837699439,0.0474258731775668,0.0474258731775668
ENSG00000105732,ZNF574,0.0474258731775668,0.0474258731775668,0.0474258731775668,0.0474258731775668,0.0474258731775668,0.0474258731775668,0.0474258731775668,0.0474258731775668,0.0474258731775668,0.0474258731775668,0.0474258731775668,0.0474258731775668,0.0474258731775668,0.0474258731775668,0.0474258731775668,0.0474258731775668,0.0474258731775668,0.0474258731775668,0.0474258731775668,0.0858752737075764,0.0474258731775668,0.0474258731775668,0.0474258731775668,0.0474258731775668,0.0474258731775668,0.0474258731775668,0.0474258731775668,0.0474258731775668,0.0474258731775668,0.0474258731775668,0.0474258731775668,0.0474258731775668,0.0474258731775668,0.0474258731775668,0.0474258731775668,0.0474258731775668,0.110083449847637,0.0474258731775668,0.0474258731775668,0.0474258731775668
ENSG00000100811,YY1,0.0474258731775668,0.0474258731775668,0.0474258731775668,0.0474258731775668,0.0474258731775668,0.0474258731775668,0.0474258731775668,0.0474258731775668,0.0474258731775668,0.0584300859453598,0.0474258731775668,0.0474258731775668,0.0474258731775668,0.0474258731775668,0.0474258731775668,0.0474258731775668,0.0474258731775668,0.0474258731775668,0.0474258731775668,0.0474258731775668,0.0474258731775668,0.0474258731775668,0.0474258731775668,0.0991837084953708,0.0474258731775668,0.0474258731775668,0.0474258731775668,0.0474258731775668,0.0474258731775668,0.0474258731775668,0.0474258731775668,0.0474258731775668,0.0474258731775668,0.0474258731775668,0.0474258731775668,0.0474258731775668,0.0474258731775668,0.0474258731775668,0.0474258731775668,0.0474258731775668
ENSG00000105996,HOXA2,0.0474258731775668,0.0474258731775668,0.0474258731775668,0.0474258731775668,0.0474258731775668,0.0474258731775668,0.0474258731775668,0.0474258731775668,0.0474258731775668,0.0474258731775668,0.0474258731775668,0.0474258731775668,0.0474258731775668,0.0474258731775668,0.0474258731775668,0.0474258731775668,0.0474258731775668,0.0474258731775668,0.0474258731775668,0.0474258731775668,0.0474258731775668,0.0474258731775668,0.0474258731775668,0.0474258731775668,0.0474258731775668,0.0474258731775668,0.0472184182284004,0.0474258731775668,0.0474258731775668,0.0474258731775668,0.0474258731775668,0.0474258731775668,0.0474258731775668,0.0474258731775668,0.0474258731775668,0.0474258731775668,0.0474258731775668,0.0474258731775668,0.0474258731775668,0.0474258731775668
ENSG00000106004,HOXA5,0.0474258731775668,0.0474258731775668,0.0474258731775668,0.0474258731775668,0.0474258731775668,0.0474258731775668,0.0474258731775668,0.035951356814947,0.0377395119744677,0.0474258731775668,0.012634320272346,0.0474258731775668,0.0474258731775668,0.0474258731775668,0.0474258731775668,0.0474258731775668,0.0474258731775668,0.0474258731775668,0.0300506797176192,0.0474258731775668,0.0474258731775668,0.0420047336677782,0.0474258731775668,0.0474258731775668,0.0474258731775668,0.0474258731775668,0.0392376668553018,0.0474258731775668,0.0474258731775668,0.0474258731775668,0.0474258731775668,0.0474258731775668,0.0474258731775668,0.0474258731775668,0.0474258731775668,0.0474258731775668,0.0474258731775668,0.00943476789951238,0.0474258731775668,0.0474258731775668
ENSG00000106006,HOXA6,0.0347866760455164,0.0474258731775668,0.00930687377069055,0.0474258731775668,0.0474258731775668,0.0474258731775668,0.0474258731775668,0.0334497263792201,0.0191421071517586,0.0474258731775668,0.0474258731775668,0.044978092352591,0.0130022528252459,0.0474258731775668,0.0474258731775668,0.0474258731775668,0.0474258731775668,0.0179993263278017,0.0474258731775668,0.0260004343453862,0.0474258731775668,0.0474258731775668,0.0474258731775668,0.0474258731775668,0.0429686012926595,0.0474258731775668,0.0474258731775668,0.0474258731775668,0.0346455255326496,0.0474258731775668,0.0474258731775668,0.0474258731775668,0.0121733050349522,0.0474258731775668,0.0474258731775668,0,0.0474258731775668,0,0.0359304878356703,0
ENSG00000106031,HOXA13,0.0474258731775668,0.0474258731775668,0,0.0434762414656441,0.0474258731775668,0.0474258731775668,0.0474258731775668,0.0474258731775668,0.00200134122829104,0.0474258731775668,0.0474258731775668,0.0474258731775668,0,0.0474258731775668,0.0474258731775668,0.0474258731775668,0.0474258731775668,0.0474258731775668,0.0428259101389723,0.0474258731775668,0.0474258731775668,0.0474258731775668,0.0474258731775668,0.0474258731775668,0.0474258731775668,0.0474258731775668,0.0474258731775668,0.0474258731775668,0.0474258731775668,0.0372745108802719,0.0474258731775668,0.0474258731775668,0.0474258731775668,0.0474258731775668,0.0474258731775668,0,0.0474258731775668,0.0474258731775668,0,0
ENSG00000106261,ZKSCAN1,0.0474258731775668,0.0474258731775668,0.0474258731775668,0.0835056888188351,0.0474258731775668,0.0615663982004164,0.0783743388949171,0.0474258731775668,0.0474258731775668,0.0474258731775668,0.0474258731775668,0.0474258731775668,0.0474258731775668,0.0474258731775668,0.0523922877453628,0.0474258731775668,0.0474258731775668,0.0474258731775668,0.0474258731775668,0.0474258731775668,0.12327643123279,0.0474258731775668,0.0813183631034692,0.0868599983971826,0.0484124947818713,0.0474258731775668,0.0474258731775668,0.0474258731775668,0.0474258731775668,0.0618986612586315,0.139287140058442,0.0474258731775668,0.0594840071827747,0.0474258731775668,0.0474258731775668,0.0939248082435753,0.0500260739010775,0.0474258731775668,0.562252654139557,0.0474258731775668
ENSG00000106331,PAX4,0.0474258731775668,0.0474258731775668,0,0.0119869069270962,0.00726662771360821,0.0474258731775668,0.0474258731775668,0,0,0.0474258731775668,0,0,0,0.0474258731775668,0,0,0.0474258731775668,0,0.0474258731775668,0,0.0267303578113893,0,0.0474258731775668,0.0474258731775668,0.0474258731775668,0.0474258731775668,0.0474258731775668,0.0474258731775668,0.0474258731775668,0.0474258731775668,0.0474258731775668,0.0474258731775668,0.0474258731775668,0.0474258731775668,0.0474258731775668,0,0.0474258731775668,0,0.0474258731775668,0.0474258731775668
ENSG00000106410,NOBOX,0,0,0,0,0,0,0,0,0,0,0,0,0,0,0,0,0,0,0,0,0.952574126822433,0,0,0,0,0,0,0,0,0,0,0,0,0,0,0.952574126822433,0.0566809195873432,0,0,0
ENSG00000100644,HIF1A,0.0474258731775668,0.0474258731775668,0.0471790012616993,0.0474258731775668,0.0474258731775668,0.0474258731775668,0.0474258731775668,0.0474258731775668,0.0474258731775668,0.0474258731775668,0.0474258731775668,0.0474258731775668,0.0474258731775668,0.0474258731775668,0.0474258731775668,0.0474258731775668,0.0474258731775668,0.0474258731775668,0.0474258731775668,0.0474258731775668,0.0474258731775668,0.0474258731775668,0.0474258731775668,0.0474258731775668,0.0474258731775668,0.0474258731775668,0.0474258731775668,0.0474258731775668,0.0474258731775668,0.0474258731775668,0.0474258731775668,0.0474258731775668,0.0474258731775668,0.0474258731775668,0.0474258731775668,0.0474258731775668,0.0474258731775668,0.0474258731775668,0.0474258731775668,0.0474258731775668
ENSG00000106511,MEOX2,0.0474258731775668,0.0474258731775668,0.0474258731775668,0.0474258731775668,0.0474258731775668,0.0474258731775668,0.0474258731775668,0.0474258731775668,0.0474258731775668,0.0474258731775668,0.0474258731775668,0.0474258731775668,0.0474258731775668,0.0474258731775668,0.0474258731775668,0.0474258731775668,0.0474258731775668,0.0474258731775668,0.0474258731775668,0.0474258731775668,0.0474258731775668,0.0474258731775668,0.0474258731775668,0.0474258731775668,0.0474258731775668,0.0474258731775668,0.0474258731775668,0.0474258731775668,0.0474258731775668,0.0474258731775668,0.0474258731775668,0.0474258731775668,0.0474258731775668,0.0474258731775668,0.0474258731775668,0.0474258731775668,0.0474258731775668,0.0474258731775668,0.0474258731775668,0.0474258731775668
ENSG00000225614,ZNF469,0.0474258731775668,0.0474258731775668,0.0474258731775668,0.0474258731775668,0.0474258731775668,0.0474258731775668,0.0474258731775668,0.0474258731775668,0.0474258731775668,0.0474258731775668,0.0474258731775668,0.0474258731775668,0.0474258731775668,0.0474258731775668,0.0474258731775668,0.0474258731775668,0.0474258731775668,0.0474258731775668,0.0474258731775668,0.0474258731775668,0.0474258731775668,0.0474258731775668,0.0474258731775668,0.0474258731775668,0.0474258731775668,0.0474258731775668,0.0474258731775668,0.0474258731775668,0.0474258731775668,0.0474258731775668,0.0474258731775668,0.0474258731775668,0.0474258731775668,0.0474258731775668,0.0474258731775668,0.0474258731775668,0.0474258731775668,0.0474258731775668,0.0474258731775668,0.0474258731775668
ENSG00000105708,ZNF14,0.0474258731775668,0.0474258731775668,0.0474258731775668,0.0474258731775668,0.0474258731775668,0.0474258731775668,0.0474258731775668,0.0474258731775668,0.0474258731775668,0.0474258731775668,0.0474258731775668,0.0474258731775668,0.0474258731775668,0.0474258731775668,0.0474258731775668,0.0474258731775668,0.0474258731775668,0.0474258731775668,0.0474258731775668,0.0474258731775668,0.0474258731775668,0.0474258731775668,0.0474258731775668,0.0474258731775668,0.0474258731775668,0.0474258731775668,0.0474258731775668,0.0474258731775668,0.0474258731775668,0.0474258731775668,0.0474258731775668,0.0474258731775668,0.0474258731775668,0.0474258731775668,0.0474258731775668,0.0474258731775668,0.0474258731775668,0.0474258731775668,0.0474258731775668,0.0474258731775668
ENSG00000233608,TWIST2,0.0474258731775668,0.0474258731775668,0.0474258731775668,0.0474258731775668,0.0474258731775668,0.0474258731775668,0.0474258731775668,0.0474258731775668,0.0474258731775668,0.0474258731775668,0.0474258731775668,0.0474258731775668,0.0474258731775668,0.0474258731775668,0.0474258731775668,0.0474258731775668,0.0474258731775668,0.0474258731775668,0.0474258731775668,0.0474258731775668,0.0474258731775668,0.0474258731775668,0.0474258731775668,0.0474258731775668,0.0474258731775668,0.0474258731775668,0.0474258731775668,0.0474258731775668,0.0474258731775668,0.0474258731775668,0.0474258731775668,0.0474258731775668,0.0474258731775668,0.0474258731775668,0.0474258731775668,0.0474258731775668,0.0474258731775668,0.0474258731775668,0.0474258731775668,0.0474258731775668
ENSG00000102974,CTCF,0.0474258731775668,0.0554769302630679,0.0319134706637111,0.0474258731775668,0.0474258731775668,0.0517166250943555,0.0703305560427193,0.0474258731775668,0.0474258731775668,0.0474258731775668,0.0824514528400058,0.0474258731775668,0.0474258731775668,0.0474258731775668,0.0541247851427526,0.0474258731775668,0.0562244373122374,0.0474258731775668,0.0474258731775668,0.0517176511478777,0.0474258731775668,0.0474258731775668,0.0474258731775668,0.0474258731775668,0.0474258731775668,0.0474258731775668,0.0474258731775668,0.0474258731775668,0.0474258731775668,0.0474258731775668,0.0474258731775668,0.0474258731775668,0.0474258731775668,0.0474258731775668,0.0474258731775668,0.0487202078882847,0.0607450750135198,0.0474258731775668,0.130117394327709,0.0474258731775668
ENSG00000230797,YY2,0.0474258731775668,0.0474258731775668,0.0474258731775668,0.0474258731775668,0.0474258731775668,0.0474258731775668,0.0474258731775668,0.0474258731775668,0.0474258731775668,0.0474258731775668,0.0474258731775668,0.0474258731775668,0.0474258731775668,0.0474258731775668,0.0474258731775668,0.0474258731775668,0.0474258731775668,0.0474258731775668,0.0474258731775668,0.0474258731775668,0.0474258731775668,0.0474258731775668,0.0474258731775668,0.0474258731775668,0.0474258731775668,0.0474258731775668,0.0474258731775668,0.0474258731775668,0.0474258731775668,0.0474258731775668,0.0474258731775668,0.0474258731775668,0.0474258731775668,0.0474258731775668,0.0474258731775668,0.0474258731775668,0.0474258731775668,0.0474258731775668,0.0474258731775668,0.0474258731775668
ENSG00000235608,NKX1-1,0,0,0,0,0,0,0,0,0.0474258731775668,0,0,0,0,0,0,0,0,0,0,0,0,0,0,0,0,0,0,0,0,0,0,0,0,0,0,0,0.0474258731775668,0,0,0
ENSG00000229676,ZNF492,0.0474258731775668,0.0474258731775668,0.0474258731775668,0.0474258731775668,0.0474258731775668,0.0474258731775668,0.0474258731775668,0.0474258731775668,0.0474258731775668,0.0474258731775668,0.0474258731775668,0.0474258731775668,0.0474258731775668,0.0474258731775668,0.0474258731775668,0.0474258731775668,0.0474258731775668,0.0474258731775668,0.0474258731775668,0.0474258731775668,0.0474258731775668,0.0474258731775668,0.0474258731775668,0.0474258731775668,0.0474258731775668,0.0474258731775668,0.0474258731775668,0.0474258731775668,0.0474258731775668,0.0474258731775668,0.0474258731775668,0.0474258731775668,0.0474258731775668,0.0474258731775668,0.0474258731775668,0.0474258731775668,0.0474258731775668,0.0474258731775668,0.0474258731775668,0.0474258731775668
ENSG00000102908,NFAT5,0.0113511730616541,0.00440132943657566,0.00496513075339252,0.00590666900386238,0.0196804081736741,0.0189803614206748,0.00228713733388382,0.00766470159619853,0.0109182871747451,0.0220595987203066,0.0110876371333032,0.0104482274559745,0.0285812188369337,0.0108400087428924,0.018568470449255,0.0123767046669994,0.0225008901782484,0.0279477625588799,0.0130724074989415,0.0180803783305048,0.0230338984915686,0.0294502111886533,0.0241085211613811,0.0124448410302633,0.0171949209902613,0.0100738701918653,0.0140961082175618,0.0169828670405981,0.0136693769984887,0.0177865683275977,0.0128976465182321,0.015008076385225,0.0116791582094688,0.0105571841547417,0.00709824795807352,0.00965941564990479,0.0295713704248707,0.0160258961295428,0.030086872837942,0.0453235892980461
ENSG00000105261,OVOL3,0,0,0,0.0474258731775668,0.0066506407961274,0.0474258731775668,0.0216422341866158,0.0474258731775668,0.0474258731775668,0.0474258731775668,0.0474258731775668,0.0474258731775668,0,0.0474258731775668,0,0.0474258731775668,0.0474258731775668,0.0256010460869426,0.0474258731775668,0.0474258731775668,0,0,0.0474258731775668,0.0474258731775668,0.0474258731775668,0.0474258731775668,0.0474258731775668,0,0,0.0390253810224521,0,0.0474258731775668,0.0474258731775668,0.0232072171666577,0.0474258731775668,0,0.0474258731775668,0.0474258731775668,0.0474258731775668,0
ENSG00000105717,PBX4,0.0105476290158215,0,0.00844095417383982,0.01261137098506,0.00661890749654585,0.00658496952828845,0.0124415496785008,0.0125097621249597,0.0201975217458684,0.00791403798418787,0,0.0120788248958395,0.0112433616151137,0.0308820876703669,0.0112341518353562,0.0126566185255061,0.00697690451098665,0.0119165223859949,0.0284795113210088,0,0.00189530653380827,0.0128683297508561,0.00566042165351883,0.0114098049237789,0.0125590737365844,0.0158029781424998,0.0329154592728075,0.00129835313908097,0.0217044275683795,0.0107058316074846,0,0.0168179300482364,0,0.00130129045678194,0.00884499446540996,0,0.0474258731775668,0.00474943312652819,0.015140145007222,0
ENSG00000105392,CRX,0,0,0.0342451301348906,0.0035596993867458,0,0,0,0,0,0,0,0,0,0,0,0,0,0,0,0,0,0,0,0,0,0,0,0,0,0,0,0,0,0,0,0,0.475425707204178,0,0,0
ENSG00000102554,KLF5,0.0474258731775668,0.0474258731775668,0.0474258731775668,0.0474258731775668,0.0474258731775668,0.0474258731775668,0.0474258731775668,0.0474258731775668,0.0474258731775668,0.0474258731775668,0.0474258731775668,0.0474258731775668,0.0474258731775668,0.0474258731775668,0.0474258731775668,0.0474258731775668,0.0474258731775668,0.0474258731775668,0.0474258731775668,0.0474258731775668,0.0474258731775668,0.0474258731775668,0.0474258731775668,0.0474258731775668,0.0474258731775668,0.0474258731775668,0.0474258731775668,0.0474258731775668,0.0474258731775668,0.0474258731775668,0.0474258731775668,0.0474258731775668,0.0474258731775668,0.0474258731775668,0.0474258731775668,0.0474258731775668,0.0189449330623974,0.0474258731775668,0.0474258731775668,0.0474258731775668
ENSG00000102034,ELF4,0.0474258731775668,0.0474258731775668,0.0474258731775668,0.0474258731775668,0.0474258731775668,0.0474258731775668,0.0474258731775668,0.0474258731775668,0.0474258731775668,0.0474258731775668,0.0474258731775668,0.0474258731775668,0.0474258731775668,0.0474258731775668,0.0474258731775668,0.0474258731775668,0.0474258731775668,0.0474258731775668,0.0474258731775668,0.0474258731775668,0.0474258731775668,0.0474258731775668,0.0474258731775668,0.0474258731775668,0.0474258731775668,0.0474258731775668,0.0474258731775668,0.050205175330967,0.0474258731775668,0.0474258731775668,0.0474258731775668,0.0474258731775668,0.0531646392128186,0.0474258731775668,0.0474258731775668,0.0474258731775668,0.0474258731775668,0.0474258731775668,0.0474258731775668,0.0474258731775668
ENSG00000229544,NKX1-2,0.0474258731775668,0,0,0,0,0,0.0474258731775668,0.0474258731775668,0.0474258731775668,0,0.0474258731775668,0.0474258731775668,0,0.0474258731775668,0,0.0474258731775668,0.0474258731775668,0.0474258731775668,0.0474258731775668,0,0,0.0474258731775668,0.0474258731775668,0.0474258731775668,0,0,0.0474258731775668,0.0474258731775668,0.0474258731775668,0.0474258731775668,0.0474258731775668,0.0474258731775668,0,0.0474258731775668,0.0474258731775668,0,0.0474258731775668,0.0474258731775668,0,0
ENSG00000105610,KLF1,0.0474258731775668,0,0.0474258731775668,0.0474258731775668,0.0474258731775668,0.0474258731775668,0.0474258731775668,0.0474258731775668,0.0474258731775668,0.0474258731775668,0.0474258731775668,0.0474258731775668,0.0474258731775668,0.0474258731775668,0.0474258731775668,0.0474258731775668,0.0474258731775668,0,0.0474258731775668,0.0474258731775668,0.0474258731775668,0,0,0.0474258731775668,0.0474258731775668,0.0474258731775668,0.0474258731775668,0.0474258731775668,0.0474258731775668,0.0474258731775668,0.0474258731775668,0.0474258731775668,0.0474258731775668,0,0,0,0.0474258731775668,0,0.0474258731775668,0.0474258731775668
ENSG00000101544,ADNP2,0.054187850385168,0.0474258731775668,0.0728981287315202,0.0474258731775668,0.0474258731775668,0.0474258731775668,0.0474258731775668,0.0474258731775668,0.0474258731775668,0.0703210727587641,0.0474258731775668,0.0474258731775668,0.0474258731775668,0.0474258731775668,0.0474258731775668,0.0474258731775668,0.0503807737807017,0.0474258731775668,0.0474258731775668,0.0474258731775668,0.096867397774338,0.0474258731775668,0.0474258731775668,0.0474258731775668,0.0474258731775668,0.0474258731775668,0.0530846063197491,0.114558493689329,0.0474258731775668,0.0824833249848775,0.0774050670433895,0.0474258731775668,0.0949952898056317,0.0474258731775668,0.0794243454807707,0.0474258731775668,0.151848399793449,0.059665188123929,0.172981367406474,0.0609090362794738
ENSG00000101412,E2F1,0.0474258731775668,0.0474258731775668,0.0474258731775668,0.0474258731775668,0.0474258731775668,0.0474258731775668,0.0474258731775668,0.0474258731775668,0.0474258731775668,0.0474258731775668,0.0474258731775668,0.0474258731775668,0.0474258731775668,0.0474258731775668,0.0474258731775668,0.0474258731775668,0.0474258731775668,0.0474258731775668,0.0474258731775668,0.0474258731775668,0.0474258731775668,0.0474258731775668,0.0474258731775668,0.0474258731775668,0.0474258731775668,0.0474258731775668,0.0474258731775668,0.0474258731775668,0.0474258731775668,0.0474258731775668,0.0474258731775668,0.0474258731775668,0.0474258731775668,0.0474258731775668,0.0474258731775668,0.0474258731775668,0.0474258731775668,0.0474258731775668,0.0474258731775668,0.0474258731775668
ENSG00000242852,ZNF709,0.0474258731775668,0.0474258731775668,0.0474258731775668,0.0474258731775668,0.0474258731775668,0.0474258731775668,0.0474258731775668,0.0474258731775668,0.0474258731775668,0.0474258731775668,0.0474258731775668,0.0474258731775668,0.0474258731775668,0.0474258731775668,0.0474258731775668,0.0474258731775668,0.0474258731775668,0.0474258731775668,0.0474258731775668,0.0474258731775668,0.0474258731775668,0.0474258731775668,0.0474258731775668,0.0474258731775668,0.0474258731775668,0.0474258731775668,0.0474258731775668,0.0474258731775668,0.0474258731775668,0.0474258731775668,0.0474258731775668,0.0474258731775668,0.0474258731775668,0.0474258731775668,0,0.0474258731775668,0.0204498720441977,0.0474258731775668,0.0474258731775668,0.0474258731775668
ENSG00000105419,MEIS3,0.0568026751888746,0.0156591845108128,0.0719604239387223,0.0301902560483455,0.0866425536526742,0.13333863435783,0.0735326351355082,0.0462831787100612,0.0183584747136262,0.09418381711065,0.0510956602471196,0.075833571859502,0.0160724515171559,0.0139990618252883,0.0221891953813821,0.0354970459014372,0.0421530474310954,0.0206224855034336,0.00373103898899175,0.0161884504335616,0.08695534853329,0.023685298079203,0.0434844930186999,0.0381583800310126,0.0440654162420125,0.00959634265662008,0.0536949404699104,0.122317315198397,0.0425413867865488,0.0268319763789398,0.0274342800527635,0.0242892825729255,0.254657299817181,0.0230846951663955,0.136693375911408,0.289231049529111,0.044125205634486,0.0105374972812708,0.00307490187154557,0.0263652495975711
ENSG00000089225,TBX5,0.0474258731775668,0.0474258731775668,0.0474258731775668,0.0474258731775668,0,0.0474258731775668,0.0474258731775668,0.0474258731775668,0.0474258731775668,0.00669452342214206,0.0474258731775668,0.0474258731775668,0.0474258731775668,0.00671093890288175,0.0474258731775668,0.0474258731775668,0.0474258731775668,0.0474258731775668,0.0474258731775668,0.00331792350612414,0,0.0474258731775668,0.0474258731775668,0.0474258731775668,0.0474258731775668,0.0474258731775668,0.0474258731775668,0.0474258731775668,0.0474258731775668,0.0474258731775668,0.0474258731775668,0.0474258731775668,0.0417429231087046,0.0474258731775668,0.0474258731775668,0.0474258731775668,0.0474258731775668,0.0474258731775668,0,0
ENSG00000106536,POU6F2,0.0282598428249944,0.0474258731775668,0.00978059720480632,0.00145047014561671,0.0076271262883035,0.00947959500274668,0.00311837567509438,0.032925827283164,0.0474258731775668,0.00944690209526478,0.0282800429399134,0.00961778501745448,0.0232031161766762,0.0474258731775668,0.0358722481458454,0.0459108741124374,0.0474258731775668,0.0289252475225025,0.00434104936146581,0,0.00329821922999875,0.0474258731775668,0.0474258731775668,0.0222240951916727,0.0186753889110282,0.0474258731775668,0.0474258731775668,0.00309076446327167,0.0474258731775668,0.0474258731775668,0.0474258731775668,0.00474006125830374,0,0.00376036735036692,0.00323735062297627,0.0219364207253639,0.0364144591409103,0.0474258731775668,0.000631849541424797,0.0474258731775668
ENSG00000100625,SIX4,0.0474258731775668,0.0474258731775668,0.0474258731775668,0.0474258731775668,0.0474258731775668,0.0474258731775668,0.0474258731775668,0.0474258731775668,0.0474258731775668,0.0474258731775668,0.0474258731775668,0.0474258731775668,0.0474258731775668,0.0474258731775668,0.0474258731775668,0.0474258731775668,0.0474258731775668,0.0474258731775668,0.0474258731775668,0.0474258731775668,0.0474258731775668,0.0474258731775668,0.0474258731775668,0.0474258731775668,0.0474258731775668,0.0474258731775668,0.0474258731775668,0.0474258731775668,0.0474258731775668,0.0474258731775668,0.0474258731775668,0.0474258731775668,0.0474258731775668,0.035132961802172,0.0474258731775668,0.0474258731775668,0.0474258731775668,0.0474258731775668,0.0474258731775668,0.0474258731775668
ENSG00000109705,NKX3-2,0.0474258731775668,0,0.0474258731775668,0.0474258731775668,0.0474258731775668,0.0474258731775668,0.0474258731775668,0.0474258731775668,0.0474258731775668,0.0474258731775668,0.0474258731775668,0.0474258731775668,0.0474258731775668,0.0474258731775668,0.0474258731775668,0,0.0474258731775668,0.0474258731775668,0.0474258731775668,0.0474258731775668,0.0474258731775668,0.0474258731775668,0.0474258731775668,0.0474258731775668,0.0474258731775668,0.0474258731775668,0.0474258731775668,0.0474258731775668,0.0474258731775668,0.0474258731775668,0,0.0474258731775668,0,0.0474258731775668,0.0474258731775668,0,0.0474258731775668,0.0474258731775668,0.0474258731775668,0.0474258731775668
ENSG00000217236,SP9,0.0474258731775668,0,0.0474258731775668,0.0474258731775668,0,0,0.0474258731775668,0.0474258731775668,0.0474258731775668,0.0474258731775668,0,0.0474258731775668,0,0,0.0474258731775668,0,0.0474258731775668,0,0.0474258731775668,0,0,0.0474258731775668,0.0474258731775668,0.0474258731775668,0,0,0.0474258731775668,0.0474258731775668,0.0474258731775668,0.0474258731775668,0.0474258731775668,0.0474258731775668,0.0474258731775668,0.0474258731775668,0,0,0.0474258731775668,0,0.0474258731775668,0.0474258731775668
ENSG00000091010,POU4F3,0.0474258731775668,0.0474258731775668,0.0474258731775668,0.0474258731775668,0.0474258731775668,0.0474258731775668,0.0474258731775668,0.0474258731775668,0.0474258731775668,0.0474258731775668,0.0474258731775668,0.0474258731775668,0.0474258731775668,0.0474258731775668,0.0474258731775668,0.0474258731775668,0.0474258731775668,0,0.0474258731775668,0,0.0474258731775668,0.0474258731775668,0.0474258731775668,0.0474258731775668,0.0474258731775668,0.0474258731775668,0.0474258731775668,0.0474258731775668,0.0474258731775668,0.0474258731775668,0.0474258731775668,0.0474258731775668,0.0474258731775668,0.0474258731775668,0.0474258731775668,0,0.0474258731775668,0.0474258731775668,0.0474258731775668,0.0474258731775668
ENSG00000109851,DBX1,0,0,0,0,0,0,0,0,0,0,0.0474258731775668,0.0474258731775668,0,0,0,0,0,0,0.0474258731775668,0,0,0.0474258731775668,0,0.0474258731775668,0,0,0,0,0.0474258731775668,0,0,0,0.0474258731775668,0.0474258731775668,0,0,0.0474258731775668,0.0474258731775668,0.0474258731775668,0
ENSG00000109906,ZBTB16,0.0474258731775668,0.0300407397324377,0.0176774258660139,0.0474258731775668,0.160712063927406,0.0474258731775668,0.0136096395311137,0.0474258731775668,0.0474258731775668,0.103862891035804,0.0474258731775668,0.0487886111575084,0.0474258731775668,0.0474258731775668,0.0474258731775668,0.0474258731775668,0.0474258731775668,0.0474258731775668,0.0533370305164866,0.0535109295561002,0.0474258731775668,0.0474258731775668,0.0474258731775668,0.0474258731775668,0.0349410419827357,0.0474258731775668,0.0474258731775668,0.0474258731775668,0.0474258731775668,0.0474258731775668,0.0492889202555048,0.0474258731775668,0.0474258731775668,0.050731607107159,0.0365570167824897,0.0474258731775668,0.0474258731775668,0.0474258731775668,0.0474258731775668,0.0474258731775668
ENSG00000215421,ZNF407,0.0474258731775668,0.0474258731775668,0.0474258731775668,0.0474258731775668,0.0474258731775668,0.0474258731775668,0.0492330837863854,0.0474258731775668,0.0474258731775668,0.0474258731775668,0.0474258731775668,0.0474258731775668,0.0474258731775668,0.0474258731775668,0.0474258731775668,0.0474258731775668,0.0474258731775668,0.0474258731775668,0.0474258731775668,0.0474258731775668,0.0474258731775668,0.0474258731775668,0.0474258731775668,0.0474258731775668,0.0474258731775668,0.0474258731775668,0.0474258731775668,0.0474258731775668,0.0474258731775668,0.0474258731775668,0.0474258731775668,0.0474258731775668,0.0474258731775668,0.0474258731775668,0.0474258731775668,0.0474258731775668,0.0474258731775668,0.0474258731775668,0.0474258731775668,0.0474258731775668
ENSG00000110851,PRDM4,0.0692302777764498,0.0474258731775668,0.0474258731775668,0.050606408913864,0.0943400772857055,0.0674300401617543,0.088487945958125,0.0474258731775668,0.064657155842912,0.071371826348431,0.102008864959991,0.0514358429833221,0.0643932354425939,0.0787341254273059,0.0717491456056912,0.0589877809004725,0.0798615581759195,0.10723359638382,0.0474258731775668,0.100094973984619,0.101808188791147,0.0785910762805653,0.11434839514748,0.0839821878074655,0.0788300047625976,0.0765694196896191,0.0831321287911658,0.101496889525305,0.0715016789274349,0.103697439211653,0.0991942495445384,0.0474258731775668,0.0474258731775668,0.0474258731775668,0.110889119533981,0.0474258731775668,0.093267278478515,0.0474258731775668,0.10832170932398,0.080783574057683
ENSG00000248483,POU5F2,0.0474258731775668,0.0474258731775668,0.0474258731775668,0.0474258731775668,0.0474258731775668,0.0474258731775668,0.0474258731775668,0.0474258731775668,0.0474258731775668,0.0474258731775668,0.0474258731775668,0.0474258731775668,0.0474258731775668,0.0474258731775668,0.0474258731775668,0.0474258731775668,0.0474258731775668,0.0474258731775668,0.0474258731775668,0.0474258731775668,0.0474258731775668,0.0474258731775668,0.0474258731775668,0.0474258731775668,0.0474258731775668,0.0474258731775668,0.0474258731775668,0.0474258731775668,0.0474258731775668,0.0474258731775668,0.0474258731775668,0.0474258731775668,0.0474258731775668,0.0474258731775668,0.0474258731775668,0.0474258731775668,0.0474258731775668,0.0474258731775668,0.0474258731775668,0.0474258731775668
ENSG00000111046,MYF6,0.0474258731775668,0,0,0.0474258731775668,0.0474258731775668,0,0,0.0474258731775668,0.0474258731775668,0.0474258731775668,0,0.0474258731775668,0,0.0474258731775668,0.0474258731775668,0.0474258731775668,0.0474258731775668,0.0474258731775668,0,0,0,0,0.0474258731775668,0.0474258731775668,0,0,0.0474258731775668,0,0.0474258731775668,0,0.0474258731775668,0,0.0474258731775668,0,0,0,0.0474258731775668,0.0474258731775668,0.0474258731775668,0.0474258731775668
ENSG00000215397,SCRT2,0,0,0.0474258731775668,0,0.0474258731775668,0.0474258731775668,0,0,0.0474258731775668,0,0,0,0.0474258731775668,0,0.0474258731775668,0,0.0474258731775668,0,0.0474258731775668,0,0,0,0,0.0474258731775668,0,0,0.0474258731775668,0,0.0474258731775668,0,0.0474258731775668,0,0,0,0,0.0474258731775668,0.0474258731775668,0.0474258731775668,0,0
ENSG00000111269,CREBL2,0.0474258731775668,0.0474258731775668,0.0474258731775668,0.0474258731775668,0.0474258731775668,0.0474258731775668,0.0474258731775668,0.0474258731775668,0.0474258731775668,0.0474258731775668,0.0474258731775668,0.0474258731775668,0.0474258731775668,0.0474258731775668,0.0474258731775668,0.0474258731775668,0.0474258731775668,0.0474258731775668,0.0474258731775668,0.0474258731775668,0.0474258731775668,0.0474258731775668,0.0474258731775668,0.0474258731775668,0.0474258731775668,0.0474258731775668,0.0474258731775668,0.0474258731775668,0.0474258731775668,0.0474258731775668,0.0474258731775668,0.0474258731775668,0.0474258731775668,0.0474258731775668,0.0474258731775668,0.0474258731775668,0.0474258731775668,0.0474258731775668,0.0474258731775668,0.0474258731775668
ENSG00000215343,ZNF705D,0.0474258731775668,0.0474258731775668,0.0474258731775668,0.0474258731775668,0,0.0474258731775668,0.0474258731775668,0.0474258731775668,0.0474258731775668,0.0474258731775668,0.0474258731775668,0.0474258731775668,0.0474258731775668,0.0474258731775668,0.0474258731775668,0.0474258731775668,0.0474258731775668,0,0.0474258731775668,0,0.0474258731775668,0,0.0474258731775668,0.0474258731775668,0.0474258731775668,0.0474258731775668,0.0474258731775668,0.0474258731775668,0,0.0474258731775668,0,0.0474258731775668,0.0474258731775668,0.0474258731775668,0.0474258731775668,0,0.0474258731775668,0.0474258731775668,0.0474258731775668,0
ENSG00000111704,NANOG,0.0474258731775668,0.0474258731775668,0.0474258731775668,0.0474258731775668,0.035070929666881,0.0474258731775668,0.0474258731775668,0.0474258731775668,0.0474258731775668,0.0474258731775668,0.0474258731775668,0.0474258731775668,0.0474258731775668,0.0474258731775668,0.0474258731775668,0.0474258731775668,0.0474258731775668,0.0474258731775668,0.0474258731775668,0.0474258731775668,0.0474258731775668,0.0474258731775668,0.0474258731775668,0.0474258731775668,0.0474258731775668,0.0474258731775668,0.0198032486594777,0.0474258731775668,0.0474258731775668,0.0250135304424656,0.0474258731775668,0.0474258731775668,0.0474258731775668,0.0474258731775668,0.0474258731775668,0.0474258731775668,0.0474258731775668,0.0474258731775668,0.0474258731775668,0.0474258731775668
ENSG00000214717,ZBED1,0.0474258731775668,0.0357364995104612,0.0474258731775668,0.0474258731775668,0.0474258731775668,0.0474258731775668,0.0474258731775668,0.0474258731775668,0.0474258731775668,0.0474258731775668,0.0474258731775668,0.0474258731775668,0.0474258731775668,0.0474258731775668,0.0474258731775668,0.0474258731775668,0.0474258731775668,0.0474258731775668,0.0474258731775668,0.0474258731775668,0.0474258731775668,0.0474258731775668,0.0474258731775668,0.0474258731775668,0.0474258731775668,0.0474258731775668,0.0474258731775668,0.0474258731775668,0.0474258731775668,0.0474258731775668,0.0474258731775668,0.0474258731775668,0.0474258731775668,0.0474258731775668,0.0474258731775668,0.0474258731775668,0.0474258731775668,0.0474258731775668,0.0474258731775668,0.0474258731775668
ENSG00000090447,TFAP4,0.0474258731775668,0.0474258731775668,0.0474258731775668,0.0474258731775668,0.0474258731775668,0.0474258731775668,0.0474258731775668,0.0474258731775668,0.0474258731775668,0.0474258731775668,0.0474258731775668,0.0474258731775668,0.0474258731775668,0.0474258731775668,0.0474258731775668,0.0474258731775668,0.0474258731775668,0.0349205096618281,0.0474258731775668,0.0474258731775668,0.0474258731775668,0.0474258731775668,0.0474258731775668,0.0474258731775668,0.0474258731775668,0.0474258731775668,0.0474258731775668,0.0474258731775668,0.0474258731775668,0.0474258731775668,0.0474258731775668,0.0474258731775668,0.0474258731775668,0.0474258731775668,0.0474258731775668,0.0474258731775668,0.0474258731775668,0.0474258731775668,0.0474258731775668,0.0474258731775668
ENSG00000089902,RCOR1,0.0474258731775668,0.0474258731775668,0.0474258731775668,0.0474258731775668,0.0474258731775668,0.0474258731775668,0.0474258731775668,0.0474258731775668,0.0474258731775668,0.0474258731775668,0.0474258731775668,0.0474258731775668,0.0474258731775668,0.0474258731775668,0.0474258731775668,0.0474258731775668,0.0474258731775668,0.0474258731775668,0.0474258731775668,0.0474258731775668,0.0474258731775668,0.0474258731775668,0.0474258731775668,0.0474258731775668,0.0474258731775668,0.0474258731775668,0.0474258731775668,0.0474258731775668,0.0474258731775668,0.0474258731775668,0.0474258731775668,0.0474258731775668,0.0474258731775668,0.0474258731775668,0.0474258731775668,0.0474258731775668,0.0474258731775668,0.0474258731775668,0.0474258731775668,0.0474258731775668
ENSG00000111049,MYF5,0,0,0,0.0474258731775668,0,0,0,0,0,0,0,0.0474258731775668,0,0.0474258731775668,0,0,0,0.0474258731775668,0,0,0,0,0,0,0,0,0,0,0,0,0,0,0.0474258731775668,0,0,0,0.0474258731775668,0,0,0.0474258731775668
ENSG00000106546,AHR,0.0474258731775668,0.0474258731775668,0.0474258731775668,0.0474258731775668,0.0474258731775668,0.0474258731775668,0.0474258731775668,0.0474258731775668,0.0474258731775668,0.0474258731775668,0.0474258731775668,0.0474258731775668,0.0474258731775668,0.0474258731775668,0.0474258731775668,0.0474258731775668,0.0474258731775668,0.0474258731775668,0.0474258731775668,0.0474258731775668,0.0474258731775668,0.0474258731775668,0.0474258731775668,0.0474258731775668,0.0474258731775668,0.0474258731775668,0.0474258731775668,0.0474258731775668,0.0474258731775668,0.0474258731775668,0.0474258731775668,0.0474258731775668,0.0474258731775668,0.0474258731775668,0.0474258731775668,0.0474258731775668,0.0474258731775668,0.0474258731775668,0.0474258731775668,0.0474258731775668
ENSG00000109320,NFKB1,0.0831726964939224,0.0718274871023961,0.0144387464918289,0.0831726964939224,0.0831726964939224,0.0831726964939224,0.0831726964939224,0.0831726964939224,0.0831726964939224,0.0831726964939224,0.0831726964939224,0.0831726964939224,0.0831726964939224,0.0831726964939224,0.0831726964939224,0.0831726964939224,0.094349221412147,0.0831726964939224,0.0831726964939224,0.0831726964939224,0.0831726964939224,0.0831726964939224,0.0831726964939224,0.0831726964939224,0.0831726964939224,0.0831726964939224,0.0831726964939224,0.0831726964939224,0.0831726964939224,0.0831726964939224,0.0831726964939224,0.0831726964939224,0.084231675559118,0.0831726964939224,0.0831726964939224,0.0831726964939224,0.0831726964939224,0.0831726964939224,0.053500985489963,0.0831726964939224
ENSG00000109101,FOXN1,0.0474258731775668,0,0,0.0474258731775668,0.0474258731775668,0.0474258731775668,0.0474258731775668,0.0474258731775668,0.0474258731775668,0.0474258731775668,0.0474258731775668,0.0474258731775668,0.0474258731775668,0.0474258731775668,0.0474258731775668,0.0474258731775668,0,0.0474258731775668,0.0474258731775668,0,0.0474258731775668,0.0474258731775668,0.0474258731775668,0.0474258731775668,0.0474258731775668,0.0474258731775668,0.0474258731775668,0.0474258731775668,0.0474258731775668,0.0474258731775668,0.0474258731775668,0.0474258731775668,0.0474258731775668,0.0474258731775668,0,0.0474258731775668,0.0474258731775668,0,0.0474258731775668,0
ENSG00000106852,LHX6,0.0474258731775668,0.0474258731775668,0.0474258731775668,0.0611077012429773,0.0474258731775668,0.029189510114663,0.0474258731775668,0.0474258731775668,0.0474258731775668,0.0474258731775668,0.0474258731775668,0.0474258731775668,0.0518031691389101,0.0474258731775668,0.0596658197684132,0.0474258731775668,0.0944632762286258,0.0474258731775668,0.0474258731775668,0.0474258731775668,0.0474258731775668,0.0474258731775668,0.0474258731775668,0.0474258731775668,0.0474258731775668,0.0474258731775668,0.0474258731775668,0.0474258731775668,0.0474258731775668,0.0474258731775668,0.0474258731775668,0.0474258731775668,0.0474258731775668,0.0474258731775668,0.0474258731775668,0.0317043229748044,0.0474258731775668,0.0474258731775668,0.0474258731775668,0.0474258731775668
ENSG00000100426,ZBED4,0.0474258731775668,0.0474258731775668,0.0474258731775668,0.0474258731775668,0.0474258731775668,0.0474258731775668,0.0474258731775668,0.0474258731775668,0.0474258731775668,0.0474258731775668,0.0474258731775668,0.0474258731775668,0.0474258731775668,0.0474258731775668,0.0474258731775668,0.0474258731775668,0.0474258731775668,0.0474258731775668,0.0474258731775668,0.0474258731775668,0.0474258731775668,0.0474258731775668,0.0474258731775668,0.0474258731775668,0.0474258731775668,0.0474258731775668,0.0474258731775668,0.0474258731775668,0.0474258731775668,0.0474258731775668,0.0474258731775668,0.0474258731775668,0.0474258731775668,0.0474258731775668,0.0474258731775668,0.0474258731775668,0.0474258731775668,0.0474258731775668,0.0474258731775668,0.0474258731775668
ENSG00000100219,XBP1,0.0474258731775668,0.0474258731775668,0.0474258731775668,0.0474258731775668,0.0474258731775668,0.0474258731775668,0.0474258731775668,0.0474258731775668,0.0474258731775668,0.0474258731775668,0.0474258731775668,0.0474258731775668,0.0474258731775668,0.0474258731775668,0.0474258731775668,0.0474258731775668,0.0474258731775668,0.0474258731775668,0.0474258731775668,0.0474258731775668,0.0474258731775668,0.0474258731775668,0.0474258731775668,0.0474258731775668,0.0474258731775668,0.0474258731775668,0.0474258731775668,0.0474258731775668,0.0474258731775668,0.0474258731775668,0.0474258731775668,0.0474258731775668,0.0474258731775668,0.0474258731775668,0.0474258731775668,0.0474258731775668,0.0474258731775668,0.0474258731775668,0.0474258731775668,0.0474258731775668
ENSG00000107175,CREB3,0.0474258731775668,0.0474258731775668,0.0474258731775668,0.0474258731775668,0.0474258731775668,0.0474258731775668,0.0474258731775668,0.0474258731775668,0.0474258731775668,0.0474258731775668,0.0474258731775668,0.0474258731775668,0.0474258731775668,0.0474258731775668,0.0474258731775668,0.0474258731775668,0.0474258731775668,0.0474258731775668,0.0474258731775668,0.0474258731775668,0.0474258731775668,0.0474258731775668,0.0474258731775668,0.0474258731775668,0.0474258731775668,0.0474258731775668,0.0474258731775668,0.0474258731775668,0.0474258731775668,0.0474258731775668,0.0474258731775668,0.0474258731775668,0.0474258731775668,0.0474258731775668,0.0474258731775668,0.0474258731775668,0.0474258731775668,0.0474258731775668,0.0474258731775668,0.0474258731775668
ENSG00000107187,LHX3,0,0,0.0474258731775668,0.0474258731775668,0,0.0474258731775668,0.0350642157262543,0.0474258731775668,0.0474258731775668,0,0,0,0,0.0474258731775668,0.0474258731775668,0,0.0474258731775668,0,0,0,0,0,0.0474258731775668,0.0474258731775668,0,0.0474258731775668,0.0474258731775668,0,0,0,0.0474258731775668,0,0,0,0,0,0.0474258731775668,0,0.0474258731775668,0
ENSG00000096401,CDC5L,0.0474258731775668,0.0474258731775668,0.0474258731775668,0.0474258731775668,0.0474258731775668,0.0474258731775668,0.0474258731775668,0.0474258731775668,0.0474258731775668,0.0474258731775668,0.0474258731775668,0.0474258731775668,0.0474258731775668,0.0474258731775668,0.0474258731775668,0.0474258731775668,0.0474258731775668,0.0474258731775668,0.0474258731775668,0.0474258731775668,0.0474258731775668,0.0474258731775668,0.0474258731775668,0.0474258731775668,0.0474258731775668,0.0474258731775668,0.0474258731775668,0.0474258731775668,0.0474258731775668,0.0474258731775668,0.0474258731775668,0.0474258731775668,0.0474258731775668,0.0474258731775668,0.0474258731775668,0.0474258731775668,0.0474258731775668,0.0474258731775668,0.0474258731775668,0.0474258731775668
ENSG00000245680,ZNF585B,0.110423166200047,0.0474258731775668,0.0474258731775668,0.087494047234584,0.21661571483865,0.0887374549430783,0.0617093230164124,0.109255171873082,0.157769927535411,0.0474258731775668,0.0474258731775668,0.0752816866070573,0.0749759076753732,0.101660983516422,0.0894976009558675,0.086078626832364,0.0474258731775668,0.157502801160535,0.0852605591521101,0.0474258731775668,0.0801983269323361,0.0480710323785587,0.0554243675838533,0.0496867989454486,0.0474258731775668,0.195160768016735,0.101984494738001,0.0605476481939494,0.145567260174996,0.0780890297119467,0.0474258731775668,0.109975567884516,0.103534142297374,0.114286939084428,0.0742757186641324,0.0474258731775668,0.268614882524043,0.162776415402283,0.0474258731775668,0.145430793173545
ENSG00000109132,PHOX2B,0,0,0,0.0474258731775668,0.0474258731775668,0.0474258731775668,0,0,0.0474258731775668,0.0474258731775668,0.0474258731775668,0.0474258731775668,0,0.0474258731775668,0.0474258731775668,0.0474258731775668,0,0.0474258731775668,0,0.0474258731775668,0.0474258731775668,0.0474258731775668,0.0461042091033688,0.0474258731775668,0.0474258731775668,0.0474258731775668,0,0.0474258731775668,0,0.0474258731775668,0,0,0,0.0474258731775668,0.0474258731775668,0.0474258731775668,0.0474258731775668,0,0,0
ENSG00000107807,TLX1,0.0474258731775668,0,0.0474258731775668,0.0474258731775668,0.0474258731775668,0.0474258731775668,0.0474258731775668,0.0328380110949659,0.0474258731775668,0.0474258731775668,0.0474258731775668,0,0.0474258731775668,0.0474258731775668,0.952574126822433,0.0474258731775668,0.205823569423161,0.0474258731775668,0.0474258731775668,0,0.0474258731775668,0,0,0.0474258731775668,0.15913911585816,0.0474258731775668,0.0474258731775668,0.0474258731775668,0.0474258731775668,0.0474258731775668,0.0474258731775668,0.0474258731775668,0,0.0432303386680997,0.38133473918427,0.0474258731775668,0.579150380840745,0.0205761990119429,0,0.0474258731775668
ENSG00000108064,TFAM,0.0474258731775668,0.0474258731775668,0.0474258731775668,0.0761494287294576,0.093799817070263,0.0779244108933665,0.0474258731775668,0.0474258731775668,0.124734984256609,0.0640020146962217,0.0915972332849063,0.0474258731775668,0.0474258731775668,0.0474258731775668,0.0474258731775668,0.130951822394477,0.106778402913719,0.0474258731775668,0.0569807442972978,0.0747594679369242,0.0699865096200921,0.0474258731775668,0.0593447031524938,0.114921376103909,0.0475976147234353,0.0620223005323827,0.225960333263019,0.0474258731775668,0.0507274374222678,0.0676919205624535,0.0474258731775668,0.0474258731775668,0.141961507289619,0.0474258731775668,0.0905578152810819,0.0765864316960128,0.251659927709102,0.132696281278053,0.0781694580751052,0.0474258731775668
ENSG00000108312,UBTF,0.0474258731775668,0.0474258731775668,0.0474258731775668,0.0474258731775668,0.0474258731775668,0.0688887948482169,0.0474258731775668,0.0474258731775668,0.0474258731775668,0.0682808238314411,0.0474258731775668,0.0474258731775668,0.0474258731775668,0.0474258731775668,0.0474258731775668,0.0474258731775668,0.0474258731775668,0.0474258731775668,0.0474258731775668,0.0474258731775668,0.0474258731775668,0.0474258731775668,0.0474258731775668,0.0474258731775668,0.0474258731775668,0.0474258731775668,0.0474258731775668,0.0474258731775668,0.0474258731775668,0.0474258731775668,0.0474258731775668,0.0474258731775668,0.0474258731775668,0.0505833188089768,0.0650428366548535,0.0474258731775668,0.0474258731775668,0.0474258731775668,0.218233030035281,0.0474258731775668
ENSG00000108511,HOXB6,0.0474258731775668,0.0474258731775668,0.0474258731775668,0.0364231711076648,0.044229537641177,0.0474258731775668,0.0261037369389299,0.0306374174579628,0.0474258731775668,0.0474258731775668,0.0474258731775668,0.0474258731775668,0.0474258731775668,0.0474258731775668,0.0474258731775668,0.035054076802689,0.0474258731775668,0.0474258731775668,0.0474258731775668,0.0474258731775668,0.0370479547896107,0.0474258731775668,0.0474258731775668,0.0338351359187751,0.0267390422022707,0.0474258731775668,0.0474258731775668,0.0474258731775668,0.0474258731775668,0.0474258731775668,0.0474258731775668,0.0474258731775668,0.0474258731775668,0.0423832982166991,0.0474258731775668,0.0474258731775668,0.0323160110253521,0.0474258731775668,0.0474258731775668,0.0474258731775668
ENSG00000095574,IKZF5,0.0474258731775668,0.0474258731775668,0.0474258731775668,0.0474258731775668,0.0474258731775668,0.0474258731775668,0.0474258731775668,0.0474258731775668,0.0474258731775668,0.0474258731775668,0.0474258731775668,0.0474258731775668,0.0474258731775668,0.0474258731775668,0.0474258731775668,0.0474258731775668,0.0474258731775668,0.0474258731775668,0.0474258731775668,0.0474258731775668,0.0474258731775668,0.0474258731775668,0.0474258731775668,0.0474258731775668,0.0474258731775668,0.0474258731775668,0.0474258731775668,0.0474258731775668,0.0474258731775668,0.0474258731775668,0.0474258731775668,0.0474258731775668,0.0474258731775668,0.0474258731775668,0.0474258731775668,0.0474258731775668,0.0474258731775668,0.0474258731775668,0.0474258731775668,0.0474258731775668
ENSG00000108788,MLX,0.0474258731775668,0.0474258731775668,0.0474258731775668,0.0474258731775668,0.0474258731775668,0.0474258731775668,0.0474258731775668,0.0474258731775668,0.0474258731775668,0.0474258731775668,0.0474258731775668,0.0474258731775668,0.0474258731775668,0.0474258731775668,0.0474258731775668,0.0474258731775668,0.0474258731775668,0.0474258731775668,0.0474258731775668,0.0474258731775668,0.0474258731775668,0.0474258731775668,0.0474258731775668,0.0474258731775668,0.0474258731775668,0.0474258731775668,0.0474258731775668,0.0474258731775668,0.0474258731775668,0.0474258731775668,0.0474258731775668,0.0474258731775668,0.0474258731775668,0.0474258731775668,0.0474258731775668,0.0474258731775668,0.0474258731775668,0.0474258731775668,0.0474258731775668,0.0474258731775668
ENSG00000092067,CEBPE,0,0,0.020523681858622,0.0232812291449433,0.0474258731775668,0.0474258731775668,0.0104290720936426,0.0243798825689681,0.0474258731775668,0.0474258731775668,0,0,0.0263359243169838,0.0402030435548186,0.0366132740221623,0.0474258731775668,0,0.0470482227861686,0.00526793651460484,0.0474258731775668,0.0474258731775668,0,0.00974183180078189,0.0474258731775668,0.0474258731775668,0,0.0474258731775668,0.0142273524780654,0.00831127495729088,0.0474258731775668,0.0242051804660844,0,0,0.0474258731775668,0.0474258731775668,0,0.0235832243188802,0.0456752640191359,0.0474258731775668,0
ENSG00000221869,CEBPD,0.0474258731775668,0.0474258731775668,0.0474258731775668,0.0474258731775668,0.0474258731775668,0.0474258731775668,0.0474258731775668,0.0474258731775668,0.0474258731775668,0.0474258731775668,0.0474258731775668,0.0474258731775668,0.0474258731775668,0.0474258731775668,0.0474258731775668,0.0474258731775668,0.0474258731775668,0.0474258731775668,0.0474258731775668,0.0474258731775668,0.0474258731775668,0.0474258731775668,0.0474258731775668,0.0474258731775668,0.0474258731775668,0.0474258731775668,0.0474258731775668,0.0474258731775668,0.0474258731775668,0.0474258731775668,0.0474258731775668,0.0474258731775668,0.0474258731775668,0.0474258731775668,0.0474258731775668,0.0474258731775668,0.0474258731775668,0.0474258731775668,0.0474258731775668,0.0474258731775668
ENSG00000107859,PITX3,0.0474258731775668,0,0.0474258731775668,0,0.0474258731775668,0.0474258731775668,0,0,0.0474258731775668,0.0474258731775668,0,0.0474258731775668,0,0.0474258731775668,0.0474258731775668,0,0.0474258731775668,0.0474258731775668,0,0.0474258731775668,0.0474258731775668,0.0474258731775668,0.0474258731775668,0.0474258731775668,0,0,0,0,0.0474258731775668,0,0,0.0474258731775668,0.0474258731775668,0,0,0.0474258731775668,0.0474258731775668,0.0474258731775668,0,0.0474258731775668
ENSG00000120093,HOXB3,0.0496463731147041,0.172744296560617,0.0474258731775668,0.0474258731775668,0.0474258731775668,0.0887307298672829,0.280422998830275,0.0660505208878655,0.0474258731775668,0.385701330950919,0.0474258731775668,0.10740514254989,0.0731461631053253,0.106801858254319,0.0474258731775668,0.12332231703183,0.0474258731775668,0.0474258731775668,0.219896198587422,0.0667766462886614,0.0597448719726671,0.0474258731775668,0.0624476150240548,0.0795524455163112,0.0551916648607795,0.0967010510472977,0.0579229809440031,0.0906031594742403,0.0474258731775668,0.0873885076955591,0.0817576274264703,0.142126917278363,0.0822338987933742,0.0474258731775668,0.0654584704316983,0.0474258731775668,0.0474258731775668,0.0474258731775668,0.0474258731775668,0.0474258731775668
ENSG00000257446,ZNF878,0.0474258731775668,0.0474258731775668,0.0474258731775668,0.0474258731775668,0.0474258731775668,0.0474258731775668,0.0474258731775668,0.0474258731775668,0.0474258731775668,0.0474258731775668,0.0474258731775668,0.0474258731775668,0.0474258731775668,0.0474258731775668,0.0474258731775668,0.0474258731775668,0.0474258731775668,0.0474258731775668,0.0474258731775668,0.0474258731775668,0.0474258731775668,0.0474258731775668,0.0474258731775668,0.0474258731775668,0.0474258731775668,0.0474258731775668,0.0474258731775668,0.0474258731775668,0.0474258731775668,0.0474258731775668,0.0474258731775668,0.0474258731775668,0.0474258731775668,0.0474258731775668,0.0474258731775668,0.0474258731775668,0.0474258731775668,0.0474258731775668,0.0474258731775668,0.0474258731775668
ENSG00000125878,TCF15,0.0474258731775668,0.0474258731775668,0.0474258731775668,0.0474258731775668,0.0474258731775668,0.0474258731775668,0.0474258731775668,0.0474258731775668,0.0474258731775668,0.0474258731775668,0.0474258731775668,0.0474258731775668,0.0474258731775668,0.0474258731775668,0.0474258731775668,0.0474258731775668,0.0474258731775668,0.0474258731775668,0.0474258731775668,0.0474258731775668,0.0474258731775668,0.0474258731775668,0.0474258731775668,0.0474258731775668,0.0474258731775668,0.0474258731775668,0.0474258731775668,0.0474258731775668,0.0474258731775668,0.0474258731775668,0.0474258731775668,0.0474258731775668,0.0474258731775668,0.0474258731775668,0.0474258731775668,0,0.0474258731775668,0.0474258731775668,0.0474258731775668,0.0474258731775668
ENSG00000126767,ELK1,0.0474258731775668,0.0474258731775668,0.0474258731775668,0.0474258731775668,0.0490529392568536,0.0474258731775668,0.050978249642649,0.0474258731775668,0.0474258731775668,0.0474258731775668,0.0504307980054472,0.0474258731775668,0.0474258731775668,0.0474258731775668,0.0684919097587685,0.0474258731775668,0.0474258731775668,0.0474258731775668,0.0474258731775668,0.0474258731775668,0.0474258731775668,0.0474258731775668,0.0474258731775668,0.0940162369456198,0.0474258731775668,0.0474258731775668,0.0474258731775668,0.0474258731775668,0.0474258731775668,0.0474258731775668,0.0474258731775668,0.0474258731775668,0.0474258731775668,0.0474258731775668,0.0707982195576443,0.0474258731775668,0.0474258731775668,0.0474258731775668,0.0474258731775668,0.0474258731775668
ENSG00000126778,SIX1,0.105000585020265,0.105000585020265,0.105000585020265,0.105000585020265,0,0.00423120057403825,0,0.0749093862264826,0.105000585020265,0.105000585020265,0.103373182957911,0.105000585020265,0.105000585020265,0.0792559083835903,0.105000585020265,0.105000585020265,0.105000585020265,0.105000585020265,0.105000585020265,0.105000585020265,0,0.105000585020265,0.105000585020265,0.0141318816443358,0.0273796202483582,0.105000585020265,0.105000585020265,0.105000585020265,0.105000585020265,0.105000585020265,0.105000585020265,0.105000585020265,0.104758600528884,0,0,0.105000585020265,0.105000585020265,0.0284419995784999,0.00310826332570717,0.105000585020265
ENSG00000203989,RHOXF2B,0,0,0,0,0,0,0,0,0.0474258731775668,0,0.0474258731775668,0,0,0.0474258731775668,0,0.0474258731775668,0.0474258731775668,0,0,0,0,0,0,0.0474258731775668,0,0.0474258731775668,0,0.0474258731775668,0.0474258731775668,0.0474258731775668,0.0474258731775668,0.0474258731775668,0,0.0474258731775668,0,0,0.0474258731775668,0,0.0474258731775668,0
ENSG00000127081,ZNF484,0.0474258731775668,0.0474258731775668,0.0474258731775668,0.0474258731775668,0.0474258731775668,0.0474258731775668,0.0474258731775668,0.0474258731775668,0.0474258731775668,0.0474258731775668,0.0474258731775668,0.0474258731775668,0.0474258731775668,0.0474258731775668,0.0474258731775668,0.0474258731775668,0.0474258731775668,0.0474258731775668,0.0474258731775668,0.0474258731775668,0.0474258731775668,0.0474258731775668,0.0474258731775668,0.0474258731775668,0.0474258731775668,0.0474258731775668,0.0474258731775668,0.0474258731775668,0.0474258731775668,0.0474258731775668,0.0474258731775668,0.0474258731775668,0.0474258731775668,0.0474258731775668,0.0474258731775668,0.0474258731775668,0.0474258731775668,0.0474258731775668,0.0474258731775668,0.0474258731775668
ENSG00000127124,HIVEP3,0.0214029283150337,0.00764143685032782,0.0154269961654083,0.0390666743688156,0.0474258731775668,0.0166519670617473,0.0474258731775668,0.0474258731775668,0.0394094757826124,0.0171707337937721,0.0215014491630273,0.0106112057280295,0.00533028558200339,0.00754990744726061,0.013330857815593,0.0474258731775668,0.0474258731775668,0.0474258731775668,0.00379975795015748,0.00726163810939024,0.0238025216871683,0.0110030063980725,0.0122123439006101,0.00802489622334641,0.012773367187437,0.0111247259884974,0.0171615689595813,0.00888596954522986,0.00673469378231448,0.0201845514571867,0.00545378668715734,0.0134322393220288,0.015851743090104,0.0176756954833957,0.0306188829361179,0.0222607565421681,0.0101022027674982,0.00542788194283507,0.0474258731775668,0.0103189304586676
ENSG00000127528,KLF2,0.0474258731775668,0.0474258731775668,0.0474258731775668,0.041967517925128,0.0250886168540783,0.0353460450416283,0.0474258731775668,0.0474258731775668,0.0474258731775668,0.0408343957552479,0.0474258731775668,0.0474258731775668,0.0474258731775668,0.0343262582100246,0.0474258731775668,0.0474258731775668,0.0423184570694371,0.0474258731775668,0.0474258731775668,0.0286966475713244,0.0474258731775668,0.0474258731775668,0.0474258731775668,0.0474258731775668,0.0474258731775668,0.0474258731775668,0.0474258731775668,0.0467330317729144,0.0474258731775668,0.0474258731775668,0.0474258731775668,0.0474258731775668,0.0364713754182097,0.0245656587747563,0.0240707297091796,0.0227203308902033,0.040654578942449,0.0474258731775668,0.0474258731775668,0.0474258731775668
ENSG00000016082,ISL1,0.0474258731775668,0.0474258731775668,0.0474258731775668,0.0474258731775668,0.0474258731775668,0.0474258731775668,0.0474258731775668,0.0474258731775668,0.0474258731775668,0.0474258731775668,0.0474258731775668,0.0474258731775668,0.0474258731775668,0.0474258731775668,0.0474258731775668,0.0474258731775668,0.0474258731775668,0.0474258731775668,0.0474258731775668,0.0474258731775668,0.0474258731775668,0.0474258731775668,0.0474258731775668,0.0474258731775668,0.0474258731775668,0.0474258731775668,0.0474258731775668,0.0474258731775668,0.0474258731775668,0.0474258731775668,0.0474258731775668,0.0474258731775668,0.0474258731775668,0.0474258731775668,0.0474258731775668,0.0474258731775668,0.0474258731775668,0.0176419361381821,0.0474258731775668,0.0474258731775668
ENSG00000019549,SNAI2,0.0474258731775668,0.0474258731775668,0.0474258731775668,0.0474258731775668,0.0474258731775668,0.0601929000848019,0.0474258731775668,0.0474258731775668,0.0474258731775668,0.0474258731775668,0.0474258731775668,0.0474258731775668,0.0474258731775668,0.0474258731775668,0.0474258731775668,0.0474258731775668,0.0474258731775668,0.0474258731775668,0.0474258731775668,0.0474258731775668,0.0474258731775668,0.0474258731775668,0.0474258731775668,0.0474258731775668,0.0474258731775668,0.0474258731775668,0.0474258731775668,0.0474258731775668,0.0474258731775668,0.0474258731775668,0.0474258731775668,0.0474258731775668,0.0474258731775668,0.0474258731775668,0.0474258731775668,0.0474258731775668,0.0474258731775668,0.0474258731775668,0.0474258731775668,0.0474258731775668
ENSG00000273514,FOXD4L6,0.0474258731775668,0,0,0.0474258731775668,0.0474258731775668,0.0474258731775668,0,0.0474258731775668,0.0474258731775668,0,0,0,0,0.0474258731775668,0.0474258731775668,0.0474258731775668,0.0474258731775668,0,0,0.0474258731775668,0,0.0474258731775668,0.0474258731775668,0.0474258731775668,0,0.0474258731775668,0.0474258731775668,0,0.0474258731775668,0.0474258731775668,0,0.0474258731775668,0,0.0474258731775668,0.0474258731775668,0,0.0474258731775668,0.0474258731775668,0,0
ENSG00000203883,SOX18,0.0474258731775668,0.0474258731775668,0.0474258731775668,0.0474258731775668,0.0474258731775668,0.0474258731775668,0.0474258731775668,0.0474258731775668,0.0474258731775668,0.0474258731775668,0.0474258731775668,0.0474258731775668,0.0474258731775668,0.0474258731775668,0.0474258731775668,0.0474258731775668,0.0474258731775668,0.0474258731775668,0.0474258731775668,0.0474258731775668,0.0474258731775668,0.0474258731775668,0.0474258731775668,0.0474258731775668,0.0474258731775668,0.0474258731775668,0.0474258731775668,0.0474258731775668,0.0474258731775668,0.0474258731775668,0.0474258731775668,0.0474258731775668,0.0474258731775668,0.0474258731775668,0.0474258731775668,0.0474258731775668,0.0474258731775668,0.0474258731775668,0.0474258731775668,0.0474258731775668
ENSG00000012504,NR1H4,0.0474258731775668,0.0474258731775668,0.0474258731775668,0.0474258731775668,0.0474258731775668,0.0368071608909325,0.00395990117232564,0.0474258731775668,0.0322024886865443,0.0474258731775668,0.00691042755278627,0.0474258731775668,0,0.0474258731775668,0.020145234995317,0.0474258731775668,0.0407090757626515,0.0249300956055322,0.00148657157268803,0.0474258731775668,0.0474258731775668,0.0474258731775668,0.0474258731775668,0.0474258731775668,0.0474258731775668,0.0392543425737678,0.013032772827903,0.0257281862974607,0.0474258731775668,0.0161069398878544,0.0474258731775668,0.0122853502507833,0,0.0474258731775668,0.0474258731775668,0.0474258731775668,0.0474258731775668,0.00160868272893594,0.00170790335737428,0.0323226897090056
ENSG00000198963,RORB,0.0474258731775668,0.0474258731775668,0.0474258731775668,0.0474258731775668,0.0474258731775668,0.0474258731775668,0.0474258731775668,0.0474258731775668,0.0474258731775668,0.0474258731775668,0.0474258731775668,0.0474258731775668,0.0474258731775668,0.0474258731775668,0.0474258731775668,0.0474258731775668,0.0474258731775668,0.0474258731775668,0.0474258731775668,0.0474258731775668,0.0474258731775668,0.0474258731775668,0.0474258731775668,0.0474258731775668,0.0474258731775668,0.0474258731775668,0.0474258731775668,0.0474258731775668,0.0474258731775668,0.0474258731775668,0.0474258731775668,0.0474258731775668,0.0474258731775668,0.0474258731775668,0.0474258731775668,0.0474258731775668,0.0474258731775668,0.0474258731775668,0.0474258731775668,0.0474258731775668
ENSG00000128645,HOXD1,0.0474258731775668,0.0474258731775668,0.0474258731775668,0.0474258731775668,0.0474258731775668,0.0474258731775668,0.0474258731775668,0.0474258731775668,0.0474258731775668,0.0474258731775668,0.0474258731775668,0.0474258731775668,0.0474258731775668,0.0474258731775668,0.0474258731775668,0.0474258731775668,0.0474258731775668,0.0474258731775668,0.0474258731775668,0.0474258731775668,0.0474258731775668,0.0474258731775668,0.0474258731775668,0.0474258731775668,0.0474258731775668,0.0474258731775668,0.0474258731775668,0.0474258731775668,0.0474258731775668,0.0474258731775668,0.0474258731775668,0.0474258731775668,0.0474258731775668,0.0474258731775668,0.0474258731775668,0.0474258731775668,0.0474258731775668,0,0.0474258731775668,0.0474258731775668
ENSG00000011590,ZBTB32,0.0474258731775668,0,0,0.0474258731775668,0.0417731316142409,0.0474258731775668,0.011734751214577,0.040750787877559,0.0403783884882997,0.0339786911231487,0.0474258731775668,0.0364535563870237,0.0474258731775668,0.00799210678727297,0.00922458233009654,0.0474258731775668,0.0214410717637713,0.00661608506369871,0.00775349675586645,0.0474258731775668,0.0474258731775668,0.0366671380723608,0.0266907381041487,0.0474258731775668,0.0474258731775668,0.0224246569556166,0.0140798959046743,0.0172381780320618,0.00899436778424258,0.0147521414031813,0.00952118151441157,0.00715579942587329,0.0474258731775668,0.029389961005982,0.0474258731775668,0.00235622558102536,0.0474258731775668,0.00875878992289383,0.0457774024956617,0
ENSG00000198939,ZFP2,0.0474258731775668,0.0474258731775668,0.0474258731775668,0.0474258731775668,0.0335643283103691,0.0474258731775668,0.0474258731775668,0.0474258731775668,0.0474258731775668,0.0474258731775668,0.0474258731775668,0.0474258731775668,0.0474258731775668,0.0474258731775668,0.0474258731775668,0.0474258731775668,0.0474258731775668,0.0474258731775668,0.0474258731775668,0.0474258731775668,0.0474258731775668,0.0474258731775668,0.0474258731775668,0.0474258731775668,0.0474258731775668,0.0474258731775668,0.0474258731775668,0.0474258731775668,0.0474258731775668,0.0474258731775668,0.0474258731775668,0.0474258731775668,0.0474258731775668,0.0474258731775668,0.0474258731775668,0.0474258731775668,0.0474258731775668,0.0474258731775668,0.0474258731775668,0.0474258731775668
ENSG00000128709,HOXD9,0.0474258731775668,0.0474258731775668,0.0474258731775668,0.0474258731775668,0.0474258731775668,0.0474258731775668,0.0474258731775668,0.0474258731775668,0.0474258731775668,0.0474258731775668,0.0474258731775668,0.0474258731775668,0.0474258731775668,0.0474258731775668,0.0474258731775668,0.0474258731775668,0.0474258731775668,0.0474258731775668,0.0474258731775668,0.0474258731775668,0.0474258731775668,0.0474258731775668,0.0474258731775668,0.0474258731775668,0.0474258731775668,0.0474258731775668,0.0474258731775668,0.0474258731775668,0.0474258731775668,0.0474258731775668,0.0474258731775668,0.0474258731775668,0.0474258731775668,0.0474258731775668,0.0474258731775668,0.0474258731775668,0.0474258731775668,0.0474258731775668,0,0.0474258731775668
ENSG00000128272,ATF4,0.0474258731775668,0.0474258731775668,0.0474258731775668,0.0474258731775668,0.0474258731775668,0.0474258731775668,0.0474258731775668,0.0474258731775668,0.0474258731775668,0.0474258731775668,0.0474258731775668,0.0474258731775668,0.0474258731775668,0.0474258731775668,0.0474258731775668,0.0474258731775668,0.0474258731775668,0.0474258731775668,0.0474258731775668,0.0474258731775668,0.0474258731775668,0.0474258731775668,0.0474258731775668,0.0474258731775668,0.0474258731775668,0.0474258731775668,0.0474258731775668,0.0474258731775668,0.0474258731775668,0.0474258731775668,0.0474258731775668,0.0474258731775668,0.0474258731775668,0.0474258731775668,0.0474258731775668,0.0474258731775668,0.0474258731775668,0.0474258731775668,0.0628755172789693,0.0474258731775668
ENSG00000128710,HOXD10,0.0474258731775668,0.0474258731775668,0.0474258731775668,0.0474258731775668,0.0474258731775668,0.01405370869127,0.0474258731775668,0.0474258731775668,0.0474258731775668,0.0208515330800913,0.0474258731775668,0.0474258731775668,0.0474258731775668,0.0474258731775668,0.0474258731775668,0.0474258731775668,0.00930848597031876,0.0474258731775668,0.0474258731775668,0.0474258731775668,0.0474258731775668,0.0474258731775668,0.0474258731775668,0.0474258731775668,0.0474258731775668,0.0474258731775668,0.0474258731775668,0.0474258731775668,0.0474258731775668,0.0474258731775668,0.0438011950301495,0.0474258731775668,0.0474258731775668,0.0474258731775668,0.0474258731775668,0,0.0474258731775668,0.0474258731775668,0,0
ENSG00000126603,GLIS2,0.0474258731775668,0.0474258731775668,0.0474258731775668,0.0474258731775668,0.0474258731775668,0.0474258731775668,0.0474258731775668,0.0474258731775668,0.0474258731775668,0.0474258731775668,0.0474258731775668,0.0474258731775668,0.0474258731775668,0.0474258731775668,0.0474258731775668,0.0474258731775668,0.0474258731775668,0.0474258731775668,0.0474258731775668,0.0474258731775668,0.0474258731775668,0.0474258731775668,0.0474258731775668,0.0474258731775668,0.0474258731775668,0.0474258731775668,0.0474258731775668,0.0474258731775668,0.0474258731775668,0.0474258731775668,0.0474258731775668,0.0474258731775668,0.0474258731775668,0.0474258731775668,0.0474258731775668,0.0474258731775668,0.0474258731775668,0.0474258731775668,0.0474258731775668,0.0474258731775668
ENSG00000273274,ZBTB8B,0.0474258731775668,0.0474258731775668,0.0474258731775668,0.0474258731775668,0.0474258731775668,0.0474258731775668,0.0474258731775668,0.0474258731775668,0.0474258731775668,0.0474258731775668,0.0474258731775668,0.0474258731775668,0.0474258731775668,0.0474258731775668,0.0474258731775668,0.0474258731775668,0.0474258731775668,0.0474258731775668,0.0474258731775668,0.0474258731775668,0.0474258731775668,0.0474258731775668,0.0474258731775668,0.0474258731775668,0.0474258731775668,0.0474258731775668,0.0474258731775668,0.0474258731775668,0.0474258731775668,0.0474258731775668,0.0474258731775668,0.0474258731775668,0.0474258731775668,0.0474258731775668,0.0474258731775668,0.0474258731775668,0.0474258731775668,0.0474258731775668,0.0474258731775668,0.0474258731775668
ENSG00000043039,BARX2,0.0474258731775668,0.0474258731775668,0.0474258731775668,0.0474258731775668,0.0474258731775668,0.0225366316870156,0.0474258731775668,0.0474258731775668,0.0474258731775668,0.0474258731775668,0.0474258731775668,0.0474258731775668,0.0474258731775668,0.0474258731775668,0.0474258731775668,0.0474258731775668,0.0474258731775668,0.0474258731775668,0.0474258731775668,0.0152216713165921,0.0474258731775668,0.0474258731775668,0.0474258731775668,0.0474258731775668,0.0474258731775668,0.0474258731775668,0.0474258731775668,0.0474258731775668,0.0474258731775668,0.0474258731775668,0.0474258731775668,0.0474258731775668,0.00748092387775688,0.0474258731775668,0.0474258731775668,0.0474258731775668,0.0474258731775668,0.0474258731775668,0.0269711007811226,0.0474258731775668
ENSG00000125816,NKX2-4,0,0.0474258731775668,0,0,0,0.0474258731775668,0.0474258731775668,0,0.0474258731775668,0.0474258731775668,0,0,0,0,0,0,0,0,0,0.0474258731775668,0,0,0,0,0,0.0474258731775668,0.0474258731775668,0,0.0474258731775668,0,0.0474258731775668,0.0474258731775668,0,0,0,0,0.0474258731775668,0,0,0
ENSG00000125820,NKX2-2,0,0,0.0474258731775668,0.0474258731775668,0.0474258731775668,0.0474258731775668,0.0474258731775668,0.0474258731775668,0.0474258731775668,0.0474258731775668,0.0474258731775668,0.0474258731775668,0.0474258731775668,0.0474258731775668,0.0474258731775668,0.0474258731775668,0.0474258731775668,0.0474258731775668,0.0474258731775668,0,0,0,0,0.0474258731775668,0.0474258731775668,0.0474258731775668,0.0474258731775668,0.0474258731775668,0,0.0474258731775668,0,0,0,0.0474258731775668,0.0474258731775668,0.0474258731775668,0.0474258731775668,0.0474258731775668,0.0474258731775668,0
ENSG00000204335,SP5,0.0474258731775668,0.0474258731775668,0.0256785560742965,0.0474258731775668,0.0474258731775668,0.0474258731775668,0.0474258731775668,0.0474258731775668,0.0474258731775668,0.0474258731775668,0.0474258731775668,0.0474258731775668,0.0474258731775668,0.0474258731775668,0.0474258731775668,0.0474258731775668,0.0474258731775668,0.0474258731775668,0,0.0474258731775668,0.0474258731775668,0.0474258731775668,0.0474258731775668,0.0474258731775668,0.0474258731775668,0.0453857307802577,0.0474258731775668,0.0474258731775668,0.0474258731775668,0.0474258731775668,0.0474258731775668,0.0474258731775668,0.0150140442267793,0.0474258731775668,0.0362359932641851,0.0474258731775668,0.0474258731775668,0.0474258731775668,0.0474258731775668,0.0474258731775668
ENSG00000125850,OVOL2,0.0137866738506189,0.00566933634424354,0,0,0.00821043771392733,0,0.0223692090126245,0.00973244307684322,0.00891913499081731,0.0474258731775668,0.0438476985881807,0.0343707604367409,0.0196051467840774,0.0263494545473699,0,0.0140055827973937,0.0268303356669838,0.00531590287618426,0.0155331226162401,0,0.0186306383429112,0.0178340257809345,0.00967612248256362,0.0301865553690092,0.00961049368550427,0.0180688143283741,0.0228680491651801,0.0130726082351049,0,0.0239678027390498,0,0.0119145067501528,0.0474258731775668,0.0315044909270226,0.0340868368690935,0.00978033207811315,0.00542041500161548,0,0,0
ENSG00000066827,ZFAT,0.0394844550790223,0.0127807832257817,0.00400731099032893,0.0252274269189886,0.0474258731775668,0.0474258731775668,0.0152249757414,0.0269479112763412,0.0474258731775668,0.0670154451573821,0.0474258731775668,0.0474258731775668,0.0474258731775668,0.952574126822433,0.121469009751698,0.0474258731775668,0.0474258731775668,0.0507083995816721,0.0474258731775668,0.0474258731775668,0.389574122209999,0.170861456052945,0.0599198389959031,0.0561619203048707,0.0474258731775668,0.0251152962926313,0.0474258731775668,0.128414130448036,0.0474258731775668,0.110710484364403,0.369106854884664,0.0474258731775668,0.281400070522755,0.0474258731775668,0.135718871959453,0.0474258731775668,0.0208128164814329,0.0474258731775668,0.0371460543997013,0.014695221756786
ENSG00000125945,ZNF436,0.0474258731775668,0.0474258731775668,0.0474258731775668,0.0474258731775668,0.0474258731775668,0.0474258731775668,0.0474258731775668,0.0474258731775668,0.0474258731775668,0.0474258731775668,0.0474258731775668,0.0474258731775668,0.0474258731775668,0.0474258731775668,0.0474258731775668,0.0474258731775668,0.0474258731775668,0.0474258731775668,0.0474258731775668,0.0474258731775668,0.0474258731775668,0.0474258731775668,0.0474258731775668,0.0474258731775668,0.0474258731775668,0.0474258731775668,0.0474258731775668,0.0474258731775668,0.0474258731775668,0.0474258731775668,0.0474258731775668,0.0474258731775668,0.0474258731775668,0.0474258731775668,0.0474258731775668,0.0474258731775668,0.0474258731775668,0.0474258731775668,0.0474258731775668,0.0474258731775668
ENSG00000020633,RUNX3,0.0474258731775668,0.0474258731775668,0.0474258731775668,0.0474258731775668,0.0373796284862238,0.0474258731775668,0.0474258731775668,0.0474258731775668,0.0474258731775668,0.0364553768192727,0.0474258731775668,0.0474258731775668,0.0474258731775668,0.0474258731775668,0.0474258731775668,0.0474258731775668,0.0383494745191997,0.0284695859142206,0.0474258731775668,0.0474258731775668,0.0474258731775668,0.0474258731775668,0.0474258731775668,0.0474258731775668,0.0474258731775668,0.0474258731775668,0.0474258731775668,0.0361086584977564,0.0474258731775668,0.0474258731775668,0.0474258731775668,0.0474258731775668,0.0474258731775668,0.0474258731775668,0.0474258731775668,0.0366912104458556,0.0474258731775668,0.0342196382525236,0.0474258731775668,0.0474258731775668
ENSG00000039600,SOX30,0.0474258731775668,0.0474258731775668,0.0474258731775668,0.0474258731775668,0.0474258731775668,0.0474258731775668,0.0474258731775668,0.0474258731775668,0.0474258731775668,0.0474258731775668,0.0474258731775668,0.0474258731775668,0.0474258731775668,0.0474258731775668,0.0474258731775668,0.0474258731775668,0.0474258731775668,0.0474258731775668,0.0474258731775668,0.0474258731775668,0.0474258731775668,0.0474258731775668,0.0474258731775668,0.0474258731775668,0.0474258731775668,0.0474258731775668,0.0474258731775668,0.0474258731775668,0.0474258731775668,0.0474258731775668,0.0474258731775668,0.0474258731775668,0.0474258731775668,0.0474258731775668,0.0474258731775668,0.0474258731775668,0.0474258731775668,0.0474258731775668,0.0474258731775668,0
ENSG00000126003,PLAGL2,0.0474258731775668,0.0474258731775668,0.0474258731775668,0.0474258731775668,0.0474258731775668,0.0474258731775668,0.0474258731775668,0.0474258731775668,0.0474258731775668,0.0474258731775668,0.0474258731775668,0.0474258731775668,0.0474258731775668,0.0474258731775668,0.0474258731775668,0.0474258731775668,0.0474258731775668,0.0474258731775668,0.0474258731775668,0.0474258731775668,0.0474258731775668,0.0474258731775668,0.0474258731775668,0.0474258731775668,0.0474258731775668,0.0474258731775668,0.0474258731775668,0.0474258731775668,0.0474258731775668,0.0474258731775668,0.0474258731775668,0.0474258731775668,0.0474258731775668,0.0474258731775668,0.0474258731775668,0.0474258731775668,0.0474258731775668,0.0474258731775668,0.0474258731775668,0.0474258731775668
ENSG00000204304,PBX2,0.0474258731775668,0.0474258731775668,0.0474258731775668,0.0474258731775668,0.0474258731775668,0.0474258731775668,0.0474258731775668,0.0474258731775668,0.0474258731775668,0.0474258731775668,0.0474258731775668,0.0474258731775668,0.0474258731775668,0.0474258731775668,0.0474258731775668,0.0474258731775668,0.0474258731775668,0.0474258731775668,0.0474258731775668,0.0474258731775668,0.0474258731775668,0.0474258731775668,0.0474258731775668,0.0474258731775668,0.0474258731775668,0.0474258731775668,0.0474258731775668,0.0474258731775668,0.0474258731775668,0.0474258731775668,0.0474258731775668,0.0474258731775668,0.0474258731775668,0.0474258731775668,0.0474258731775668,0.0474258731775668,0.0474258731775668,0.0474258731775668,0.0474258731775668,0.0474258731775668
ENSG00000037965,HOXC8,0.0474258731775668,0.0474258731775668,0.0474258731775668,0.0474258731775668,0.0474258731775668,0,0.0474258731775668,0.0474258731775668,0.0474258731775668,0.0474258731775668,0.0474258731775668,0.0474258731775668,0.0474258731775668,0.0474258731775668,0.0474258731775668,0.0474258731775668,0.0474258731775668,0.0474258731775668,0.0474258731775668,0.0474258731775668,0.0474258731775668,0.0474258731775668,0.0474258731775668,0.0474258731775668,0.0474258731775668,0.0474258731775668,0.0474258731775668,0.0474258731775668,0.0474258731775668,0.0474258731775668,0.0474258731775668,0.0474258731775668,0.0474258731775668,0.0474258731775668,0.0474258731775668,0.0474258731775668,0.0474258731775668,0.0474258731775668,0.0474258731775668,0
ENSG00000126368,NR1D1,0.0474258731775668,0.0474258731775668,0.0474258731775668,0.0474258731775668,0.0474258731775668,0.0474258731775668,0.0474258731775668,0.0474258731775668,0.0474258731775668,0.0474258731775668,0.0474258731775668,0.0474258731775668,0.0474258731775668,0.0474258731775668,0.0474258731775668,0.0474258731775668,0.0474258731775668,0.0474258731775668,0.0474258731775668,0.0474258731775668,0.0474258731775668,0.0474258731775668,0.0474258731775668,0.0474258731775668,0.0474258731775668,0.0474258731775668,0.0474258731775668,0.0474258731775668,0.0474258731775668,0.0474258731775668,0.0474258731775668,0.0474258731775668,0.0474258731775668,0.0474258731775668,0.0474258731775668,0.0474258731775668,0.0474258731775668,0.0474258731775668,0.0474258731775668,0.0474258731775668
ENSG00000204103,MAFB,0.0474258731775668,0.0474258731775668,0.0474258731775668,0.0474258731775668,0.0474258731775668,0.0474258731775668,0.0474258731775668,0.0474258731775668,0.0474258731775668,0.0474258731775668,0.0474258731775668,0.0474258731775668,0.0474258731775668,0.0474258731775668,0.0474258731775668,0.0474258731775668,0.0474258731775668,0.0474258731775668,0.0474258731775668,0.0474258731775668,0.0474258731775668,0.0474258731775668,0.0474258731775668,0.0474258731775668,0.0474258731775668,0.0474258731775668,0.0474258731775668,0.0474258731775668,0.0474258731775668,0.0474258731775668,0.0474258731775668,0.0474258731775668,0.0474258731775668,0.0474258731775668,0.0474258731775668,0.0474258731775668,0.0474258731775668,0.0474258731775668,0.0474258731775668,0.0474258731775668
ENSG00000126561,STAT5A,0.0474258731775668,0.0474258731775668,0.0474258731775668,0.0474258731775668,0.0474258731775668,0.0474258731775668,0.0474258731775668,0.0474258731775668,0.0474258731775668,0.0474258731775668,0.0474258731775668,0.0474258731775668,0.0474258731775668,0.0474258731775668,0.0474258731775668,0.0474258731775668,0.0474258731775668,0.0474258731775668,0.0474258731775668,0.0474258731775668,0.0474258731775668,0.0474258731775668,0.0474258731775668,0.0474258731775668,0.0474258731775668,0.0474258731775668,0.0474258731775668,0.0474258731775668,0.0474258731775668,0.0474258731775668,0.0474258731775668,0.0474258731775668,0.0474258731775668,0.0474258731775668,0.0474258731775668,0.0474258731775668,0.0474258731775668,0.0474258731775668,0.039680789899768,0.0474258731775668
ENSG00000032219,ARID4A,0.0474258731775668,0.0474258731775668,0.0474258731775668,0.0474258731775668,0.0474258731775668,0.0474258731775668,0.0474258731775668,0.0474258731775668,0.0474258731775668,0.0474258731775668,0.0474258731775668,0.0474258731775668,0.0474258731775668,0.0474258731775668,0.0652226712829951,0.0474258731775668,0.0474258731775668,0.0474258731775668,0.0474258731775668,0.0474258731775668,0.0474258731775668,0.0474258731775668,0.0474258731775668,0.0474258731775668,0.0474258731775668,0.0559933286578641,0.0474258731775668,0.0474258731775668,0.0474258731775668,0.0474258731775668,0.0474258731775668,0.0474258731775668,0.0474258731775668,0.0474258731775668,0.0891087240540748,0.0474258731775668,0.0474258731775668,0.0474258731775668,0.0474258731775668,0.0635806492715232
ENSG00000125968,ID1,0.0474258731775668,0.0474258731775668,0.0474258731775668,0.0474258731775668,0.0474258731775668,0.0474258731775668,0.0474258731775668,0.0474258731775668,0.0474258731775668,0.0474258731775668,0.0474258731775668,0.0474258731775668,0.0474258731775668,0.0474258731775668,0.0474258731775668,0.0474258731775668,0.0474258731775668,0.0474258731775668,0.0474258731775668,0.0474258731775668,0.0474258731775668,0.0474258731775668,0.0474258731775668,0.0474258731775668,0.0474258731775668,0.0474258731775668,0.0474258731775668,0.0474258731775668,0.0474258731775668,0.0474258731775668,0.0474258731775668,0.0474258731775668,0.0474258731775668,0.0474258731775668,0.0474258731775668,0.0474258731775668,0.0474258731775668,0.0474258731775668,0.0474258731775668,0.0474258731775668
ENSG00000125813,PAX1,0.0474258731775668,0,0.0474258731775668,0.0474258731775668,0.0474258731775668,0.0474258731775668,0.0474258731775668,0.0474258731775668,0.0474258731775668,0.00752318265286351,0.0474258731775668,0.0474258731775668,0.0474258731775668,0.0474258731775668,0.0474258731775668,0.0474258731775668,0.0474258731775668,0.0474258731775668,0.0474258731775668,0.0474258731775668,0.0474258731775668,0,0.0474258731775668,0.0474258731775668,0,0.0238786989987922,0.0474258731775668,0.0474258731775668,0.0474258731775668,0.0474258731775668,0.0474258731775668,0.0286958489300815,0.0474258731775668,0.0474258731775668,0.0474258731775668,0,0.0474258731775668,0.0474258731775668,0.0474258731775668,0.0474258731775668
ENSG00000128713,HOXD11,0.00467247829534511,0,0,0,0.0385677961851359,0,0.026301945540664,0,0,0,0,0.0116540220538041,0,0.0193267467750995,0.0129504762052209,0.00347338342426065,0.0339701019168079,0,0,0,0.00737155303821245,0.0141452696042638,0,0.0191911279680441,0.00575650719959788,0.0167538816042558,0.00461235293651025,0.0128302726138475,0.00196968567597751,0,0,0.0119093344568875,0,0,0,0,0.0131221583720183,0,0,0
ENSG00000129152,MYOD1,0,0,0,0.0474258731775668,0,0,0.0474258731775668,0,0.0474258731775668,0,0,0.0474258731775668,0,0.0474258731775668,0.0474258731775668,0,0.0474258731775668,0.0474258731775668,0,0,0,0.0474258731775668,0,0.0474258731775668,0,0,0.0474258731775668,0,0,0,0.0474258731775668,0,0.0474258731775668,0,0,0,0.0474258731775668,0,0,0.0474258731775668
ENSG00000274529,SEBOX,0,0,0,0.0474258731775668,0,0,0,0,0,0,0,0.0474258731775668,0,0.0474258731775668,0,0,0,0.0474258731775668,0.0474258731775668,0.0474258731775668,0,0,0,0.0474258731775668,0,0,0.0474258731775668,0.0474258731775668,0,0,0.0474258731775668,0,0,0,0.0474258731775668,0.0474258731775668,0.0474258731775668,0.0474258731775668,0.0474258731775668,0
ENSG00000131196,NFATC1,0.0412040337624978,0.0120531100965508,0.0474258731775668,0.0474258731775668,0.0474258731775668,0.0474258731775668,0.0474258731775668,0.0389958280100542,0.0451520412609016,0.0474258731775668,0.0397614719540578,0.0215707521789255,0.0252987554026858,0.0242108611357098,0.0410994230330403,0.0474258731775668,0.0474258731775668,0.0316723660661599,0.0272133809838295,0.0474258731775668,0.0412803424925574,0.0356027606387023,0.0474258731775668,0.0294298384306855,0.0300893540759813,0.0474258731775668,0.0474258731775668,0.0386890915753979,0.0374303979745821,0.0353947612333907,0.0400139730588733,0.037057046944656,0.0474258731775668,0.0474258731775668,0.0474258731775668,0.0474258731775668,0.0179026177828741,0.0474258731775668,0.0474258731775668,0.0327662228454428
ENSG00000131264,CDX4,0.0474258731775668,0,0,0,0,0,0.0474258731775668,0,0,0,0,0.0474258731775668,0,0,0,0,0,0,0,0.0474258731775668,0,0,0,0,0,0.0474258731775668,0.0474258731775668,0,0,0,0,0,0,0,0,0,0.0474258731775668,0,0,0
ENSG00000275004,ZNF280B,0.0474258731775668,0.0474258731775668,0.0474258731775668,0.0474258731775668,0.0474258731775668,0.0474258731775668,0.0474258731775668,0.0474258731775668,0.0474258731775668,0.0474258731775668,0.0474258731775668,0.0474258731775668,0.0474258731775668,0.0474258731775668,0.0474258731775668,0.0474258731775668,0.0474258731775668,0.0474258731775668,0.0474258731775668,0.0474258731775668,0.0474258731775668,0.0474258731775668,0.0474258731775668,0.0474258731775668,0.0474258731775668,0.0474258731775668,0.0474258731775668,0.0474258731775668,0.0474258731775668,0.0474258731775668,0.0474258731775668,0.0474258731775668,0.0474258731775668,0.0474258731775668,0.0474258731775668,0.0474258731775668,0.0474258731775668,0.0474258731775668,0.0474258731775668,0.0474258731775668
ENSG00000006377,DLX6,0.0474258731775668,0.0474258731775668,0.0474258731775668,0.0474258731775668,0.0474258731775668,0.0474258731775668,0.0474258731775668,0.0474258731775668,0.0474258731775668,0.0474258731775668,0.0474258731775668,0.0474258731775668,0.0474258731775668,0.0474258731775668,0.0473503795650701,0.0474258731775668,0.0474258731775668,0.0474258731775668,0.0474258731775668,0.0474258731775668,0.0474258731775668,0.0474258731775668,0.0474258731775668,0.0474258731775668,0.0474258731775668,0.0474258731775668,0.0474258731775668,0.0474258731775668,0.0474258731775668,0.0474258731775668,0.0474258731775668,0.0474258731775668,0.0474258731775668,0,0.0474258731775668,0.0474258731775668,0.0474258731775668,0.0474258731775668,0.0474258731775668,0.0474258731775668
ENSG00000131721,RHOXF2,0.0474258731775668,0.0474258731775668,0.0474258731775668,0.0474258731775668,0.0474258731775668,0.0474258731775668,0.0474258731775668,0.0474258731775668,0,0.0474258731775668,0.0474258731775668,0.0474258731775668,0.0474258731775668,0.0474258731775668,0.0474258731775668,0.0474258731775668,0.0474258731775668,0.0474258731775668,0.0474258731775668,0.0474258731775668,0.0474258731775668,0,0.0474258731775668,0.0474258731775668,0.0474258731775668,0.0474258731775668,0.0474258731775668,0.0474258731775668,0.0474258731775668,0.0474258731775668,0.0474258731775668,0.0474258731775668,0.0474258731775668,0.0474258731775668,0.0474258731775668,0,0.0474258731775668,0.0474258731775668,0.0474258731775668,0
ENSG00000131845,ZNF304,0.0474258731775668,0.0474258731775668,0.0474258731775668,0.0474258731775668,0.0474258731775668,0.0474258731775668,0.0474258731775668,0.0474258731775668,0.0474258731775668,0.0474258731775668,0.0474258731775668,0.0474258731775668,0.0474258731775668,0.0474258731775668,0.0474258731775668,0.0474258731775668,0.0474258731775668,0.0474258731775668,0.0474258731775668,0.0474258731775668,0.0474258731775668,0.0474258731775668,0.0474258731775668,0.0474258731775668,0.0474258731775668,0.0474258731775668,0.0474258731775668,0.0474258731775668,0.0474258731775668,0.0474258731775668,0.0474258731775668,0.0474258731775668,0.0474258731775668,0.0474258731775668,0.0474258731775668,0.0474258731775668,0.0474258731775668,0.0474258731775668,0.0474258731775668,0.0474258731775668
ENSG00000130856,ZNF236,0.0306930313453023,0.0474258731775668,0.0474258731775668,0.0474258731775668,0.0474258731775668,0.0463708284106871,0.0474258731775668,0.0474258731775668,0.0474258731775668,0.0474258731775668,0.0474258731775668,0.0474258731775668,0.0667975456190914,0.0474258731775668,0.0474258731775668,0.0474258731775668,0.0474258731775668,0.0474258731775668,0.0474258731775668,0.0724406950544637,0.0474258731775668,0.0474258731775668,0.136341693999155,0.0831610100710203,0.0955943338721673,0.0882019719431283,0.102324765610728,0.0474258731775668,0.0474258731775668,0.0474258731775668,0.0474258731775668,0.0474258731775668,0.0474258731775668,0.0474258731775668,0.0474258731775668,0.306091272708001,0.0474258731775668,0.0474258731775668,0.104855444239771,0.0598182130622143
ENSG00000198807,PAX9,0.0474258731775668,0.0474258731775668,0.0474258731775668,0.0474258731775668,0.323506218729433,0.0474258731775668,0.0474258731775668,0.0474258731775668,0.0474258731775668,0.0474258731775668,0.0474258731775668,0.0474258731775668,0.0474258731775668,0.0474258731775668,0.0474258731775668,0.0474258731775668,0.0474258731775668,0.0474258731775668,0.0474258731775668,0.323506218729433,0.0311120599090707,0.0474258731775668,0.0474258731775668,0.0474258731775668,0.0474258731775668,0.0474258731775668,0.0474258731775668,0.0474258731775668,0.323506218729433,0.0474258731775668,0.0474258731775668,0.0474258731775668,0.0474258731775668,0.0474258731775668,0.0474258731775668,0,0.0474258731775668,0.0474258731775668,0.0474258731775668,0.0474258731775668
ENSG00000276234,TADA2A,0.0249607477500355,0.0564961380380159,0.0739804859856043,0.0497155715178738,0.127448181673289,0.0617635631738631,0.0259789643933726,0.0853631589296325,0.0254180513209118,0.062800252221285,0.157797582559739,0.0505289678029525,0.0579972795319369,0.0411310662066254,0.0155161987502978,0.157262839707883,0.0709137616912165,0.0682782879681329,0.0427364802121316,0.0234329489507044,0.0906677675059997,0.103957704295003,0.213592022964431,0.0839345535792939,0.122569124497154,0.225458634079073,0.0246222526823986,0.0474637591954734,0.0170990160953971,0.0775227790786471,0.0623175676171946,0.0160489688985578,0.0720970523938755,0.0894083558459703,0.00907517286764444,0.279721983375174,0.0474258731775668,0.0953675999091013,0.235352175777083,0.0108785868964278
ENSG00000131849,ZNF132,0.0474258731775668,0.0474258731775668,0.0474258731775668,0.0474258731775668,0.0474258731775668,0.0474258731775668,0.0377344049513663,0.0474258731775668,0.0474258731775668,0.0474258731775668,0.0474258731775668,0.0474258731775668,0.0474258731775668,0.0474258731775668,0.0474258731775668,0.0474258731775668,0.0474258731775668,0.0474258731775668,0.0474258731775668,0.0474258731775668,0.0474258731775668,0.0474258731775668,0.0392325906589758,0.0474258731775668,0.0474258731775668,0.0474258731775668,0.0474258731775668,0.0474258731775668,0.0474258731775668,0.0474258731775668,0.0474258731775668,0.0474258731775668,0.0474258731775668,0.0474258731775668,0.0474258731775668,0.0474258731775668,0.0474258731775668,0.0474258731775668,0.0240653836068297,0.0474258731775668
ENSG00000131910,NR0B2,0.0474258731775668,0.0474258731775668,0,0.0474258731775668,0.0474258731775668,0.0474258731775668,0.0474258731775668,0.0474258731775668,0.0474258731775668,0.0474258731775668,0.0474258731775668,0.0474258731775668,0.0474258731775668,0.0474258731775668,0,0,0.0474258731775668,0.0474258731775668,0.0474258731775668,0.0474258731775668,0.0474258731775668,0,0.0474258731775668,0.0474258731775668,0.0474258731775668,0.0474258731775668,0.0474258731775668,0.0474258731775668,0,0.0474258731775668,0.0474258731775668,0.0474258731775668,0.0474258731775668,0.0474258731775668,0.0474258731775668,0.0474258731775668,0.0474258731775668,0.0474258731775668,0,0.0474258731775668
ENSG00000198740,ZNF652,0.0474258731775668,0.0158175002125283,0.0027682944745367,0.0474258731775668,0.0474258731775668,0.0474258731775668,0.0461921985027308,0.0474258731775668,0.0474258731775668,0.0474258731775668,0.0268632293410843,0.0445194658584362,0.0474258731775668,0.0474258731775668,0.0474258731775668,0.0474258731775668,0.0474258731775668,0.0474258731775668,0.0474258731775668,0.0375718477171876,0.0474258731775668,0.0474258731775668,0.0474258731775668,0.0474258731775668,0.0474258731775668,0.0386633675850657,0.0474258731775668,0.0474258731775668,0.047194454334605,0.0474258731775668,0.0474258731775668,0.0474258731775668,0.0474258731775668,0.0474258731775668,0.0474258731775668,0.0474258731775668,0.0400447184386646,0.0474258731775668,0.0474258731775668,0.0474258731775668
ENSG00000005513,SOX8,0.0474258731775668,0.0474258731775668,0.0474258731775668,0.0474258731775668,0.0474258731775668,0.0474258731775668,0.0474258731775668,0.0474258731775668,0.0474258731775668,0.0474258731775668,0.0474258731775668,0.0474258731775668,0.0474258731775668,0.0474258731775668,0.0474258731775668,0.0474258731775668,0.0474258731775668,0.0474258731775668,0.0474258731775668,0.0474258731775668,0.0474258731775668,0.0474258731775668,0.0474258731775668,0.0474258731775668,0.0474258731775668,0.0474258731775668,0.0474258731775668,0.0474258731775668,0.0474258731775668,0.0474258731775668,0.0474258731775668,0.0474258731775668,0.0474258731775668,0.0474258731775668,0.0182166484291284,0.0457880034646112,0.0474258731775668,0.0474258731775668,0.0474258731775668,0.0474258731775668
ENSG00000278129,ZNF8,0.0474258731775668,0.0474258731775668,0.0474258731775668,0.0474258731775668,0.0474258731775668,0.0474258731775668,0.0474258731775668,0.0474258731775668,0.0474258731775668,0.0474258731775668,0.0474258731775668,0.0474258731775668,0.0474258731775668,0.0474258731775668,0.0474258731775668,0.0474258731775668,0.0474258731775668,0.0474258731775668,0.0474258731775668,0.0474258731775668,0.0474258731775668,0.0474258731775668,0.0474258731775668,0.0474258731775668,0.0474258731775668,0.0474258731775668,0.0474258731775668,0.0474258731775668,0.0474258731775668,0.0474258731775668,0.0474258731775668,0.0474258731775668,0.0474258731775668,0.0474258731775668,0.0474258731775668,0.0474258731775668,0.0474258731775668,0.0474258731775668,0.0474258731775668,0.0474258731775668
ENSG00000005073,HOXA11,0.0316926087835316,0.0474258731775668,0,0.0474258731775668,0.0434622643221548,0.00461249842514608,0.0474258731775668,0.0474258731775668,0.0474258731775668,0.0451516059964415,0,0.0474258731775668,0.0396524207449668,0.0474258731775668,0.0474258731775668,0.0474258731775668,0.0474258731775668,0,0.0474258731775668,0.0474258731775668,0.0474258731775668,0.0474258731775668,0,0.0474258731775668,0.0474258731775668,0.0474258731775668,0.0474258731775668,0.0474258731775668,0.0474258731775668,0.00154311609578733,0.0352391613659374,0.0474258731775668,0.0474258731775668,0.0474258731775668,0,0,0.0160893682913605,0,0.0444420692981425,0
ENSG00000275410,HNF1B,0,0.0474258731775668,0,0.0474258731775668,0.0547265863524061,0,0,0.0474258731775668,0.0615312735941279,0.0474258731775668,0,0.0474258731775668,0.0474258731775668,0.0474258731775668,0.0474258731775668,0.0474258731775668,0.12126438924171,0.00847769627814488,0.0153528168685138,0.0549547373203318,0.0474258731775668,0.0474258731775668,0.0474258731775668,0.0474258731775668,0.0474258731775668,0.0474258731775668,0.0474258731775668,0.0474258731775668,0.0474258731775668,0.0474258731775668,0.0474258731775668,0.0474258731775668,0,0.0474258731775668,0.0485444211764135,0.0474258731775668,0.0474258731775668,0.0191050647773904,0.020104710059067,0
ENSG00000128714,HOXD13,0.0474258731775668,0.0474258731775668,0,0.0474258731775668,0,0.0474258731775668,0,0.0474258731775668,0,0.0474258731775668,0,0.0474258731775668,0,0.0474258731775668,0.0474258731775668,0.0474258731775668,0.0474258731775668,0,0.0474258731775668,0,0.0474258731775668,0.0474258731775668,0.0474258731775668,0.0474258731775668,0.0474258731775668,0.0474258731775668,0.0474258731775668,0.0474258731775668,0.0474258731775668,0.0474258731775668,0.0474258731775668,0.0474258731775668,0.0474258731775668,0,0.0474258731775668,0,0.0474258731775668,0,0,0
ENSG00000007968,E2F2,0.0474258731775668,0.0474258731775668,0.0474258731775668,0.0474258731775668,0.0474258731775668,0.0474258731775668,0.0474258731775668,0.0474258731775668,0.0474258731775668,0.0474258731775668,0.0474258731775668,0.0474258731775668,0.0474258731775668,0.0474258731775668,0.0474258731775668,0.0474258731775668,0.0474258731775668,0.0474258731775668,0.0474258731775668,0.0474258731775668,0.0474258731775668,0.0474258731775668,0.0474258731775668,0.0474258731775668,0.0474258731775668,0.0474258731775668,0.0474258731775668,0.0474258731775668,0.0474258731775668,0.0474258731775668,0.0474258731775668,0.0474258731775668,0.0474258731775668,0.0474258731775668,0.0474258731775668,0.0474258731775668,0.0474258731775668,0.0474258731775668,0.0474258731775668,0.0354111722969736
ENSG00000008083,JARID2,0.0474258731775668,0.0474258731775668,0.0474258731775668,0.0474258731775668,0.0474258731775668,0.0474258731775668,0.0474258731775668,0.0474258731775668,0.0474258731775668,0.0474258731775668,0.0474258731775668,0.0474258731775668,0.0474258731775668,0.0474258731775668,0.0474258731775668,0.0474258731775668,0.0474258731775668,0.0474258731775668,0.0474258731775668,0.0474258731775668,0.0474258731775668,0.0474258731775668,0.0474258731775668,0.0474258731775668,0.0474258731775668,0.0474258731775668,0.0474258731775668,0.0474258731775668,0.0474258731775668,0.0474258731775668,0.0474258731775668,0.0474258731775668,0.0474258731775668,0.0474258731775668,0.0474258731775668,0.0474258731775668,0.0474258731775668,0.0474258731775668,0.0474258731775668,0.0474258731775668
ENSG00000198914,POU3F3,0.0474258731775668,0.0474258731775668,0.0474258731775668,0.0474258731775668,0.0474258731775668,0.0474258731775668,0.0474258731775668,0.0474258731775668,0.0474258731775668,0.0474258731775668,0.0474258731775668,0.0474258731775668,0.0474258731775668,0.0474258731775668,0.0474258731775668,0.0474258731775668,0.0474258731775668,0.0474258731775668,0.0474258731775668,0.0474258731775668,0.0474258731775668,0.0474258731775668,0.0474258731775668,0.0474258731775668,0.0474258731775668,0.0474258731775668,0.0474258731775668,0,0.0474258731775668,0.0474258731775668,0.0474258731775668,0.0474258731775668,0.0474258731775668,0.0474258731775668,0.0474258731775668,0,0.0474258731775668,0.0474258731775668,0.0474258731775668,0.0474258731775668
ENSG00000129194,SOX15,0.0474258731775668,0.0474258731775668,0.0474258731775668,0.0474258731775668,0.0474258731775668,0.0474258731775668,0.0474258731775668,0.0474258731775668,0.0474258731775668,0.0474258731775668,0.0474258731775668,0.0474258731775668,0.0474258731775668,0.0474258731775668,0.0474258731775668,0.0474258731775668,0.0474258731775668,0.0474258731775668,0.0474258731775668,0.0474258731775668,0.0474258731775668,0.0474258731775668,0.0474258731775668,0.0474258731775668,0.0474258731775668,0.0474258731775668,0.0474258731775668,0.0474258731775668,0.0474258731775668,0.0474258731775668,0.0474258731775668,0.0474258731775668,0.0474258731775668,0.0474258731775668,0.0474258731775668,0.0474258731775668,0.0474258731775668,0.0474258731775668,0.0474258731775668,0.0474258731775668
ENSG00000129514,FOXA1,0.0474258731775668,0.0474258731775668,0.0474258731775668,0.0474258731775668,0.0474258731775668,0.0141851333097835,0.0474258731775668,0.0474258731775668,0.0474258731775668,0.0474258731775668,0.0474258731775668,0.0474258731775668,0,0.0474258731775668,0.0474258731775668,0.0474258731775668,0.0474258731775668,0.0474258731775668,0.0474258731775668,0.0474258731775668,0.0474258731775668,0.0474258731775668,0.0474258731775668,0.0474258731775668,0.0474258731775668,0.0474258731775668,0.0474258731775668,0.0474258731775668,0.0474258731775668,0.0474258731775668,0.0474258731775668,0.0474258731775668,0.0423800966565751,0.0474258731775668,0.0474258731775668,0.0474258731775668,0.0474258731775668,0.00564367025219448,0.0474258731775668,0
ENSG00000198911,SREBF2,0.0777119323659886,0.0526852435715188,0.0642781155661908,0.169929806677364,0.0969197796659828,0.124294446325542,0.181743183235099,0.128896767470608,0.0474258731775668,0.07352383351863,0.0474258731775668,0.0640243159095205,0.0474258731775668,0.0474258731775668,0.0772630333334245,0.0474258731775668,0.0474258731775668,0.0474258731775668,0.0525980085775338,0.059911629518601,0.0474258731775668,0.0474258731775668,0.121171755772632,0.0474258731775668,0.11961328696553,0.0474258731775668,0.0711174805299462,0.0999588242898038,0.0474258731775668,0.066365285707718,0.0599702571822805,0.0474258731775668,0.0585511782457002,0.0510115310571353,0.0516647006898913,0.0474258731775668,0.11795653633667,0.0474258731775668,0.346735105389972,0.0474258731775668
ENSG00000129654,FOXJ1,0.0474258731775668,0.0474258731775668,0.0474258731775668,0.0474258731775668,0.0474258731775668,0.0474258731775668,0.0474258731775668,0.0474258731775668,0.0474258731775668,0.0474258731775668,0.0474258731775668,0.0474258731775668,0.0474258731775668,0.0474258731775668,0.0474258731775668,0.0474258731775668,0.0474258731775668,0.0474258731775668,0.0474258731775668,0,0.0474258731775668,0.0474258731775668,0.0474258731775668,0.0474258731775668,0.0474258731775668,0.0474258731775668,0.0474258731775668,0.0474258731775668,0.0474258731775668,0.0474258731775668,0.0474258731775668,0.0474258731775668,0.0474258731775668,0.0474258731775668,0.0474258731775668,0.0474258731775668,0.0474258731775668,0.0474258731775668,0.0474258731775668,0
ENSG00000129911,KLF16,0.0474258731775668,0.0474258731775668,0.0474258731775668,0.0474258731775668,0.0474258731775668,0.0474258731775668,0.0474258731775668,0.0474258731775668,0.0474258731775668,0.0474258731775668,0.0474258731775668,0.0474258731775668,0.0474258731775668,0.0474258731775668,0.0474258731775668,0.0474258731775668,0.0474258731775668,0.0474258731775668,0.0474258731775668,0.0474258731775668,0.0474258731775668,0.0474258731775668,0.0474258731775668,0.0474258731775668,0.0474258731775668,0.0474258731775668,0.0474258731775668,0.0474258731775668,0.0474258731775668,0.0474258731775668,0.0474258731775668,0.0474258731775668,0.0474258731775668,0.0474258731775668,0.0474258731775668,0.0474258731775668,0.0474258731775668,0.0474258731775668,0.0474258731775668,0.0474258731775668
ENSG00000011451,WIZ,0.0474258731775668,0.0474258731775668,0.0474258731775668,0.0474258731775668,0.0474258731775668,0.0474258731775668,0.0474258731775668,0.0474258731775668,0.0474258731775668,0.0474258731775668,0.0474258731775668,0.0474258731775668,0.0474258731775668,0.0969668551533707,0.0520745145948051,0.0474258731775668,0.0474258731775668,0.0474258731775668,0.140758484253052,0.0952090472016115,0.0474258731775668,0.0474258731775668,0.0650070965803855,0.0474258731775668,0.0474258731775668,0.0474258731775668,0.0474258731775668,0.0791026425030863,0.164907405862715,0.0474258731775668,0.0474258731775668,0.0474258731775668,0.105805023138585,0.0486469612347117,0.0474258731775668,0.0474258731775668,0.0474258731775668,0.0600338273906799,0.0474258731775668,0.0481377938215856
ENSG00000130803,ZNF317,0.0474258731775668,0.0474258731775668,0.0190802710828329,0.0474258731775668,0.0474258731775668,0.0474258731775668,0.0474258731775668,0.0474258731775668,0.0474258731775668,0.0474258731775668,0.0474258731775668,0.0474258731775668,0.0474258731775668,0.0474258731775668,0.0474258731775668,0.0474258731775668,0.0474258731775668,0.0474258731775668,0.0474258731775668,0.0474258731775668,0.0474258731775668,0.0474258731775668,0.0474258731775668,0.0474258731775668,0.0474258731775668,0.0474258731775668,0.0474258731775668,0.0474258731775668,0.0474258731775668,0.0474258731775668,0.0474258731775668,0.0474258731775668,0.0474258731775668,0.0474258731775668,0.0474258731775668,0.0474258731775668,0.0474258731775668,0.0474258731775668,0.0474258731775668,0.0474258731775668
ENSG00000010818,HIVEP2,0.0474258731775668,0.0474258731775668,0.0474258731775668,0.0505879535346312,0.141498848901201,0.0811477528768483,0.0561506683495565,0.0690607869513101,0.0563696018770868,0.214932936416149,0.116482663438703,0.12446600826576,0.0529964376005436,0.128469777506641,0.0869221266265125,0.0709172108975658,0.0866859362382522,0.0897085770421507,0.115795581245355,0.0887922700596549,0.0553081407559374,0.116936861909919,0.185094621067259,0.0766221139412075,0.109693515485889,0.0764813553933042,0.11712684789597,0.16108731567558,0.0640851943986445,0.0953829428022086,0.0647721202384956,0.157235154862473,0.0474258731775668,0.162443044144072,0.0825185481639118,0.178266984903162,0.161538043314774,0.131640175470532,0.159035507793139,0.0474258731775668
ENSG00000130584,ZBTB46,0.0474258731775668,0.0474258731775668,0.0474258731775668,0.0474258731775668,0.0474258731775668,0.0474258731775668,0.0474258731775668,0.0474258731775668,0.0474258731775668,0.0474258731775668,0.0474258731775668,0.0474258731775668,0.0474258731775668,0.0474258731775668,0.0474258731775668,0.0474258731775668,0.0474258731775668,0.0474258731775668,0.0474258731775668,0.0474258731775668,0.0474258731775668,0.0474258731775668,0.0474258731775668,0.0474258731775668,0.0474258731775668,0.0474258731775668,0.0474258731775668,0.0474258731775668,0.0474258731775668,0.0474258731775668,0.0474258731775668,0.0474258731775668,0.0474258731775668,0.0474258731775668,0.0474258731775668,0.0474258731775668,0.0474258731775668,0.0474258731775668,0.0474258731775668,0.0474258731775668
ENSG00000010539,ZNF200,0.0474258731775668,0.0474258731775668,0.0460592558346872,0.0474258731775668,0.0474258731775668,0.0474258731775668,0.0474258731775668,0.0474258731775668,0.0474258731775668,0.0474258731775668,0.0474258731775668,0.0474258731775668,0.0474258731775668,0.0474258731775668,0.0474258731775668,0.0474258731775668,0.0474258731775668,0.0474258731775668,0.0474258731775668,0.0474258731775668,0.0474258731775668,0.0474258731775668,0.0474258731775668,0.0474258731775668,0.0474258731775668,0.0474258731775668,0.0474258731775668,0.0474258731775668,0.0474258731775668,0.0474258731775668,0.0474258731775668,0.0474258731775668,0.0474258731775668,0.0547813789222659,0.0474258731775668,0.0378687509590585,0.10588759216567,0.0474258731775668,0.0474258731775668,0.0474258731775668
ENSG00000273706,LHX1,0,0,0.0244477146329525,0.0474258731775668,0.0106583133142802,0,0,0,0,0.00653017518895248,0,0.0474258731775668,0.0474258731775668,0.0464878682315918,0,0,0.0474258731775668,0,0,0,0,0.0119310075417766,0,0.0474258731775668,0,0.00527611360369039,0.0474258731775668,0,0.0215801721797679,0,0,0.0274403745378926,0,0,0,0,0.0459347018280365,0,0,0
ENSG00000130675,MNX1,0.0378389570532699,0,0,0.0474258731775668,0.13066800193644,0.0427690184765025,0.282138396370096,0.0474258731775668,0.0474258731775668,0.0446679163054535,0.0474258731775668,0.0451396885010103,0.0474258731775668,0.0474258731775668,0.0474258731775668,0,0.0474258731775668,0.0474258731775668,0.0474258731775668,0.0474258731775668,0.0474258731775668,0,0.0809506887449152,0.0474258731775668,0.0474258731775668,0.320821300824607,0.356996812498579,0.0363834572384634,0.0474258731775668,0.0474258731775668,0.0474258731775668,0,0.0474258731775668,0.0474258731775668,0.0474258731775668,0.0474258731775668,0.0474258731775668,0,0.0474258731775668,0
ENSG00000009709,PAX7,0.0474258731775668,0.0474258731775668,0.0474258731775668,0,0.0474258731775668,0.0474258731775668,0.0474258731775668,0.0474258731775668,0.0474258731775668,0.0474258731775668,0,0.0474258731775668,0.0474258731775668,0.0474258731775668,0,0.0474258731775668,0.0474258731775668,0.0474258731775668,0.0474258731775668,0.0474258731775668,0,0.0474258731775668,0,0.0474258731775668,0.0474258731775668,0.0474258731775668,0,0.0474258731775668,0.0474258731775668,0,0,0.0474258731775668,0.0474258731775668,0.0474258731775668,0.0474258731775668,0,0.0474258731775668,0.0474258731775668,0,0.0474258731775668
ENSG00000130684,ZNF337,0.0474258731775668,0.0474258731775668,0.0474258731775668,0.0474258731775668,0.0474258731775668,0.0474258731775668,0.0474258731775668,0.0474258731775668,0.0474258731775668,0.0474258731775668,0.0474258731775668,0.0474258731775668,0.0474258731775668,0.0474258731775668,0.0474258731775668,0.0474258731775668,0.0474258731775668,0.0474258731775668,0.0474258731775668,0.0474258731775668,0.0474258731775668,0.0474258731775668,0.0474258731775668,0.0474258731775668,0.0474258731775668,0.0474258731775668,0.0474258731775668,0.0474258731775668,0.0474258731775668,0.0474258731775668,0.0474258731775668,0.0474258731775668,0.0474258731775668,0.0474258731775668,0.0474258731775668,0.0474258731775668,0.0474258731775668,0.0474258731775668,0.0474258731775668,0.0474258731775668
ENSG00000198846,TOX,0.0474258731775668,0.0474258731775668,0.0474258731775668,0.0474258731775668,0.0474258731775668,0.0474258731775668,0.0474258731775668,0.0474258731775668,0.0474258731775668,0.0474258731775668,0.0474258731775668,0.0474258731775668,0.0474258731775668,0.0474258731775668,0.0474258731775668,0.0474258731775668,0.0474258731775668,0.0474258731775668,0.0474258731775668,0.0474258731775668,0.0474258731775668,0.0474258731775668,0.0474258731775668,0.0474258731775668,0.0474258731775668,0.0474258731775668,0.0474258731775668,0.0474258731775668,0.0474258731775668,0.0474258731775668,0.0474258731775668,0.0474258731775668,0.0474258731775668,0.0474258731775668,0.0474258731775668,0.0474258731775668,0.0474258731775668,0.0474258731775668,0.0474258731775668,0.0474258731775668
ENSG00000130544,ZNF557,0.0474258731775668,0.0474258731775668,0.0474258731775668,0.0474258731775668,0.0474258731775668,0.0474258731775668,0.0474258731775668,0.0474258731775668,0.0474258731775668,0.0474258731775668,0.0474258731775668,0.0474258731775668,0.0474258731775668,0.0474258731775668,0.0474258731775668,0.0474258731775668,0.0474258731775668,0.0474258731775668,0.0474258731775668,0.0474258731775668,0.0474258731775668,0.0474258731775668,0.0474258731775668,0.0474258731775668,0.0474258731775668,0.0474258731775668,0.0474258731775668,0.0474258731775668,0.0474258731775668,0.0474258731775668,0.0474258731775668,0.0474258731775668,0.0474258731775668,0.0474258731775668,0.0474258731775668,0.0474258731775668,0.0474258731775668,0.0474258731775668,0.0474258731775668,0.0474258731775668
ENSG00000125812,GZF1,0.0474258731775668,0.112121361529247,0.0474258731775668,0.0474258731775668,0.0879545199630657,0.0510895096881748,0.0474258731775668,0.0474258731775668,0.0474258731775668,0.0474258731775668,0.049961822153383,0.0474258731775668,0.0474258731775668,0.0758672175408633,0.0836217154676927,0.0474258731775668,0.0505409642794068,0.0474258731775668,0.0474258731775668,0.0923708995064123,0.0568933307127055,0.0474258731775668,0.0926813867796367,0.0474258731775668,0.0474258731775668,0.0474258731775668,0.0706968765965708,0.0474258731775668,0.063451574221078,0.0474258731775668,0.0892687926685971,0.0474258731775668,0.0474258731775668,0.0480902233977611,0.0536470363487384,0.116938525828556,0.175959934439297,0.0474258731775668,0.283075858909141,0.0474258731775668
ENSG00000103241,FOXF1,0.0474258731775668,0.0474258731775668,0.0474258731775668,0.0474258731775668,0.0474258731775668,0.0474258731775668,0.0474258731775668,0.0474258731775668,0.0474258731775668,0.0474258731775668,0.0474258731775668,0.0474258731775668,0.0474258731775668,0.0474258731775668,0.0474258731775668,0.0474258731775668,0.0474258731775668,0.0474258731775668,0.0474258731775668,0.0474258731775668,0.0474258731775668,0.0474258731775668,0.0474258731775668,0.0474258731775668,0.0474258731775668,0.0474258731775668,0.0474258731775668,0.0474258731775668,0.0474258731775668,0.0474258731775668,0.0474258731775668,0.0474258731775668,0.0474258731775668,0.0474258731775668,0.0474258731775668,0.0474258731775668,0.0474258731775668,0.0474258731775668,0.0474258731775668,0.0474258731775668
ENSG00000125798,FOXA2,0.0474258731775668,0,0,0.0474258731775668,0.0474258731775668,0.0474258731775668,0.0474258731775668,0.0474258731775668,0,0.0474258731775668,0.0474258731775668,0.0474258731775668,0,0.0474258731775668,0.0474258731775668,0.0474258731775668,0.0474258731775668,0.0474258731775668,0.0474258731775668,0.0474258731775668,0.0474258731775668,0.0474258731775668,0.0474258731775668,0.0474258731775668,0.0474258731775668,0.0474258731775668,0.0474258731775668,0.0474258731775668,0,0.0474258731775668,0.0474258731775668,0.0474258731775668,0,0.0474258731775668,0.0474258731775668,0.0474258731775668,0.0474258731775668,0.0474258731775668,0.0474258731775668,0
ENSG00000122180,MYOG,0.0474258731775668,0.0474258731775668,0.0474258731775668,0.0474258731775668,0,0.0474258731775668,0.0474258731775668,0.0474258731775668,0.0474258731775668,0.0474258731775668,0,0.0474258731775668,0.0474258731775668,0.0474258731775668,0.0474258731775668,0.0474258731775668,0.0474258731775668,0.0474258731775668,0.0474258731775668,0,0.0474258731775668,0.0474258731775668,0.0474258731775668,0.0474258731775668,0,0.0474258731775668,0.0474258731775668,0,0.0474258731775668,0.0474258731775668,0.0474258731775668,0.0474258731775668,0.0474258731775668,0,0.0474258731775668,0,0.0474258731775668,0.0474258731775668,0.0474258731775668,0.0474258731775668
ENSG00000263002,ZNF234,0.0474258731775668,0.0474258731775668,0.0474258731775668,0.0474258731775668,0.0474258731775668,0.0474258731775668,0.0474258731775668,0.0474258731775668,0.0474258731775668,0.0474258731775668,0.0474258731775668,0.0474258731775668,0.0474258731775668,0.0474258731775668,0.0474258731775668,0.0474258731775668,0.0474258731775668,0.0474258731775668,0.0474258731775668,0.0474258731775668,0.0474258731775668,0.0474258731775668,0.0474258731775668,0.0474258731775668,0.0474258731775668,0.0474258731775668,0.0474258731775668,0.0474258731775668,0.0474258731775668,0.0474258731775668,0.0474258731775668,0.0474258731775668,0.0474258731775668,0.0474258731775668,0.0474258731775668,0.0474258731775668,0.0474258731775668,0.0474258731775668,0.0474258731775668,0.0474258731775668
ENSG00000061455,PRDM6,0.0474258731775668,0.0474258731775668,0.031814389528192,0.0474258731775668,0.0474258731775668,0.0275963349222925,0.0474258731775668,0.0474258731775668,0.041343271235769,0.0474258731775668,0.0474258731775668,0.0474258731775668,0.0474258731775668,0.0474258731775668,0.0474258731775668,0.0474258731775668,0.0474258731775668,0.0474258731775668,0.0474258731775668,0.0474258731775668,0.0474258731775668,0.0474258731775668,0.0474258731775668,0.0474258731775668,0.0474258731775668,0.0474258731775668,0.0474258731775668,0.0474258731775668,0.0474258731775668,0.0474258731775668,0.0474258731775668,0.0474258731775668,0.0474258731775668,0.0474258731775668,0.0327663843448954,0.0228322298568135,0.0474258731775668,0.0474258731775668,0.0474258731775668,0.0276902331516211
ENSG00000122592,HOXA7,0.0474258731775668,0.0474258731775668,0.0474258731775668,0.0474258731775668,0.0474258731775668,0.0474258731775668,0.0474258731775668,0.0474258731775668,0.0474258731775668,0.0474258731775668,0.0474258731775668,0.0474258731775668,0.0474258731775668,0.0474258731775668,0.0474258731775668,0.0474258731775668,0.0474258731775668,0.0474258731775668,0.0364041429369527,0.0474258731775668,0.0474258731775668,0.0474258731775668,0.0474258731775668,0.0474258731775668,0.0474258731775668,0.0474258731775668,0.0474258731775668,0.0474258731775668,0.0474258731775668,0.0474258731775668,0.0474258731775668,0.0474258731775668,0.0474258731775668,0.0474258731775668,0.0474258731775668,0.00823885937412195,0.0474258731775668,0.0474258731775668,0.0474258731775668,0.0474258731775668
ENSG00000122691,TWIST1,0.0474258731775668,0.0474258731775668,0.0474258731775668,0.0474258731775668,0.0474258731775668,0.00804258912197526,0.0474258731775668,0.0474258731775668,0.0474258731775668,0.0474258731775668,0.0474258731775668,0.0474258731775668,0.0474258731775668,0.0474258731775668,0.0474258731775668,0.0474258731775668,0.0474258731775668,0.0474258731775668,0.0474258731775668,0.0474258731775668,0.0474258731775668,0.0474258731775668,0.0474258731775668,0.0474258731775668,0.0474258731775668,0.0474258731775668,0.0474258731775668,0.0474258731775668,0.0474258731775668,0.0474258731775668,0.0474258731775668,0.0474258731775668,0.0474258731775668,0.0474258731775668,0.0407377795105625,0.0474258731775668,0.0474258731775668,0.0474258731775668,0.0474258731775668,0.0474258731775668
ENSG00000060566,CREB3L3,0,0,0,0.0474258731775668,0.0474258731775668,0.0051801506661774,0,0.0263913611739901,0.0474258731775668,0.0474258731775668,0,0.288275521482812,0,0.0474258731775668,0.0474258731775668,0.0474258731775668,0.0474258731775668,0.0474258731775668,0.0474258731775668,0.0474258731775668,0.0474258731775668,0,0.0474258731775668,0.0474258731775668,0.0474258731775668,0,0.952574126822433,0.0265100666005546,0.0474258731775668,0.272019650349545,0.0474258731775668,0.0474258731775668,0,0.0474258731775668,0.0474258731775668,0,0.0474258731775668,0,0.0474258731775668,0
ENSG00000122859,NEUROG3,0.0474258731775668,0,0,0.0474258731775668,0.0474258731775668,0.0474258731775668,0,0.0474258731775668,0.0474258731775668,0.0474258731775668,0,0.0474258731775668,0,0.0474258731775668,0.0474258731775668,0.0474258731775668,0.0474258731775668,0.0474258731775668,0.0474258731775668,0.0474258731775668,0.0474258731775668,0,0.0474258731775668,0.0474258731775668,0.0474258731775668,0,0.0474258731775668,0.0474258731775668,0.0474258731775668,0.0474258731775668,0.0474258731775668,0,0,0.0474258731775668,0.0474258731775668,0,0.0474258731775668,0.0474258731775668,0.0474258731775668,0.0474258731775668
ENSG00000122034,GTF3A,0.0474258731775668,0.0474258731775668,0.0474258731775668,0.0474258731775668,0.0474258731775668,0.0474258731775668,0.0474258731775668,0.0474258731775668,0.0474258731775668,0.0474258731775668,0.0474258731775668,0.0474258731775668,0.0474258731775668,0.0474258731775668,0.0474258731775668,0.0474258731775668,0.0474258731775668,0.0474258731775668,0.0474258731775668,0.0474258731775668,0.0474258731775668,0.0474258731775668,0.0474258731775668,0.0474258731775668,0.0474258731775668,0.0474258731775668,0.0474258731775668,0.0474258731775668,0.0474258731775668,0.0474258731775668,0.0474258731775668,0.0474258731775668,0.0366654258929584,0.0474258731775668,0.0474258731775668,0.0474258731775668,0.0474258731775668,0.0474258731775668,0.0474258731775668,0.0474258731775668
ENSG00000122877,EGR2,0.0474258731775668,0.031518211242401,0.0415725251262831,0.0474258731775668,0.0474258731775668,0.0474258731775668,0.0474258731775668,0.0474258731775668,0.0474258731775668,0.0474258731775668,0.0474258731775668,0.0474258731775668,0.0474258731775668,0.0474258731775668,0.0474258731775668,0.0474258731775668,0.0474258731775668,0.0474258731775668,0.0474258731775668,0.0474258731775668,0.0474258731775668,0.0474258731775668,0.0474258731775668,0.0474258731775668,0.0474258731775668,0.0474258731775668,0.0474258731775668,0.0474258731775668,0.0474258731775668,0.0474258731775668,0.0474258731775668,0.0474258731775668,0.0474258731775668,0.0474258731775668,0.0474258731775668,0.0474258731775668,0.0474258731775668,0.0474258731775668,0.0474258731775668,0.0474258731775668
ENSG00000123307,NEUROD4,0,0,0.0474258731775668,0.0474258731775668,0,0,0.0474258731775668,0.0474258731775668,0.0474258731775668,0,0,0.0474258731775668,0,0.0474258731775668,0,0.0474258731775668,0.0474258731775668,0,0,0.0474258731775668,0,0,0,0,0,0,0,0,0.0474258731775668,0,0,0.0474258731775668,0,0,0.0474258731775668,0,0.0474258731775668,0,0,0
ENSG00000057935,MTA3,0.0474258731775668,0.0474258731775668,0.0359452188342698,0.0474258731775668,0.0287148949313508,0.0474258731775668,0.0474258731775668,0.0474258731775668,0.0474258731775668,0.0468591070733459,0.0474258731775668,0.0474258731775668,0.0474258731775668,0.0474258731775668,0.0313639274157581,0.0474258731775668,0.0474258731775668,0.0466591825642693,0.0474258731775668,0.0351331072590662,0.0474258731775668,0.0474258731775668,0.0474258731775668,0.0474258731775668,0.0474258731775668,0.0474258731775668,0.0474258731775668,0.0474258731775668,0.0474258731775668,0.0474258731775668,0.0474258731775668,0.0474258731775668,0.0474258731775668,0.0284556772880013,0.0474258731775668,0.0474258731775668,0.0427970435255267,0.0474258731775668,0.0191374587748456,0.0474258731775668
ENSG00000123364,HOXC13,0.0474258731775668,0,0,0.0474258731775668,0,0.0474258731775668,0.0474258731775668,0,0.0474258731775668,0.0474258731775668,0,0.0474258731775668,0,0.0474258731775668,0.0474258731775668,0.0474258731775668,0.0474258731775668,0.0474258731775668,0.0474258731775668,0,0,0.0474258731775668,0,0.0474258731775668,0,0.0474258731775668,0.0474258731775668,0,0.0474258731775668,0.0474258731775668,0.0474258731775668,0,0.0474258731775668,0,0,0,0.0474258731775668,0,0,0
ENSG00000123388,HOXC11,0.0618759857236427,0,0,0.0618759857236427,0.0618759857236427,0,0.0618759857236427,0.0595246289231824,0.0618759857236427,0.0618759857236427,0,0.0618759857236427,0,0.0618759857236427,0.0618759857236427,0.0618759857236427,0.0618759857236427,0,0,0,0.0618759857236427,0.0618759857236427,0,0.0618759857236427,0.0618759857236427,0.0618759857236427,0.0618759857236427,0.0618759857236427,0.0618759857236427,0.0618759857236427,0,0,0.0618759857236427,0.0618759857236427,0.0618759857236427,0,0.0618759857236427,0,0,0
ENSG00000043355,ZIC2,0.0466431333821156,0,0.0474258731775668,0.0474258731775668,0.0474258731775668,0.00492823117601355,0.0474258731775668,0.0474258731775668,0.0474258731775668,0.0152623755817144,0.0474258731775668,0.0474258731775668,0.0474258731775668,0.0474258731775668,0.0283254739594639,0.0474258731775668,0.0474258731775668,0.0474258731775668,0.0474258731775668,0.0474258731775668,0.0474258731775668,0,0.0474258731775668,0.0474258731775668,0.0474258731775668,0.0474258731775668,0.0474258731775668,0.0474258731775668,0.0474258731775668,0.0083477718939311,0,0.0474258731775668,0,0.00383018470675154,0.0474258731775668,0.0474258731775668,0.0143087126373435,0.00869357678328752,0.0474258731775668,0
ENSG00000123407,HOXC12,0.0474258731775668,0,0,0.0474258731775668,0.0474258731775668,0,0.0474258731775668,0,0.0474258731775668,0.0474258731775668,0,0.0474258731775668,0,0.0474258731775668,0.0474258731775668,0,0,0,0,0,0.0474258731775668,0.0474258731775668,0,0.0474258731775668,0,0.0474258731775668,0.0474258731775668,0,0.0474258731775668,0.0474258731775668,0,0,0.0474258731775668,0,0,0,0.0474258731775668,0,0,0
ENSG00000123411,IKZF4,0.0474258731775668,0.0474258731775668,0.0474258731775668,0.0474258731775668,0.0474258731775668,0.0474258731775668,0.0474258731775668,0.0474258731775668,0.0474258731775668,0.0474258731775668,0.0474258731775668,0.0474258731775668,0.0474258731775668,0.0474258731775668,0.0474258731775668,0.0474258731775668,0.0474258731775668,0.0474258731775668,0.0474258731775668,0.0474258731775668,0.0474258731775668,0.0474258731775668,0.0474258731775668,0.0474258731775668,0.0474258731775668,0.0474258731775668,0.0474258731775668,0.0474258731775668,0.0474258731775668,0.0474258731775668,0.0474258731775668,0.0474258731775668,0.0474258731775668,0.0474258731775668,0.0474258731775668,0.0474258731775668,0.0474258731775668,0.0474258731775668,0.0474258731775668,0.0474258731775668
ENSG00000123095,BHLHE41,0.0474258731775668,0.0474258731775668,0.0474258731775668,0.0474258731775668,0.0474258731775668,0.0474258731775668,0.0474258731775668,0.0474258731775668,0.0474258731775668,0.0474258731775668,0.0474258731775668,0.0474258731775668,0.0474258731775668,0.0474258731775668,0.0474258731775668,0.0474258731775668,0.0474258731775668,0.0474258731775668,0.0474258731775668,0.0474258731775668,0.0474258731775668,0.0474258731775668,0.0474258731775668,0.0474258731775668,0.0474258731775668,0.0474258731775668,0.0474258731775668,0.0474258731775668,0.0474258731775668,0.0474258731775668,0.0474258731775668,0.0474258731775668,0.0474258731775668,0.0474258731775668,0.0474258731775668,0.0474258731775668,0.0474258731775668,0.0474258731775668,0.0405314522283206,0.0474258731775668
ENSG00000204612,FOXB2,0,0,0,0.0474258731775668,0,0,0.0474258731775668,0,0.0474258731775668,0.0474258731775668,0.0474258731775668,0.0474258731775668,0,0.0474258731775668,0,0.0474258731775668,0.0474258731775668,0.0474258731775668,0.0474258731775668,0,0,0,0,0.0474258731775668,0,0,0,0,0.0474258731775668,0.0474258731775668,0,0,0,0,0,0,0.0474258731775668,0,0.0474258731775668,0
ENSG00000121454,LHX4,0.0474258731775668,0.0474258731775668,0.0474258731775668,0.0474258731775668,0.0474258731775668,0.0474258731775668,0.0474258731775668,0.0474258731775668,0.0474258731775668,0.0474258731775668,0.0474258731775668,0.0474258731775668,0,0.0474258731775668,0.0474258731775668,0.0474258731775668,0.0474258731775668,0.0474258731775668,0.0474258731775668,0.0474258731775668,0.0474258731775668,0.0474258731775668,0.0474258731775668,0.0474258731775668,0.0474258731775668,0.0474258731775668,0.0474258731775668,0.0474258731775668,0.0474258731775668,0.0474258731775668,0.0474258731775668,0.0474258731775668,0.0474258731775668,0.0474258731775668,0.0474258731775668,0.0474258731775668,0.0286067883950961,0.0474258731775668,0.0474258731775668,0
ENSG00000121417,ZNF211,0.0474258731775668,0.0474258731775668,0.0474258731775668,0.0474258731775668,0.0474258731775668,0.0456740616039306,0.0474258731775668,0.0474258731775668,0.0423267223101887,0.0474258731775668,0.0474258731775668,0.0474258731775668,0.0474258731775668,0.0474258731775668,0.0330030505396066,0.0474258731775668,0.0474258731775668,0.0474258731775668,0.0474258731775668,0.0474258731775668,0.0474258731775668,0.0474258731775668,0.0474258731775668,0.0474258731775668,0.0474258731775668,0.0474258731775668,0.0474258731775668,0.0474258731775668,0.0474258731775668,0.0474258731775668,0.0474258731775668,0.0474258731775668,0.0474258731775668,0.0139577540228758,0.022854659021485,0.0287952892551547,0.0474258731775668,0.0474258731775668,0.0474258731775668,0.040551699867149
ENSG00000205250,E2F4,0.0474258731775668,0.0474258731775668,0.0474258731775668,0.0474258731775668,0.0474258731775668,0.0474258731775668,0.0474258731775668,0.0474258731775668,0.0474258731775668,0.0474258731775668,0.0474258731775668,0.0474258731775668,0.0474258731775668,0.0474258731775668,0.0474258731775668,0.0474258731775668,0.0474258731775668,0.0474258731775668,0.0474258731775668,0.0474258731775668,0.0474258731775668,0.0474258731775668,0.0474258731775668,0.0474258731775668,0.0474258731775668,0.0474258731775668,0.0474258731775668,0.0474258731775668,0.0474258731775668,0.0474258731775668,0.0474258731775668,0.0474258731775668,0.0474258731775668,0.0474258731775668,0.0474258731775668,0.0474258731775668,0.0474258731775668,0.0474258731775668,0.0474258731775668,0.0474258731775668
ENSG00000258873,DUXA,0.0474258731775668,0,0.0474258731775668,0.0474258731775668,0.0474258731775668,0.0474258731775668,0.0474258731775668,0.0474258731775668,0.0474258731775668,0.0474258731775668,0.0474258731775668,0.0474258731775668,0,0.0474258731775668,0.0474258731775668,0,0.0474258731775668,0.0474258731775668,0.0474258731775668,0.0474258731775668,0.0474258731775668,0.0474258731775668,0.0474258731775668,0.0474258731775668,0.0474258731775668,0.0474258731775668,0.0474258731775668,0.0474258731775668,0.0474258731775668,0.0474258731775668,0.0474258731775668,0.0474258731775668,0.0474258731775668,0.0474258731775668,0.0474258731775668,0,0.0474258731775668,0.0474258731775668,0.0474258731775668,0
ENSG00000065970,FOXJ2,0.0474258731775668,0.0474258731775668,0.0474258731775668,0.0474258731775668,0.0474258731775668,0.0474258731775668,0.0474258731775668,0.0474258731775668,0.0474258731775668,0.0474258731775668,0.0474258731775668,0.0474258731775668,0.0474258731775668,0.0474258731775668,0.0474258731775668,0.0474258731775668,0.0474258731775668,0.0474258731775668,0.0474258731775668,0.0474258731775668,0.0474258731775668,0.0474258731775668,0.0474258731775668,0.0474258731775668,0.0474258731775668,0.0474258731775668,0.0474258731775668,0.0474258731775668,0.0474258731775668,0.0474258731775668,0.0474258731775668,0.0474258731775668,0.0474258731775668,0.0474258731775668,0.0474258731775668,0.0474258731775668,0.0474258731775668,0.0474258731775668,0.0474258731775668,0.0474258731775668
ENSG00000260027,HOXB7,0.0474258731775668,0.0474258731775668,0.0474258731775668,0.0474258731775668,0.0474258731775668,0.0474258731775668,0.0474258731775668,0.0474258731775668,0.0474258731775668,0.0474258731775668,0.0474258731775668,0.0474258731775668,0.0474258731775668,0.0474258731775668,0.0474258731775668,0.0474258731775668,0.0372570105744975,0.0474258731775668,0.0474258731775668,0.0474258731775668,0.0474258731775668,0.0474258731775668,0.0474258731775668,0.0474258731775668,0.0474258731775668,0.0474258731775668,0.0474258731775668,0.0474258731775668,0.0474258731775668,0.0474258731775668,0.0474258731775668,0.0474258731775668,0.0261218526923751,0.0474258731775668,0.0474258731775668,0.0474258731775668,0.0474258731775668,0.0474258731775668,0.0202719454606998,0.0474258731775668
ENSG00000064961,HMG20B,0.0474258731775668,0.0474258731775668,0.207161295095461,0.0474258731775668,0.0474258731775668,0.0474258731775668,0.0474258731775668,0.0474258731775668,0.0474258731775668,0.0474258731775668,0.0474258731775668,0.0474258731775668,0.0474258731775668,0.0474258731775668,0.0474258731775668,0.0474258731775668,0.0474258731775668,0.0474258731775668,0.0474258731775668,0.0474258731775668,0.0474258731775668,0.0474258731775668,0.0474258731775668,0.0474258731775668,0.0474258731775668,0.0474258731775668,0.0474258731775668,0.0474258731775668,0.0474258731775668,0.0474258731775668,0.0474258731775668,0.0474258731775668,0.0474258731775668,0.0474258731775668,0.0474258731775668,0.0474258731775668,0.0474258731775668,0.0474258731775668,0.0474258731775668,0.0474258731775668
ENSG00000205189,ZBTB10,0.0474258731775668,0.0474258731775668,0.0474258731775668,0.0474258731775668,0.0474258731775668,0.0474258731775668,0.0474258731775668,0.0474258731775668,0.0474258731775668,0.0474258731775668,0.0474258731775668,0.0474258731775668,0.0474258731775668,0.0474258731775668,0.0474258731775668,0.0474258731775668,0.0474258731775668,0.0474258731775668,0.0474258731775668,0.0474258731775668,0.0474258731775668,0.0474258731775668,0.0474258731775668,0.0474258731775668,0.0474258731775668,0.0474258731775668,0.0474258731775668,0.0474258731775668,0.0474258731775668,0.0474258731775668,0.0474258731775668,0.0474258731775668,0.0474258731775668,0.0474258731775668,0.0474258731775668,0.0474258731775668,0.0474258731775668,0.0474258731775668,0.0474258731775668,0.0474258731775668
ENSG00000120738,EGR1,0.0474258731775668,0.0474258731775668,0.0474258731775668,0.0474258731775668,0.0474258731775668,0.0474258731775668,0.0474258731775668,0.0474258731775668,0.0474258731775668,0.0474258731775668,0.0474258731775668,0.0474258731775668,0.0474258731775668,0.0474258731775668,0.0474258731775668,0.0474258731775668,0.0474258731775668,0.0474258731775668,0.0474258731775668,0.0474258731775668,0.0474258731775668,0.0474258731775668,0.0474258731775668,0.0474258731775668,0.0474258731775668,0.0474258731775668,0.0474258731775668,0.0474258731775668,0.0474258731775668,0.0474258731775668,0.0474258731775668,0.0474258731775668,0.0474258731775668,0.0474258731775668,0.0474258731775668,0.0474258731775668,0.0474258731775668,0.0474258731775668,0.0474258731775668,0.0474258731775668
ENSG00000204947,ZNF425,0.0474258731775668,0.0474258731775668,0.0474258731775668,0.0474258731775668,0.0474258731775668,0.0474258731775668,0.0474258731775668,0.0474258731775668,0.0474258731775668,0.0474258731775668,0.0474258731775668,0.0474258731775668,0.0474258731775668,0.0474258731775668,0.0474258731775668,0.0474258731775668,0.0474258731775668,0.0474258731775668,0.0474258731775668,0.0474258731775668,0.0474258731775668,0.0474258731775668,0.0474258731775668,0.0474258731775668,0.0474258731775668,0.0474258731775668,0.0474258731775668,0.0474258731775668,0.0474258731775668,0.0474258731775668,0.0474258731775668,0.0474258731775668,0.0474258731775668,0.0474258731775668,0.0474258731775668,0.0474258731775668,0.0474258731775668,0.0474258731775668,0.0474258731775668,0.0474258731775668
ENSG00000204779,FOXD4L5,0.0474258731775668,0.0474258731775668,0.0474258731775668,0.0474258731775668,0.0474258731775668,0.0474258731775668,0.0474258731775668,0.0474258731775668,0.0474258731775668,0.0474258731775668,0.0474258731775668,0.0474258731775668,0.0474258731775668,0.0474258731775668,0.0474258731775668,0.0474258731775668,0.0474258731775668,0.0474258731775668,0.0474258731775668,0.0474258731775668,0.0474258731775668,0.0474258731775668,0.0474258731775668,0.0474258731775668,0.0474258731775668,0.0474258731775668,0.0474258731775668,0.0474258731775668,0.0474258731775668,0.0474258731775668,0.0474258731775668,0.0474258731775668,0.0474258731775668,0.0474258731775668,0.0474258731775668,0.0474258731775668,0.0474258731775668,0.0474258731775668,0.0474258731775668,0.0474258731775668
ENSG00000121068,TBX2,0.0474258731775668,0.0402782023734101,0.0474258731775668,0.0474258731775668,0.0474258731775668,0.0474258731775668,0.0474258731775668,0.0474258731775668,0.0474258731775668,0.0474258731775668,0.0474258731775668,0.0474258731775668,0.0474258731775668,0.0474258731775668,0.0474258731775668,0.0474258731775668,0.0474258731775668,0.0474258731775668,0.0474258731775668,0.0474258731775668,0.0474258731775668,0.0474258731775668,0.0474258731775668,0.0474258731775668,0.0474258731775668,0.0474258731775668,0.0474258731775668,0.0474258731775668,0.0474258731775668,0.0474258731775668,0.0474258731775668,0.0474258731775668,0.0474258731775668,0.0474258731775668,0.0474258731775668,0.0474258731775668,0.0474258731775668,0.0474258731775668,0,0.0474258731775668
ENSG00000204644,ZFP57,0.0474258731775668,0,0,0.0474258731775668,0,0.0474258731775668,0.0474258731775668,0,0.0474258731775668,0,0.0474258731775668,0.0474258731775668,0.0474258731775668,0.0474258731775668,0.0474258731775668,0,0.0474258731775668,0.0474258731775668,0.0474258731775668,0.0474258731775668,0.0474258731775668,0.0474258731775668,0.0474258731775668,0.0474258731775668,0.0474258731775668,0.0474258731775668,0.0474258731775668,0.0474258731775668,0.0474258731775668,0.0474258731775668,0.0474258731775668,0.0474258731775668,0,0.0474258731775668,0,0,0.0474258731775668,0.0474258731775668,0.0474258731775668,0
ENSG00000121406,ZNF549,0.0474258731775668,0.103032981670454,0.0754984241827393,0.0923598793924087,0.0760597228966786,0.0742640772263737,0.140391443594339,0.0474258731775668,0.0511329266550138,0.102285853322256,0.0709084342252806,0.0594838259862646,0.0474258731775668,0.064558908297659,0.0621861878498612,0.0595786794268618,0.276109685691645,0.066037682932244,0.0588809924252786,0.106561032808594,0.0474258731775668,0.0474258731775668,0.100899139873096,0.0865713551989184,0.108378053979703,0.0474258731775668,0.0610068266653489,0.0696892465028323,0.0557171853485351,0.057624114373829,0.121316813795308,0.0474258731775668,0.245340308762024,0.16580925800968,0.13531465696484,0.0916395108438432,0.113829684183241,0.121383702971103,0.249694172532924,0.0828071180425706
ENSG00000260428,SCX,0.0474258731775668,0.0474258731775668,0.0474258731775668,0.0474258731775668,0.0474258731775668,0.0474258731775668,0.0474258731775668,0.0474258731775668,0.0474258731775668,0.0474258731775668,0.0474258731775668,0.0474258731775668,0.0474258731775668,0.0474258731775668,0.0474258731775668,0.0474258731775668,0.0474258731775668,0.0474258731775668,0.0474258731775668,0.0474258731775668,0.0474258731775668,0.0474258731775668,0.0474258731775668,0.0474258731775668,0.0474258731775668,0.0474258731775668,0.0474258731775668,0.0474258731775668,0.0474258731775668,0.0474258731775668,0.0474258731775668,0.0474258731775668,0.0474258731775668,0.0474258731775668,0.0474258731775668,0.0474258731775668,0.0474258731775668,0.0474258731775668,0.0474258731775668,0.0474258731775668
ENSG00000064218,DMRT3,0.0474258731775668,0,0.0474258731775668,0.0474258731775668,0,0,0.0474258731775668,0.0474258731775668,0.0474258731775668,0,0,0.0369245197743493,0.0474258731775668,0.0474258731775668,0.0474258731775668,0,0.0474258731775668,0.0474258731775668,0.0474258731775668,0,0.0474258731775668,0,0.0474258731775668,0.0474258731775668,0.0474258731775668,0.0474258731775668,0.0474258731775668,0.0474258731775668,0.0474258731775668,0.0238717537862347,0,0.0474258731775668,0.0474258731775668,0.0474258731775668,0,0,0.0474258731775668,0.0474258731775668,0,0.0474258731775668
ENSG00000064195,DLX3,0.0474258731775668,0.0474258731775668,0.0474258731775668,0.0474258731775668,0.0474258731775668,0.0474258731775668,0.0474258731775668,0.0474258731775668,0.0474258731775668,0.0474258731775668,0.0474258731775668,0.0474258731775668,0.0474258731775668,0.0474258731775668,0.0474258731775668,0.0474258731775668,0.0474258731775668,0.0474258731775668,0.0474258731775668,0.0474258731775668,0.0474258731775668,0.0474258731775668,0.0474258731775668,0.0474258731775668,0.0474258731775668,0.0474258731775668,0.0474258731775668,0.0474258731775668,0.0474258731775668,0.0474258731775668,0.0474258731775668,0.0474258731775668,0.0474258731775668,0.0474258731775668,0.0474258731775668,0.0474258731775668,0.0474258731775668,0.0474258731775668,0.0474258731775668,0
ENSG00000063515,GSC2,0.0474258731775668,0,0,0,0,0.0474258731775668,0.0474258731775668,0.0474258731775668,0.0474258731775668,0,0,0.0474258731775668,0.0474258731775668,0.0474258731775668,0,0.0474258731775668,0.0474258731775668,0.0474258731775668,0.0474258731775668,0,0,0.0474258731775668,0,0.0474258731775668,0,0.0474258731775668,0,0.0474258731775668,0.0474258731775668,0.0474258731775668,0,0.0474258731775668,0,0.0474258731775668,0,0,0.0474258731775668,0.0474258731775668,0.0474258731775668,0
ENSG00000261678,SCRT1,0,0,0.0474258731775668,0.0474258731775668,0.0474258731775668,0.0474258731775668,0.0474258731775668,0,0,0.0474258731775668,0,0.0474258731775668,0.0474258731775668,0.0474258731775668,0.0474258731775668,0,0.0474258731775668,0.0474258731775668,0.0474258731775668,0.0474258731775668,0,0,0.0474258731775668,0.0474258731775668,0.0474258731775668,0,0.0474258731775668,0.0474258731775668,0.0474258731775668,0.0474258731775668,0,0.0474258731775668,0.0474258731775668,0.0474258731775668,0.0474258731775668,0.0474258731775668,0.0474258731775668,0.0474258731775668,0,0
ENSG00000123576,ESX1,0,0,0,0.0474258731775668,0.0474258731775668,0,0,0,0.0474258731775668,0,0,0.0474258731775668,0,0,0.0474258731775668,0,0.0474258731775668,0,0,0,0,0,0,0,0,0,0.0474258731775668,0.0474258731775668,0.0474258731775668,0,0,0,0,0,0,0,0.0474258731775668,0,0,0
ENSG00000123685,BATF3,0.0474258731775668,0.00512417186350919,0.0467456194672392,0.0474258731775668,0.0474258731775668,0.0355743663677846,0.0169079880161762,0.0474258731775668,0.0474258731775668,0.0474258731775668,0.0474258731775668,0.0324915329520081,0.0347755571442361,0.0474258731775668,0.0474258731775668,0.0474258731775668,0.0474258731775668,0.0412232875170477,0.0474258731775668,0.0118457930414315,0.0474258731775668,0.0474258731775668,0.028205858318714,0.0474258731775668,0.0274886194859898,0.0261380990714624,0.0326534200241004,0.0474258731775668,0.0474258731775668,0.0474258731775668,0.0474258731775668,0.0474258731775668,0.0474258731775668,0.0474258731775668,0.0231530160325561,0.0474258731775668,0.0474258731775668,0.0474258731775668,0.0474258731775668,0.0474258731775668
ENSG00000123405,NFE2,0.0474258731775668,0.0474258731775668,0.0474258731775668,0.0474258731775668,0.0474258731775668,0.0474258731775668,0.0474258731775668,0.0474258731775668,0.0474258731775668,0.0474258731775668,0.0474258731775668,0.0474258731775668,0.0474258731775668,0.0474258731775668,0.0474258731775668,0.0474258731775668,0.0474258731775668,0.0474258731775668,0.0474258731775668,0.0474258731775668,0.0474258731775668,0.0474258731775668,0.0474258731775668,0.0474258731775668,0.0474258731775668,0.0474258731775668,0.0474258731775668,0.0474258731775668,0.0474258731775668,0.0474258731775668,0.0474258731775668,0.0474258731775668,0.0474258731775668,0.0474258731775668,0.0474258731775668,0.0474258731775668,0.0474258731775668,0.0474258731775668,0.0474258731775668,0.0474258731775668
ENSG00000056277,ZNF280C,0.070038178337532,0.0474258731775668,0.183449867917409,0.0474258731775668,0.0474258731775668,0.0474258731775668,0.0474258731775668,0.0474258731775668,0.144152045103579,0.0474258731775668,0.0474258731775668,0.0474258731775668,0.0795594601999112,0.131398592725961,0.0474258731775668,0.0474258731775668,0.106316693312075,0.0686343671358511,0.0474258731775668,0.0474258731775668,0.0474258731775668,0.0474258731775668,0.0474258731775668,0.0474258731775668,0.0474258731775668,0.0474258731775668,0.0474258731775668,0.0474258731775668,0.0474258731775668,0.0644433247976158,0.0835686013304473,0.0474258731775668,0.0474258731775668,0.0474258731775668,0.0474258731775668,0.0474258731775668,0.0474258731775668,0.0766887199158155,0.2347088248832,0.350946924543034
ENSG00000052850,ALX4,0.0474258731775668,0.0474258731775668,0.0474258731775668,0.0474258731775668,0.0474258731775668,0.0474258731775668,0.0474258731775668,0.0474258731775668,0.0474258731775668,0.0474258731775668,0.0474258731775668,0.0474258731775668,0.0474258731775668,0.0474258731775668,0.0474258731775668,0.0474258731775668,0.0474258731775668,0.0474258731775668,0.0474258731775668,0.0474258731775668,0.0474258731775668,0.0474258731775668,0.0474258731775668,0.0474258731775668,0.0474258731775668,0.0474258731775668,0.0474258731775668,0.0474258731775668,0.0474258731775668,0.0474258731775668,0.0474258731775668,0.0474258731775668,0.0474258731775668,0.0474258731775668,0,0.0474258731775668,0.0474258731775668,0.0474258731775668,0.0474258731775668,0.0474258731775668
ENSG00000204519,ZNF551,0.0609742346304296,0.261864772152226,0.0474258731775668,0.0692793209126261,0.0561562379700916,0.0474258731775668,0.30481076942144,0.0474258731775668,0.0474258731775668,0.0474258731775668,0.0474258731775668,0.0674109599831908,0.0654803148733015,0.0474258731775668,0.0474258731775668,0.0474258731775668,0.0706169144094766,0.0490682595391217,0.0859771219445994,0.059018773677437,0.235532408355195,0.0982412139479004,0.0474258731775668,0.121691026222176,0.0939940457711786,0.0870958673683702,0.0477926216001601,0.0474258731775668,0.0474258731775668,0.0624658181869944,0.200996046229093,0.0563290304384636,0.175002561871792,0.0474258731775668,0.0474258731775668,0.177622595283245,0.193776998439033,0.09318813474219,0.0474258731775668,0.120969710662807
ENSG00000057657,PRDM1,0.0474258731775668,0.0474258731775668,0.0157219142833007,0.0759698654489194,0.0692660970706388,0.0474258731775668,0.0474258731775668,0.0474258731775668,0.0474258731775668,0.0500578660037983,0.0474258731775668,0.145429250951121,0.0474258731775668,0.0571268546153099,0.0623314091803351,0.0474258731775668,0.10489446383106,0.0474258731775668,0.0474258731775668,0.0474258731775668,0.160990899811654,0.0933380892118633,0.141412003711058,0.0973546851023276,0.181150171278334,0.141527668440223,0.0544497662665774,0.0546361237927967,0.0474258731775668,0.0564817729370547,0.0474258731775668,0.112241815735979,0.0474258731775668,0.0579798212677397,0.256015273312906,0.0474258731775668,0.194981780136709,0.0474258731775668,0.0474258731775668,0.0474258731775668
ENSG00000124664,SPDEF,0.0474258731775668,0.0474258731775668,0.0474258731775668,0.0474258731775668,0.0474258731775668,0.0474258731775668,0.0474258731775668,0.0474258731775668,0.0474258731775668,0.0474258731775668,0.0474258731775668,0.0474258731775668,0.0474258731775668,0.0474258731775668,0.0474258731775668,0.0474258731775668,0.0474258731775668,0.0474258731775668,0.0474258731775668,0.0474258731775668,0.0474258731775668,0.0474258731775668,0.0474258731775668,0.0474258731775668,0.0474258731775668,0.0474258731775668,0.0474258731775668,0.0474258731775668,0.0474258731775668,0.0474258731775668,0.0474258731775668,0.0474258731775668,0.0474258731775668,0.0474258731775668,0.0474258731775668,0.0474258731775668,0.0474258731775668,0.0474258731775668,0.0474258731775668,0
ENSG00000124766,SOX4,0.0474258731775668,0.0474258731775668,0.0474258731775668,0.0474258731775668,0.0474258731775668,0.0474258731775668,0.0474258731775668,0.0474258731775668,0.0474258731775668,0.0474258731775668,0.0474258731775668,0.0474258731775668,0.0474258731775668,0.0474258731775668,0.0474258731775668,0.0474258731775668,0.0474258731775668,0.0474258731775668,0.0474258731775668,0.0474258731775668,0.0474258731775668,0.0474258731775668,0.0474258731775668,0.0474258731775668,0.0474258731775668,0.0474258731775668,0.0474258731775668,0.0474258731775668,0.0474258731775668,0.0474258731775668,0.0474258731775668,0.0474258731775668,0.0474258731775668,0.0474258731775668,0.0474258731775668,0.0474258731775668,0.0474258731775668,0.0474258731775668,0.0474258731775668,0.0474258731775668
ENSG00000266265,KLF14,0.0474258731775668,0.0474258731775668,0,0.0474258731775668,0.0474258731775668,0.0474258731775668,0.0474258731775668,0.0474258731775668,0.0474258731775668,0,0.0474258731775668,0.0474258731775668,0.0474258731775668,0.0474258731775668,0.0474258731775668,0.0474258731775668,0,0.0474258731775668,0.0474258731775668,0.0474258731775668,0.0474258731775668,0.0474258731775668,0.0474258731775668,0.0474258731775668,0.0474258731775668,0,0.0474258731775668,0.0474258731775668,0.0474258731775668,0.0474258731775668,0,0.0474258731775668,0.0474258731775668,0,0,0.0474258731775668,0.0474258731775668,0.0474258731775668,0.0474258731775668,0.0474258731775668
ENSG00000124813,RUNX2,0.0474258731775668,0.0474258731775668,0.0474258731775668,0.0474258731775668,0.0474258731775668,0.0474258731775668,0.0474258731775668,0.0474258731775668,0.0474258731775668,0.0474258731775668,0.0474258731775668,0.0474258731775668,0.0474258731775668,0.0394849690037553,0.0474258731775668,0.0474258731775668,0.0474258731775668,0.0474258731775668,0.0474258731775668,0.0474258731775668,0.0474258731775668,0.0474258731775668,0.0474258731775668,0.0474258731775668,0.0474258731775668,0.0474258731775668,0.0474258731775668,0.0474258731775668,0.0474258731775668,0.0474258731775668,0.0474258731775668,0.0474258731775668,0.0474258731775668,0.0474258731775668,0.0474258731775668,0.0474258731775668,0.00420550118360987,0.0208806065207143,0.0474258731775668,0.0474258731775668
ENSG00000124827,GCM2,0,0.0474258731775668,0,0,0,0,0.0474258731775668,0,0.0474258731775668,0.0474258731775668,0,0.0474258731775668,0.0474258731775668,0.0474258731775668,0,0,0.0474258731775668,0,0.0474258731775668,0,0,0,0,0.0474258731775668,0,0.0474258731775668,0.0474258731775668,0.0474258731775668,0.0474258731775668,0.0474258731775668,0,0.0474258731775668,0,0,0,0,0.0474258731775668,0,0.0474258731775668,0.0474258731775668
ENSG00000124920,MYRF,0.00489287445367886,0.00806949594078443,0.0107626956789415,0.0155432359710454,0.0474258731775668,0.0219988178107046,0.0112022283086835,0.014418980323758,0.00975436014659127,0.0474258731775668,0.00700548168730465,0.015282917961207,0.00506358956106063,0.0175145992408463,0.0149081798485609,0.0198806578694518,0.0474258731775668,0.0269364411144955,0.00517077041120242,0.00972410891887581,0.0108668157972178,0.0315409541529509,0.0297981686494513,0.023802936461056,0.00969234749083423,0.0184050115263709,0.0204022628186734,0.0181853796180236,0.0232588283981047,0.033357734095398,0.0155472270038984,0.0243063584248009,0.0180085475741469,0.0474258731775668,0.0474258731775668,0.0474258731775668,0.0313175777833842,0.0389598326003012,0.0136543210378971,0.0474258731775668
ENSG00000125285,SOX21,0.0474258731775668,0,0.0474258731775668,0.0474258731775668,0.0474258731775668,0.0474258731775668,0.0474258731775668,0.0474258731775668,0.0474258731775668,0.0474258731775668,0.0474258731775668,0.0474258731775668,0.0474258731775668,0.0474258731775668,0.0474258731775668,0.0474258731775668,0.0474258731775668,0.0474258731775668,0.0474258731775668,0,0.0474258731775668,0.0474258731775668,0.0474258731775668,0.0474258731775668,0.0474258731775668,0,0.0474258731775668,0.0474258731775668,0.0474258731775668,0.0474258731775668,0.0474258731775668,0.0474258731775668,0.0474258731775668,0,0,0,0.0474258731775668,0.0474258731775668,0,0
ENSG00000125347,IRF1,0.0474258731775668,0.0474258731775668,0.0474258731775668,0.0474258731775668,0.0524412454748559,0.0474258731775668,0.0474258731775668,0.0474258731775668,0.0474258731775668,0.0474258731775668,0.0474258731775668,0.0474258731775668,0.0775102166234933,0.0474258731775668,0.0474258731775668,0.0474258731775668,0.0474258731775668,0.0474258731775668,0.0474258731775668,0.0474258731775668,0.0474258731775668,0.0609514030620807,0.0474258731775668,0.102901098059342,0.0474258731775668,0.0474258731775668,0.0474258731775668,0.0583986518544889,0.0474258731775668,0.0474258731775668,0.0474258731775668,0.0474258731775668,0.0819830935852057,0.0924560714680218,0.0474258731775668,0.0474258731775668,0.0474258731775668,0.0474258731775668,0.0474258731775668,0.0474258731775668
ENSG00000125398,SOX9,0.0474258731775668,0.0474258731775668,0.0474258731775668,0.0474258731775668,0.0474258731775668,0.0474258731775668,0.0474258731775668,0.0474258731775668,0.0474258731775668,0.0474258731775668,0.0474258731775668,0.0474258731775668,0.0474258731775668,0.0474258731775668,0.0474258731775668,0.0474258731775668,0.0474258731775668,0.0474258731775668,0.0474258731775668,0.0474258731775668,0.0474258731775668,0.0474258731775668,0.0474258731775668,0.0474258731775668,0.0474258731775668,0.0474258731775668,0.0474258731775668,0.0474258731775668,0.0474258731775668,0.0474258731775668,0.0474258731775668,0.0474258731775668,0.0474258731775668,0.0474258731775668,0.0474258731775668,0.0474258731775668,0.0474258731775668,0.0474258731775668,0.0474258731775668,0.0474258731775668
ENSG00000125492,BARHL1,0,0,0.0474258731775668,0,0,0,0.0474258731775668,0,0.0474258731775668,0,0,0.0474258731775668,0,0.0474258731775668,0.0474258731775668,0,0.0474258731775668,0,0.0474258731775668,0,0,0,0.0474258731775668,0.0474258731775668,0,0,0,0,0.0474258731775668,0,0,0.0474258731775668,0,0,0,0.0474258731775668,0.0474258731775668,0,0,0
ENSG00000125533,BHLHE23,0,0,0,0,0,0,0,0,0.0474258731775668,0.0474258731775668,0,0,0,0,0,0,0.0474258731775668,0,0,0,0,0,0,0,0,0,0,0,0.0474258731775668,0,0,0,0,0,0,0,0.0474258731775668,0.0474258731775668,0,0
ENSG00000204366,ZBTB12,0,0,0,0,0,0.0474258731775668,0,0,0,0.0474258731775668,0,0.0474258731775668,0.0474258731775668,0.0474258731775668,0.0474258731775668,0.0474258731775668,0.0474258731775668,0,0,0,0,0,0.0474258731775668,0.0474258731775668,0.0474258731775668,0,0,0,0.0474258731775668,0,0,0,0,0,0,0,0,0,0,0
ENSG00000124444,ZNF576,0.0474258731775668,0.0474258731775668,0.0474258731775668,0.0474258731775668,0.0474258731775668,0.0474258731775668,0.0474258731775668,0.0474258731775668,0.0474258731775668,0.0474258731775668,0.0474258731775668,0.0474258731775668,0.0474258731775668,0.0474258731775668,0.0474258731775668,0.0474258731775668,0.0474258731775668,0.0474258731775668,0.0474258731775668,0.0474258731775668,0.0474258731775668,0.0474258731775668,0.0474258731775668,0.0474258731775668,0.0474258731775668,0.0474258731775668,0.0474258731775668,0.0474258731775668,0.0474258731775668,0.0474258731775668,0.0474258731775668,0.0474258731775668,0.0474258731775668,0.0474258731775668,0.0474258731775668,0.0474258731775668,0.0474258731775668,0.0474258731775668,0.0474258731775668,0.0474258731775668
ENSG00000053254,FOXN3,0.0474258731775668,0.0474258731775668,0.136310844655029,0.056996552027453,0.0519329462456465,0.0474258731775668,0.0474258731775668,0.065210920977329,0.0474258731775668,0.0493872201325968,0.0474258731775668,0.0474258731775668,0.0474258731775668,0.0474258731775668,0.0474258731775668,0.0474258731775668,0.0607905182650523,0.0474258731775668,0.0474258731775668,0.0474258731775668,0.0474258731775668,0.0474258731775668,0.0474258731775668,0.0474258731775668,0.0474258731775668,0.051349577531985,0.0474258731775668,0.0474258731775668,0.0474258731775668,0.0474258731775668,0.0474258731775668,0.0474258731775668,0.0474258731775668,0.0474258731775668,0.0474258731775668,0.0474258731775668,0.0474258731775668,0.0474258731775668,0.0474258731775668,0.0474258731775668
ENSG00000124496,TRERF1,0.0474258731775668,0.0474258731775668,0.0474258731775668,0.0474258731775668,0.0474258731775668,0.0474258731775668,0.0474258731775668,0.0474258731775668,0.0474258731775668,0.0474258731775668,0.0474258731775668,0.0474258731775668,0.0474258731775668,0.0474258731775668,0.0474258731775668,0.0474258731775668,0.0474258731775668,0.0474258731775668,0.0474258731775668,0.0474258731775668,0.0474258731775668,0.0474258731775668,0.0474258731775668,0.0474258731775668,0.0474258731775668,0.0474258731775668,0.0474258731775668,0.0474258731775668,0.0474258731775668,0.0474258731775668,0.0474258731775668,0.0474258731775668,0.0474258731775668,0.0474258731775668,0.0474258731775668,0.0474258731775668,0.0474258731775668,0.0474258731775668,0.0474258731775668,0.0474258731775668
ENSG00000204532,ZSCAN5C,0,0,0,0.0474258731775668,0.0474258731775668,0.0474258731775668,0.0474258731775668,0,0.0474258731775668,0,0,0.0474258731775668,0,0.0474258731775668,0.0474258731775668,0.0474258731775668,0,0,0.0474258731775668,0,0,0,0.0474258731775668,0.0474258731775668,0,0,0,0.0474258731775668,0,0.0474258731775668,0,0,0,0.0474258731775668,0.0474258731775668,0,0.0474258731775668,0,0.0474258731775668,0
ENSG00000054598,FOXC1,0.0474258731775668,0.0474258731775668,0.0474258731775668,0.0474258731775668,0.0474258731775668,0.0474258731775668,0.0474258731775668,0.0474258731775668,0.0474258731775668,0.0474258731775668,0.0474258731775668,0.0474258731775668,0.0474258731775668,0.0474258731775668,0.0474258731775668,0.0474258731775668,0.0474258731775668,0.0474258731775668,0.0474258731775668,0.0474258731775668,0.0474258731775668,0.0474258731775668,0.0474258731775668,0.0474258731775668,0.0474258731775668,0.0474258731775668,0.0474258731775668,0.0474258731775668,0.0474258731775668,0.0474258731775668,0.0474258731775668,0.0474258731775668,0.0474258731775668,0.0474258731775668,0.0474258731775668,0.0474258731775668,0.0474258731775668,0.0474258731775668,0.0474258731775668,0.0474258731775668
ENSG00000123933,MXD4,0.0474258731775668,0.0474258731775668,0.0474258731775668,0.0474258731775668,0.0474258731775668,0.0474258731775668,0.0474258731775668,0.0474258731775668,0.0474258731775668,0.0474258731775668,0.0474258731775668,0.0474258731775668,0.0474258731775668,0.0474258731775668,0.0474258731775668,0.0474258731775668,0.0474258731775668,0.0474258731775668,0.0474258731775668,0.0474258731775668,0.0474258731775668,0.0474258731775668,0.0474258731775668,0.0474258731775668,0.0474258731775668,0.0474258731775668,0.0474258731775668,0.0474258731775668,0.0474258731775668,0.0474258731775668,0.0474258731775668,0.0474258731775668,0.0474258731775668,0.0474258731775668,0.0474258731775668,0.0474258731775668,0.0474258731775668,0.0474258731775668,0.0474258731775668,0.0474258731775668
ENSG00000054267,ARID4B,0.0614643701161348,0.0260316324925945,0.0474258731775668,0.0566291982727142,0.0484914387477414,0.0596348182167149,0.0285278808149074,0.0474258731775668,0.0594783649707114,0.0514244111743177,0.0474258731775668,0.068203336596602,0.0474258731775668,0.0589677296074451,0.0474258731775668,0.0474258731775668,0.0597510597298373,0.0967195640832344,0.0631251059452085,0.0474258731775668,0.0474258731775668,0.0474258731775668,0.0962409681724555,0.0602329188421971,0.0539837815801976,0.0650389619523229,0.0474258731775668,0.0605407030458951,0.0651548520791842,0.0702551376981145,0.0580181689538817,0.055957425937029,0.0474258731775668,0.0474258731775668,0.0474258731775668,0.159350477974037,0.0485212557917492,0.0474258731775668,0.0474258731775668,0.0474258731775668
ENSG00000124151,NCOA3,0.0474258731775668,0.0474258731775668,0.0474258731775668,0.0474258731775668,0.0474258731775668,0.0474258731775668,0.0474258731775668,0.0474258731775668,0.0474258731775668,0.0474258731775668,0.0474258731775668,0.0474258731775668,0.0474258731775668,0.0474258731775668,0.0474258731775668,0.0474258731775668,0.0474258731775668,0.0474258731775668,0.0474258731775668,0.0474258731775668,0.0474258731775668,0.0474258731775668,0.0474258731775668,0.0474258731775668,0.0474258731775668,0.0474258731775668,0.0474258731775668,0.0474258731775668,0.0474258731775668,0.0474258731775668,0.0474258731775668,0.0474258731775668,0.0474258731775668,0.0474258731775668,0.0474258731775668,0.0474258731775668,0.0474258731775668,0.0474258731775668,0.0474258731775668,0.0474258731775668
ENSG00000124191,TOX2,0.0474258731775668,0.0357963058853169,0.0247971128245262,0.0474258731775668,0.0474258731775668,0.0474258731775668,0.0474258731775668,0.0474258731775668,0.0474258731775668,0.0474258731775668,0.0474258731775668,0.0474258731775668,0.0474258731775668,0.0474258731775668,0.0474258731775668,0.0474258731775668,0.0474258731775668,0.0348032403238124,0.0474258731775668,0.0474258731775668,0.0474258731775668,0.0262325847909963,0.0474258731775668,0.0474258731775668,0.0474258731775668,0.0474258731775668,0.0474258731775668,0.0474258731775668,0.0474258731775668,0.0474258731775668,0.0474258731775668,0.0474258731775668,0.0474258731775668,0.0474258731775668,0.0474258731775668,0.0474258731775668,0.0474258731775668,0.0302304196758651,0.011425149613253,0.0377597420657369
ENSG00000204595,DPRX,0,0.0474258731775668,0,0,0,0.0474258731775668,0.0474258731775668,0,0,0,0,0.0474258731775668,0,0,0.0474258731775668,0,0,0,0.0474258731775668,0,0.0474258731775668,0.0474258731775668,0,0.0474258731775668,0,0.0474258731775668,0.0474258731775668,0,0.0474258731775668,0.0474258731775668,0,0.0474258731775668,0.0474258731775668,0,0,0,0.0474258731775668,0.0474258731775668,0.0474258731775668,0.0474258731775668
ENSG00000124216,SNAI1,0.0474258731775668,0.0474258731775668,0.0474258731775668,0.0474258731775668,0.0474258731775668,0.0474258731775668,0.0474258731775668,0.0474258731775668,0.0474258731775668,0.0474258731775668,0.0474258731775668,0.0474258731775668,0.0474258731775668,0.0474258731775668,0.0474258731775668,0.0474258731775668,0.0474258731775668,0.0474258731775668,0.0474258731775668,0.0474258731775668,0.0474258731775668,0.0474258731775668,0.0474258731775668,0.0474258731775668,0.0474258731775668,0.0474258731775668,0.0474258731775668,0.0474258731775668,0.0474258731775668,0.0474258731775668,0.0474258731775668,0.0474258731775668,0.0474258731775668,0.0474258731775668,0.0474258731775668,0.0474258731775668,0.0474258731775668,0.0474258731775668,0.0474258731775668,0.0474258731775668
ENSG00000091831,ESR1,0.952574126822433,0.952574126822433,0.48944257261648,0.952574126822433,0.794235995264857,0.952574126822433,0.952574126822433,0.952574126822433,0.952574126822433,0.952574126822433,0.952574126822433,0.952574126822433,0.338043341874557,0.952574126822433,0.952574126822433,0.952574126822433,0.382113433221896,0.952574126822433,0.952574126822433,0.952574126822433,0.952574126822433,0.952574126822433,0.952574126822433,0.952574126822433,0.952574126822433,0.952574126822433,0.875088330613525,0.952574126822433,0.952574126822433,0.952574126822433,0.520825527934143,0.952574126822433,0.952574126822433,0.952574126822433,0.791315171046474,0.952574126822433,0.952574126822433,0.952574126822433,0.203697476420933,0.952574126822433
ENSG00000257923,CUX1,0.952574126822433,0.952574126822433,0.681546327728894,0.952574126822433,0.952574126822433,0.952574126822433,0.952574126822433,0.952574126822433,0.952574126822433,0.952574126822433,0.952574126822433,0.952574126822433,0.952574126822433,0.952574126822433,0.952574126822433,0.952574126822433,0.952574126822433,0.952574126822433,0.952574126822433,0.952574126822433,0.952574126822433,0.952574126822433,0.952574126822433,0.952574126822433,0.952574126822433,0.952574126822433,0.952574126822433,0.952574126822433,0.952574126822433,0.952574126822433,0.952574126822433,0.952574126822433,0.952574126822433,0.952574126822433,0.952574126822433,0.952574126822433,0.565983881592053,0.952574126822433,0.952574126822433,0.952574126822433
ENSG00000183621,ZNF438,0.952574126822433,0.952574126822433,0.952574126822433,0.952574126822433,0.534585608147818,0.952574126822433,0.952574126822433,0.952574126822433,0.952574126822433,0.952574126822433,0.952574126822433,0.952574126822433,0.952574126822433,0.952574126822433,0.952574126822433,0.952574126822433,0.952574126822433,0.952574126822433,0.952574126822433,0.952574126822433,0.952574126822433,0.952574126822433,0.952574126822433,0.952574126822433,0.952574126822433,0.952574126822433,0.952574126822433,0.952574126822433,0.952574126822433,0.952574126822433,0.952574126822433,0.952574126822433,0.846309467388635,0.952574126822433,0.952574126822433,0.952574126822433,0.952574126822433,0.952574126822433,0.559505389163339,0.638867318947992
ENSG00000186017,ZNF566,0.952574126822433,0.555552415971965,0.952574126822433,0.794578041428873,0.952574126822433,0.909172366102832,0.690223536416262,0.952574126822433,0.952574126822433,0.636810165189117,0.649877319836607,0.952574126822433,0.952574126822433,0.952574126822433,0.952574126822433,0.952574126822433,0.643842909014564,0.717973917553885,0.829539576132332,0.952574126822433,0.952574126822433,0.952574126822433,0.952574126822433,0.952574126822433,0.952574126822433,0.952574126822433,0.91430184491726,0.952574126822433,0.952574126822433,0.952574126822433,0.952574126822433,0.952574126822433,0.952574126822433,0.952574126822433,0.952574126822433,0.645230232829767,0.352291710969773,0.952574126822433,0.905779480864832,0.952574126822433
ENSG00000183309,ZNF623,0.952574126822433,0.952574126822433,0.952574126822433,0.952574126822433,0.952574126822433,0.952574126822433,0.952574126822433,0.952574126822433,0.952574126822433,0.952574126822433,0.952574126822433,0.952574126822433,0.797734565491291,0.952574126822433,0.952574126822433,0.952574126822433,0.952574126822433,0.952574126822433,0.845718794945724,0.952574126822433,0.952574126822433,0.764768025540232,0.952574126822433,0.952574126822433,0.952574126822433,0.952574126822433,0.766212677891874,0.952574126822433,0.952574126822433,0.952574126822433,0.952574126822433,0.952574126822433,0.952574126822433,0.952574126822433,0.952574126822433,0.952574126822433,0.952574126822433,0.952574126822433,0.952574126822433,0.952574126822433
ENSG00000188171,ZNF626,0.952574126822433,0.952574126822433,0.952574126822433,0.952574126822433,0.952574126822433,0.952574126822433,0.952574126822433,0.952574126822433,0.952574126822433,0.952574126822433,0.952574126822433,0.952574126822433,0.952574126822433,0.952574126822433,0.952574126822433,0.952574126822433,0.952574126822433,0.952574126822433,0.952574126822433,0.952574126822433,0.952574126822433,0.952574126822433,0.952574126822433,0.952574126822433,0.952574126822433,0.952574126822433,0.952574126822433,0.952574126822433,0.952574126822433,0.952574126822433,0.952574126822433,0.952574126822433,0.952574126822433,0.952574126822433,0.952574126822433,0.952574126822433,0.952574126822433,0.952574126822433,0.952574126822433,0.952574126822433
ENSG00000176293,ZNF135,0.952574126822433,0.952574126822433,0.952574126822433,0.952574126822433,0.952574126822433,0.952574126822433,0.952574126822433,0.952574126822433,0.952574126822433,0.952574126822433,0.952574126822433,0.952574126822433,0.952574126822433,0.952574126822433,0.952574126822433,0.952574126822433,0.952574126822433,0.952574126822433,0.952574126822433,0.952574126822433,0.952574126822433,0.952574126822433,0.952574126822433,0.952574126822433,0.952574126822433,0.952574126822433,0.952574126822433,0.952574126822433,0.952574126822433,0.952574126822433,0.952574126822433,0.952574126822433,0.952574126822433,0.952574126822433,0.952574126822433,0.952574126822433,0.952574126822433,0.952574126822433,0.952574126822433,0.952574126822433
ENSG00000081189,MEF2C,0.952574126822433,0.285929564927197,0.167967157419948,0.952574126822433,0.952574126822433,0.952574126822433,0.952574126822433,0.952574126822433,0.952574126822433,0.952574126822433,0.952574126822433,0.952574126822433,0.952574126822433,0.952574126822433,0.952574126822433,0.952574126822433,0.952574126822433,0.952574126822433,0.952574126822433,0.952574126822433,0.952574126822433,0.952574126822433,0.952574126822433,0.952574126822433,0.952574126822433,0.952574126822433,0.952574126822433,0.952574126822433,0.952574126822433,0.952574126822433,0.952574126822433,0.952574126822433,0.554966116167022,0.952574126822433,0.952574126822433,0.58206811040691,0.952574126822433,0.952574126822433,0.42139148383102,0.83494448183263
ENSG00000256771,ZNF253,0.952574126822433,0.952574126822433,0.676528090465043,0.952574126822433,0.952574126822433,0.952574126822433,0.952574126822433,0.952574126822433,0.952574126822433,0.952574126822433,0.952574126822433,0.952574126822433,0.952574126822433,0.952574126822433,0.952574126822433,0.952574126822433,0.952574126822433,0.952574126822433,0.952574126822433,0.952574126822433,0.952574126822433,0.952574126822433,0.952574126822433,0.952574126822433,0.952574126822433,0.952574126822433,0.952574126822433,0.952574126822433,0.952574126822433,0.952574126822433,0.952574126822433,0.952574126822433,0.952574126822433,0.952574126822433,0.952574126822433,0.952574126822433,0.952574126822433,0.952574126822433,0.952574126822433,0.919241201888299
ENSG00000100105,PATZ1,0.352762057019746,0.165460365865935,0.405065756047476,0.952574126822433,0.952574126822433,0.952574126822433,0.952574126822433,0.952574126822433,0.818190585202511,0.952574126822433,0.608057179428563,0.952574126822433,0.851156467911327,0.860816272015781,0.952574126822433,0.952574126822433,0.648206191737179,0.952574126822433,0.952574126822433,0.952574126822433,0.952574126822433,0.952574126822433,0.952574126822433,0.952574126822433,0.897820286001684,0.716468913505175,0.952574126822433,0.952574126822433,0.952574126822433,0.952574126822433,0.898441564278825,0.952574126822433,0.952574126822433,0.952574126822433,0.952574126822433,0.952574126822433,0.952574126822433,0.952574126822433,0.952574126822433,0.701663464987139
ENSG00000095794,CREM,0.952574126822433,0.952574126822433,0.740898967276993,0.952574126822433,0.952574126822433,0.952574126822433,0.952574126822433,0.952574126822433,0.952574126822433,0.952574126822433,0.952574126822433,0.952574126822433,0.952574126822433,0.952574126822433,0.952574126822433,0.952574126822433,0.952574126822433,0.952574126822433,0.952574126822433,0.952574126822433,0.952574126822433,0.952574126822433,0.952574126822433,0.952574126822433,0.952574126822433,0.952574126822433,0.952574126822433,0.952574126822433,0.952574126822433,0.952574126822433,0.952574126822433,0.952574126822433,0.952574126822433,0.952574126822433,0.952574126822433,0.952574126822433,0.391142216135236,0.952574126822433,0.952574126822433,0.952574126822433
ENSG00000020256,ZFP64,0.952574126822433,0.952574126822433,0.952574126822433,0.952574126822433,0.952574126822433,0.952574126822433,0.952574126822433,0.952574126822433,0.952574126822433,0.952574126822433,0.952574126822433,0.952574126822433,0.952574126822433,0.952574126822433,0.952574126822433,0.952574126822433,0.952574126822433,0.952574126822433,0.952574126822433,0.952574126822433,0.952574126822433,0.952574126822433,0.952574126822433,0.952574126822433,0.952574126822433,0.952574126822433,0.952574126822433,0.952574126822433,0.952574126822433,0.952574126822433,0.952574126822433,0.952574126822433,0.952574126822433,0.952574126822433,0.952574126822433,0.952574126822433,0.244949070888294,0.952574126822433,0.928999980849201,0.952574126822433
ENSG00000006194,ZNF263,0.952574126822433,0.952574126822433,0.952574126822433,0.952574126822433,0.952574126822433,0.952574126822433,0.952574126822433,0.952574126822433,0.952574126822433,0.952574126822433,0.952574126822433,0.952574126822433,0.952574126822433,0.952574126822433,0.952574126822433,0.952574126822433,0.952574126822433,0.952574126822433,0.952574126822433,0.952574126822433,0.952574126822433,0.952574126822433,0.952574126822433,0.952574126822433,0.952574126822433,0.952574126822433,0.952574126822433,0.952574126822433,0.952574126822433,0.952574126822433,0.952574126822433,0.952574126822433,0.952574126822433,0.952574126822433,0.952574126822433,0.952574126822433,0.952574126822433,0.952574126822433,0.917720033032988,0.952574126822433
ENSG00000010030,ETV7,0.952574126822433,0.952574126822433,0.347487649145197,0.289815203830443,0.952574126822433,0.952574126822433,0.952574126822433,0.599095163123216,0.952574126822433,0.707149435566354,0.952574126822433,0.952574126822433,0.952574126822433,0.952574126822433,0.454082157570292,0.684970242905589,0.952574126822433,0.581779917101928,0.411639454066331,0.952574126822433,0.952574126822433,0.952574126822433,0.952574126822433,0.952574126822433,0.952574126822433,0.52217306063967,0.880556176774013,0.952574126822433,0.952574126822433,0.582342561032549,0.952574126822433,0.952574126822433,0.0474258731775668,0.780527179951879,0.952574126822433,0.939296534268008,0.952574126822433,0.952574126822433,0.274683166547443,0.138051913308861
ENSG00000237440,ZNF737,0.952574126822433,0.952574126822433,0.649199766369199,0.952574126822433,0.952574126822433,0.952574126822433,0.952574126822433,0.952574126822433,0.952574126822433,0.952574126822433,0.952574126822433,0.952574126822433,0.885045637722315,0.952574126822433,0.952574126822433,0.952574126822433,0.934441323473492,0.952574126822433,0.952574126822433,0.952574126822433,0.952574126822433,0.952574126822433,0.952574126822433,0.952574126822433,0.952574126822433,0.952574126822433,0.952574126822433,0.952574126822433,0.952574126822433,0.868840054145427,0.816345612684028,0.952574126822433,0.774481985301879,0.952574126822433,0.85698722005425,0.756383739782114,0.863787819744537,0.952574126822433,0.715001912179188,0.952574126822433
ENSG00000100968,NFATC4,0.510654564235934,0.803470634761282,0.26778949179131,0.952574126822433,0.952574126822433,0.867138933689802,0.741656907001986,0.941925552682363,0.952574126822433,0.952574126822433,0.952574126822433,0.952574126822433,0.952574126822433,0.952574126822433,0.952574126822433,0.797597953378669,0.952574126822433,0.789460529634571,0.952574126822433,0.952574126822433,0.952574126822433,0.952574126822433,0.952574126822433,0.744968506313512,0.952574126822433,0.952574126822433,0.952574126822433,0.952574126822433,0.952574126822433,0.798798988908788,0.462237118506037,0.952574126822433,0.952574126822433,0.912339134334548,0.952574126822433,0.4135050678659,0.952574126822433,0.775418132312239,0.268739786051709,0.952574126822433
ENSG00000186814,ZSCAN30,0.446995438510759,0.302763248274404,0.312707391946072,0.783044214663615,0.952574126822433,0.677812383682008,0.744414335438787,0.952574126822433,0.650525333380588,0.857596270717875,0.718659738972775,0.697813855223396,0.952574126822433,0.880462507965045,0.816032501315959,0.952574126822433,0.926249684015466,0.952574126822433,0.952574126822433,0.593673392266182,0.952574126822433,0.952574126822433,0.952574126822433,0.827117254645014,0.874255408185362,0.952574126822433,0.912382375656623,0.845675802321757,0.941104661456971,0.852293601508155,0.952574126822433,0.952574126822433,0.414445363003562,0.952574126822433,0.952574126822433,0.952574126822433,0.952574126822433,0.952574126822433,0.952574126822433,0.952574126822433
ENSG00000175879,HOXD8,0.952574126822433,0.952574126822433,0,0.952574126822433,0.952574126822433,0.952574126822433,0.952574126822433,0.952574126822433,0.952574126822433,0.952574126822433,0.722294082635013,0.952574126822433,0.952574126822433,0.952574126822433,0.952574126822433,0.952574126822433,0.877669411864641,0.952574126822433,0.952574126822433,0.952574126822433,0.952574126822433,0.952574126822433,0.952574126822433,0.952574126822433,0.952574126822433,0.952574126822433,0.952574126822433,0.952574126822433,0.952574126822433,0.952574126822433,0.952574126822433,0.952574126822433,0.952574126822433,0.952574126822433,0.907154025527092,0.598186329999129,0.952574126822433,0.952574126822433,0.747634382236138,0.952574126822433
ENSG00000188227,ZNF793,0.909512112009109,0.952574126822433,0.952574126822433,0.909512112009109,0.909512112009109,0.909512112009109,0.909512112009109,0.872840018773056,0.89932277832327,0.909512112009109,0.884008119161605,0.808564577647947,0.952574126822433,0.869922562269845,0.952574126822433,0.602180005377639,0.776888132667688,0.779699395255224,0.952574126822433,0.952574126822433,0.73065849122917,0.952574126822433,0.871139090546483,0.838627109061438,0.952574126822433,0.626145769187469,0.952574126822433,0.909512112009109,0.952574126822433,0.909512112009109,0.557096002597049,0.952574126822433,0.952574126822433,0.952574126822433,0.679582551719603,0.952574126822433,0.559863093650984,0.443560445468919,0.615152565835652,0.636471925522627
ENSG00000181896,ZNF101,0.940738529617061,0.940738529617061,0.940738529617061,0.940738529617061,0.952574126822433,0.952574126822433,0.952574126822433,0.940738529617061,0.940738529617061,0.952574126822433,0.952574126822433,0.952574126822433,0.940738529617061,0.940738529617061,0.940738529617061,0.940738529617061,0.952574126822433,0.940738529617061,0.952574126822433,0.952574126822433,0.940738529617061,0.940738529617061,0.940738529617061,0.940738529617061,0.940738529617061,0.940738529617061,0.952574126822433,0.952574126822433,0.952574126822433,0.940738529617061,0.940738529617061,0.940738529617061,0.952574126822433,0.940738529617061,0.952574126822433,0.899565771471262,0.940738529617061,0.952574126822433,0.940738529617061,0.952574126822433
ENSG00000018869,ZNF582,0.952574126822433,0.952574126822433,0.952574126822433,0.952574126822433,0.952574126822433,0.952574126822433,0.952574126822433,0.540791038205468,0.377621122981412,0.952574126822433,0.952574126822433,0.952574126822433,0.952574126822433,0.900593534547689,0.768553413278068,0.600211500655926,0.952574126822433,0.952574126822433,0.952574126822433,0.952574126822433,0.665752136356352,0.575646711204103,0.952574126822433,0.827301122285606,0.477195384797513,0.909231935214454,0.952574126822433,0.881021478740714,0.952574126822433,0.952574126822433,0.952574126822433,0.952574126822433,0.952574126822433,0.952574126822433,0.761437248425241,0.952574126822433,0.952574126822433,0.952574126822433,0.952574126822433,0.779957003410582
ENSG00000178573,MAF,0.952574126822433,0.952574126822433,0.952574126822433,0.952574126822433,0.952574126822433,0.952574126822433,0.952574126822433,0.952574126822433,0.952574126822433,0.952574126822433,0.952574126822433,0.952574126822433,0.952574126822433,0.952574126822433,0.952574126822433,0.952574126822433,0.952574126822433,0.952574126822433,0.952574126822433,0.952574126822433,0.952574126822433,0.952574126822433,0.952574126822433,0.952574126822433,0.952574126822433,0.952574126822433,0.952574126822433,0.952574126822433,0.952574126822433,0.952574126822433,0.952574126822433,0.952574126822433,0.952574126822433,0.952574126822433,0.952574126822433,0.952574126822433,0.952574126822433,0.952574126822433,0.952574126822433,0.952574126822433
ENSG00000185022,MAFF,0.952574126822433,0.952574126822433,0.952574126822433,0.952574126822433,0.952574126822433,0.952574126822433,0.952574126822433,0.952574126822433,0.952574126822433,0.952574126822433,0.952574126822433,0.952574126822433,0.952574126822433,0.952574126822433,0.952574126822433,0.952574126822433,0.952574126822433,0.952574126822433,0.952574126822433,0.952574126822433,0.952574126822433,0.952574126822433,0.952574126822433,0.952574126822433,0.952574126822433,0.952574126822433,0.952574126822433,0.952574126822433,0.952574126822433,0.952574126822433,0.952574126822433,0.952574126822433,0.952574126822433,0.952574126822433,0.952574126822433,0.952574126822433,0.952574126822433,0.952574126822433,0.952574126822433,0.952574126822433
ENSG00000179588,ZFPM1,0.952574126822433,0.952574126822433,0.952574126822433,0.942675824101131,0.942675824101131,0.516700975119124,0.678446643902705,0.942675824101131,0.942675824101131,0.859779171923506,0.942675824101131,0.799238973571576,0.490106339056668,0.626635729695078,0.13527182435979,0.873647765205313,0.569683740914492,0.4171606261209,0.952574126822433,0.942675824101131,0.553719230955754,0.942675824101131,0.374373236923503,0.491952623202513,0.952574126822433,0.728942494747642,0.942675824101131,0.942675824101131,0.517495241924685,0.942675824101131,0.942675824101131,0.952574126822433,0.125597865549328,0.942675824101131,0.942675824101131,0.942675824101131,0.709991638761566,0.942675824101131,0.942675824101131,0.54135035913721
ENSG00000183850,ZNF730,0.947080659415396,0.773698794382251,0.947080659415396,0.947080659415396,0.678588055370818,0.907784062684284,0.888639907907852,0.947080659415396,0.947080659415396,0.947080659415396,0.947080659415396,0.947080659415396,0.947080659415396,0.947080659415396,0.947080659415396,0.947080659415396,0.947080659415396,0.947080659415396,0.947080659415396,0.947080659415396,0.947080659415396,0.947080659415396,0.947080659415396,0.947080659415396,0.947080659415396,0.947080659415396,0.947080659415396,0.947080659415396,0.947080659415396,0.947080659415396,0.888639907907852,0.947080659415396,0.947080659415396,0.0474258731775668,0.947080659415396,0.947080659415396,0.947080659415396,0.947080659415396,0.947080659415396,0.888639907907852
ENSG00000067066,SP100,0.952574126822433,0.952574126822433,0.952574126822433,0.952574126822433,0.952574126822433,0.952574126822433,0.952574126822433,0.952574126822433,0.952574126822433,0.952574126822433,0.952574126822433,0.952574126822433,0.952574126822433,0.952574126822433,0.952574126822433,0.952574126822433,0.952574126822433,0.952574126822433,0.952574126822433,0.952574126822433,0.952574126822433,0.952574126822433,0.952574126822433,0.952574126822433,0.952574126822433,0.952574126822433,0.952574126822433,0.952574126822433,0.952574126822433,0.952574126822433,0.952574126822433,0.952574126822433,0.952574126822433,0.952574126822433,0.952574126822433,0.952574126822433,0.952574126822433,0.952574126822433,0.952574126822433,0.952574126822433
ENSG00000133884,DPF2,0.770966976373403,0.368797547238733,0.952574126822433,0.952574126822433,0.952574126822433,0.952574126822433,0.532641985915924,0.774351772519753,0.952574126822433,0.952574126822433,0.952574126822433,0.952574126822433,0.653727991109695,0.916708705521142,0.952574126822433,0.952574126822433,0.952574126822433,0.952574126822433,0.952574126822433,0.952574126822433,0.952574126822433,0.952574126822433,0.952574126822433,0.952574126822433,0.826512932083032,0.952574126822433,0.867402627313362,0.952574126822433,0.952574126822433,0.952574126822433,0.747363071373352,0.952574126822433,0.952574126822433,0.952574126822433,0.877200661818045,0.952574126822433,0.616998655790975,0.952574126822433,0.952574126822433,0.952574126822433
ENSG00000196967,ZNF585A,0.947585646138542,0.821000713561379,0.947585646138542,0.947585646138542,0.947585646138542,0.947585646138542,0.947585646138542,0.947585646138542,0.947585646138542,0.947585646138542,0.947585646138542,0.418900936035879,0.947585646138542,0.947585646138542,0.947585646138542,0.947585646138542,0.612344617417772,0.947585646138542,0.947585646138542,0.947585646138542,0.947585646138542,0.947585646138542,0.947585646138542,0.947585646138542,0.947585646138542,0.947585646138542,0.947585646138542,0.947585646138542,0.947585646138542,0.947585646138542,0.947585646138542,0.947585646138542,0.787175940226249,0.947585646138542,0.947585646138542,0.947585646138542,0.947585646138542,0.947585646138542,0.947585646138542,0.947585646138542
ENSG00000153896,ZNF599,0.952574126822433,0.952574126822433,0.952574126822433,0.952574126822433,0.952574126822433,0.952574126822433,0.952574126822433,0.952574126822433,0.952574126822433,0.952574126822433,0.952574126822433,0.952574126822433,0.952574126822433,0.952574126822433,0.952574126822433,0.952574126822433,0.952574126822433,0.952574126822433,0.952574126822433,0.952574126822433,0.952574126822433,0.952574126822433,0.952574126822433,0.952574126822433,0.952574126822433,0.952574126822433,0.952574126822433,0.952574126822433,0.952574126822433,0.952574126822433,0.952574126822433,0.952574126822433,0.952574126822433,0.952574126822433,0.952574126822433,0.952574126822433,0.952574126822433,0.952574126822433,0.952574126822433,0.952574126822433
ENSG00000164920,OSR2,0.952574126822433,0.952574126822433,0.952574126822433,0.952574126822433,0.952574126822433,0.952574126822433,0.952574126822433,0.952574126822433,0.952574126822433,0.952574126822433,0.402453298717606,0.952574126822433,0.952574126822433,0.952574126822433,0.952574126822433,0.952574126822433,0.545616620944137,0.952574126822433,0.952574126822433,0.841450851927679,0.952574126822433,0.952574126822433,0.952574126822433,0.952574126822433,0.952574126822433,0.952574126822433,0.952574126822433,0.952574126822433,0.952574126822433,0.952574126822433,0.952574126822433,0.952574126822433,0.952574126822433,0.952574126822433,0.647149508199392,0.952574126822433,0.952574126822433,0.952574126822433,0.717198785622393,0.952574126822433
ENSG00000122386,ZNF205,0.952574126822433,0.952574126822433,0.362148108893168,0.952574126822433,0.952574126822433,0.839044945622092,0.732532264510097,0.952574126822433,0.952574126822433,0.611549404740408,0.306033515553463,0.952574126822433,0.952574126822433,0.747941999011358,0.494063570763002,0.952574126822433,0.952574126822433,0.952574126822433,0.952574126822433,0.952574126822433,0.952574126822433,0.952574126822433,0.952574126822433,0.689590514807422,0.952574126822433,0.773353947316264,0.952574126822433,0.952574126822433,0.952574126822433,0.952574126822433,0.952574126822433,0.952574126822433,0.952574126822433,0.828445386648528,0.606548706055007,0.372662777905131,0.952574126822433,0.952574126822433,0.598035870390087,0.952574126822433
ENSG00000121413,ZSCAN18,0.952574126822433,0.713595003777507,0.682059088461377,0.952574126822433,0.952574126822433,0.952574126822433,0.952574126822433,0.952574126822433,0.952574126822433,0.952574126822433,0.952574126822433,0.952574126822433,0.952574126822433,0.952574126822433,0.952574126822433,0.952574126822433,0.952574126822433,0.952574126822433,0.952574126822433,0.952574126822433,0.952574126822433,0.952574126822433,0.952574126822433,0.952574126822433,0.952574126822433,0.952574126822433,0.952574126822433,0.952574126822433,0.952574126822433,0.952574126822433,0.952574126822433,0.952574126822433,0.952574126822433,0.952574126822433,0.952574126822433,0.952574126822433,0.952574126822433,0.952574126822433,0.952574126822433,0.952574126822433
ENSG00000169955,ZNF747,0.952574126822433,0.952574126822433,0.952574126822433,0.952574126822433,0.952574126822433,0.952574126822433,0.952574126822433,0.952574126822433,0.952574126822433,0.952574126822433,0.952574126822433,0.952574126822433,0.952574126822433,0.952574126822433,0.952574126822433,0.952574126822433,0.952574126822433,0.952574126822433,0.952574126822433,0.952574126822433,0.952574126822433,0.952574126822433,0.952574126822433,0.952574126822433,0.952574126822433,0.952574126822433,0.952574126822433,0.952574126822433,0.952574126822433,0.952574126822433,0.952574126822433,0.952574126822433,0.952574126822433,0.952574126822433,0.952574126822433,0.952574126822433,0.952574126822433,0.952574126822433,0.952574126822433,0.952574126822433
ENSG00000197128,ZNF772,0.952574126822433,0.952574126822433,0.952574126822433,0.952574126822433,0.948794526066727,0.952574126822433,0.952574126822433,0.952574126822433,0.841740189598956,0.952574126822433,0.952574126822433,0.952574126822433,0.952574126822433,0.952574126822433,0.952574126822433,0.952574126822433,0.952574126822433,0.952574126822433,0.952574126822433,0.952574126822433,0.952574126822433,0.952574126822433,0.952574126822433,0.952574126822433,0.466045650198702,0.952574126822433,0.952574126822433,0.952574126822433,0.952574126822433,0.952574126822433,0.635028681731564,0.952574126822433,0.952574126822433,0.952574126822433,0.839930452412241,0.952574126822433,0.952574126822433,0.805434144619031,0.895486657035937,0.751750929749003
ENSG00000158711,ELK4,0.952574126822433,0.952574126822433,0.952574126822433,0.952574126822433,0.952574126822433,0.952574126822433,0.952574126822433,0.952574126822433,0.952574126822433,0.952574126822433,0.952574126822433,0.952574126822433,0.952574126822433,0.952574126822433,0.952574126822433,0.952574126822433,0.952574126822433,0.952574126822433,0.952574126822433,0.952574126822433,0.952574126822433,0.952574126822433,0.952574126822433,0.952574126822433,0.952574126822433,0.952574126822433,0.952574126822433,0.952574126822433,0.952574126822433,0.952574126822433,0.952574126822433,0.952574126822433,0.952574126822433,0.952574126822433,0.952574126822433,0.952574126822433,0.952574126822433,0.952574126822433,0.952574126822433,0.952574126822433
ENSG00000218891,ZNF579,0.952574126822433,0.952574126822433,0.343249934995182,0.952574126822433,0.952574126822433,0.952574126822433,0.952574126822433,0.952574126822433,0.952574126822433,0.952574126822433,0.952574126822433,0.952574126822433,0.952574126822433,0.952574126822433,0.945776623551887,0.952574126822433,0.952574126822433,0.952574126822433,0.952574126822433,0.952574126822433,0.952574126822433,0.952574126822433,0.952574126822433,0.952574126822433,0.952574126822433,0.952574126822433,0.952574126822433,0.952574126822433,0.952574126822433,0.952574126822433,0.952574126822433,0.952574126822433,0.528928358173664,0.952574126822433,0.952574126822433,0.952574126822433,0.952574126822433,0.952574126822433,0.952574126822433,0.952574126822433
ENSG00000168661,ZNF30,0.952574126822433,0.952574126822433,0.842719412003089,0.952574126822433,0.952574126822433,0.952574126822433,0.952574126822433,0.952574126822433,0.952574126822433,0.952574126822433,0.952574126822433,0.952574126822433,0.952574126822433,0.952574126822433,0.952574126822433,0.952574126822433,0.952574126822433,0.537532538505918,0.952574126822433,0.952574126822433,0.952574126822433,0.952574126822433,0.952574126822433,0.952574126822433,0.952574126822433,0.952574126822433,0.952574126822433,0.952574126822433,0.952574126822433,0.952574126822433,0.952574126822433,0.952574126822433,0.864913093465515,0.952574126822433,0.952574126822433,0.952574126822433,0.952574126822433,0.832520059709962,0.952574126822433,0.952574126822433
ENSG00000197062,ZSCAN26,0.952574126822433,0.952574126822433,0.668615348505414,0.952574126822433,0.952574126822433,0.952574126822433,0.952574126822433,0.952574126822433,0.952574126822433,0.952574126822433,0.952574126822433,0.952574126822433,0.952574126822433,0.952574126822433,0.952574126822433,0.952574126822433,0.899467519786233,0.952574126822433,0.952574126822433,0.952574126822433,0.952574126822433,0.952574126822433,0.952574126822433,0.952574126822433,0.952574126822433,0.952574126822433,0.952574126822433,0.952574126822433,0.952574126822433,0.952574126822433,0.952574126822433,0.952574126822433,0.952574126822433,0.952574126822433,0.952574126822433,0.952574126822433,0.952574126822433,0.952574126822433,0.952574126822433,0.952574126822433
ENSG00000160352,ZNF714,0.929829802457095,0.94749220836384,0.94749220836384,0.94749220836384,0.94749220836384,0.94749220836384,0.94749220836384,0.94749220836384,0.94749220836384,0.903919300515901,0.94749220836384,0.94749220836384,0.676430996152296,0.94749220836384,0.930035012903127,0.904954267196412,0.94749220836384,0.922219956959227,0.94749220836384,0.94749220836384,0.94749220836384,0.837960627453115,0.94749220836384,0.842482965718862,0.94749220836384,0.941898951348316,0.839628413406847,0.94749220836384,0.94749220836384,0.882663847917863,0.94749220836384,0.94749220836384,0.94749220836384,0.94749220836384,0.94749220836384,0.94749220836384,0.94749220836384,0.94749220836384,0.416203300052506,0.952574126822433
ENSG00000204604,ZNF468,0.952574126822433,0.952574126822433,0.952574126822433,0.952574126822433,0.952574126822433,0.952574126822433,0.952574126822433,0.952574126822433,0.952574126822433,0.952574126822433,0.952574126822433,0.952574126822433,0.952574126822433,0.952574126822433,0.952574126822433,0.952574126822433,0.952574126822433,0.952574126822433,0.952574126822433,0.952574126822433,0.952574126822433,0.952574126822433,0.952574126822433,0.952574126822433,0.952574126822433,0.952574126822433,0.952574126822433,0.952574126822433,0.952574126822433,0.952574126822433,0.952574126822433,0.952574126822433,0.952574126822433,0.952574126822433,0.952574126822433,0.952574126822433,0.952574126822433,0.952574126822433,0.952574126822433,0.952574126822433
ENSG00000161914,ZNF653,0.946596670200176,0.946596670200176,0.946596670200176,0.946596670200176,0.946596670200176,0.946596670200176,0.946596670200176,0.946596670200176,0.946596670200176,0.899047757663701,0.714509149612894,0.946596670200176,0.946596670200176,0.946596670200176,0.946596670200176,0.946596670200176,0.946596670200176,0.946596670200176,0.946596670200176,0.946596670200176,0.946596670200176,0.946596670200176,0.946596670200176,0.946596670200176,0.946596670200176,0.810957411092322,0.946596670200176,0.946596670200176,0.946596670200176,0.946596670200176,0.946596670200176,0.946596670200176,0.946596670200176,0.946596670200176,0.946596670200176,0.946596670200176,0.946596670200176,0.946596670200176,0.946596670200176,0.946596670200176
ENSG00000167685,ZNF444,0.619113632836072,0.354266649597177,0.202866381885985,0.666122318519347,0.64734462734315,0.952574126822433,0.663903033340521,0.455664287040252,0.952574126822433,0.952574126822433,0.873714113197902,0.952574126822433,0.952574126822433,0.829698198337125,0.952574126822433,0.503084191451996,0.952574126822433,0.243117177108709,0.872194233187187,0.90664099315187,0.952574126822433,0.952574126822433,0.952574126822433,0.952574126822433,0.355726932339657,0.952574126822433,0.670474901582013,0.361412594307106,0.952574126822433,0.952574126822433,0.829017065319863,0.568748411851571,0.746025593408767,0.952574126822433,0.724881247691614,0.952574126822433,0.952574126822433,0.952574126822433,0.952574126822433,0.929902368508986
ENSG00000167637,ZNF283,0.952574126822433,0.952574126822433,0.952574126822433,0.952574126822433,0.952574126822433,0.952574126822433,0.952574126822433,0.952574126822433,0.952574126822433,0.952574126822433,0.952574126822433,0.952574126822433,0.952574126822433,0.952574126822433,0.952574126822433,0.952574126822433,0.952574126822433,0.952574126822433,0.952574126822433,0.952574126822433,0.952574126822433,0.952574126822433,0.952574126822433,0.952574126822433,0.952574126822433,0.952574126822433,0.952574126822433,0.952574126822433,0.952574126822433,0.952574126822433,0.952574126822433,0.952574126822433,0.952574126822433,0.952574126822433,0.817215741345218,0.952574126822433,0.952574126822433,0.952574126822433,0.296804605706097,0.952574126822433
ENSG00000197008,ZNF138,0.419485214317027,0.815337156762253,0.952574126822433,0.821374208878319,0.882075014964804,0.952574126822433,0.952574126822433,0.855973003597793,0.498455661374897,0.952574126822433,0.952574126822433,0.930046278986448,0.876044553803558,0.783041719930462,0.952574126822433,0.566221327388707,0.863457598778077,0.952574126822433,0.430882402918279,0.952574126822433,0.682174945616833,0.952574126822433,0.952574126822433,0.952574126822433,0.730324078528292,0.952574126822433,0.663733517808919,0.355355487931843,0.28472328157206,0.952574126822433,0.952574126822433,0.403853768649664,0.952574126822433,0.952574126822433,0.733425275505903,0.218981710576151,0.952574126822433,0.952574126822433,0.952574126822433,0.921391290145142
ENSG00000167380,ZNF226,0.870632794964147,0.952574126822433,0.952574126822433,0.701321496685296,0.809901623295394,0.861791843896365,0.512429054197362,0.348683731975147,0.534355065588352,0.952574126822433,0.841455455158073,0.952574126822433,0.952574126822433,0.952574126822433,0.952574126822433,0.952574126822433,0.952574126822433,0.952574126822433,0.952574126822433,0.952574126822433,0.635202440201084,0.383955840635484,0.952574126822433,0.735203258812369,0.902028583751408,0.952574126822433,0.533661306225458,0.548502367946889,0.426371469783724,0.66611798870986,0.952574126822433,0.838906082053521,0.553024644494076,0.952574126822433,0.952574126822433,0.952574126822433,0.952574126822433,0.948105733776085,0.952574126822433,0.710137142021171
ENSG00000163666,HESX1,0.952574126822433,0.847761970276765,0.0474258731775668,0.952574126822433,0.952574126822433,0.846083537051219,0.952574126822433,0.952574126822433,0.952574126822433,0.952574126822433,0.0474258731775668,0.952574126822433,0.952574126822433,0.858475860174445,0.741807920691818,0.952574126822433,0.952574126822433,0.952574126822433,0.952574126822433,0.952574126822433,0.952574126822433,0.889199649424898,0.769827977858602,0.952574126822433,0.952574126822433,0.952574126822433,0.643883217299189,0.952574126822433,0.952574126822433,0.952574126822433,0.952574126822433,0.952574126822433,0.481401268664059,0.787162767098952,0.952574126822433,0.0474258731775668,0.952574126822433,0.886116571730684,0.280208669753049,0.952574126822433
ENSG00000205903,ZNF316,0.952574126822433,0.952574126822433,0.135012933433382,0.952574126822433,0.952574126822433,0.952574126822433,0.952574126822433,0.952574126822433,0.952574126822433,0.952574126822433,0.834165735281354,0.952574126822433,0.952574126822433,0.952574126822433,0.952574126822433,0.952574126822433,0.952574126822433,0.952574126822433,0.952574126822433,0.952574126822433,0.952574126822433,0.952574126822433,0.952574126822433,0.952574126822433,0.952574126822433,0.952574126822433,0.952574126822433,0.952574126822433,0.952574126822433,0.952574126822433,0.952574126822433,0.952574126822433,0.952574126822433,0.952574126822433,0.952574126822433,0.952574126822433,0.952574126822433,0.952574126822433,0.952574126822433,0.952574126822433
ENSG00000164631,ZNF12,0.945256232109576,0.495976004017438,0.371286884978156,0.952574126822433,0.952574126822433,0.952574126822433,0.769109719457849,0.952574126822433,0.952574126822433,0.952574126822433,0.952574126822433,0.952574126822433,0.952574126822433,0.952574126822433,0.952574126822433,0.952574126822433,0.952574126822433,0.952574126822433,0.952574126822433,0.952574126822433,0.952574126822433,0.952574126822433,0.952574126822433,0.952574126822433,0.952574126822433,0.952574126822433,0.952574126822433,0.952574126822433,0.952574126822433,0.952574126822433,0.952574126822433,0.952574126822433,0.952574126822433,0.952574126822433,0.952574126822433,0.952574126822433,0.952574126822433,0.952574126822433,0.952574126822433,0.952574126822433
ENSG00000114126,TFDP2,0.952574126822433,0.952574126822433,0.952574126822433,0.833502360969629,0.952574126822433,0.952574126822433,0.952574126822433,0.952574126822433,0.952574126822433,0.952574126822433,0.952574126822433,0.952574126822433,0.952574126822433,0.952574126822433,0.952574126822433,0.952574126822433,0.952574126822433,0.952574126822433,0.952574126822433,0.952574126822433,0.952574126822433,0.952574126822433,0.952574126822433,0.952574126822433,0.952574126822433,0.952574126822433,0.952574126822433,0.952574126822433,0.952574126822433,0.952574126822433,0.952574126822433,0.952574126822433,0.952574126822433,0.952574126822433,0.952574126822433,0.898263894751985,0.952574126822433,0.952574126822433,0.823543290169537,0.952574126822433
ENSG00000196724,ZNF418,0.952574126822433,0.952574126822433,0.762661777029904,0.641950677458485,0.267233852990701,0.900891303885279,0.514494210118585,0.952574126822433,0.952574126822433,0.952574126822433,0.833984726823887,0.952574126822433,0.952574126822433,0.952574126822433,0.723213452647501,0.876933263350422,0.707059083181869,0.952574126822433,0.700073956044963,0.952574126822433,0.952574126822433,0.563070418591868,0.881926795943016,0.952574126822433,0.563977411024906,0.685045457924012,0.952574126822433,0.582388251728635,0.952574126822433,0.952574126822433,0.952574126822433,0.952574126822433,0.952574126822433,0.79673691887392,0.888836237162324,0.952574126822433,0.843876886601013,0.952574126822433,0.952574126822433,0.952574126822433
ENSG00000114861,FOXP1,0.946019298384905,0.946019298384905,0.946019298384905,0.946019298384905,0.946019298384905,0.946019298384905,0.946019298384905,0.946019298384905,0.946019298384905,0.946019298384905,0.946019298384905,0.946019298384905,0.946019298384905,0.946019298384905,0.946019298384905,0.946019298384905,0.946019298384905,0.806872804020426,0.946019298384905,0.946019298384905,0.946019298384905,0.946019298384905,0.946019298384905,0.946019298384905,0.946019298384905,0.946019298384905,0.850688308607824,0.946019298384905,0.946019298384905,0.946019298384905,0.946019298384905,0.946019298384905,0.946019298384905,0.716255501151982,0.669453072084728,0.813194764470846,0.682383203943766,0.946019298384905,0.92545303157518,0.946019298384905
ENSG00000213967,ZNF726,0.952574126822433,0.947585646138542,0.952574126822433,0.947585646138542,0.947585646138542,0.947585646138542,0.952574126822433,0.947585646138542,0.947585646138542,0.952574126822433,0.952574126822433,0.947585646138542,0.952574126822433,0.947585646138542,0.952574126822433,0.947585646138542,0.947585646138542,0.947585646138542,0.947585646138542,0.947585646138542,0.947585646138542,0.947585646138542,0.947585646138542,0.947585646138542,0.947585646138542,0.947585646138542,0.947585646138542,0.952574126822433,0.947585646138542,0.947585646138542,0.947585646138542,0.947585646138542,0.952574126822433,0.947585646138542,0.947585646138542,0.947585646138542,0.952574126822433,0.947585646138542,0.947585646138542,0.952574126822433
ENSG00000196437,ZNF569,0.952574126822433,0.952574126822433,0.952574126822433,0.952574126822433,0.952574126822433,0.952574126822433,0.952574126822433,0.952574126822433,0.952574126822433,0.952574126822433,0.952574126822433,0.952574126822433,0.952574126822433,0.952574126822433,0.952574126822433,0.952574126822433,0.952574126822433,0.952574126822433,0.952574126822433,0.952574126822433,0.952574126822433,0.952574126822433,0.952574126822433,0.952574126822433,0.952574126822433,0.952574126822433,0.952574126822433,0.952574126822433,0.952574126822433,0.952574126822433,0.952574126822433,0.952574126822433,0.952574126822433,0.952574126822433,0.952574126822433,0.952574126822433,0.952574126822433,0.952574126822433,0.952574126822433,0.952574126822433
ENSG00000152467,ZSCAN1,0.87669935283349,0.87669935283349,0.87669935283349,0.607501016892245,0.87669935283349,0.87669935283349,0.87669935283349,0.87669935283349,0.87669935283349,0.87669935283349,0.87669935283349,0.87669935283349,0.87669935283349,0.87669935283349,0.87669935283349,0.87669935283349,0.87669935283349,0.406539828786642,0.87669935283349,0.87669935283349,0.87669935283349,0.87669935283349,0.87669935283349,0.87669935283349,0.87669935283349,0.87669935283349,0.87669935283349,0.87669935283349,0.87669935283349,0.87669935283349,0.87669935283349,0.87669935283349,0.447610642839666,0.87669935283349,0.862250781214719,0.87669935283349,0.857961638039614,0.22209782972664,0.87669935283349,0
ENSG00000196345,ZKSCAN7,0.952574126822433,0.952574126822433,0.952574126822433,0.952574126822433,0.952574126822433,0.952574126822433,0.952574126822433,0.952574126822433,0.952574126822433,0.952574126822433,0.952574126822433,0.952574126822433,0.952574126822433,0.952574126822433,0.952574126822433,0.952574126822433,0.952574126822433,0.952574126822433,0.952574126822433,0.952574126822433,0.952574126822433,0.952574126822433,0.952574126822433,0.952574126822433,0.952574126822433,0.952574126822433,0.952574126822433,0.952574126822433,0.952574126822433,0.952574126822433,0.952574126822433,0.909751051058294,0.627747121247252,0.952574126822433,0.952574126822433,0.608143914507151,0.952574126822433,0.952574126822433,0.736846840822802,0.952574126822433
ENSG00000196268,ZNF493,0.952574126822433,0.952574126822433,0.952574126822433,0.890525971364944,0.769396106459478,0.952574126822433,0.621298907521405,0.952574126822433,0.952574126822433,0.753902927795659,0.952574126822433,0.952574126822433,0.952574126822433,0.735386622644285,0.733041994161724,0.952574126822433,0.952574126822433,0.952574126822433,0.952574126822433,0.952574126822433,0.888513815340804,0.952574126822433,0.952574126822433,0.949148167577837,0.952574126822433,0.768747828623119,0.952574126822433,0.952574126822433,0.952574126822433,0.952574126822433,0.658121930812909,0.952574126822433,0.693480485132997,0.952574126822433,0.952574126822433,0.839186321452534,0.952574126822433,0.952574126822433,0.448072309714515,0.952574126822433
ENSG00000198538,ZNF28,0.952574126822433,0.952574126822433,0.673963444641028,0.952574126822433,0.952574126822433,0.952574126822433,0.952574126822433,0.952574126822433,0.952574126822433,0.952574126822433,0.952574126822433,0.952574126822433,0.952574126822433,0.952574126822433,0.952574126822433,0.952574126822433,0.952574126822433,0.952574126822433,0.952574126822433,0.952574126822433,0.952574126822433,0.952574126822433,0.952574126822433,0.952574126822433,0.952574126822433,0.952574126822433,0.952574126822433,0.952574126822433,0.952574126822433,0.952574126822433,0.952574126822433,0.952574126822433,0.952574126822433,0.952574126822433,0.952574126822433,0.952574126822433,0.952574126822433,0.952574126822433,0.120745066171114,0.952574126822433
ENSG00000198597,ZNF536,0.952574126822433,0.952574126822433,0.952574126822433,0.952574126822433,0.952574126822433,0.952574126822433,0.952574126822433,0.952574126822433,0.952574126822433,0.952574126822433,0.397968566770097,0.902857379690014,0.949110001096419,0.532279385328199,0.952574126822433,0.885167999420881,0.952574126822433,0.952574126822433,0.757007289452414,0.920413704658183,0.404175449406621,0.668019750385106,0.952574126822433,0.952574126822433,0.443442402836751,0.952574126822433,0.108832323814837,0.766060947413175,0.952574126822433,0.952574126822433,0.952574126822433,0.952574126822433,0.952574126822433,0.952574126822433,0.952574126822433,0.952574126822433,0.952574126822433,0.952574126822433,0,0.952574126822433
ENSG00000198816,ZNF358,0.952574126822433,0.952574126822433,0.273386763807204,0.952574126822433,0.952574126822433,0.425030411148469,0.763437212107663,0.952574126822433,0.952574126822433,0.692775578910869,0.574788609202729,0.952574126822433,0.952574126822433,0.952574126822433,0.387226074193734,0.952574126822433,0.895952541073073,0.952574126822433,0.952574126822433,0.725229804183241,0.952574126822433,0.952574126822433,0.952574126822433,0.952574126822433,0.952574126822433,0.952574126822433,0.952574126822433,0.952574126822433,0.952574126822433,0.952574126822433,0.952574126822433,0.952574126822433,0.296876251290012,0.651772099511557,0.585198897661146,0.771553996762261,0.643090785591312,0.952574126822433,0.267872279796298,0.952574126822433
ENSG00000136944,LMX1B,0.952574126822433,0.952574126822433,0.952574126822433,0.952574126822433,0.952574126822433,0.952574126822433,0.952574126822433,0.952574126822433,0.952574126822433,0.952574126822433,0.952574126822433,0.952574126822433,0.952574126822433,0.952574126822433,0.952574126822433,0.952574126822433,0.952574126822433,0.952574126822433,0.952574126822433,0.952574126822433,0.952574126822433,0.952574126822433,0.952574126822433,0.952574126822433,0.952574126822433,0.952574126822433,0.952574126822433,0.952574126822433,0.952574126822433,0.952574126822433,0.952574126822433,0.952574126822433,0.952574126822433,0.952574126822433,0.952574126822433,0.952574126822433,0.952574126822433,0.952574126822433,0.952574126822433,0.952574126822433
ENSG00000198453,ZNF568,0.952574126822433,0.426034625978603,0.285869138243153,0.952574126822433,0.808671276108088,0.596963390529488,0.950792649298743,0.952574126822433,0.952574126822433,0.952574126822433,0.841118085738577,0.952574126822433,0.952574126822433,0.78615622078136,0.566126568200506,0.952574126822433,0.64009230948764,0.952574126822433,0.952574126822433,0.952574126822433,0.952574126822433,0.952574126822433,0.752909784954406,0.952574126822433,0.952574126822433,0.952574126822433,0.952574126822433,0.952574126822433,0.952574126822433,0.952574126822433,0.952574126822433,0.952574126822433,0.952574126822433,0.763786735315078,0.952574126822433,0.952574126822433,0.952574126822433,0.890416373862548,0.343184439713722,0.702171386460427
ENSG00000189190,ZNF600,0.952574126822433,0.952574126822433,0.952574126822433,0.952574126822433,0.952574126822433,0.952574126822433,0.952574126822433,0.952574126822433,0.952574126822433,0.952574126822433,0.952574126822433,0.952574126822433,0.952574126822433,0.952574126822433,0.952574126822433,0.952574126822433,0.260094374705503,0.952574126822433,0.952574126822433,0.952574126822433,0.952574126822433,0.952574126822433,0.952574126822433,0.952574126822433,0.952574126822433,0.952574126822433,0.952574126822433,0.952574126822433,0.952574126822433,0.952574126822433,0.952574126822433,0.952574126822433,0.811639872334014,0.952574126822433,0.952574126822433,0.61604339386329,0.952574126822433,0.952574126822433,0.952574126822433,0.952574126822433
ENSG00000137504,CREBZF,0.952574126822433,0.875047056229871,0.952574126822433,0.952574126822433,0.798897044154662,0.952574126822433,0.952574126822433,0.952574126822433,0.952574126822433,0.952574126822433,0.779386851401769,0.952574126822433,0.952574126822433,0.952574126822433,0.902480263003592,0.952574126822433,0.935867730588471,0.952574126822433,0.952574126822433,0.952574126822433,0.952574126822433,0.952574126822433,0.952574126822433,0.952574126822433,0.952574126822433,0.952574126822433,0.952574126822433,0.952574126822433,0.952574126822433,0.952574126822433,0.952574126822433,0.952574126822433,0.651991636362076,0.868908351515167,0.887733280702148,0.952574126822433,0.952574126822433,0.951757877427777,0.952574126822433,0.952574126822433
ENSG00000227124,ZNF717,0.952574126822433,0.952574126822433,0.952574126822433,0.952574126822433,0.952574126822433,0.952574126822433,0.952574126822433,0.952574126822433,0.952574126822433,0.952574126822433,0.952574126822433,0.952574126822433,0.952574126822433,0.952574126822433,0.952574126822433,0.952574126822433,0.952574126822433,0.952574126822433,0.952574126822433,0.952574126822433,0.952574126822433,0.952574126822433,0.952574126822433,0.952574126822433,0.952574126822433,0.952574126822433,0.952574126822433,0.952574126822433,0.952574126822433,0.952574126822433,0.952574126822433,0.952574126822433,0.952574126822433,0.952574126822433,0.952574126822433,0.952574126822433,0.952574126822433,0.952574126822433,0.952574126822433,0.952574126822433
ENSG00000204524,ZNF805,0.952574126822433,0.952574126822433,0.952574126822433,0.952574126822433,0.952574126822433,0.952574126822433,0.952574126822433,0.952574126822433,0.952574126822433,0.952574126822433,0.952574126822433,0.952574126822433,0.952574126822433,0.952574126822433,0.952574126822433,0.952574126822433,0.952574126822433,0.952574126822433,0.952574126822433,0.952574126822433,0.952574126822433,0.952574126822433,0.952574126822433,0.952574126822433,0.952574126822433,0.952574126822433,0.952574126822433,0.952574126822433,0.952574126822433,0.952574126822433,0.952574126822433,0.952574126822433,0.952574126822433,0.952574126822433,0.952574126822433,0.952574126822433,0.952574126822433,0.952574126822433,0.952574126822433,0.952574126822433
ENSG00000126351,THRA,0.952574126822433,0.952574126822433,0.952574126822433,0.807099902840458,0.807703074171278,0.837360866568727,0.952574126822433,0.727661823735952,0.952574126822433,0.952574126822433,0.952574126822433,0.952574126822433,0.952574126822433,0.952574126822433,0.952574126822433,0.952574126822433,0.952574126822433,0.952574126822433,0.952574126822433,0.952574126822433,0.952574126822433,0.952574126822433,0.952574126822433,0.952574126822433,0.901604746564022,0.952574126822433,0.893821151409994,0.952574126822433,0.952574126822433,0.952574126822433,0.952574126822433,0.952574126822433,0.356594109049451,0.952574126822433,0.952574126822433,0.952574126822433,0.952574126822433,0.952574126822433,0.570259168322222,0.52055383981648
ENSG00000142599,RERE,0.952574126822433,0.952574126822433,0.952574126822433,0.952574126822433,0.952574126822433,0.952574126822433,0.931186395717527,0.952574126822433,0.779636180844166,0.952574126822433,0.876128903140033,0.952574126822433,0.952574126822433,0.952574126822433,0.952574126822433,0.952574126822433,0.217160141585292,0.952574126822433,0.952574126822433,0.952574126822433,0.952574126822433,0.952574126822433,0.952574126822433,0.952574126822433,0.952574126822433,0.952574126822433,0.952574126822433,0.952574126822433,0.628843366955461,0.952574126822433,0.952574126822433,0.952574126822433,0.952574126822433,0.952574126822433,0.952574126822433,0.952574126822433,0.50961874815414,0.952574126822433,0.952574126822433,0.952574126822433
ENSG00000204514,ZNF814,0.923545581120218,0.923545581120218,0.923545581120218,0.791029883868045,0.393910259663769,0.712235666704454,0.66719320279424,0.923545581120218,0.923545581120218,0.415084264612295,0.854972909094663,0.693548797909381,0.923545581120218,0.923545581120218,0.923545581120218,0.923545581120218,0.923545581120218,0.923545581120218,0.923545581120218,0.923545581120218,0.923545581120218,0.923545581120218,0.923545581120218,0.923545581120218,0.923545581120218,0.923545581120218,0.910311817277159,0.557171990949347,0.923545581120218,0.623028801224693,0.923545581120218,0.923545581120218,0.923545581120218,0.923545581120218,0.828086887517936,0.31279086041753,0.556111338676953,0.923545581120218,0.493469718427015,0.923545581120218
ENSG00000151612,ZNF827,0.94545802968676,0.172949470965698,0.952574126822433,0.346328079941316,0.538725206435914,0.584255454399589,0.709395923620338,0.460664257362047,0.386400475174969,0.952574126822433,0.476036152505194,0.765796728711901,0.522864372124099,0.648030668049422,0.952574126822433,0.853167925754678,0.952574126822433,0.952574126822433,0.697813718358445,0.952574126822433,0.952574126822433,0.665497085773071,0.80478342193646,0.952574126822433,0.523563861235218,0.952574126822433,0.952574126822433,0.952574126822433,0.952574126822433,0.918395920452111,0.226659945446115,0.866104933225378,0.952574126822433,0.753117301227754,0.952574126822433,0.736436043927079,0.952574126822433,0.952574126822433,0.805129493463262,0.952574126822433
ENSG00000196267,ZNF836,0.791485639063551,0.952574126822433,0.952574126822433,0.952574126822433,0.952574126822433,0.952574126822433,0.594209759355196,0.796568153215911,0.952574126822433,0.952574126822433,0.952574126822433,0.952574126822433,0.629058995642168,0.917581157111608,0.952574126822433,0.952574126822433,0.952574126822433,0.952574126822433,0.74672868203984,0.952574126822433,0.952574126822433,0.862712633792822,0.952574126822433,0.881220904565074,0.952574126822433,0.952574126822433,0.952574126822433,0.934867992572232,0.75391032792758,0.952574126822433,0.952574126822433,0.80935267397545,0.952574126822433,0.952574126822433,0.952574126822433,0.296257366736204,0.952574126822433,0.952574126822433,0.952574126822433,0.952574126822433
ENSG00000105991,HOXA1,0.952574126822433,0.952574126822433,0.952574126822433,0.952574126822433,0.952574126822433,0.952574126822433,0.771296270022085,0.952574126822433,0.452202004417334,0.952574126822433,0.952574126822433,0.567152973708845,0.840180478446558,0.952574126822433,0.952574126822433,0.952574126822433,0.712681395903633,0.525772325316441,0.952574126822433,0.300878666567093,0.928402897274647,0.952574126822433,0.471407851490257,0.952574126822433,0.952574126822433,0.786051797533252,0.952574126822433,0.952574126822433,0.739773519965039,0.709433994167111,0.952574126822433,0.952574126822433,0.952574126822433,0.952574126822433,0.952574126822433,0.0474258731775668,0.952574126822433,0.952574126822433,0.952574126822433,0
ENSG00000106689,LHX2,0.952574126822433,0,0.952574126822433,0.952574126822433,0.952574126822433,0.952574126822433,0.952574126822433,0.952574126822433,0.952574126822433,0.952574126822433,0.952574126822433,0.952574126822433,0.629571882780108,0.952574126822433,0.952574126822433,0.952574126822433,0.952574126822433,0,0,0.952574126822433,0,0.952574126822433,0.952574126822433,0.952574126822433,0.952574126822433,0.952574126822433,0.952574126822433,0.952574126822433,0.952574126822433,0.952574126822433,0.952574126822433,0.952574126822433,0,0.952574126822433,0.952574126822433,0,0.952574126822433,0.952574126822433,0.952574126822433,0
ENSG00000196152,ZNF79,0.952574126822433,0.952574126822433,0.952574126822433,0.952574126822433,0.952574126822433,0.952574126822433,0.952574126822433,0.952574126822433,0.952574126822433,0.952574126822433,0.952574126822433,0.952574126822433,0.952574126822433,0.952574126822433,0.952574126822433,0.952574126822433,0.952574126822433,0.952574126822433,0.952574126822433,0.952574126822433,0.952574126822433,0.952574126822433,0.952574126822433,0.952574126822433,0.952574126822433,0.952574126822433,0.952574126822433,0.952574126822433,0.952574126822433,0.952574126822433,0.952574126822433,0.952574126822433,0.952574126822433,0.952574126822433,0.952574126822433,0.952574126822433,0.952574126822433,0.952574126822433,0.952574126822433,0.952574126822433
ENSG00000196214,ZNF766,0.922276270424597,0.702301014044745,0.299862449877845,0.922276270424597,0.922276270424597,0.922276270424597,0.852109257408693,0.922276270424597,0.922276270424597,0.922276270424597,0.922276270424597,0.922276270424597,0.922276270424597,0.922276270424597,0.922276270424597,0.922276270424597,0.922276270424597,0.922276270424597,0.922276270424597,0.922276270424597,0.922276270424597,0.922276270424597,0.922276270424597,0.922276270424597,0.922276270424597,0.922276270424597,0.922276270424597,0.922276270424597,0.922276270424597,0.922276270424597,0.922276270424597,0.922276270424597,0.922276270424597,0.922276270424597,0.922276270424597,0.922276270424597,0.922276270424597,0.922276270424597,0.922276270424597,0.922276270424597
ENSG00000145908,ZNF300,0.952574126822433,0.952574126822433,0.171952867113533,0.952574126822433,0.952574126822433,0.952574126822433,0.952574126822433,0.952574126822433,0.635447920907166,0.952574126822433,0.952574126822433,0.952574126822433,0.952574126822433,0.952574126822433,0.952574126822433,0.952574126822433,0.952574126822433,0.952574126822433,0.952574126822433,0.952574126822433,0.952574126822433,0.952574126822433,0.952574126822433,0.952574126822433,0.952574126822433,0.952574126822433,0.952574126822433,0.952574126822433,0.952574126822433,0.952574126822433,0.952574126822433,0.952574126822433,0.453313524874773,0.952574126822433,0.952574126822433,0.952574126822433,0.80190545725665,0.886119341579814,0.952574126822433,0.750306358934781
ENSG00000197372,ZNF675,0.209565430694521,0.390543998369078,0.947585646138542,0.208554068935486,0.437845760006917,0.269581828549101,0.219255871374812,0.181525918973052,0.0848866451603881,0.235523077379836,0.947585646138542,0.114370846378529,0.0760725075695702,0.27285744564427,0.947585646138542,0.145858244036651,0.390829865108328,0.125844336842456,0.106688045891444,0.430640554653233,0.285659173068834,0.169606708362725,0.361194119999867,0.151620350562459,0.208916399665292,0.470732147236062,0.260411527678594,0.41359819896197,0.238095780421207,0.345752838455623,0.947585646138542,0.500114767967851,0.952574126822433,0.231322566247982,0.285424420380854,0.947585646138542,0.32737504189117,0.33336078987591,0.742796626471209,0.130372946998788
ENSG00000135164,DMTF1,0.238737783471024,0.374029864466084,0.442745406476749,0.258913535457639,0.395516224371506,0.333266307945487,0.635750180973824,0.259747785384641,0.248525725901005,0.211913397467541,0.29394937140139,0.201943658754515,0.148721271703589,0.250331796422525,0.418712274766636,0.164994958883573,0.26730205186883,0.327494037786945,0.151410380607082,0.218776234910224,0.430838692164752,0.144010917496061,0.258380583375546,0.296659711275092,0.265312686348292,0.240735320323725,0.219630126135303,0.304942857043015,0.208490377447479,0.434899448611057,0.230854982745843,0.314825656106883,0.135795773329142,0.343111912837359,0.261245807826824,0.3343554447868,0.430439093469797,0.214913858941875,0.944491603305392,0.722165864209286
ENSG00000179456,ZBTB18,0.380930573090164,0.105277539383412,0.612527755422985,0.575523612827447,0.326546753612948,0.426105029255697,0.210060518174285,0.635975852053294,0.369451758724513,0.261685279648987,0.306188424708237,0.229479171173827,0.176141775654796,0.137728087417041,0.32328268304987,0.34113883863316,0.269535821227789,0.473475949933528,0.340171356359624,0.120995014257816,0.88989279051225,0.232353672702999,0.414997923424961,0.289504142172244,0.460165301155785,0.298739350583906,0.41287106311734,0.364509631200654,0.31320715886833,0.263219718510948,0.21018845144163,0.296108821957912,0.198099420269534,0.336574612945577,0.452983499582524,0.594548033340851,0.410883282838108,0.421428774257441,0.914817422168018,0.324017142197901
ENSG00000213015,ZNF580,0.219650593137331,0.235381635562581,0.113923315085181,0.518291269699346,0.642650368615696,0.728266840695598,0.486696086641044,0.586524517891667,0.412879004315435,0.653173955794515,0.488294216315882,0.704005317051246,0.218687264206058,0.500242720334431,0.650830676020079,0.116431249173926,0.36584600135699,0.176443659743924,0.546424706770754,0.481769333088512,0.111660364432206,0.161926844753552,0.493862951539663,0.44235430085089,0.496564673428687,0.219730347342117,0.296276605102301,0.654503840224578,0.198291539863917,0.645244991722518,0.217781061004318,0.173622277025639,0.6570714181067,0.62811567068405,0.473479697847677,0.316820067583449,0.557904732090294,0.303787045698349,0.703649836987955,0.0474258731775668
ENSG00000103449,SALL1,0.106835319418761,0.0474258731775668,0.952574126822433,0.241742961358176,0.0474258731775668,0.472733720995304,0.580194330204551,0.952574126822433,0.952574126822433,0.254356332510043,0.952574126822433,0.694028798390015,0.179534182400759,0.142615005126833,0.0698901988573225,0.76538755111533,0.149856179448034,0.614546534364555,0.0778229303746437,0.330626683396522,0.320034828503728,0.177009919682663,0.952574126822433,0.519032496999853,0.0606822942410292,0.175309139031695,0.491160232711648,0.0989074645313278,0.161762065712066,0.177886958871552,0.205440917614574,0.179682521467054,0.952574126822433,0.204062736111402,0.286976892621812,0.0474258731775668,0.0530383816822581,0.477185071184341,0.952574126822433,0.952574126822433
ENSG00000120149,MSX2,0.0562213665284044,0.116884878031125,0.952574126822433,0.237519134684062,0.366203416436643,0.316447822548832,0.142522086625492,0.89006609677615,0.186483763733896,0.250626937856554,0.952574126822433,0.118759645943689,0.165485865927113,0.59777091163531,0.621871998908182,0.195045413590111,0.139227501861777,0.28622738529881,0.32052715883507,0.952574126822433,0.890338021732374,0.0474258731775668,0.21754633227835,0.952574126822433,0.213145758232847,0.172327373405568,0.439958203818164,0.0875298771570049,0.853797241929672,0.195704560799419,0.952574126822433,0.816183742432813,0.322084404423706,0.10174190804466,0.475081137465671,0.952574126822433,0.193842935279373,0.474952033428338,0.952574126822433,0.566897814667971
ENSG00000069812,HES2,0.0919302318630021,0.0751369411976097,0.939296534268008,0.404829678058337,0.498483666931117,0.939296534268008,0.0474258731775668,0.106423638565516,0.10791973837421,0.515936726935478,0.663355351470048,0.237125505791862,0.315018709031729,0.0712177551960394,0.382078644692018,0.0474258731775668,0.598607481139235,0.0725015048182589,0.765817922315678,0.939296534268008,0.290712022849323,0.0507665107952786,0.939296534268008,0.322461657459232,0.06865377640616,0.371941033948366,0.0735123095921513,0.141228491459686,0.939296534268008,0.116174508107164,0.939296534268008,0.155852037598804,0.430180864943262,0.177104917742498,0.1398932612126,0.939296534268008,0.416743400284548,0.939296534268008,0.939296534268008,0.939296534268008
ENSG00000142556,ZNF614,0.265375845289725,0.232629822672952,0.664952515010418,0.328736270105838,0.212402678660705,0.3855445595513,0.832667445786434,0.199085765197831,0.130564815044521,0.385263101388526,0.832667445786434,0.142833011698868,0.0954600893612189,0.18758568703195,0.199224778992108,0.256220997538152,0.193092927866695,0.306437881078677,0.165952430368993,0.196734559978359,0.109222880800936,0.132850188913322,0.280040297155095,0.229617022064835,0.23087779481955,0.163329210885419,0.20607153180959,0.139749270914436,0.151126251972406,0.339628674194174,0.373559536810157,0.117865818924507,0.570651844144564,0.402014840749664,0.372984630971562,0.377091880172691,0.566144372750999,0.18272022310701,0.832667445786434,0.120404460854006
ENSG00000159905,ZNF221,0.149720550376008,0.0474258731775668,0.952574126822433,0.681267105614106,0.0654703942938854,0.267697319966467,0.556710384937989,0.550266425471409,0.56753891529222,0.0474630329206005,0.145176031931317,0.530044574146101,0.228378907119893,0.264771045311959,0.215861122110932,0.952574126822433,0.0474258731775668,0.919805538279489,0.401610433210157,0.0474258731775668,0.390924133658818,0.0474258731775668,0.0474258731775668,0.442030423985333,0.610121370936972,0.14648186951693,0.380000800455479,0.0644463402260247,0.103138488323314,0.415713573209574,0.474659981620334,0.363997423858658,0.0474258731775668,0.746822423116232,0.952574126822433,0.0474258731775668,0.497584170674737,0.952574126822433,0.891163885017286,0.727475712160356
ENSG00000198040,ZNF84,0.374024223451794,0.426128709731933,0.354696964253334,0.521529460862846,0.166794042553996,0.294572006416908,0.318276579502122,0.420707117857595,0.168810784383076,0.484387964522229,0.545149702180512,0.261718202972461,0.143763320600596,0.254134236056267,0.369881003226087,0.261743152324701,0.160116213088747,0.362665788657026,0.418713789238581,0.273592873852694,0.340441946491625,0.363976346842489,0.651849470164219,0.453336609919518,0.539959267742006,0.281166221377867,0.351986003318122,0.224751816260636,0.139958031796827,0.242325996573964,0.329103619110672,0.338908981824491,0.115096115179036,0.460310597149638,0.307573841567055,0.952574126822433,0.326870811980272,0.22096230170504,0.650156318994838,0.18473570179899
ENSG00000120669,SOHLH2,0.0534077158071589,0.0474258731775668,0.258412900381052,0.952574126822433,0.952574126822433,0.952574126822433,0.952574126822433,0.0474258731775668,0.118671878101441,0.230963689713645,0.952574126822433,0.0474258731775668,0.0474258731775668,0.0913024366705115,0.118819042973522,0.108548378755599,0.301719121252319,0.319659949652402,0.449043871928335,0.173605380855281,0.0474258731775668,0.0474258731775668,0.580693301723294,0.0576626566589752,0.113318224509255,0.0474258731775668,0.193995632758709,0.458268867423304,0.12569532405305,0.952574126822433,0.952574126822433,0.0787525963588887,0.345894824934562,0.952574126822433,0.952574126822433,0,0.0474258731775668,0.0474258731775668,0.952574126822433,0.0474258731775668
ENSG00000144331,ZNF385B,0.148484585951432,0.0474258731775668,0.2454002547001,0.0568890337132159,0.952574126822433,0.132289316088944,0.235327782028306,0.204187642786668,0.311319783310366,0.0474258731775668,0.927618886734444,0.0681857825497199,0.658389079201191,0.0474258731775668,0.501483678053326,0.129015090217516,0.372818862056172,0.363516745466286,0.952574126822433,0.115129612368458,0.952574126822433,0.0474258731775668,0.79889763632455,0.258808389262565,0.441424090274139,0.136480754936467,0.436391865523013,0.352599493479104,0.136687587162747,0.0604732918432081,0.0875280509461157,0.109998653699388,0.165789693871299,0.734754860837721,0.872085170328369,0.433531291164061,0.339251620275316,0.0513735763656386,0.952574126822433,0.16221575537813
ENSG00000144792,ZNF660,0.0760666271845809,0.278116316289694,0.910352110832862,0.533281069461694,0.325456240568978,0.122003125515749,0.44666060106988,0.778518976130192,0.23164787806317,0.191492831379762,0.80538109861203,0.360122794972469,0.346094120762004,0.130488974670617,0.393530797076235,0.671724094878525,0.224484930969218,0.571467880565113,0.282255838287079,0.32092606591025,0.227976760048888,0.851214055567868,0.239206080797056,0.369656215739602,0.19524294106174,0.300170922968976,0.30253355576975,0.339855048824271,0.190407162607517,0.148371871438104,0.239707233974788,0.256036289391621,0.952574126822433,0.944632229754359,0.0474258731775668,0.635757220866967,0.267937517183524,0.17889179725794,0.367739232583146,0.78480712477844
ENSG00000130589,HELZ2,0.28416670262842,0.267089040452141,0.725002194766496,0.612971543225269,0.391509470233948,0.609994117964871,0.474204563305389,0.261208893718418,0.254256226034008,0.512872936505227,0.526834651042802,0.38350511530257,0.160978758611417,0.556751200170818,0.331392010742062,0.31324813522078,0.400225346975508,0.339451469770457,0.471090333634475,0.52385642352974,0.176592328548635,0.329614748927622,0.463142093029233,0.305041023380378,0.14028595434399,0.310880564121865,0.371080398548789,0.64176305764226,0.292671775430551,0.331936894560388,0.370175764445127,0.28821679456662,0.400877769370102,0.411258472082517,0.739056999071384,0.952574126822433,0.513728189829354,0.480702598574625,0.574629061954117,0.303851808135305
ENSG00000165156,ZHX1,0.254386359798285,0.4158858601874,0.552378103349459,0.47984185243953,0.519933264335837,0.421050917895298,0.348645148266102,0.373911553704374,0.363339870905772,0.377659055851423,0.30336823209184,0.32237399985365,0.332475309075791,0.381934088604269,0.381099047208796,0.32468641336331,0.218778700340006,0.367179283741994,0.407680031737915,0.419580432945814,0.280125116249138,0.278832357424747,0.362861237499991,0.319867750192759,0.259828777193862,0.285396260445491,0.482895240172308,0.317222898109579,0.245498364602433,0.298496193535118,0.337995457276461,0.205137386935159,0.952574126822433,0.393506244642739,0.255924800002974,0.459342539076004,0.26985912846638,0.442996238794261,0.629961609985298,0.638500054201382
ENSG00000140382,HMG20A,0.335604946036979,0.199064032802119,0.380357013432937,0.592778902464909,0.604750855672131,0.398039265730999,0.590729089951359,0.380525396705893,0.256974625601654,0.389384973407724,0.344578989877639,0.167120231189609,0.211404720740995,0.148607288988952,0.537057535587337,0.277098570898181,0.478209841888885,0.498448452350397,0.229148158630149,0.184860699798276,0.248113231816105,0.245572213275055,0.386558487074957,0.328350060711842,0.381440300310413,0.224103438209286,0.257300283659117,0.224218636801808,0.124909709365107,0.49182541718085,0.189166360518259,0.196024747799069,0.124809619876257,0.4248789609869,0.396884933735712,0.290654988182544,0.20011033439314,0.293385756421935,0.952574126822433,0.0949503126610952
ENSG00000188785,ZNF548,0.313236001533526,0.287866718761361,0.401662738940039,0.952574126822433,0.714477589400338,0.593728086050599,0.345415366211804,0.725255595427652,0.502853150732512,0.288494328282432,0.255080786791966,0.265592995049994,0.248697508252732,0.147056638122884,0.440060203771683,0.316348008677923,0.315077228898708,0.384603261037502,0.290412091705576,0.266542133348189,0.358602902750482,0.351553398140589,0.550059436311776,0.361643613505715,0.544923913100939,0.205614043711607,0.280520947353097,0.285600986936055,0.227951740244608,0.47437232084636,0.179671859166106,0.2769012986965,0.363640559665508,0.440136218772576,0.350922528694119,0.910860853732659,0.195057435076361,0.215027187506356,0.398616585108674,0.225549476518533
ENSG00000168269,FOXI1,0.161150115830058,0.0474258731775668,0.952574126822433,0.952574126822433,0,0.952574126822433,0,0.479838828241432,0.0474258731775668,0.952574126822433,0.0474258731775668,0.0474258731775668,0.0585981182865857,0.234986980833358,0.113149455310805,0.223088937404922,0,0.952574126822433,0,0.952574126822433,0.952574126822433,0.65149123848671,0.952574126822433,0.755571849969939,0.506718598492709,0.0474258731775668,0.952574126822433,0,0,0.613807857191233,0.225758385831838,0.0474258731775668,0,0.952574126822433,0.0474258731775668,0.952574126822433,0.575453217676733,0,0.952574126822433,0
ENSG00000196418,ZNF124,0.176642748576828,0.793903734144474,0.952574126822433,0.363973554256552,0.246596536406592,0.322891746335926,0.450958051139006,0.173645209585056,0.187612798586468,0.473557325546851,0.952574126822433,0.39893068247216,0.478550102489429,0.358535798876521,0.283874026114634,0.231682830325373,0.614608283348568,0.490791201685173,0.277834706208318,0.952574126822433,0.258099180383387,0.11628435426893,0.289844107173511,0.172872542614798,0.177538580617611,0.323102196507203,0.278247156798231,0.343840232377248,0.428624239151842,0.357547693700656,0.2920455783445,0.289959878232403,0.952574126822433,0.329156185155992,0.182700968043073,0.397374845068556,0.0545680857179905,0.522321510013347,0.952574126822433,0.217596633221389
ENSG00000249471,ZNF324B,0.448364111109811,0.952574126822433,0.346903807582283,0.706301737483944,0.569009107695073,0.569448690899568,0.292729228819138,0.367226080145831,0.423476479527313,0.466418247192837,0.247571928762052,0.352395198611755,0.0872913292342525,0.255318943926421,0.646047882194118,0.44509925566355,0.418071602623933,0.476951202523072,0.324313538991244,0.40086406597905,0.33165878481935,0.196100815457751,0.429195642066385,0.300702068535935,0.435560237527636,0.308572745607011,0.520183807987311,0.368408946747811,0.393339783585257,0.554130272530287,0.525612088113666,0.222179916648578,0.324975468745922,0.773672931885681,0.631843477967668,0.0474258731775668,0.255489450541249,0.227130739892743,0.952574126822433,0.397734440021269
ENSG00000084093,REST,0.224560497790891,0.267684978752644,0.366312222890143,0.560770808617619,0.357056052033585,0.445354211876017,0.410000310380028,0.386681650750726,0.162177257807156,0.38017231613066,0.840644503337256,0.221821445829502,0.172756151980262,0.465493234848298,0.345046547590947,0.406278955095268,0.5781940400132,0.279877543876816,0.324188128772891,0.519815958579545,0.302790457530842,0.096271445351274,0.349883835149848,0.338190612539286,0.524684914673211,0.155193756379675,0.257900848711902,0.36799812121106,0.245475935885699,0.265540491798096,0.688969050034179,0.435075492487422,0.191535766768432,0.46355063198115,0.229829530474901,0.153576371434496,0.712972181734145,0.371983719882597,0.542396556558864,0.174904621877134
ENSG00000083844,ZNF264,0.291246981477238,0.391385582428256,0.679332782761135,0.555313384682752,0.805964101329441,0.478597961624373,0.273776152596225,0.471371989188022,0.194330970443815,0.816099955021758,0.697681095368305,0.413486300287985,0.0700626945672899,0.337731267108833,0.517521102792591,0.259860109967191,0.0474258731775668,0.17319826715729,0.266233338381238,0.235533827843445,0.240929326059434,0.136823956091264,0.290458529374571,0.427550469202581,0.719461096172543,0.281997887174669,0.332179496343139,0.478736774040139,0.200685394480411,0.342017181698192,0.732397768915876,0.199281071418433,0.290185741442773,0.808578870550052,0.751738268093205,0.786800476046465,0.098152262560687,0.13644561055526,0.883223005913849,0.0816509014595842
ENSG00000189164,ZNF527,0.481491444964891,0.577343768772711,0.409753171840275,0.598898199068375,0.370244238835396,0.353781119211065,0.250076144817842,0.661487222137712,0.436675578716621,0.234338646414377,0.320485210869993,0.210650136540589,0.275385358574166,0.560776391030915,0.114861923565701,0.268878633190035,0.152999151317779,0.566423209350364,0.237162633248287,0.266903088390127,0.301326861105246,0.359963639096725,0.268891707684054,0.295014977078519,0.548723189370842,0.441212021052072,0.302773215342739,0.19697890471491,0.2568775478938,0.272888058870665,0.366678963219769,0.276851604071441,0.0474258731775668,0.18224039869262,0.388952110504625,0.29743172107748,0.167820701830799,0.0899547008229671,0.952574126822433,0.0474258731775668
ENSG00000092607,TBX15,0.379705129699046,0.0474258731775668,0.916827303506078,0.554038388538285,0.0914858334939797,0.618225477623542,0.0642640063220692,0.071537540619229,0.342646614846529,0.133557967816255,0.56577947758463,0.149550478181121,0.151067831464423,0.916827303506078,0.318620281636154,0.81737189051456,0.798191796397733,0.0612772582823067,0.0474258731775668,0.22261695731318,0.655817215810274,0.0474258731775668,0.0831814759635784,0.338919724282813,0.916827303506078,0.0474258731775668,0.159904017514861,0.682024853098386,0.370553437284075,0.486036117122487,0.916827303506078,0.0847866657018786,0.380085893838584,0.916827303506078,0.916827303506078,0.0474258731775668,0.124033558176954,0.242935859940827,0.916827303506078,0.0689586882728924
ENSG00000174306,ZHX3,0.631675040022284,0.952574126822433,0.952574126822433,0.732793700212372,0.868674282063239,0.332618617321968,0.756912979544432,0.375471456343231,0.312643283640984,0.366102627246749,0.598533739237467,0.511894904769225,0.152540774875422,0.495506952694803,0.452854393684256,0.553775556684009,0.319914170610348,0.359097943565786,0.228038182704695,0.372244001821717,0.472262693254832,0.304202585187466,0.361175203615884,0.429060427277987,0.444425443519017,0.32614967561971,0.603147976671104,0.34993041236182,0.266429980787576,0.355556674752886,0.473665511497755,0.20463741746257,0.647495031233061,0.44292940289938,0.132242101225592,0.276134067870096,0.226387610815735,0.332716511051388,0.952574126822433,0.334842174566612
ENSG00000173258,ZNF483,0.273086366199156,0.191785661577924,0.952574126822433,0.415038097395305,0.457527273730992,0.359531177768772,0.575456707621367,0.350580848526241,0.186536295444335,0.353554410217492,0.434980756431442,0.334903856945036,0.264777015701229,0.266512517166197,0.269618753578569,0.560529429086216,0.0689046384342767,0.33754063482065,0.282957004873104,0.174009031371362,0.433225216095586,0.429643915811321,0.383925679904084,0.347662606495322,0.443082259844012,0.259899592576691,0.417106994456099,0.4065027716345,0.389557918254951,0.413409194201142,0.952574126822433,0.372310745429043,0.234049094837712,0.576920268391492,0.597806071404543,0.601499438637764,0.406786235351144,0.327465407881381,0.87515941129707,0.433219556744722
ENSG00000269699,ZIM2,0.803144449915394,0.00915145878891362,0.0474258731775668,0.952574126822433,0.0474258731775668,0.0474258731775668,0,0.0322826225856364,0.0474258731775668,0.0474258731775668,0.0474258731775668,0.952574126822433,0.0336364952167429,0.557403840714363,0.0418873928747544,0.0474258731775668,0.952574126822433,0.952574126822433,0.619061667163834,0.899928749946395,0.0425527635894003,0.0474258731775668,0,0.287716556965591,0.0474258731775668,0.701780971050345,0.952574126822433,0.503044526113367,0.952574126822433,0.0474258731775668,0.036466767611928,0.675339167288507,0,0,0.00807881431861844,0.0474258731775668,0.344908038541971,0.952574126822433,0.952574126822433,0
ENSG00000135374,ELF5,0.0799197740528194,0.9231888067148,0.0474258731775668,0.674961076777132,0.0474258731775668,0.0474258731775668,0.229951531173237,0.0474258731775668,0.0694735273486685,0.0747171268012695,0.0642662027035798,0.0645196683499279,0.73119654356132,0.0644753038399085,0.576995327361205,0.0584522271700532,0.149440421770133,0.135253523970058,0.846383195204567,0.203451782238847,0.0474258731775668,0.0928846715465287,0.0474258731775668,0.0648142855067788,0.407168269533498,0.0513693303099664,0.0617677985286947,0.455778667525956,0.404788713527331,0.0660265006831489,0.0771719619136599,0.131782330242285,0,0.0474258731775668,0.0848569025977418,0.0474258731775668,0.501798689023814,0.0474258731775668,0.952574126822433,0
ENSG00000165643,SOHLH1,0.849521123825166,0.952574126822433,0.373993101360293,0,0,0.306490566278759,0.952574126822433,0,0.0661103826612067,0.952574126822433,0.0474258731775668,0.952574126822433,0.952574126822433,0.952574126822433,0.952574126822433,0,0.488335378559424,0,0,0.0474258731775668,0.0474258731775668,0,0.605631232277785,0.506771919556075,0,0,0.0474258731775668,0,0.5294456594523,0.0474258731775668,0,0,0,0.0474258731775668,0,0,0.69374467454931,0,0,0
ENSG00000198815,FOXJ3,0.369212089887621,0.819398306245966,0.279793492305619,0.338779938892452,0.274094005940212,0.343248214151307,0.729233185417318,0.182734777477192,0.106457247658749,0.2077102771157,0.348143159222022,0.388457792660063,0.135946567914581,0.143034870948388,0.249283867296666,0.109939474661942,0.0907085808229649,0.142817396715565,0.185041884478065,0.423931416492778,0.184027358974642,0.198801821177392,0.361384114262009,0.283702289055021,0.310492870463889,0.310966308356078,0.682088490726613,0.384931184238216,0.168052317841905,0.209763976457138,0.20112252420408,0.204094337070383,0.0474258731775668,0.121612654396762,0.150176489055519,0.169102199950005,0.261684577598678,0.119050551451074,0.602991049217099,0.0474258731775668
ENSG00000170325,PRDM10,0.571864503246033,0.914095075546346,0.0474258731775668,0.0860234776074942,0.0474258731775668,0.235002815485568,0.672234876723148,0.158385312656092,0.0692245349996451,0.649440845911852,0.0474258731775668,0.450745967605804,0.140853415902994,0.125677509537833,0.0744856080567917,0.117263609094263,0.0474258731775668,0.150239077012551,0.156971643766381,0.300618561519589,0.26002036938797,0.119295353483554,0.264953182624934,0.30337062306618,0.390114710487618,0.265918955078704,0.12770221385632,0.275075343038197,0.139704124964246,0.503402802735324,0.291399037587087,0.127599501216153,0.0702728650761571,0.220729916934754,0.0474258731775668,0.673686576793502,0.221365272779884,0.217256528645662,0.952574126822433,0.0474258731775668
ENSG00000169297,NR0B1,0.89798193081087,0.89798193081087,0,0.0474258731775668,0.0474258731775668,0.89798193081087,0.89798193081087,0.0474258731775668,0.171822994896725,0.89798193081087,0,0.0474258731775668,0,0.554229161449125,0.0474258731775668,0.0474258731775668,0.534220010654322,0.89798193081087,0,0.87494730974596,0,0.165866454684982,0.0474258731775668,0.0474258731775668,0.89798193081087,0,0,0.89798193081087,0.515536621535997,0.309144020353724,0,0.0474258731775668,0,0,0,0.779612487825785,0.865019684651122,0,0.0474258731775668,0.0474258731775668
ENSG00000160908,ZNF394,0.733181655802933,0.952574126822433,0.952574126822433,0.317366033729513,0.749651462538038,0.429294713355053,0.278814943306497,0.327757573136813,0.327220153434319,0.252512597621431,0.106372706348366,0.245367718499774,0.14586696435246,0.250820433509384,0.451896881219696,0.37378954495307,0.327057906106964,0.194288085438204,0.160013563754997,0.3378749209518,0.254689018763019,0.276348430204108,0.284429981770606,0.450797887310955,0.57336319699058,0.22281588695565,0.424203066573137,0.313333364701784,0.205303536642297,0.445102913512317,0.256179104989046,0.0926196493790952,0.143502229838966,0.366147159051801,0.322315937177057,0.0538155263252165,0.14548825658259,0.0738911060031886,0.522764269844301,0.064078353565865
ENSG00000107249,GLIS3,0.729384469050104,0.240180970152214,0.0879483829473661,0.802569435823626,0.20648140935484,0.357656313684357,0.357240577989313,0.296895749559855,0.651770499097914,0.574440494425707,0.635486325345191,0.309544706125854,0.650547847460494,0.310567204613367,0.508818787215192,0.720945911437491,0.309372946557062,0.617075866344655,0.629911716022672,0.853321116823795,0.299157490367936,0.616806815882322,0.865584689420263,0.800609115008119,0.603210565712684,0.863371840534229,0.859759249350124,0.434528830313055,0.649972720948068,0.633691454114538,0.664185803700145,0.821194297247923,0.408538125173453,0.781146989195682,0.268856551461436,0.265914653868464,0.672989323447121,0.0592477890887649,0.952574126822433,0.355083694754546
ENSG00000137185,ZSCAN9,0.877202902788332,0.474115454806434,0.195909693582577,0.924087449567926,0.952574126822433,0.877551993006827,0.801505371520003,0.952574126822433,0.513767945139371,0.952574126822433,0.409003464445169,0.722251986389405,0.833939943670539,0.65753962620002,0.952574126822433,0.903382643642796,0.714475112276084,0.952574126822433,0.62977904567632,0.607615842506154,0.952574126822433,0.382886461629145,0.944998321203503,0.861737592285897,0.952574126822433,0.56055325868825,0.809378707752834,0.921673490818383,0.441411310227466,0.952574126822433,0.845460939852385,0.519868336958165,0.805024237214713,0.753080414820246,0.936031821511168,0.221895524765483,0.599921333084249,0.952574126822433,0.952574126822433,0.523676326764196
ENSG00000105672,ETV2,0.794610058596843,0.0474258731775668,0.163677994809539,0.764262444719179,0.794610058596843,0.794610058596843,0.794610058596843,0.794610058596843,0.794610058596843,0.794610058596843,0.794610058596843,0.794610058596843,0.794610058596843,0.794610058596843,0.794610058596843,0.794610058596843,0.0586698084082616,0.660783164586558,0.72483379582867,0.23655087343661,0.794610058596843,0.794610058596843,0.378938362005965,0.794610058596843,0.794610058596843,0.794610058596843,0.794610058596843,0.701682279047669,0.794610058596843,0.794610058596843,0.794610058596843,0.794610058596843,0.0474258731775668,0.794610058596843,0.564462106062992,0.654949069881036,0.110007315352729,0.144430856579564,0.794610058596843,0
ENSG00000099326,MZF1,0.617293549523781,0.617490648490034,0.506413184581331,0.510515713772656,0.44574701450177,0.439520526235998,0.355210557082432,0.447173947568732,0.946967153512974,0.670325365262674,0.74092336781453,0.692612220082662,0.924801067241906,0.664556577850135,0.432293262559779,0.946967153512974,0.363082630241206,0.946967153512974,0.946870538099525,0.648968937160454,0.769569347250487,0.946967153512974,0.946967153512974,0.661120452798209,0.610253319776273,0.722620975824453,0.684376232280607,0.502097497764981,0.611048013948747,0.801983429165457,0.634662570342998,0.946967153512974,0.262204124231506,0.759263457804455,0.946967153512974,0.946967153512974,0.732151181136994,0.781217142678784,0.366000489966907,0.946967153512974
ENSG00000272602,ZNF595,0.145434039202959,0.300599002418502,0.0474258731775668,0.889297425349114,0.947585646138542,0.947585646138542,0.743888404149691,0.947585646138542,0.0899040621503394,0.244414592815528,0.360649666254745,0.51672619548149,0.11771545615688,0.153116960791422,0.947585646138542,0.515856848633071,0.277827920260135,0.244263429034149,0.930803366189633,0.947585646138542,0.947585646138542,0.116336500374202,0.476223221352321,0.947585646138542,0.94126733845042,0.0474258731775668,0.947585646138542,0.947585646138542,0.359189442183596,0.947585646138542,0.624449708831256,0.482078122718742,0.838521925215211,0.327975943034218,0.708868568169499,0.129054783270689,0.358292996756894,0.947585646138542,0.947585646138542,0.477519415900114
ENSG00000188868,ZNF563,0.470744425415843,0.225461150184662,0.347248984711478,0.426847421971988,0.633500073354477,0.488889731928257,0.226490081487639,0.627169546169544,0.518567035805143,0.658897192856155,0.361074411984574,0.406753838355649,0.60342107870089,0.511315035704009,0.534142656561222,0.598196477174335,0.261929157338698,0.738367150648006,0.732771425881834,0.558410531782259,0.789821241978097,0.695925662605839,0.599836900919373,0.513081466816212,0.559929975991095,0.952574126822433,0.515969211314832,0.912919265087801,0.770154243954502,0.510781715173229,0.513949903063882,0.626063145256821,0.618740491049098,0.704025572841609,0.627276132103582,0.38384007386613,0.266156660507875,0.587053921504979,0.114183172825851,0.952574126822433
ENSG00000198081,ZBTB14,0.67424022620798,0.252918255954979,0.0935693506015297,0.619931934716431,0.486919896358316,0.384164010553765,0.782442841495316,0.295619990113501,0.271272998421438,0.66719364490848,0.732409189790103,0.768045209724615,0.326627276530667,0.469482216425439,0.546752700211548,0.814027354527797,0.299699886916578,0.952574126822433,0.702400357226196,0.376146632435041,0.475322438655781,0.371643331421349,0.952574126822433,0.952574126822433,0.405505061602251,0.952574126822433,0.524752069432968,0.599601909504015,0.565278616444674,0.613056406463405,0.539972191261638,0.716892652477684,0.339148296030491,0.47581885632669,0.370964195523752,0.584596766232862,0.142585166671553,0.460267399218092,0.186227580915593,0.163075389369591
ENSG00000140009,ESR2,0.952574126822433,0.952574126822433,0.952574126822433,0.518214890360723,0.952574126822433,0.664561453830331,0.265849269831431,0.484337390037288,0.952574126822433,0.221489405145992,0.952574126822433,0.952574126822433,0.952574126822433,0.634397074973428,0.854173251270901,0.648046254833946,0.812019577775279,0.796112327866639,0.952574126822433,0.373544573605428,0.503762096175413,0.514413590962515,0.293853970464213,0.641959383554959,0.799256614379444,0.711287906658948,0.820850470443228,0.811192317003711,0.22674226706665,0.234878809332476,0.501314509524788,0.952574126822433,0.603811792911739,0.952574126822433,0.952574126822433,0.174870149657177,0.952574126822433,0.401469688755985,0.652232307703732,0.689974481127612
ENSG00000203326,ZNF525,0.847096638958628,0.685427263555653,0.952574126822433,0.922276270424597,0.546829714554264,0.811514594561764,0.569209990416136,0.438573072730037,0.61555659528527,0.829314711918677,0.922276270424597,0.577712170612583,0.608387116481666,0.922276270424597,0.922276270424597,0.744214561538139,0.622903974352032,0.810837774771503,0.635648396754734,0.710956745417533,0.922276270424597,0.323169261435221,0.922276270424597,0.854237909441446,0.922276270424597,0.687232952601674,0.510068190148052,0.922276270424597,0.460869913671229,0.922276270424597,0.922276270424597,0.821439013513585,0.568164237457981,0.922276270424597,0.5286942566893,0.424322198992959,0.297590816863198,0.922276270424597,0.679167038016286,0.922276270424597
ENSG00000169981,ZNF35,0.505102385383993,0.537993373639125,0.278088161885643,0.905253445909095,0.812010018507924,0.706299947282041,0.517716758614797,0.890431006534141,0.446570314741768,0.815522972006279,0.424401164404881,0.669313181467857,0.231685971417235,0.290210832937663,0.952574126822433,0.952574126822433,0.426165854663154,0.881802022804839,0.346382463435688,0.312264438593595,0.952574126822433,0.934519619519204,0.718442250319514,0.94775452767309,0.661185584841261,0.739729358629642,0.470217846403891,0.634168397937466,0.448331718351931,0.818801031653027,0.819497036650503,0.434014263857525,0.277449344806547,0.952574126822433,0.952574126822433,0.952574126822433,0.0850133429419516,0.276843118971659,0.952574126822433,0.903566718890273
ENSG00000141027,NCOR1,0.561468143841432,0.515327651471603,0.107347695809491,0.768795695597014,0.569841125321998,0.687623987523929,0.675006067287634,0.723331811516685,0.835710509408268,0.561645434026346,0.636642524639689,0.655225850182183,0.769082781140977,0.549280557057913,0.609151256147051,0.741930755060523,0.649543908531092,0.747502893016578,0.575128197387466,0.624935364153498,0.701271712600158,0.629054929485197,0.73132756237152,0.658009767332014,0.705475804960634,0.797577435813388,0.586670019221683,0.593769090931858,0.736779938606754,0.713175603745856,0.952574126822433,0.772360169260963,0.680315019120719,0.62108034364598,0.578963303626401,0.709143866037709,0.952574126822433,0.630961643092051,0.620884385980054,0.856980296326705
ENSG00000126733,DACH2,0.952574126822433,0.952574126822433,0.952574126822433,0.368252795271379,0.952574126822433,0.0455456205490167,0.209366232505018,0.0105060855274018,0.700009807189715,0.952574126822433,0.276624546343038,0.952574126822433,0.952574126822433,0.952574126822433,0.952574126822433,0.727845077536452,0.952574126822433,0.952574126822433,0.730414308911702,0.952574126822433,0.952574126822433,0.952574126822433,0.323156826434468,0.952574126822433,0.952574126822433,0.650266939465315,0,0.952574126822433,0.486954424137425,0.832604037910288,0.229725991795067,0.517679049724971,0.898932906832003,0.952574126822433,0.952574126822433,0.952574126822433,0.745538859742736,0.340369739677186,0.0850447839192389,0.952574126822433
ENSG00000105967,TFEC,0.704947025058155,0.952574126822433,0.704947025058155,0.952574126822433,0.66280864890448,0.50209412726525,0.704947025058155,0.952574126822433,0.952574126822433,0.768121509485981,0.466595757210071,0.736036857067721,0.426225922925319,0.331126730145635,0.704947025058155,0.665459420417084,0.603613837463613,0.45639217723158,0.952574126822433,0.693254967703621,0.704947025058155,0.530931479125144,0.704947025058155,0.575792885320892,0.704947025058155,0.628473160021574,0.620535533554673,0.704947025058155,0.952574126822433,0.704947025058155,0.704947025058155,0.817681721741534,0.692817074523533,0.667534989328243,0.704947025058155,0.549498055622589,0.952574126822433,0.704947025058155,0.704947025058155,0.222032584899703
ENSG00000138738,PRDM5,0.443839083103222,0.260859820998201,0.524134845601772,0.629949295108241,0.524734932978994,0.466373451062514,0.139101661154448,0.657593424826697,0.952574126822433,0.952574126822433,0.683274859093834,0.522173749403461,0.558418904641555,0.803770653041575,0.714319977409193,0.83002255121264,0.450597477499933,0.952574126822433,0.952574126822433,0.815133514537364,0.704091422503429,0.617170143817229,0.713754701174568,0.952574126822433,0.72008336757449,0.469748750231254,0.444464117850323,0.524314545908877,0.573023226654347,0.671599267435208,0.705370644850399,0.94952884678026,0.417461216321383,0.718947797130179,0.813245176491803,0.827756899981451,0.517136085455393,0.754505993465303,0.207968741474212,0.327871337461854
ENSG00000127903,ZNF835,0.521099433615923,0.394583781356543,0.0474258731775668,0.683413921763845,0.952574126822433,0.643728942911949,0.0602086376510754,0.868157602916504,0.660341065310255,0.386577679513382,0.69441306495679,0.482544566707447,0.952574126822433,0.64377373611592,0.952574126822433,0.758200077912115,0.941943271007908,0.952574126822433,0.952574126822433,0.952574126822433,0.687371879622751,0.516386608845993,0.447319324855816,0.270238061133548,0.117647024149527,0.766260715639095,0.898789236408692,0.952574126822433,0.889137477777259,0.65198289646409,0.394635438184386,0.537019478455268,0.888112696745965,0.0474258731775668,0.304882148997764,0.952574126822433,0.475137811015141,0.952574126822433,0.0474258731775668,0.310550274849793
ENSG00000103495,MAZ,0.679178699175393,0.845075683482045,0.917897528156874,0.679178699175393,0.679178699175393,0.679178699175393,0.679178699175393,0.762981242181677,0.679178699175393,0.679178699175393,0.679178699175393,0.932453308860371,0.737262793820503,0.679178699175393,0.694601637156049,0.679178699175393,0.932453308860371,0.679178699175393,0.679178699175393,0.932453308860371,0.737989775611669,0.679178699175393,0.679178699175393,0.679178699175393,0.679178699175393,0.679178699175393,0.679178699175393,0.679178699175393,0.679178699175393,0.679178699175393,0.723020933928183,0.679178699175393,0.932453308860371,0.679178699175393,0.679178699175393,0.679178699175393,0.679178699175393,0.679178699175393,0.679178699175393,0.679178699175393
ENSG00000130751,NPAS1,0.465038599063005,0,0.952574126822433,0.493284035415807,0.952574126822433,0.952574126822433,0.952574126822433,0.952574126822433,0.836124668538441,0.952574126822433,0.838501610227934,0.616749306347382,0.952574126822433,0.624514078300385,0.518507332004933,0.267438336274027,0.37918141729818,0.816282389008939,0.952574126822433,0.276978893168299,0.952574126822433,0.796069150653667,0.281734314003661,0.952574126822433,0.30229305197662,0.952574126822433,0.952574126822433,0.694122453139357,0.896309690548731,0.838667440687842,0.952574126822433,0.952574126822433,0.265172098132326,0.902098091067934,0.23776103959228,0.209279258259021,0.927729217373468,0.202281275999482,0.786867873109017,0
ENSG00000179528,LBX2,0.952574126822433,0,0.0045285112656174,0.315972430758091,0.952574126822433,0.952574126822433,0.57381550893459,0.952574126822433,0.952574126822433,0.952574126822433,0.952574126822433,0.952574126822433,0.242571182479583,0.952574126822433,0.952574126822433,0.345172707096821,0.952574126822433,0.952574126822433,0.132583077207749,0.952574126822433,0.952574126822433,0.952574126822433,0.173858461569364,0.952574126822433,0.549732787846202,0.0398246963282197,0.570099566256108,0.760628670552196,0.717544963200769,0.952574126822433,0.952574126822433,0.809176994687817,0.952574126822433,0.952574126822433,0.952574126822433,0.952574126822433,0.857889047173657,0.952574126822433,0.0598745190991639,0.348093568504235
ENSG00000164256,PRDM9,0,0.0474258731775668,0.0474258731775668,0.952574126822433,0.952574126822433,0.952574126822433,0.952574126822433,0.952574126822433,0,0.952574126822433,0.952574126822433,0.952574126822433,0.952574126822433,0.952574126822433,0.952574126822433,0.952574126822433,0.952574126822433,0.952574126822433,0.952574126822433,0.952574126822433,0,0,0.952574126822433,0.952574126822433,0.952574126822433,0.952574126822433,0.952574126822433,0.952574126822433,0.952574126822433,0.627360266086277,0.952574126822433,0.952574126822433,0.952574126822433,0.952574126822433,0,0.0474258731775668,0.243767108450074,0,0.900878796104671,0.952574126822433
ENSG00000105136,ZNF419,0.816576611201015,0.760378400203835,0.268671092397458,0.808772086319542,0.816155554604461,0.78182763879253,0.952574126822433,0.952574126822433,0.405582679922233,0.514612728139755,0.952574126822433,0.516393185215952,0.42105466312659,0.603115905837273,0.691115272945384,0.729908755677035,0.669633479396993,0.952574126822433,0.749075416417934,0.920444539384035,0.425332667981501,0.414100893525726,0.952574126822433,0.64984614120238,0.490024315530035,0.435164759473979,0.691032556836782,0.491893194819614,0.347422121756014,0.859620115145402,0.929580036481492,0.413787321521572,0.952574126822433,0.733467155846532,0.539813153900276,0.255848545135383,0.36517536293936,0.808987302144296,0.601086109522447,0.420183889257762
ENSG00000196498,NCOR2,0.95209416044415,0.944686589516979,0.197397392486901,0.402932706428378,0.505113782472668,0.307116460440563,0.586061346718383,0.933512337566204,0.910172252784374,0.9463268102491,0.952574126822433,0.952574126822433,0.917851448300955,0.858569090874309,0.76490100341082,0.856259111020214,0.681030595292932,0.944686589516979,0.944686589516979,0.7165205170457,0.580001306039268,0.952574126822433,0.944686589516979,0.952574126822433,0.944686589516979,0.872919863371272,0.490028996157358,0.694509426591416,0.7364473697195,0.807096212741179,0.952574126822433,0.952574126822433,0.360139700595045,0.952574126822433,0.802137143782386,0.952574126822433,0.738576060639065,0.564837883627605,0.373453007737497,0.34064493794914
ENSG00000165804,ZNF219,0.515879727791828,0.952574126822433,0.105940625604428,0.885819275017114,0.952574126822433,0.771549657287808,0.952574126822433,0.687030393808507,0.838948653754343,0.682773722859048,0.404183457554866,0.952574126822433,0.922800851686,0.557170783502197,0.0913653702446255,0.676842304590671,0.619502415448503,0.952574126822433,0.952574126822433,0.512052514334036,0.952574126822433,0.356075188671588,0.952574126822433,0.686334219441773,0.952574126822433,0.569469725272887,0.952574126822433,0.817974398210609,0.230616500136681,0.48156573237099,0.516532854401374,0.470379266205277,0.058766259928662,0.41326864358444,0.676551170987753,0.749899114540695,0.473035536533416,0.261761058055004,0.952574126822433,0.277670152820755
ENSG00000133740,E2F5,0.429310425707222,0.421349082950207,0.621174152343731,0.952574126822433,0.952574126822433,0.952574126822433,0.107334107869045,0.911296034436537,0.476014164217971,0.952574126822433,0.478667160883161,0.416122385027556,0.588685375843688,0.769801911839342,0.814124347367881,0.796072005620165,0.802084792685119,0.880782979606495,0.682827037476898,0.702572270704893,0.825969337549574,0.575103950903752,0.577283565973924,0.952574126822433,0.7293574189019,0.548539205998449,0.718510332553689,0.766711336976662,0.436945605562684,0.779028397210799,0.635027957278364,0.667566711062972,0.074323362941685,0.952574126822433,0.952574126822433,0.952574126822433,0.832305993713776,0.92552660549897,0.487530434957644,0.952574126822433
ENSG00000119866,BCL11A,0.604547377476613,0.365249871643172,0.161566481582774,0.952574126822433,0.740141169014346,0.952574126822433,0.879559833207579,0.830700816214119,0.672217268869025,0.91763745926408,0.836321911825983,0.625620759090586,0.724175823923743,0.94020084803064,0.952574126822433,0.678752636306084,0.74936693582041,0.777721930075595,0.94020084803064,0.490273900203937,0.464687860913672,0.827961570876438,0.952574126822433,0.749189828009049,0.810126992923207,0.398283712381337,0.321200078661548,0.73845016021452,0.47763854792767,0.94020084803064,0.667818887842021,0.310435652145656,0.952574126822433,0.856368007043409,0.952574126822433,0.94020084803064,0.166932916700133,0.952574126822433,0.952574126822433,0.111431458980938
ENSG00000172468,HSFY1,0.939296534268008,0.939296534268008,0.939296534268008,0.952574126822433,0,0.939296534268008,0.922341539368222,0.939296534268008,0.939296534268008,0.939296534268008,0.939296534268008,0.585266512981994,0.808258443356372,0.686996060866462,0.939296534268008,0.0681724998950089,0.197409433736729,0.939296534268008,0.939296534268008,0.939296534268008,0.939296534268008,0.939296534268008,0.70395491083799,0.939296534268008,0.45879471637924,0.939296534268008,0.939296534268008,0.939296534268008,0.939296534268008,0.939296534268008,0.939296534268008,0.939296534268008,0.952574126822433,0.939296534268008,0,0.939296534268008,0.106457449966343,0.0474258731775668,0.939296534268008,0.0474258731775668
ENSG00000221923,ZNF880,0.952574126822433,0.563648977883524,0.952574126822433,0.461261254610224,0.691916555350482,0.952574126822433,0.952574126822433,0.952574126822433,0.872019184555174,0.793547393073331,0.739000454275365,0.665451966146511,0.530203315042776,0.453417067740349,0.339035261205996,0.204161904621244,0.367000902190094,0.952574126822433,0.516647162113056,0.291399928175816,0.266932701046779,0.355002792724134,0.572720642237349,0.490035320430795,0.586142422976853,0.44035474877256,0.952574126822433,0.360040609481931,0.392583642822931,0.738482719274712,0.68618168847437,0.560864532261158,0.952574126822433,0.371196056965294,0.480472629215152,0.623437117090032,0.718461305543023,0.952574126822433,0.952574126822433,0.952574126822433
ENSG00000198464,ZNF480,0.31719480662929,0.072907633399728,0.9294943164637,0.873509609588855,0.9294943164637,0.9294943164637,0.116737845421132,0.9294943164637,0.903327729608239,0.652706723688652,0.578357924173765,0.314105973726254,0.108238699973355,0.330283599362061,0.9294943164637,0.9294943164637,0.496119446043338,0.805387599149924,0.101143492820302,0.9294943164637,0.407944833563356,0.755159766240885,0.188062519572164,0.904339369388465,0.825068948081898,0.383055438817118,0.9294943164637,0.307552491108399,0.267098528449607,0.59145553455938,0.74738244736683,0.360198426155151,0.9294943164637,0.532473674679946,0.9294943164637,0.0474258731775668,0.562016186863092,0.777104614093959,0.9294943164637,0.706022204507027
ENSG00000165259,HDX,0.44153733291865,0.402051019830534,0.0474258731775668,0.420878204581322,0.588970020208018,0.194804812840859,0.17018881110945,0.728802194208405,0.332137115808091,0.714023016506639,0.952574126822433,0.700079640165579,0.651531455025081,0.477597472526525,0.449838306295367,0.407669885575566,0.666213044584598,0.952574126822433,0.593291470953148,0.396142142423157,0.660254223575442,0.560133970053797,0.585732534185487,0.855269614356311,0.952574126822433,0.562105472014305,0.749753637768503,0.423652573076851,0.543214692410807,0.594367564823645,0.932299696996177,0.703390023790477,0.380929248361337,0.0534359910846672,0.0474258731775668,0.0474258731775668,0.848142900833169,0.952574126822433,0.0119114005291573,0.0474258731775668
ENSG00000169951,ZNF764,0.94927290784467,0.502117471437598,0.461498981708646,0.74488725161037,0.342957944734186,0.618219661481269,0.434548186991446,0.791891403098561,0.361382286442281,0.427171563140238,0.162999861522707,0.496337680778873,0.452595890006153,0.605391827768166,0.2146668564779,0.377291334274595,0.357480828342252,0.952574126822433,0.759185374733385,0.237824407848365,0.435867600736221,0.590811071220862,0.192378692126049,0.580479642574896,0.952574126822433,0.359353893081443,0.740645413817454,0.376734855773715,0.369463741956006,0.680579180031412,0.952574126822433,0.734494141903171,0.43174255347392,0.53859965686753,0.225097911834927,0.952574126822433,0.363349387644523,0.894778675806018,0.313696398899261,0.237671881249685
ENSG00000197124,ZNF682,0.822848716480615,0.799163230772488,0.5,0.593085001677146,0.360940875730843,0.370970870954961,0.679746998973186,0.578748967274837,0.705339308429038,0.160035824063702,0.891463352660812,0.947080659415396,0.947080659415396,0.521594551075389,0.583155175090921,0.281089488393784,0.947080659415396,0.754024091662258,0.947080659415396,0.947080659415396,0.30106163305259,0.36464133000283,0.611888875543331,0.675970728324236,0.65934513276536,0.947080659415396,0.947080659415396,0.35609457389666,0.484569854230245,0.571030687981046,0.283991740696089,0.750456854377423,0.934247650782263,0.947080659415396,0.369396180849381,0.5,0.947080659415396,0.576710161358923,0.215395826910082,0.886831674416414
ENSG00000167555,ZNF528,0.349202072525552,0.671309697795479,0.403803690124602,0.952574126822433,0.94126198684311,0.749995403308269,0.689677346454846,0.952574126822433,0.337491327588771,0.624058065003901,0.353688922190136,0.502101842210823,0.279149638548303,0.392263105833949,0.521739467178391,0.400728725686507,0.431968333872544,0.952574126822433,0.630532109482775,0.68007117506889,0.395613263295179,0.315775907526811,0.67489174501983,0.552773671328047,0.882982705106431,0.336179908301815,0.229791062978933,0.40017162027882,0.32046890517938,0.45760585274187,0.620301316499635,0.618081188352389,0.748217719010763,0.674992005095119,0.725468311575364,0.952574126822433,0.887188438338253,0.813183468723681,0.84672322258751,0.952574126822433
ENSG00000256223,ZNF10,0.427981103780126,0.563317532707186,0.673621161365325,0.340439293255771,0.543637715425386,0.401058647423645,0.579133038669216,0.419419067006852,0.474157470712188,0.626109260173706,0.866521623137484,0.640299558543657,0.716057305218357,0.208236937414971,0.364302837717505,0.698590681701395,0.216034162288478,0.952574126822433,0.893381073099822,0.270643308970673,0.459258147612993,0.527456280337396,0.951249546814948,0.443154255416308,0.504647664442476,0.649912424757405,0.493397811148571,0.559850888851759,0.41559428551773,0.559829081772598,0.475798922923878,0.57803204400935,0.285988452986699,0.952574126822433,0.591450458345342,0.952574126822433,0.208095409648624,0.604606123492076,0.654511567002596,0.864546876587843
ENSG00000198521,ZNF43,0.495369949154221,0.571553656295316,0.752400508520023,0.586237170198665,0.862861948152225,0.509696372154856,0.909512112009109,0.302833244986757,0.358559148413412,0.290585532807476,0.801958426899364,0.516403622365851,0.190920593083228,0.343831431616817,0.402837093149395,0.309006589767429,0.337879358051655,0.909512112009109,0.309761270878776,0.209664723201446,0.436458539305471,0.264808725326207,0.413377000089033,0.391118790828251,0.442821698826597,0.342908729232248,0.336284267178056,0.312860109487795,0.0997853002509247,0.69920772840495,0.909512112009109,0.236367025175839,0.909512112009109,0.363019446908818,0.504456441144946,0.168855839022599,0.909512112009109,0.765912159011835,0.909512112009109,0.613106734498073
ENSG00000186300,ZNF555,0.444522985800127,0.432885910209127,0.726127037288014,0.302709708888697,0.389464749879186,0.40204868578825,0.476427989027163,0.21551699390871,0.334205046511097,0.396132735078509,0.479124446140037,0.342304766499679,0.621804489576025,0.454282875287596,0.952574126822433,0.291847227565216,0.952574126822433,0.745748130730314,0.427884644519474,0.585998842984108,0.388703448445596,0.368945080276825,0.359059264056371,0.322237436058549,0.387507827264889,0.389852103540059,0.294797859352575,0.360146199740034,0.31653153686333,0.466638868449816,0.365036267564988,0.313778322289107,0.696407026997912,0.564661497175881,0.952574126822433,0.952574126822433,0.351840165613334,0.269006180667119,0.529066191679433,0.384865919204265
ENSG00000128000,ZNF780B,0.567077157428869,0.154040072377591,0.952574126822433,0.498643385785656,0.403924558148831,0.462895020600999,0.312693940810258,0.620238690604058,0.460323510864161,0.377335632196198,0.382329147865524,0.441562322662701,0.565844771518819,0.568749636097963,0.952574126822433,0.8468572196863,0.952574126822433,0.472853780970817,0.426372996111914,0.952574126822433,0.531666093592638,0.448699060968905,0.616207416137378,0.63854550889842,0.387685370354299,0.329383577625562,0.515599448665092,0.597786856820661,0.834015332025237,0.602900712188835,0.524360108092739,0.774232551055388,0.414865515700264,0.588829169540666,0.577255346723279,0.952574126822433,0.348092453907875,0.833211315422664,0.952574126822433,0.122031301164456
ENSG00000105750,ZNF85,0.170680291783572,0.76014968006344,0.952574126822433,0.323621739121678,0.315194373058032,0.420337476626906,0.845303851910932,0.294676899717493,0.14477127081467,0.467347994030813,0.477413786803156,0.643364925070876,0.176552792893516,0.711457909824242,0.679193954410931,0.952574126822433,0.254130070135375,0.952574126822433,0.416288009648004,0.952574126822433,0.48806063307095,0.149722811176989,0.749862746959474,0.380493947823216,0.351774913942781,0.679090169450461,0.952574126822433,0.767949649470597,0.2111520984036,0.299740832444354,0.952574126822433,0.365419600116507,0.602591595731429,0.551612313794575,0.952574126822433,0.476459133573173,0.185340068279205,0.285130039825247,0.952574126822433,0.952574126822433
ENSG00000105497,ZNF175,0.500409024915792,0.391196910624691,0.475406266262385,0.361702654450466,0.322823342311308,0.543514304738533,0.358211281289396,0.743510157214107,0.475535493961832,0.640107336324753,0.686797905633606,0.348587098624264,0.316106877387419,0.387574781349288,0.646199362447232,0.277225029864629,0.682136306014833,0.623587570257353,0.58334170074578,0.573909504352098,0.876645922196624,0.537743427683448,0.469135789448866,0.619214502661282,0.542905323412606,0.707770324354797,0.56031649801284,0.941685368376068,0.659388349448904,0.720007180709066,0.616511706347043,0.708503501118661,0.701831218169127,0.491273607753227,0.710388041668362,0.57273545965825,0.941685368376068,0.862881138780744,0.926687360894385,0.240440479754235
ENSG00000196081,ZNF724,0.248418233245696,0.952574126822433,0.952574126822433,0.082307262114322,0.655738539472963,0.524281254871555,0.952574126822433,0.308197904707128,0.11064872640364,0.952574126822433,0.952574126822433,0.354234128430491,0.0474258731775668,0.703426749010085,0.419876623123598,0.189923913027572,0.305359179838164,0.952574126822433,0.785195774550207,0.952574126822433,0.911471979547685,0.952574126822433,0.913281700668088,0.361337825848959,0.37838535108079,0.952574126822433,0.201922437650318,0.952574126822433,0.384888639611291,0.459856862883152,0.952574126822433,0.72275264545921,0.952574126822433,0.952574126822433,0.687123169018189,0.952574126822433,0.278368225987334,0.314558198389612,0.542238547927379,0.0474258731775668
ENSG00000165462,PHOX2A,0,0,0,0,0.952574126822433,0.952574126822433,0,0,0.952574126822433,0,0.952574126822433,0.781142235853978,0.952574126822433,0.952574126822433,0.952574126822433,0,0.952574126822433,0.952574126822433,0,0.952574126822433,0.952574126822433,0.952574126822433,0.952574126822433,0.952574126822433,0.952574126822433,0,0,0.952574126822433,0.952574126822433,0,0,0,0,0.952574126822433,0.952574126822433,0.952574126822433,0.952574126822433,0,0,0
ENSG00000143355,LHX9,0.0474258731775668,0.0474258731775668,0.910473801503308,0.0474258731775668,0,0.0474258731775668,0.0474258731775668,0.0474258731775668,0.0474258731775668,0.0474258731775668,0.0474258731775668,0.355318353833926,0,0.952574126822433,0.952574126822433,0.0474258731775668,0.633771167046165,0.0474258731775668,0.0474258731775668,0.0474258731775668,0.952574126822433,0.0474258731775668,0.401474030420538,0.952574126822433,0.952574126822433,0.952574126822433,0.642869490090833,0.952574126822433,0.952574126822433,0.952574126822433,0.952574126822433,0.952574126822433,0.952574126822433,0.952574126822433,0.817574476193644,0,0.952574126822433,0.952574126822433,0.0474258731775668,0
ENSG00000081665,ZNF506,0.335339025818976,0.952574126822433,0.418278323912011,0.430411611433924,0.330390726735475,0.507486797452205,0.862552455584294,0.454744938214965,0.369227553268992,0.349914382862537,0.486588230198888,0.400288368965677,0.512580930844636,0.639254845064621,0.458570797877565,0.594751123414394,0.704415210916103,0.508598939537223,0.204747756243,0.509788834890379,0.413799045686945,0.419206046749841,0.426250601671008,0.324822624067749,0.393930282977476,0.669129751939798,0.263869126593638,0.348263382690229,0.365089620224595,0.314480143951298,0.482879736677923,0.312266788077898,0.952574126822433,0.425249916613188,0.334331210287049,0.514123459560741,0.389936154244733,0.807171929392908,0.498182334977613,0.428212863367745
ENSG00000164011,ZNF691,0.473768505461728,0.326700607720022,0.310186450601743,0.735446107795091,0.952574126822433,0.631824259462647,0.338800153659619,0.620278070671075,0.583261494373104,0.56194443385413,0.952574126822433,0.467612951747047,0.67060837993344,0.355743775179379,0.842038690794241,0.289113972485161,0.540539965744014,0.338046968580908,0.543876601606192,0.741127678295322,0.614469559441637,0.50982203468536,0.728602327991799,0.387255453949864,0.528810393475668,0.448027729812214,0.880500659851984,0.270811952678928,0.454937814777559,0.525277204851406,0.389591776462078,0.338584256110541,0.178841682737577,0.534246494469878,0.436265531534857,0.369874665110044,0.952574126822433,0.292062366552491,0.952574126822433,0.168991640425757
ENSG00000256229,ZNF486,0.850561986563836,0.9294943164637,0.9294943164637,0.339376649364937,0.308405750822363,0.437953123205079,0.9294943164637,0.529240310792593,0.470610158270572,0.543942761409832,0.853246024271487,0.75347876575231,0.687676028355186,0.347378631602,0.568491286348666,0.307176866905343,0.583317393162744,0.9294943164637,0.146304513655488,0.409338274871542,0.689910285028377,0.235757786441476,0.462667110301141,0.394904738011177,0.388167831481953,0.497197102976754,0.413650107752791,0.359666105576977,0.605124826798492,0.352222233548272,0.888447414636016,0.330937221739057,0.672960857543571,0.459902305789042,0.535978998446371,0.299158559986294,0.543955589374509,0.9294943164637,0.458367228368225,0.9294943164637
ENSG00000159915,ZNF233,0.164278923594928,0.65598254968077,0.586004640649136,0.952574126822433,0.952574126822433,0.776546299920048,0.952574126822433,0.616881936222536,0.245355916358456,0.312486346367965,0.952574126822433,0.502015264866803,0.356877753040635,0.612377410430825,0.903677167443937,0.952574126822433,0.586275258825711,0.952574126822433,0.62731076914806,0.570061616938935,0.154527978704869,0.952574126822433,0.952574126822433,0.436410053844419,0.367634486501246,0.663785698622785,0.462684642616587,0.699798731663524,0.801295795852167,0.482287671242098,0.952574126822433,0.322478516546018,0.792663041541194,0.608650189072889,0.30877431036598,0.952574126822433,0.0476473016239998,0.60659956018206,0.952574126822433,0.505666374262225
ENSG00000143257,NR1I3,0.396847266967304,0,0.952574126822433,0.945686733867359,0.450174362252914,0.75820382759259,0.945686733867359,0,0.945686733867359,0.355281548418022,0.281561985668413,0.690191702216717,0,0.797180272266021,0.882085704528001,0.945686733867359,0.75820382759259,0.46781972763483,0.413339544255702,0.945686733867359,0,0,0.945686733867359,0.45158537836135,0,0.945686733867359,0.314623382557446,0.945686733867359,0.813744808929143,0.525600509251029,0.945686733867359,0.191378873595199,0.75820382759259,0.945686733867359,0.945686733867359,0.945686733867359,0.85422222915951,0.496686794846962,0.507481611261499,0
ENSG00000176371,ZSCAN2,0.343109937125376,0.274101684609129,0.952574126822433,0.414208934370175,0.534153847525762,0.546433775724769,0.482927278958586,0.49672631006986,0.326454073969606,0.507800830621012,0.417294454324842,0.277296330555204,0.447300444918376,0.952574126822433,0.90627128380437,0.547181586246739,0.6424183380515,0.664617268151354,0.277389053268439,0.538801179079315,0.487899364199343,0.173506878434427,0.668826952232654,0.758674508097171,0.563434289125121,0.423182288864892,0.416747207148485,0.451137988690768,0.184146111798681,0.546369608239199,0.952574126822433,0.445527706295964,0.350489106515393,0.599566474803318,0.446018629941434,0.4041525807426,0.63847440191188,0.952574126822433,0.403206837690511,0.334645924287166
ENSG00000176024,ZNF613,0.299504223352464,0.183765498323245,0.532571897262674,0.638948965516814,0.407857802994646,0.592496654745058,0.339948227544757,0.52557401660472,0.415028914919564,0.369933416936842,0.492780989932081,0.582034273290626,0.42332768388133,0.377084728944207,0.795674428585194,0.284309176002594,0.342154184103314,0.618234320773812,0.350416752361936,0.55666959696288,0.241489409587164,0.342125418010417,0.397867903238785,0.637936430722664,0.452918605414606,0.20237057856267,0.518065198591717,0.518873303939352,0.664747886563033,0.625549595115119,0.374649681205373,0.455452529044709,0.834027887107178,0.928692660766082,0.499160892897548,0.952574126822433,0.724995303055778,0.136543146269584,0.740715926540764,0.0474258731775668
ENSG00000204611,ZNF616,0.237378823363105,0.210061880071119,0.344272845710933,0.737920907593912,0.557554375197949,0.496944401162972,0.622925697263964,0.491871273820005,0.301340713528012,0.53246389652594,0.456122630753557,0.473109594947207,0.245927598231704,0.344807383411466,0.482428913801845,0.451761464695642,0.560361719485375,0.733248472652024,0.448316310051245,0.43239923186857,0.475305113995473,0.364995431407847,0.83056178126478,0.364894565255474,0.468237471722842,0.331448704843094,0.546557146443378,0.700383963507367,0.343941858286775,0.337582501023715,0.422867761219193,0.529692858286214,0.794530834030099,0.683053686037255,0.875006766602389,0.361200865957797,0.396364178888873,0.613187481437499,0.952574126822433,0.41144341412773
ENSG00000197863,ZNF790,0.693428971670446,0.238165596854886,0.486845141793839,0.792935145351384,0.952574126822433,0.952574126822433,0.952574126822433,0.415099309443089,0.279306449311462,0.677494374129455,0.742544181164157,0.399083887171611,0.42683747432397,0.306079217801075,0.881515460952202,0.570483489738988,0.892308382750549,0.737813440220442,0.952574126822433,0.920189732254925,0.156125942981238,0.225839505254901,0.952574126822433,0.511417871259391,0.290102034774076,0.473869899714063,0.52098504214045,0.31962697768149,0.381230454177487,0.952574126822433,0.207671164443888,0.289111981940976,0.946834660833358,0.544231601754115,0.952574126822433,0.952574126822433,0.952574126822433,0.754438554813361,0.671253785098197,0.0762842110977033
ENSG00000270011,ZNF559-ZNF177,0.952574126822433,0.609267974027377,0.641313128441901,0.341454653542738,0.714912714148004,0.377465130110428,0.334124312986638,0.567219231098793,0.304675892645384,0.148770660265579,0.360561273925846,0.631887356806874,0.952574126822433,0.927735693602414,0.918454235215481,0.321440474419307,0.952574126822433,0.00237481988234198,0.607916925978334,0.952574126822433,0.585549839911622,0.952574126822433,0.570147279898422,0.520580247532709,0.641917551798751,0.952574126822433,0.952574126822433,0.707698295500934,0.773731980214067,0.723347979239835,0.0460070758986147,0.90607856401434,0.405602652707101,0.482836408019924,0,0.011294163214257,0.952574126822433,0.952574126822433,0.247878973475429,0.254442351929483
ENSG00000213020,ZNF611,0.952574126822433,0.952574126822433,0.292987281559731,0.446938946250192,0.479925499251282,0.735765303582872,0.188761517814717,0.943740701532427,0.567135446572798,0.615412169559827,0.35559703042168,0.530222482422369,0.935215163813772,0.952574126822433,0.613342086406895,0.439119975928665,0.952574126822433,0.116654087527851,0.952574126822433,0.334166031246385,0.952574126822433,0.952574126822433,0.306781007436066,0.528501605812588,0.891867285878265,0.952574126822433,0.952574126822433,0.815453305222025,0.928095086525597,0.461309462400807,0.0650935274545015,0.952574126822433,0.272415799669766,0.236733856192315,0.258739318208746,0.918821896319256,0.132177334987094,0.952574126822433,0.26974593741623,0.874896966925931
ENSG00000170370,EMX2,0.952574126822433,0.952574126822433,0.952574126822433,0.683567966818176,0.255283980173161,0.412846722929507,0.952574126822433,0.952574126822433,0.952574126822433,0.0474258731775668,0.952574126822433,0.508330147191389,0.160019647988462,0.952574126822433,0.952574126822433,0.952574126822433,0.952574126822433,0.823309596104299,0.799858116024847,0.952574126822433,0.952574126822433,0.952574126822433,0.952574126822433,0.621672449550965,0.151706554863177,0.952574126822433,0.379722227507527,0.952574126822433,0.952574126822433,0.181770175527802,0.294975905400136,0.952574126822433,0.132210861517051,0.288346366979967,0.129608650078636,0.0474258731775668,0.83430635841264,0.873836005522671,0.0474258731775668,0.952574126822433
ENSG00000130182,ZSCAN10,0.952574126822433,0.952574126822433,0.0474258731775668,0.952574126822433,0.952574126822433,0.952574126822433,0.952574126822433,0.952574126822433,0.952574126822433,0.952574126822433,0.952574126822433,0.952574126822433,0.0474258731775668,0.952574126822433,0,0.952574126822433,0.952574126822433,0,0.952574126822433,0,0,0,0,0.114751418674497,0,0.952574126822433,0.952574126822433,0.952574126822433,0.952574126822433,0.952574126822433,0.47454454976459,0.560551878775567,0.689383545458008,0.952574126822433,0,0,0.288647056034464,0.952574126822433,0.220342602662595,0
ENSG00000083828,ZNF586,0.750029142499063,0.952574126822433,0.789371896970786,0.527258916906101,0.250445403389524,0.312250825790793,0.533892873233121,0.7291631597879,0.704717855937449,0.63887871324336,0.469716783888998,0.604864509970092,0.896265609162252,0.582031630706078,0.952574126822433,0.628957504202151,0.825162611433731,0.499428730686784,0.304929733413416,0.411241631591973,0.522396067227002,0.606561026624018,0.285528207305722,0.860408701956401,0.872745609271664,0.952574126822433,0.643969726465553,0.952574126822433,0.857067774078595,0.463807076376024,0.545331364178044,0.520391251603029,0.21383740600281,0.29095562878594,0.496945557339539,0.893987431675577,0.952574126822433,0.379373768166987,0.496093551260715,0.952574126822433
ENSG00000197134,ZNF257,0.576585554886707,0.952574126822433,0.108352204977759,0.576766727033554,0.582699068465505,0.952574126822433,0.589279179583799,0.952574126822433,0.773367970456121,0.637291390510365,0.476536309317594,0.502903832994346,0.952574126822433,0.944367736823482,0.873044498697056,0.624606557523495,0.422714263454524,0.309886363015805,0.627765553354768,0.711375012786788,0.660575041464094,0.952574126822433,0.549613096501456,0.563943060073587,0.67382835968,0.475242427821111,0.638947879969036,0.514848907897623,0.796350066497781,0.412733569642806,0.539580350213195,0.952574126822433,0.103907840535553,0.714902423486632,0.43553092966778,0.118476237605752,0.721139741805553,0.952574126822433,0.119942467212239,0
ENSG00000181444,ZNF467,0.952574126822433,0.952574126822433,0.952574126822433,0.691353093141708,0.645140797628891,0.586770195172075,0.69851218084338,0.952574126822433,0.952574126822433,0.407598715558616,0.287705401038857,0.573790432059817,0.952574126822433,0.859200341813072,0.351957877219958,0.952574126822433,0.63597801296908,0.814282514701522,0.952574126822433,0.875098916681002,0.952574126822433,0.527308797884629,0.937159031828942,0.744756898848112,0.952574126822433,0.847772591290817,0.952574126822433,0.952574126822433,0.952574126822433,0.758315269297169,0.93282823925138,0.952574126822433,0.111228462220417,0.240388320474451,0.107513677647603,0.952574126822433,0.453532129135435,0.822964440240369,0.952574126822433,0.952574126822433
ENSG00000125740,FOSB,0.952574126822433,0.916827303506078,0.952574126822433,0.952574126822433,0.371685935885993,0.374623794895455,0.512245789755892,0.952574126822433,0.453024632739962,0.484325472833044,0.952574126822433,0.688793222884604,0.784962207598313,0.952574126822433,0.568155290211037,0.439947628970122,0.598822477624386,0.165713025100087,0.952574126822433,0.275543543671427,0.952574126822433,0.272522723016555,0.578312379413564,0.681484847248489,0.952574126822433,0.952574126822433,0.952574126822433,0.952574126822433,0.952574126822433,0.831486847769465,0.383362309912137,0.952574126822433,0.316570498729927,0.351568291296999,0.161695759434638,0.0474258731775668,0.952574126822433,0.952574126822433,0.862996457276238,0.952574126822433
ENSG00000160321,ZNF208,0.510368439731774,0.936088489046785,0.952574126822433,0.210557566669571,0.146994991025481,0.346262602152228,0.210555832741126,0.262563987390971,0.431767007015653,0.141478926123256,0.036269524790198,0.952574126822433,0.952574126822433,0.769376261935415,0.952574126822433,0.952574126822433,0.543503555028434,0.936088489046785,0.699301318894945,0.936088489046785,0.952574126822433,0.951984049082951,0.788521419996668,0.698954343188343,0.393104147189698,0.952574126822433,0.952574126822433,0.952574126822433,0.952574126822433,0.383933529119529,0.27555383531766,0.952574126822433,0.0695229201594463,0.694291812468571,0.840404433716454,0.187498977955532,0.952574126822433,0.936088489046785,0.0880073485457578,0.757615828496383
ENSG00000131759,RARA,0.952574126822433,0.952574126822433,0.0474258731775668,0.952574126822433,0.656108232305457,0.298035840559917,0.952574126822433,0.952574126822433,0.952574126822433,0.24604870914534,0.171673915931586,0.952574126822433,0.952574126822433,0.950281530187615,0.952574126822433,0.952574126822433,0.711587201024555,0.952574126822433,0.952574126822433,0.952574126822433,0.952574126822433,0.952574126822433,0.952574126822433,0.952574126822433,0.952574126822433,0.793281558485058,0.952574126822433,0.880970531339517,0.952574126822433,0.952574126822433,0.952574126822433,0.916143066475573,0.0491129234709002,0.151455480425594,0.0474258731775668,0.0474258731775668,0.952574126822433,0.952574126822433,0.952574126822433,0.952574126822433
ENSG00000243660,ZNF487,0.0621630187072363,0.0428233322592095,0.0527184638291974,0.235125107202371,0.504056045315798,0.215684724408835,0.125766184380327,0.274630482585112,0.182467280825694,0.138480423927851,0.0384433000498675,0.125983659812261,0.212479262283761,0.124022712407571,0.472421696252262,0.415071679783993,0.414489066490284,0.268167073889556,0.088795664431203,0.177388633521962,0.173961203040174,0.104450399225401,0.322188565492712,0.176779232450151,0.165966740034107,0.0947194081159996,0.176399456089675,0.11369860806764,0.161107220192894,0.130334142678887,0.33162215262938,0.116679860968981,0.716518469062081,0.116284083407964,0.227551884445452,0.505521068616582,0.108665844373859,0.510450612744483,0.0627681539374845,0.24042991517555
ENSG00000196646,ZNF136,0.0619697027083727,0.0693812712207127,0.0474258731775668,0.100961431844475,0.233845185785018,0.125004795361471,0.21658662320008,0.0791029899965621,0.165617501221577,0.503258555299447,0.0633407243730005,0.113965499079397,0.113240902021696,0.0806236766514518,0.24130238366221,0.150543097231403,0.316199360116513,0.319678745940028,0.137052706345035,0.0839206399706011,0.196809944185625,0.0667237904743329,0.230305870499578,0.206255513107634,0.282541893075062,0.0474258731775668,0.266973436167708,0.261207398952653,0.139313923480032,0.250030025712594,0.0877855116010071,0.118337604205481,0.476776714897752,0.204440959490708,0.0474258731775668,0.190432876937056,0.28151357543939,0.159700498314701,0.445534583752558,0.145317147539053
ENSG00000196092,PAX5,0.0474258731775668,0.0474258731775668,0.0474258731775668,0.0474258731775668,0.0474258731775668,0.0474258731775668,0.901745357392969,0.0474258731775668,0.0474258731775668,0.115376372628378,0.0474258731775668,0.0497293846646502,0.0474258731775668,0.0474258731775668,0.126778254725017,0.0602035010953118,0.0474258731775668,0.261422715951408,0.0474258731775668,0.952574126822433,0.0474258731775668,0.0474258731775668,0.425528519258538,0.0728014874854482,0.24644538331959,0.820477050120347,0.0474258731775668,0.0474258731775668,0.0474258731775668,0.0474258731775668,0.0474258731775668,0.0474258731775668,0.0474258731775668,0.0474258731775668,0.511585908685673,0.0474258731775668,0.14798634634944,0.357967625810332,0.056036322156782,0.0474258731775668
ENSG00000196482,ESRRG,0.0474258731775668,0.0398851848843634,0.0474258731775668,0.0240726191038737,0.0488893813334655,0.0474258731775668,0.0524357736210539,0.0474258731775668,0.0474258731775668,0.0940856673998703,0.0622942124175067,0.0492027061763401,0.0474258731775668,0.099209922836091,0.183457955782967,0.0474258731775668,0.102345232895879,0.221243505415618,0.0622089893487379,0.0844340218642128,0.0280726996314969,0.0474258731775668,0.0382884973337835,0.337412850755038,0.952574126822433,0.0474258731775668,0.0474258731775668,0.0719388145297016,0.0474258731775668,0.20979794248447,0.0474258731775668,0.0685404986219578,0.0753566701136957,0.10980993206297,0.111180778515298,0.215630987449488,0.324657646500463,0.247859238465844,0.0474258731775668,0.0738892035511897
ENSG00000244405,ETV5,0.0573316470071625,0.148783198367957,0.0474258731775668,0.0624020826946751,0.153573459585867,0.0474258731775668,0.0474258731775668,0.0474258731775668,0.0474258731775668,0.0665100401906322,0.0474258731775668,0.0579716782966627,0.0474258731775668,0.0718738035651018,0.0474258731775668,0.0474258731775668,0.0972940838829097,0.557326309707748,0.179416985911483,0.0927863711346264,0.0942969096277946,0.11648074601615,0.0849857648235993,0.126205037822118,0.0474258731775668,0.0474258731775668,0.0474258731775668,0.216593572957029,0.0514037147592192,0.0567530220446287,0.0846314135898418,0.0665531581967192,0.173051154892434,0.168091253972219,0.464592033445281,0.318791152362164,0.0650282347256454,0.186655730601681,0.203417676360632,0.0474258731775668
ENSG00000223547,ZNF844,0.0532177961200962,0.0474258731775668,0.0474258731775668,0.0474258731775668,0.206556338195231,0.0777143642006869,0.0474258731775668,0.0854303500978042,0.0474258731775668,0.0533578999848231,0.192089549152915,0.104385577650218,0.0971542538784985,0.228898914799655,0.19039293188889,0.0583516358086168,0.305205021389002,0.320238861714881,0.226606871671852,0.118315485285461,0.265597050681016,0.387735859710144,0.201021249302708,0.0838256666263267,0.114578043278361,0.231376518107313,0.244471089828271,0.280800913838162,0.244354250362663,0.0480247445063264,0.43164428969852,0.426507513696401,0.0474258731775668,0.154964511292433,0.0474258731775668,0.184379049736607,0.0479922717312373,0.208166583612191,0.0474258731775668,0.132414638383707
ENSG00000198839,ZNF277,0.170670711457631,0.025386119128947,0.0742102832240226,0.219700844469021,0.258809498749665,0.120523768125346,0.171849360071092,0.190253142852294,0.048353497011113,0.14377717971133,0.113833073278254,0.0841247883851629,0.0474258731775668,0.0432273644722942,0.226644568983321,0.0817597886046804,0.112871315798215,0.128604090860219,0.101322272479174,0.083561134619006,0.1395979858247,0.0707885992862181,0.153671630167821,0.180149950878438,0.204506176850045,0.0348570987557511,0.182453865816398,0.111213971684186,0.0301534643812132,0.0603397962343527,0.0560762697888846,0.150736936203089,0.0678496713792353,0.11366727460284,0.155210496170814,0.176736970143034,0.10073508225249,0.0761837635321378,0.205350187670175,0.0395971591793914
ENSG00000236104,ZBTB22,0.0752612987114592,0.0474258731775668,0.0474258731775668,0.734863168232019,0.0474258731775668,0.0474258731775668,0.760732445422984,0.0542929359862074,0.0474258731775668,0.0555650357281837,0.0474258731775668,0.0474258731775668,0.0474258731775668,0.0474258731775668,0.113685469018242,0.864422016461497,0.0474258731775668,0.3271679906574,0.0811986312810701,0.0474258731775668,0.0474258731775668,0.0474258731775668,0.79696331100419,0.0751439662437964,0.0474258731775668,0.0474258731775668,0.0474258731775668,0.0474258731775668,0.0474258731775668,0.0574939664206754,0.0689521441918473,0.0474258731775668,0.0474258731775668,0.0474258731775668,0.0474258731775668,0.0489604001257043,0.0474258731775668,0.0493666959562412,0.0474258731775668,0.0474258731775668
ENSG00000267508,ZNF285,0.0723601292186599,0.0474258731775668,0.0474258731775668,0.0474258731775668,0.202810533758697,0.107206301471429,0.0474258731775668,0.0634700892490815,0.103244724302351,0.0933660244699456,0.117010817939248,0.0554714716435642,0.0489201886257539,0.113974105474023,0.0474258731775668,0.952574126822433,0.0474258731775668,0.310037045254677,0.115149887597327,0.171568537982305,0.0474258731775668,0.0474258731775668,0.625236027998794,0.174525984033964,0.199655009910386,0.102058264749921,0.0492730970071496,0.213016899195433,0.0904400305258442,0.0602572834103517,0.0474258731775668,0.127689682178521,0.0474258731775668,0.349845230961567,0.0474258731775668,0.200040483666229,0.197512722276989,0.0474258731775668,0.0474258731775668,0.0474258731775668
ENSG00000189180,ZNF33A,0.107457804880513,0.265032117351806,0.143817973176018,0.224923095338423,0.460242043181273,0.183766178463814,0.145754627381216,0.23649443385846,0.173077351293915,0.168020283702692,0.248448393510095,0.0858426833399817,0.0815934576828517,0.178778709140251,0.425872641880854,0.298990576681202,0.0497553151613149,0.147993711566932,0.0654512534687429,0.192753115904523,0.222821444734823,0.239708124864224,0.242972044744323,0.255162843066854,0.326521811426264,0.0927520712279715,0.17849131812066,0.124176513575638,0.0817804509659182,0.285017748193196,0.217597423833036,0.148544114162712,0.112343355797123,0.469907233803005,0.242405088454552,0.201259342608731,0.238767648281398,0.0543047112684681,0.181298565218739,0.104534604347913
ENSG00000197472,ZNF695,0.0281529420784081,0.0474258731775668,0.0330947522383272,0.204575296053143,0.027318002026938,0.00344700558813286,0.00193318940740874,0.299590519913408,0.0795427413401439,0.110880738545617,0.00532948592129922,0.0295429793261815,0.0100540063410854,0.224414574465897,0.00869705934810571,0.0023587154648132,0.00657333344731723,0.00228383111647506,0.00361711190712571,0.164243895956812,0.758293989337139,0.450447198227899,0.0936142707945458,0.141151188104573,0.403328527679302,0.0412214143405172,0.639282418481944,0.00697366180493288,0.268176690613741,0.0208921679410069,0.00316740334040388,0.0553791656467546,0.0319758211479472,0.584864341199115,0.00981795413478064,0.952574126822433,0.443768808805879,0.0474258731775668,0.0256195594748068,0
ENSG00000197566,ZNF624,0.132584426309635,0.0310593160620231,0.0367052480584633,0.0474258731775668,0.0580091592903115,0.183928401110633,0.0697419432430539,0.0562055700447143,0.135594951518411,0.0618153327147187,0.029841992885552,0.0440232325834913,0.236049247537488,0.090451549029953,0.152938368858827,0.0477543323352674,0.201137470172688,0.0558931672421282,0.0951731724775588,0.0850525065294939,0.180946345003629,0.0638128497473148,0.103269722632713,0.131797793421413,0.0742937120121013,0.346869492107288,0.0474258731775668,0.118446425029227,0.0963166009155389,0.107295827382763,0.283560909863063,0.0641368974421112,0.626330961181369,0.0474258731775668,0.0936999354998726,0.421600309083173,0.152803718105941,0.176890668345394,0.0152287313762532,0.0474258731775668
ENSG00000196456,ZNF775,0.0474258731775668,0.0587981998606605,0.0474258731775668,0.0671371179253088,0.263291168516937,0.106492939673509,0.0474258731775668,0.116426931037416,0.112567580793757,0.111912786901644,0.0864996922056071,0.133287325596818,0.337869012523237,0.113773721308955,0.0474258731775668,0.0477446423967158,0.0806388356795457,0.0474258731775668,0.111037565602422,0.0621628498727735,0.0474258731775668,0.0474258731775668,0.0864996922056071,0.0692293640251905,0.0749479144791203,0.198907237621474,0.0608779562365851,0.180493616717625,0.0474258731775668,0.204450508165232,0.161674231562382,0.0936484834805421,0.446454475813574,0.230526823375679,0.188627914349117,0.0996637894125203,0.0864996922056071,0.0474258731775668,0.0864996922056071,0.0474258731775668
ENSG00000197714,ZNF460,0.0474258731775668,0.0474258731775668,0.215387363050965,0.164684506334628,0.360296455595028,0.0474258731775668,0.605729601759906,0.0474258731775668,0.122183866251313,0.107487140752859,0.761175958474789,0.0474258731775668,0.306252945331016,0.14786330776124,0.0676443571316128,0.0474258731775668,0.215615656699337,0.215542699420363,0.0474258731775668,0.0474258731775668,0.0474258731775668,0.0474258731775668,0.0888620100751837,0.146314760843818,0.0474258731775668,0.0504805224456683,0.0474258731775668,0.0474258731775668,0.123134576925961,0.271742292630796,0.0609105927040325,0.0474258731775668,0.136987480317513,0.0528358292119502,0.0474258731775668,0.0474258731775668,0.101346897047239,0.11076825656497,0.0474258731775668,0.0474258731775668
ENSG00000163795,ZNF513,0.100311716484957,0.0916477781457479,0.135150040967759,0.0474258731775668,0.249939522791978,0.0474258731775668,0.0796612319558118,0.0474258731775668,0.0509738668762989,0.178701283934689,0.0474258731775668,0.0610374501938519,0.0701204390823886,0.110679129866361,0.161218978723611,0.0867334761184005,0.0474258731775668,0.0474258731775668,0.174599864011856,0.117636896145672,0.140632243715915,0.2678607118735,0.0750378120426245,0.319689170337252,0.267203903227997,0.0740273619644562,0.0474258731775668,0.166373778949596,0.229088733221266,0.0758592750590528,0.178005497011808,0.0960570001439015,0.207954179843711,0.159427793437798,0.255831338181728,0.0474258731775668,0.386468670600031,0.0474258731775668,0.0620154091507222,0.0769906464954717
ENSG00000135638,EMX1,0,0.155784124429275,0,0,0,0,0,0,0.524729598461888,0.707309570925399,0.707309570925399,0.707309570925399,0.231589609709951,0.444296428976395,0,0,0.310476113923053,0,0,0.707309570925399,0,0,0,0.707309570925399,0,0.00733462615407492,0,0,0.312830765106986,0,0,0,0,0.703306298683507,0.227839913101181,0,0.707309570925399,0,0,0
ENSG00000123358,NR4A1,0.0831424939616035,0.207380043458732,0.0474258731775668,0.584095897343244,0.0823638288834284,0.100101051227096,0.0474258731775668,0.0500430752800488,0.0782369867844408,0.320913739808138,0.245944532462799,0.262451318515913,0.159850396006557,0.187127440019699,0.129290652898676,0.0798194147322564,0.182758022801924,0.151126502666771,0.367221995390747,0.102548129728988,0.12433351599651,0.0946671716869487,0.228675981229244,0.245803791907873,0.557613579491108,0.662729800688376,0.199901322022996,0.266510820148961,0.429859337862562,0.0971947309208481,0.140065044036416,0.434337132469461,0.0474258731775668,0.215388404073464,0.282208028779934,0.0717463386705641,0.434423883556091,0.130639433885532,0.193178637966919,0.545762060838371
ENSG00000124232,RBPJL,0.0474258731775668,0,0,0.0474258731775668,0.952574126822433,0.36905301955231,0.518360171740398,0,0,0.0797316779299125,0.0474258731775668,0.0474258731775668,0,0.952574126822433,0,0.952574126822433,0.952574126822433,0,0.0390125917167271,0.0474258731775668,0,0.0474258731775668,0,0.0474258731775668,0,0.0474258731775668,0.216041917120546,0.0474258731775668,0.070325728567932,0.0474258731775668,0,0.0474258731775668,0,0.032338040192483,0.0474258731775668,0.0474258731775668,0.227972818372348,0.0474258731775668,0,0
ENSG00000124459,ZNF45,0.0996604401302269,0.0669694779157824,0.0474258731775668,0.159858371061483,0.152049461243397,0.175953326309566,0.176482871049064,0.0617032212706307,0.087801605715536,0.0928768763468777,0.134934177073581,0.15456339255987,0.0599492506159104,0.0531558396368595,0.145863754698044,0.107163545972844,0.269937634673464,0.118205416512995,0.0980120497959157,0.0941358290534853,0.0436961796986711,0.20450432042963,0.123177467955164,0.154038605655252,0.0868572553489903,0.0463768889793523,0.102824449709608,0.100857107870131,0.0775132069554727,0.175257779005336,0.090631817193409,0.094636346449122,0.30282032355175,0.301927118053232,0.39825440536007,0.0474258731775668,0.147219765550669,0.194042682121352,0.278290919077576,0.156251612654884
ENSG00000125618,PAX8,0.0392103354305342,0.0630768295085252,0.0443852978121324,0.19402290039099,0.0313127229779636,0.0570194581239577,0.194171464484885,0.080564853911979,0.131783307829162,0.0737672189732634,0.164219685816009,0.507590362344377,0.136218392124043,0.150168685539548,0.081153716052417,0.318612566078457,0.192553452602036,0.108927908799089,0.24313711258799,0.159628579046431,0.238885583848903,0.0849545011355863,0.231375479341519,0.135456680354448,0.198930913973712,0.0858873827778759,0.281557433788606,0.108457364771364,0.215183652865443,0.1559424854078,0.952574126822433,0.153922957780903,0.0160787834020168,0.204322127725187,0.27848812808401,0.0474258731775668,0.297964883025451,0.642904230107552,0.0528391969835586,0.952574126822433
ENSG00000126456,IRF3,0.108046654115341,0.257236971583778,0.104457197872204,0.13627370401862,0.0806819027187876,0.129498795356951,0.073792302281031,0.118801009008129,0.100037885380462,0.104615772783987,0.1410900660639,0.0981804080006413,0.0995616313008551,0.164268053650944,0.121072971866179,0.128477874500302,0.0703827355948378,0.218436915255641,0.15004096094374,0.0923406222588675,0.222136998998352,0.108647373493616,0.265030257456941,0.185080454197926,0.172928161284387,0.12333780885631,0.102093153464463,0.111313166148743,0.154110291047586,0.111833733449755,0.132759895258771,0.161078326239437,0.102416630241443,0.0778316477128469,0.0914631060921615,0.135642049612638,0.11137439071143,0.123166408737827,0.0865012350855017,0.223378942475412
ENSG00000128604,IRF5,0.0820991307127691,0.43330538806449,0.0474258731775668,0.0474258731775668,0.0636698613574852,0.078064618533172,0.213904764742636,0.096225381387083,0.387011317749724,0.711239999479295,0.689430448743838,0.169946806924001,0.676965433973214,0.135592038477652,0.0722429075096023,0.0974874964044155,0.104167918254527,0.108137650767912,0.184848861950151,0.0520013823840737,0.358290983945388,0.164825769751619,0.273925281226152,0.0909891461573637,0.0474258731775668,0.245178815711321,0.070665349166465,0.148892637088861,0.13037139004644,0.0649617529423537,0.10086346739521,0.150801803470521,0.226533220494099,0.212535272048401,0.215133943784447,0.0474258731775668,0.643884629056699,0.0474258731775668,0.0738252193739908,0.0474258731775668
ENSG00000129173,E2F8,0.177953538211612,0,0,0.0474258731775668,0.0474258731775668,0.0474258731775668,0.0474258731775668,0.0474258731775668,0.0474258731775668,0.0474258731775668,0.104112784031065,0.0474258731775668,0.952574126822433,0.0474258731775668,0.328064645779566,0.0474258731775668,0.766649308033185,0.105180825397542,0.0541986129611377,0.0474258731775668,0.0474258731775668,0.0474258731775668,0.0474258731775668,0.0474258731775668,0.0474258731775668,0.376026753566641,0.0805871328884178,0.550727312175987,0.609654601425817,0.0474258731775668,0.21593261310102,0.0474258731775668,0.0474258731775668,0.0474258731775668,0.0474258731775668,0.0474258731775668,0.0474258731775668,0.0474258731775668,0.0474258731775668,0.0474258731775668
ENSG00000130711,PRDM12,0.219388960147206,0.0474258731775668,0.219388960147206,0,0.219388960147206,0.16522500661346,0.219388960147206,0.219388960147206,0.219388960147206,0.0474258731775668,0.0474258731775668,0.219388960147206,0.219388960147206,0.0474258731775668,0.0474258731775668,0.140663067201265,0.135998330303749,0.0474258731775668,0.219388960147206,0.0474258731775668,0.219388960147206,0.219388960147206,0.0474258731775668,0.054202486151129,0.110561718006478,0.0474258731775668,0.0474258731775668,0.219388960147206,0.219388960147206,0.0474258731775668,0.219388960147206,0.0474258731775668,0,0.0737341227681476,0.0474258731775668,0.219388960147206,0.208527589860275,0,0.0474258731775668,0
ENSG00000130818,ZNF426,0.109627701422789,0.0474258731775668,0.0494924345952371,0.152209353692589,0.180411766443643,0.0821736601049999,0.0474258731775668,0.206612483577412,0.324280958195024,0.0474258731775668,0.0740539499851023,0.117939262654226,0.129123774010466,0.175149380045735,0.150951266564188,0.249311247260115,0.100166461610353,0.557191003581958,0.19824654959082,0.0862625558558147,0.225464352272463,0.199509303971087,0.111791946766555,0.186396423950841,0.154952457682908,0.176810458656258,0.221073969901697,0.241742127531703,0.1255628563748,0.209083710719348,0.155781216714176,0.277439844575887,0.0602782564919132,0.113098043803826,0.360365181036584,0.231376458391275,0.325149183223858,0.338112372923485,0.193997890160385,0.45458904246401
ENSG00000131408,NR1H2,0.0474258731775668,0.0474258731775668,0.0474258731775668,0.165524517780537,0.507834640738604,0.120588617217396,0.109462552277447,0.108256893663166,0.0474258731775668,0.273799033886674,0.10968806512906,0.17439568558774,0.0474258731775668,0.424336800210611,0.206809968078076,0.0474258731775668,0.443824641407434,0.0825807305706776,0.158951331167351,0.219893345248456,0.106786211481084,0.0770240602743045,0.127240051312331,0.323149991949683,0.1513989086096,0.0474258731775668,0.0929518022222406,0.25637834898314,0.0769490222563445,0.195221520737746,0.413581269215729,0.147080642156724,0.606458547040964,0.140495241933256,0.401847235733413,0.303470018836242,0.320329400883443,0.0474258731775668,0.226048252808054,0.0474258731775668
ENSG00000132005,RFX1,0.0893179247905978,0.165331078443771,0.0474258731775668,0.118137709140529,0.0852370179387221,0.115938026849111,0.0474258731775668,0.162721054676516,0.193350706050099,0.0677094521556338,0.0557442719358133,0.106325017364148,0.138146913262621,0.172308758990163,0.0769663938579461,0.156731487101648,0.10497675675029,0.0683498646222335,0.156243545107631,0.0750383566045608,0.14551616332283,0.0685029797782734,0.172420153303816,0.0977072429260385,0.150456588105204,0.0543490217860587,0.0808135683238383,0.111778252059158,0.0708453122018014,0.0791160541946938,0.0770212473321421,0.0939170998945714,0.198414123446448,0.104727631802743,0.089086406313552,0.0474258731775668,0.360700845325252,0.0901788197549547,0.104636461903162,0.356439585728752
ENSG00000137709,POU2F3,0.0474258731775668,0.0353219918195389,0.00186063594305271,0.277867940522022,0.0474258731775668,0.5,0.0474258731775668,0.0116585007118836,0.042728160401534,0.159618023464964,0.196960473150055,0.0730606655755382,0.0474258731775668,0.215899963463682,0.0474258731775668,0.0954930736078906,0.0474258731775668,0.0147073856381327,0.157283760864626,0.0474258731775668,0.0474258731775668,0.313994102054958,0.218390677944237,0.0474258731775668,0.0344611686060032,0.0410229333163181,0.0768641680936625,0.0388923320685936,0.27721318253556,0.0864692086726149,0.453165250244838,0.08123264614271,0.0391578465529325,0.0474258731775668,0.0474258731775668,0,0.204357526581542,0.0474258731775668,0.0474258731775668,0.0474258731775668
ENSG00000121075,TBX4,0.0471470954663078,0.449520456674954,0.0474258731775668,0.952574126822433,0.305235533732685,0.100040883409553,0.00504941433620301,0.613879629219482,0.952574126822433,0.0301350224565682,0.542119224629373,0.0474258731775668,0.254829356352317,0.00334813348528895,0.169387839654407,0.0795536332644436,0.014144353567639,0.252918828838742,0.00463989302051565,0.255733353475879,0.0369118427426301,0.00322705885624165,0.260707873185882,0.0345271718268352,0.0474258731775668,0.284103866033157,0.0474258731775668,0.0474258731775668,0.628052695513701,0.103108819758769,0.0474258731775668,0.146060390063096,0.00578662670203091,0.0474258731775668,0.46143379428981,0.952574126822433,0.236826730967209,0.625881268890767,0.00581188610175909,0.0140615957016495
ENSG00000139154,AEBP2,0.26186416756785,0.249512310229889,0.173497489010901,0.169394648426272,0.183371683811425,0.213136953978924,0.378779612799138,0.214436208923545,0.221526114556561,0.173877270188658,0.148608735305294,0.0855571089607411,0.11828343438853,0.27745612286236,0.162519512083744,0.151715161271791,0.257166503856658,0.177120210501557,0.195802275594631,0.139537293785164,0.120187111153514,0.163264644751925,0.175245664757951,0.254525859907792,0.248194882122192,0.0867459233064041,0.129869774862153,0.141699141608676,0.0746098001429979,0.144861671713205,0.351520669698039,0.111295044024672,0.422846274526387,0.461320275866281,0.42883621917498,0.208571399061171,0.291826851795707,0.164157036257811,0.306117772961473,0.0474258731775668
ENSG00000141510,TP53,0.0474258731775668,0.0474258731775668,0.0474258731775668,0.054918305206186,0.190862632500898,0.11924936894815,0.0474258731775668,0.0474258731775668,0.0474258731775668,0.198966355327975,0.148581971133796,0.0474258731775668,0.0474258731775668,0.149534905494545,0.0474258731775668,0.0474258731775668,0.0699093205447877,0.441840810104626,0.190594895296468,0.0474258731775668,0.0474258731775668,0.0474258731775668,0.0474258731775668,0.222622857837923,0.0474258731775668,0.0474258731775668,0.0474258731775668,0.0533710987654608,0.0474258731775668,0.0474258731775668,0.0474258731775668,0.0474258731775668,0.926992798034888,0.12817164301996,0.0474258731775668,0.286005040371847,0.119719853469274,0.195396694099908,0.175120826566611,0.0474258731775668
ENSG00000141956,PRDM15,0.0474258731775668,0.0474258731775668,0.0474258731775668,0.149444679092214,0.32426905955665,0.292782383999725,0.138999857123793,0.0474258731775668,0.0578534611138175,0.267809163035778,0.0474258731775668,0.0474258731775668,0.177705060594755,0.0474258731775668,0.0913964204783304,0.521545195904731,0.0474258731775668,0.414779793632947,0.0474258731775668,0.0474258731775668,0.080568688656664,0.0474258731775668,0.109256692430275,0.147892639923106,0.0474258731775668,0.0474258731775668,0.0653907866143778,0.0474258731775668,0.0480008716159543,0.108096262047675,0.245311637131294,0.105784611851074,0.136261413561509,0.0474258731775668,0.35268442012254,0.0474258731775668,0.420233078492298,0.233977041724879,0.150011026387108,0.0474258731775668
ENSG00000142611,PRDM16,0.0474258731775668,0.472774964021889,0.0474258731775668,0.952574126822433,0.0474258731775668,0.952574126822433,0.00660328756696765,0.952574126822433,0.6051760881672,0.0474258731775668,0.253254474913234,0.104615403772355,0.0474258731775668,0.0474258731775668,0.0474258731775668,0.0474258731775668,0.0474258731775668,0.245550611089619,0.0474258731775668,0.0295228764094821,0.0591450861881862,0.0474258731775668,0.0474258731775668,0.0474258731775668,0.0289017674459712,0.0474258731775668,0.021567823211887,0.0413393295174174,0.0474258731775668,0.0474258731775668,0.0874616704412358,0.0474258731775668,0.163121529934122,0.0474258731775668,0.0474258731775668,0.0474258731775668,0.280259087309431,0.0474258731775668,0.000842022808458096,0.0474258731775668
ENSG00000143442,POGZ,0.109893309795583,0.150098754760812,0.0778074014377154,0.107527068009608,0.0995098513784393,0.147621686136352,0.108512161027034,0.0822207275928938,0.0912624924517372,0.120959452694931,0.129201902677052,0.128136667236921,0.155609368260424,0.1048505464489,0.146757591364963,0.181313870167562,0.176699520071024,0.296059531777683,0.0993143452521569,0.190029280031271,0.0992730961050946,0.184891740856749,0.163999836449583,0.109340820484346,0.112799821446924,0.115933092804599,0.0738822422837006,0.14161730800238,0.13844330616337,0.0987097103832246,0.0967806782374579,0.169174733893228,0.0870783553148407,0.126974967276522,0.146221816625928,0.235803209073901,0.142464929083042,0.141837403365066,0.340546556967448,0.162508589727604
ENSG00000156127,BATF,0.0474258731775668,0.834157627924512,0.0474258731775668,0.0474258731775668,0.0474258731775668,0.0474258731775668,0.0474258731775668,0.0474258731775668,0.0474258731775668,0.0474258731775668,0.0474258731775668,0.239263339990532,0.0474258731775668,0.0474258731775668,0.081113221778277,0.0497853278094195,0.348695652964639,0.0847835397982965,0.177194092325268,0.0474258731775668,0.150969235748412,0.0474258731775668,0.0474258731775668,0.215778927329723,0.0474258731775668,0.0474258731775668,0.0474258731775668,0.0474258731775668,0.0474258731775668,0.0474258731775668,0.108799032515227,0.143755711646186,0.0980983702632748,0.129432718402049,0.0474258731775668,0.0474258731775668,0.300448224321859,0.107949403724781,0.0989205097131718,0.834157627924512
ENSG00000157657,ZNF618,0.0474258731775668,0.0474258731775668,0.0474258731775668,0.0474258731775668,0.266260250213634,0.0731379256932297,0.0476906185965434,0.0474258731775668,0.0738461651644254,0.250453660923332,0.188863711658394,0.0474258731775668,0.132499600938724,0.0630460306579876,0.182691956299845,0.185118502424238,0.0970372376691525,0.228856274310163,0.0775388129643655,0.104223527777295,0.0474258731775668,0.0474258731775668,0.113854073075113,0.0745417136996611,0.0474258731775668,0.153806232291366,0.124119666473489,0.0578117925750372,0.107342566710457,0.0474258731775668,0.0721817968331057,0.0650061423127487,0.0474258731775668,0.100097655274997,0.149084369373905,0.0867795918103005,0.150746484448635,0.175008304713351,0.178495892357464,0.0823936936644078
ENSG00000159885,ZNF222,0.163964108161811,0.115371139107288,0.0474258731775668,0.222489499041342,0.199715440602207,0.0665382833552163,0.28118704719006,0.226108462419986,0.170724300884228,0.195861083214963,0.292638676098923,0.192558631419849,0.285685305498553,0.14527580740801,0.304004677825231,0.170880193347624,0.220589218880719,0.398933186612222,0.216060401366711,0.29849401866046,0.49134396064548,0.150325399989413,0.421163692389394,0.226761944614057,0.257273835847605,0.191120865953084,0.148809821697645,0.159861094886389,0.148955570088436,0.237278847237863,0.18595681592595,0.209873111562703,0.199237538427821,0.257318350619693,0.0474258731775668,0.389524908890896,0.138568557838144,0.395609685584039,0.217533888760144,0.0706402647247575
ENSG00000160229,ZNF66,0.0986683638790704,0.147538862779814,0.127482773701881,0.117909528147516,0.0764798755396326,0.120834762385311,0.136398198220614,0.118138863896465,0.0862036528443713,0.17165723472826,0.103453084618348,0.275798960048026,0.0870511223290689,0.146570843788683,0.123974106352297,0.121253820321942,0.0752481544790664,0.0948993309960558,0.213101866155074,0.216940395823231,0.0589767417658884,0.385638500816155,0.121905598016513,0.0814037597654203,0.133584313866468,0.131725729290954,0.228768492734553,0.212212984155025,0.0943202255535366,0.0930681988714894,0.0474258731775668,0.120962071192649,0.0748236321491214,0.0823176141635559,0.0993128054994133,0.0620947012451627,0.0724956130921438,0.135370438898642,0.0474258731775668,0.135277712458169
ENSG00000163939,PBRM1,0.154168698599008,0.248128925058778,0.0927092169621946,0.130506733474744,0.263577723974769,0.189659830892202,0.129864979229331,0.165520849450102,0.11545632491467,0.268837694270119,0.253916527614049,0.175659752821915,0.106508011901625,0.254059752825381,0.207081685398059,0.194492330679388,0.237048780350073,0.267859184445805,0.250493832180027,0.192926865016583,0.191536643322636,0.22961443839973,0.202911599183929,0.234104375571267,0.189192816670762,0.226247373521752,0.197455117283167,0.211685271277149,0.161228410063461,0.210973448339856,0.141938628470994,0.36578984867815,0.366594837355475,0.261165473368115,0.215143095842353,0.302103689358437,0.267209893718972,0.35004623809295,0.479483070790257,0.465196791223102
ENSG00000165891,E2F7,0.205430010252992,0.0474258731775668,0.0474258731775668,0.159130048374695,0.140138468762651,0.0791708262163679,0.190845753519687,0.125685145104676,0.107435605536076,0.289600731969356,0.952574126822433,0.297003817558505,0.936571209654868,0.353828240525424,0.907810428189179,0.0474258731775668,0.0474258731775668,0.192229749659692,0.271463585342254,0.072310475343879,0.0474258731775668,0.0181663415791063,0.263859583341699,0.171057602422262,0.203826275219244,0.952574126822433,0.100588630904554,0.0474258731775668,0.197049580955637,0.449326632663824,0.672681536206903,0.363722840457664,0.0474258731775668,0.0960880056943112,0.0474258731775668,0.0474258731775668,0.0474258731775668,0.936571209654868,0.269645064947472,0.936571209654868
ENSG00000167081,PBX3,0.239601140384379,0.126825692250541,0.0474258731775668,0.0813864634231367,0.0534106574484253,0.170377231143994,0.123442815667398,0.0495303283214994,0.0474258731775668,0.196859710017379,0.353599740300431,0.239739004002135,0.0474258731775668,0.144459978248156,0.127325511696045,0.0974283269366137,0.0802225239128395,0.155768995950116,0.0688820824021878,0.100969654981085,0.0807542469188866,0.0870439666826732,0.123457741683413,0.0888333096396114,0.103601154204845,0.103815812908595,0.0550584177725028,0.0791002453194765,0.0798104967279878,0.11551990301262,0.0648192956593333,0.102373825287779,0.0474258731775668,0.198032065870554,0.279144754831119,0.103532764495435,0.0474258731775668,0.0474258731775668,0.1030415261652,0.0478748780545858
ENSG00000167377,ZNF23,0.180021584279854,0.121941000908176,0.0574741585860726,0.122070351687077,0.221365179945224,0.233880703650194,0.386443918456858,0.13181412456809,0.210789569006586,0.345568332415487,0.223430641333304,0.192949849746398,0.14413696826963,0.15019585092682,0.195722694110329,0.341101348342116,0.543241147712337,0.475024448852029,0.235446658905429,0.109838029545223,0.339430616699213,0.118384710896694,0.282786037965579,0.140832650829467,0.102847817142903,0.276443610467907,0.209021041599935,0.227191322775645,0.212427979425886,0.290016966316101,0.270807275213956,0.445835424959049,0.302056474872085,0.076631283804974,0.2322488372178,0.457839482615904,0.174587846837745,0.309919102007194,0.202169828033915,0.28233054442006
ENSG00000140262,TCF12,0.185866831821025,0.152647383239065,0.0474258731775668,0.238683638380479,0.126908276812819,0.231936520074135,0.191773898584191,0.191165356153121,0.0978113313488934,0.118575607980435,0.14043995484786,0.0801897080123338,0.124790969140624,0.159947011708749,0.155637908736011,0.200026956115691,0.0743197129095606,0.217142858556034,0.104965215281965,0.201203812525307,0.0886303591377432,0.0843514154228388,0.185813541990739,0.252671137370079,0.148589637990087,0.148415846133589,0.154242036501833,0.0737488443037123,0.0474258731775668,0.16464418779671,0.126304980464365,0.112319531451817,0.0474258731775668,0.174606333813248,0.125048051682658,0.280369636893628,0.151753722147469,0.0901355932898327,0.152928324018906,0.0705353276338647
ENSG00000120690,ELF1,0.0924068384452674,0.0660964481738109,0.1388282388506,0.0474258731775668,0.0803443639369063,0.0975161762167274,0.108790415191262,0.0474258731775668,0.0627060310148819,0.227767852816896,0.328074966173192,0.147871203767129,0.228553446588629,0.183460534764231,0.222797012670439,0.141374914033054,0.496054552529462,0.126752518085128,0.122827523523236,0.258013381431909,0.129729925507746,0.132900424285168,0.101777701652559,0.127023788727622,0.0663045102786156,0.167673591242688,0.190971159483521,0.191558389960264,0.242791839346682,0.124550670815818,0.121029160930368,0.12650825372169,0.675803363036976,0.260801800571904,0.235046773552376,0.476896560851604,0.352401217119047,0.300122409872051,0.0632027618409045,0.186099708637579
ENSG00000120094,HOXB1,0.0474258731775668,0,0,0.0474258731775668,0.0474258731775668,0.952574126822433,0.0474258731775668,0,0,0.0474258731775668,0,0.502431518821601,0,0.321750956904679,0.952574126822433,0.589595502622394,0,0.571285288091676,0,0,0,0,0.0474258731775668,0.0474258731775668,0,0.0474258731775668,0,0.952574126822433,0,0.0474258731775668,0,0,0.0474258731775668,0.952574126822433,0,0,0.397919687705184,0.952574126822433,0,0
ENSG00000119725,ZNF410,0.0922380250369798,0.0802831835554949,0.0474258731775668,0.146093238542236,0.0493331683617918,0.0719115388871129,0.151886627135521,0.124774409419317,0.0474258731775668,0.0553318371872901,0.0474258731775668,0.104148387816124,0.206360788146918,0.0567123706872441,0.0553778890930495,0.0474258731775668,0.13720736749788,0.219135738920419,0.0985310973888666,0.0474258731775668,0.0809056639741207,0.131487165391899,0.094466308845693,0.0884733990796497,0.0768635459258733,0.181550667818561,0.0532986804112429,0.148949628028138,0.0516903857687548,0.0768756726192616,0.0474258731775668,0.106152889311466,0.335680124631034,0.0474258731775668,0.128243303877679,0.101269485985159,0.0734476247226849,0.312323400678403,0.0671717852256341,0.196269638343273
ENSG00000005801,ZNF195,0.06246121351999,0.0474258731775668,0.108535742988587,0.0647539510368471,0.176037574111566,0.0910585571967961,0.122566973021309,0.1668043040332,0.089688785639839,0.134035122346844,0.0587082939949165,0.0474258731775668,0.0474258731775668,0.107508363516432,0.0602048902172696,0.123009364373845,0.0474258731775668,0.402824014044546,0.0474258731775668,0.0797739165273901,0.211763840528517,0.160669615883947,0.125159053326229,0.124708816103711,0.0840046620926391,0.14505845572426,0.069801886819094,0.322362335654221,0.119445531017529,0.185648531703709,0.0696752941038514,0.0479933044047708,0.0537945658120837,0.177099592029991,0.227812309140806,0.238132873852839,0.0474258731775668,0.0848085249304574,0.10088445331697,0.0930861703032646
ENSG00000009950,MLXIPL,0.0827757634650492,0.0861735749924311,0.0952133769591321,0.00468263526815244,0.266877042794176,0,0.385272647135573,0.00473901745127831,0.286867215285387,0.377998045227497,0.771728292438692,0.458312694377198,0.176105080327481,0.271118445288679,0.350855236728082,0.188743851788913,0.134771811175689,0.189355664280716,0.161750950423592,0.527324829007263,0.197933071302034,0.209452366198975,0.249868432860132,0.322610859615316,0.142334023417041,0.349423193518436,0.0931514772266464,0.101184221191846,0.234385166486631,0.377062056432865,0.243111449700421,0.18334382037917,0.328970535832379,0.295268150318352,0.329516799614752,0.336640051792349,0.577878267286897,0.102103522798793,0.0179247075879381,0.201032717013447
ENSG00000025156,HSF2,0.300278427521049,0.194016230765193,0.373568591469179,0.177655550108888,0.155064207223693,0.195288606364776,0.15052256860344,0.219547262299516,0.399008274132954,0.155931112246146,0.0683659435084641,0.176115422579418,0.229810911135048,0.218404846035242,0.250853397651671,0.047703164665814,0.0551573888215515,0.230559908745974,0.235607693999728,0.0474258731775668,0.339201812625154,0.25855009061102,0.43487485786774,0.227626299531242,0.155713912946318,0.30969260688947,0.305255223813595,0.237652155818646,0.210321582176315,0.196175085526955,0.3417359176049,0.229266230813975,0.148048756901991,0.370941774474751,0.560265645438085,0.444396906207644,0.0984741834310039,0.0516171525238807,0.10001999062609,0.158808098895737
ENSG00000048405,ZNF800,0.0842434141107834,0.161011066660775,0.0131460352484735,0.146188702735449,0.0494700447460207,0.106409646552602,0.0474258731775668,0.0474258731775668,0.158332210286813,0.150697505522774,0.0478253073280141,0.0669233346071149,0.0632583148620135,0.128714416223542,0.0928358396889829,0.0474258731775668,0.128159070288168,0.221164976904896,0.166407750949388,0.0570453848642517,0.0474258731775668,0.0658946241841344,0.155318672297215,0.284501488089234,0.0759321324033229,0.0474258731775668,0.058822399359238,0.0850000146869392,0.0882850728860917,0.18160736454512,0.0837442367541767,0.0589118771488932,0.277530174800893,0.0601052875953345,0.120582491698139,0.0844770878777634,0.124420159795573,0.129882822631082,0.160953911485408,0.353443048316561
ENSG00000049768,FOXP3,0.0474258731775668,0.0474258731775668,0.0474258731775668,0.0474258731775668,0.0474258731775668,0.0474258731775668,0.0535901628399038,0.0474258731775668,0.0474258731775668,0.111450646005955,0.0474258731775668,0.213552868116268,0.0474258731775668,0.108513858940651,0.221617548062558,0.0474258731775668,0.0474258731775668,0.5086977876526,0.0474258731775668,0.0474258731775668,0.0474258731775668,0.0474258731775668,0.116564296543922,0.108316620037911,0.0474258731775668,0.0474258731775668,0.0474258731775668,0.0474258731775668,0.0474258731775668,0.0474258731775668,0.260876436740272,0.143418486553225,0.914886289063503,0.0813633572109956,0.0474258731775668,0,0.114438322165574,0.204867780561167,0.0993656400185769,0.0474258731775668
ENSG00000063438,AHRR,0.0474258731775668,0.0474258731775668,0.0474258731775668,0.322733328970396,0.579617680964018,0.0474258731775668,0.0474258731775668,0.0832958747670805,0.0474258731775668,0.0474258731775668,0.125889907147419,0.0522358316762926,0.0474258731775668,0.0474258731775668,0.187950158595717,0.0474258731775668,0.0474258731775668,0.0474258731775668,0.0474258731775668,0.068143802254446,0.167847562152136,0.0474258731775668,0.0872379298688367,0.0990181773216577,0.0474258731775668,0.136749303166449,0.0474258731775668,0.0500190729479828,0.0720915581944483,0.106425244321625,0.0708137405865049,0.191404395992995,0.0474258731775668,0.0836001246600709,0.0474258731775668,0.0474258731775668,0.0474258731775668,0.05931163187654,0.132651147106239,0.682473149351949
ENSG00000064835,POU1F1,0,0,0,0.864156288569333,0.0474258731775668,0.0474258731775668,0.0474258731775668,0.0474258731775668,0.0474258731775668,0.0474258731775668,0.0474258731775668,0.0474258731775668,0,0.227381441726386,0.864156288569333,0,0.0474258731775668,0.0474258731775668,0.28099741591253,0.0474258731775668,0,0,0.0474258731775668,0.0474258731775668,0,0.0474258731775668,0.0474258731775668,0.0474258731775668,0.0474258731775668,0.0474258731775668,0.541145587774847,0.0474258731775668,0.262074268509064,0.732023557720421,0.0474258731775668,0,0.237929698073587,0.0474258731775668,0,0
ENSG00000066336,SPI1,0.0752705722480653,0.0794353728168109,0.0474258731775668,0.103796210738913,0.158123894095232,0.113469708032508,0.164739171147283,0.121957308611944,0.0521817596262736,0.0768486276772962,0.0926570439337751,0.105623663696841,0.0853339807655443,0.0808350514157948,0.144884221010926,0.0617541024551841,0.100016291934962,0.176279363928585,0.189565513462592,0.0987711460924792,0.186483501181794,0.0474258731775668,0.283108303599765,0.0659122408693834,0.255239276862966,0.0625186979179011,0.0841996823853541,0.141638024065335,0.0474258731775668,0.0945230670028315,0.130750590028512,0.0474258731775668,0.175757684761799,0.100875080492283,0.0562298920270147,0.146804287693315,0.0857116457008438,0.211530619682805,0.369739777082249,0.0474258731775668
ENSG00000073584,SMARCE1,0.178915048425229,0.188577699344731,0.0474258731775668,0.106644365868932,0.0876295579946122,0.146741643643599,0.140371514469213,0.0736548233800913,0.0920622298610745,0.156213833575676,0.142034858691482,0.171049222610821,0.183585316017836,0.270417065449,0.150989390900711,0.114485918429533,0.171603932824254,0.0996900552415161,0.398893712513215,0.184376973920345,0.113618913285644,0.151018504796093,0.144556731223714,0.166745126378796,0.165355606603232,0.225633535531776,0.118498117162399,0.167967270806952,0.165172181285752,0.140623713109572,0.149005233441936,0.13983862539945,0.0474258731775668,0.148137602067945,0.116596173531876,0.229740149349914,0.121338357075565,0.125274482670914,0.12980872136583,0.0644723911018648
ENSG00000078399,HOXA9,0.105045705428871,0.0300439916512108,0,0.0470570804153377,0.101923976413595,0.221084408422608,0.0775464819955105,0.012268564961399,0.119555896034628,0.185233963468542,0.948719772516949,0.126288980381399,0,0.191040698011235,0.605703777347752,0.102765360173508,0.261087251293895,0.0108522240257228,0,0.173642374773452,0.0515216328271491,0.0471706053678062,0.0215484964027077,0.271748486327695,0.0642709436466737,0.129100561875875,0.0975993175358235,0.0430903382852875,0.107684411627608,0.172998575805954,0.0108111502420036,0.0590001034795292,0.437619439882297,0.177894392818945,0.00950222764712082,0,0.0535234726380127,0.0171841691642196,0.138115924151254,0
ENSG00000082641,NFE2L1,0.147036868072539,0.115497905619147,0.0474258731775668,0.152649870283306,0.132476724969959,0.152543571544988,0.481917254148674,0.278838197933682,0.0539502924350691,0.159023341111892,0.138354058783724,0.0712068132278964,0.0579363092126221,0.251381402572699,0.306295858384732,0.223467504960345,0.22100172023512,0.952574126822433,0.315702044318173,0.11500164138223,0.214280993339812,0.0474258731775668,0.492096866245447,0.383720317409919,0.0990714526930853,0.0766426741976153,0.11495627075173,0.407698775943599,0.0599853692025617,0.204121773558941,0.109361658920372,0.0752006293879715,0.109500751383845,0.166875377734478,0.163214660686914,0.326047574979027,0.0910979119862119,0.267322698752263,0.18947446359785,0.218834645608272
ENSG00000084676,NCOA1,0.162374105869208,0.0474258731775668,0.0474258731775668,0.164384380084682,0.217745349262079,0.144000118824747,0.0474258731775668,0.250055478082944,0.279148437395961,0.25364179870486,0.196693402462784,0.128363623102422,0.221390622031906,0.216553003473175,0.171825665560251,0.195312884817043,0.171311999261402,0.197520163691141,0.261546898095386,0.107158708021491,0.310491986412605,0.18984945357159,0.14442831431242,0.19830188460209,0.2518195740655,0.152198191677509,0.153820040957307,0.16625933931679,0.191609398271575,0.201841331610509,0.228322784778834,0.2495692722543,0.125180415927445,0.176029117261824,0.185230192540803,0.302974473517292,0.381044959989748,0.263968999487111,0.19438000133051,0.290679218440243
ENSG00000087903,RFX2,0.0542249906809658,0.0174922675316814,0.0474258731775668,0.0185063462105804,0.134337089826704,0.0389651070624153,0.0945613917564405,0.0474258731775668,0.0301026276722405,0.395112084801787,0.266287463147575,0.0472340150124752,0.127880518587365,0.306923514793025,0.137999894899825,0.111486346868842,0.125854038913313,0.0482047399995928,0.16476205245305,0.114920715703383,0.0519153142934332,0.217485154814807,0.0985311166404142,0.0706631671186677,0.119285302020035,0.020457737087104,0.0405028823268545,0.0614661453260832,0.0638390631928546,0.0474258731775668,0.150904322881941,0.0474258731775668,0.117104102684725,0.201857413715556,0.171879536143418,0.122199586113074,0.0474258731775668,0.0508267980312531,0.0543410994698219,0.0615163702594704
ENSG00000101665,SMAD7,0.119964844412459,0.166415132098739,0.0117974228367439,0.094619291599547,0.279600662568424,0.157284375732179,0.0602300099155976,0.122536376071939,0.226852871098161,0.262196084557082,0.119837687017982,0.176775816317567,0.201283018229468,0.248134935444151,0.0934234327152314,0.155290453737783,0.161528912060884,0.126530918884574,0.170191542404658,0.0902765145194039,0.248924375528352,0.321620336921434,0.195367046887182,0.239559999629983,0.300619120669489,0.189233359004072,0.165695115873904,0.190075532128301,0.181914389382417,0.24040149978388,0.133139261419713,0.209292728575059,0.292258654302306,0.174782612863114,0.179258016483316,0.0894025072659329,0.163485249889265,0.250110598206547,0.179296154901869,0.200780056629783
ENSG00000103199,ZNF500,0.115156512255939,0.208032309059409,0.143470273707526,0.183615641727719,0.22466855385711,0.0483258237871669,0.262352511423602,0.159935613037221,0.0250936353426258,0.115304671510252,0.0775536338803659,0.088949370991126,0.142261119340082,0.0859747798994653,0.155501156478393,0.113956876345121,0.0698515739893146,0.0977814225527452,0.143242138088796,0.0384240650380204,0.0941491190142091,0.144192979828664,0.173434336841272,0.118400125675589,0.123140044501706,0.0872793853617213,0.180866775066504,0.124169540178113,0.0443177800294607,0.15715308852816,0.214573352134129,0.0306623852518062,0.195251678313257,0.0829085270778267,0.163936716447084,0.0413735401894894,0.288713921681551,0.122384816633826,0.194327533471084,0.104450142621983
ENSG00000104903,LYL1,0.0576842854236826,0.350321234300382,0.0474258731775668,0.118000542438273,0.195906557174996,0.137480742697558,0.0474258731775668,0.0736725174598568,0.068735122134672,0.145629803591181,0.0604538537993559,0.211994676685562,0.0474258731775668,0.126006533642062,0.0926461614175354,0.133719775936762,0.118950145393487,0.0972089850706914,0.0474258731775668,0.184790406098694,0.126524194251349,0.122754024667943,0.0547822803995814,0.182365980593737,0.0822426081639406,0.073827967299606,0.0839342602553908,0.0474258731775668,0.0474258731775668,0.109443862580263,0.186162161779442,0.0474258731775668,0.115359711345726,0.137949386795888,0.176832618171219,0.0474258731775668,0.0474258731775668,0.0689834674590793,0.0660733698472521,0.0741080976019876
ENSG00000105516,DBP,0.138766836246547,0.0740228226606985,0.0553143361236046,0.107495850499585,0.195826103378071,0.322005485571561,0.0928157606288424,0.290824046531572,0.201684662462842,0.205567585587797,0.0474258731775668,0.169009411239849,0.140825462542742,0.164167148474588,0.251552563096743,0.0474258731775668,0.0883404764864712,0.0627998300798569,0.0474258731775668,0.0474258731775668,0.224977416397777,0.0677717963130306,0.0474258731775668,0.194217658460371,0.12511934605774,0.0474258731775668,0.0631805477400274,0.129136002297186,0.0730271762757309,0.220936885879954,0.391036912578302,0.17663368278717,0.357711604991293,0.0474258731775668,0.0474258731775668,0.21085991219841,0.0505546150629136,0.0474258731775668,0.126612114734829,0.0474258731775668
ENSG00000105698,USF2,0.123583348331782,0.145831002298982,0.0474258731775668,0.158186845921341,0.0911026927451657,0.209625518590719,0.103659282192187,0.140838009855007,0.0561136451235853,0.181106167629769,0.126168414036508,0.209385547187024,0.0910269393076818,0.241442638426521,0.171165556887108,0.131713596798735,0.165122630755297,0.231344310255765,0.202459041197324,0.0885092160916873,0.123299069431177,0.121842016943395,0.172678111559438,0.0915598592930474,0.0815146606972759,0.149535756037154,0.151601283872176,0.126159730407147,0.0989629590142236,0.158753737189142,0.142400568280518,0.141137940331043,0.144876980540012,0.113742048999311,0.164297190265714,0.234146063790214,0.169570766331119,0.158302256673178,0.181901698892758,0.116389030592621
ENSG00000105722,ERF,0.0474258731775668,0.168965308769199,0.0474258731775668,0.0970229730956154,0.258824660402048,0.183896655496042,0.0720555195463618,0.0726471384442466,0.214386687251606,0.31331284158929,0.0887629606848928,0.214773406669987,0.17661652871929,0.212227824461511,0.246105022963596,0.146184039237327,0.297175855117076,0.184166558677433,0.0706410719305905,0.317402520698174,0.0477166857584136,0.0890230407266184,0.0808770509196572,0.32555058273702,0.0736622306020036,0.0474258731775668,0.0773996840080666,0.300082618781175,0.0689347233368373,0.232285537337336,0.118685895153601,0.0474258731775668,0.25289624070368,0.400109745403141,0.47029910627794,0.0474258731775668,0.20492849816477,0.164315159242171,0.142010761007041,0.1947640727688
ENSG00000108813,DLX4,0.0509940294869993,0.0474258731775668,0.0474258731775668,0.109240025573918,0.251945605581703,0.103550298431077,0.396444983295666,0.107186805422858,0.0474258731775668,0.0474258731775668,0.0474258731775668,0.140269137334087,0.0474258731775668,0.0474258731775668,0.132262415965394,0.204671545980019,0.0474258731775668,0.122351418839312,0.170518726519256,0.952574126822433,0.545697013902263,0.0474258731775668,0.0474258731775668,0.208871161530979,0.130890206754465,0.0474258731775668,0.323625367285007,0.0474258731775668,0.0474258731775668,0.147230538184954,0.0474258731775668,0.0474258731775668,0,0.0474258731775668,0.0474258731775668,0.0474258731775668,0.307627191045463,0.0474258731775668,0.0474258731775668,0.0474258731775668
ENSG00000108924,HLF,0.11150282858246,0.0582760817753676,0.0718975867372271,0.0809998008081857,0.348001845886102,0.180310895699985,0.209574327790834,0.156933523801832,0.254167246411533,0.350296543188006,0.220253072889328,0.120728800064437,0.270173658092889,0.213923726094274,0.171350054577595,0.222101770259375,0.142705390393221,0.451049824226338,0.364862169579401,0.206135135228897,0.213204292190445,0.163091662771087,0.310643807349183,0.17041486115316,0.186018760539378,0.17235279942881,0.0727296786283449,0.140696704865025,0.204821852527304,0.193443104312941,0.134140493669907,0.265006156295309,0.305875818189537,0.290130620649316,0.0474258731775668,0.210295317577093,0.234481549369375,0.310457285590583,0.046115489140155,0.0983274946455199
ENSG00000111424,VDR,0.066704111365117,0.0474258731775668,0.0474258731775668,0.0884737403187151,0.200940459951274,0.0939014763433818,0.0502753061329318,0.0858809325344809,0.0644539973797169,0.0853183573137519,0.0508119573899968,0.0883416129718914,0.189890096087779,0.0802177127163366,0.159506997518839,0.123351278448406,0.654715089342193,0.212041055048824,0.164085972899372,0.21991194094966,0.151105018888686,0.0474258731775668,0.119731599224305,0.178472190446135,0.142234478564018,0.113312393795755,0.106737080361287,0.0619760975431998,0.144891432094781,0.15451631123525,0.0696624745119014,0.082296761853384,0.0968144637030821,0.0590230141818027,0.0474258731775668,0.195018404589082,0.0972520702124916,0.193993651039973,0.102573343480956,0.952574126822433
ENSG00000114439,BBX,0.0761085745259852,0.097487482484867,0.0715494053790167,0.086276894176175,0.139117740023716,0.191498707897411,0.0474258731775668,0.101586075210478,0.169852979150079,0.17788498672253,0.126207200762007,0.0768719122295246,0.0633944981751546,0.0871467080282549,0.172122506561322,0.174295651308942,0.120925642613372,0.169021049308997,0.113271078505404,0.124373833361373,0.0672679014579008,0.0881455663254228,0.0547456942337453,0.117562339317462,0.0640002340577769,0.129739452204776,0.0886790902389232,0.112816605196791,0.102952498906633,0.138280243616978,0.134646800326196,0.185614234936028,0.131908992727284,0.117029248520953,0.174990949419655,0.161980201746442,0.163560433643616,0.0997788521971545,0.17759419062719,0.286543381024659
ENSG00000115844,DLX2,0.101681391791703,0,0.0474258731775668,0,0.0474258731775668,0,0.930861579656653,0.61834213961293,0.0474258731775668,0.0474258731775668,0.930861579656653,0.0712074188604878,0,0.0474258731775668,0.378521901304873,0.0474258731775668,0.0772917838763855,0,0.11422419690363,0.100636676487619,0.0474258731775668,0,0.0474258731775668,0.0714407066800131,0.0474258731775668,0.841772928457676,0.114942151531022,0.930861579656653,0.0474258731775668,0.930861579656653,0.0474258731775668,0.0474258731775668,0,0.110149373499088,0.0474258731775668,0,0.0474258731775668,0.0474258731775668,0.145695325691096,0
ENSG00000116580,GON4L,0.225925610790995,0.207001586609867,0.0439151548989184,0.201423812514691,0.19305555552437,0.157783603812137,0.0822773169299221,0.156150288504648,0.188673865306973,0.167932881590131,0.235290212887828,0.156569789109026,0.318838565882042,0.248312739880936,0.221381584197033,0.253465008334776,0.137401722379275,0.219470661772041,0.199011086364346,0.079239340940847,0.303124012698489,0.185435347238637,0.127621895712646,0.181081121163464,0.381803118140376,0.140713079627114,0.343966919432092,0.203451596632137,0.135894868780723,0.17548359198473,0.142880598622635,0.154093446763698,0.0873226863913256,0.135435875520902,0.147992845861119,0.369360415490101,0.169998583786048,0.187285299864691,0.371885561024806,0.0474258731775668
ENSG00000117707,PROX1,0.198856075185349,0.0474258731775668,0.0274220234726503,0.0474258731775668,0.180782358913378,0.126550629772498,0.485023314161146,0.158896994914462,0.0474258731775668,0.340510267252618,0.345854978584027,0.120802748578307,0.0183459614174122,0.220336947849893,0.0792159444687903,0.179858457146026,0.197794484274302,0.0474258731775668,0.255700257587628,0.179131022069526,0.0649121945431513,0.0474258731775668,0.163863171380882,0.277067788844921,0.0642048232858798,0.0474258731775668,0.27087625756114,0.322159972109497,0.359104507624779,0.301706163071813,0.354811207463207,0.240356010340091,0.0701773940565656,0.339711902640876,0.34156684827389,0.434493847503278,0.0851006225897688,0.373013213200779,0.100400960055597,0.0474258731775668
ENSG00000118263,KLF7,0.129532973050772,0.183627251393097,0.211066686760004,0.136028335597735,0.187849213885013,0.132891914238138,0.127646377354403,0.291137423416097,0.229284301749387,0.395168844458708,0.156732962298566,0.237430570289804,0.239938658271314,0.165574479611759,0.1327821354851,0.215053485389728,0.250085116860701,0.200160175235051,0.283990120717385,0.157217141237755,0.25699100540903,0.114123674176943,0.127766487598625,0.110346110736148,0.163584168409622,0.163529493185105,0.351539783701919,0.170469370129837,0.21116531649164,0.127685821494268,0.177281931611847,0.283774846548992,0.0693133048738217,0.329115767348859,0.322711418779488,0.322081956725125,0.322764213036381,0.225523269061437,0.264286932628033,0.391157377462595
ENSG00000167528,ZNF641,0.0481977167131032,0.0695328799665188,0.0474258731775668,0.0474258731775668,0.0474258731775668,0.0631527851536719,0.135394733025869,0.0511372418640352,0.0474258731775668,0.269361006870558,0.107321307029534,0.0489343705412941,0.0474258731775668,0.113499255676012,0.0679908771427991,0.0474258731775668,0.13383423143752,0.0696402571811394,0.119790878645622,0.0590191618828747,0.0726414079350056,0.0474258731775668,0.130175291565969,0.265719687164657,0.0635399531013396,0.0474258731775668,0.051057635197719,0.102272085343763,0.066143049003169,0.0899185516937523,0.147362236834163,0.0665557264152087,0.483518405720989,0.123698879011032,0.269714046338288,0.0517065947830155,0.0833138449989876,0.0639962368457639,0.0839361095577588,0.0474258731775668
ENSG00000167554,ZNF610,0.269832194475186,0.0474258731775668,0.0380017252811316,0.0474258731775668,0.0474258731775668,0.107777389049927,0.0474258731775668,0.0790280646228769,0.224736652922596,0.410002643035522,0.0474258731775668,0.158721405014843,0.0672468306598501,0.393785564457603,0.0277333789013405,0.0474258731775668,0.242048970500219,0.342300108313497,0.160800072229197,0.228237625926333,0.495171880093261,0.333669446355582,0.184362808553382,0.502972397083665,0.0474258731775668,0.350560991265208,0.295064538578826,0.0474258731775668,0.15349999980331,0.0474258731775668,0.355592699219127,0.143940950406273,0.952574126822433,0.290730941060287,0.172264614144748,0.700532576039226,0.0474258731775668,0.566534169151846,0.0160567406644834,0.360059687153609
ENSG00000278570,NR2E3,0.0474258731775668,0.230561402166526,0.0474258731775668,0.0474258731775668,0.377811849688494,0.0384775751883942,0.0474258731775668,0.0474258731775668,0.0474258731775668,0.100888880976055,0.0474258731775668,0.253274521359813,0.00664944497085695,0.101094588677033,0.0400576593802317,0.123329923575886,0.0352714767569514,0.109967870713477,0.0762588716493669,0.0474258731775668,0.0474258731775668,0.249816389686287,0.0474258731775668,0.217976908320947,0.23907401579474,0.0474258731775668,0.131521599959883,0.203974192884167,0.0474258731775668,0.133437029724358,0.0474258731775668,0.548433177973271,0.0474258731775668,0.0568406391004877,0.0211380730726316,0.0474258731775668,0.519025539749867,0.0474258731775668,0.0474258731775668,0
ENSG00000171295,ZNF440,0.0993491492500158,0.0985536107646135,0.168369463366772,0.154595397385844,0.148507795982922,0.128803055017253,0.161005722956791,0.08277166666808,0.101839288001188,0.148674258769482,0.152549275955545,0.0806397456964394,0.0627194396678567,0.0824678893090542,0.127090039315288,0.0864014972057033,0.102889737821132,0.0641374269725751,0.119405642649241,0.144354087363347,0.142834072217228,0.14986703687629,0.117143964172103,0.121142381567676,0.185223047208795,0.131478382485111,0.137193395485801,0.140379499272461,0.0597626163505064,0.132626993133105,0.116018619169969,0.0568893934079677,0.264522772181504,0.118075452978195,0.141854363223264,0.201764725052446,0.220361562961916,0.0474258731775668,0.220953378770568,0.0596405545493977
ENSG00000177045,SIX5,0.0598130647663463,0.0474258731775668,0.117638393006911,0.195286466716943,0.177550160401109,0.108110965352843,0.212094739368067,0.0513582452822002,0.0518977044956161,0.0966404622272218,0.188386871096451,0.177135281200853,0.0500823592858536,0.101818603598672,0.163119927503172,0.11173606930984,0.0474258731775668,0.0782438695520121,0.0647050359951457,0.107751917272316,0.0659291920086543,0.0846295840640146,0.113948466996865,0.161192854749615,0.0474258731775668,0.202175811086686,0.0878617001618684,0.255358758401434,0.0817216163891817,0.154004802953192,0.0474258731775668,0.0672568085926222,0.566390703681445,0.215670578270434,0.0853676887465274,0.157203808618404,0.198362277222561,0.135490761702409,0.276416736147074,0.0630812642797834
ENSG00000176842,IRX5,0.0474258731775668,0,0.297886565384037,0.403448837610635,0.041471821055271,0.0474258731775668,0.054585034340926,0.0474258731775668,0.0474258731775668,0.193033783605693,0.107404746131994,0.0980982822381369,0.0474258731775668,0.0731353134266186,0.122139469995282,0.0474258731775668,0.0474258731775668,0.0474258731775668,0.0474258731775668,0.0474258731775668,0.914012032600768,0.0474258731775668,0.0474258731775668,0.0474258731775668,0.412888601692891,0.265275586653379,0.126518537787535,0.0990931221743996,0.137419521588476,0.10030317001981,0.0474258731775668,0.474121403989414,0.29288549300248,0,0,0.397031305600455,0.12779337072296,0.0474258731775668,0.0311251947886611,0.0474258731775668
ENSG00000171574,ZNF584,0.0646733958670015,0.0474258731775668,0.0630892185001383,0.140757776552003,0.145534481771912,0.252898280309963,0.221704013936993,0.0474258731775668,0.0988257192111863,0.17338695376965,0.0656453637933456,0.123642400550453,0.0801825374280872,0.171410443898925,0.193423771107143,0.0507484109029881,0.157078318233634,0.075415373464537,0.133996983835235,0.25298940123015,0.0474258731775668,0.0474258731775668,0.290266093162907,0.0921790457528961,0.0859446313850692,0.0474258731775668,0.0749638698923789,0.0732425984594054,0.10333665682275,0.0504734464475587,0.160409845965093,0.0819736260948552,0.134187820379388,0.0415302894113405,0.411155727470264,0.103702479600528,0.190777999814013,0.0618162408733987,0.271021089848802,0.197160231854646
ENSG00000180818,HOXC10,0.0474258731775668,0.0061771778997181,0.0474258731775668,0.133385937287408,0.27230377992003,0.952574126822433,0.0474258731775668,0.00969268416792936,0.307301967471399,0.144105534059203,0,0.308317958141017,0.952574126822433,0.0474258731775668,0.0829147957539841,0.299663466062745,0.561279895599168,0,0.0474258731775668,0.0474258731775668,0.0474258731775668,0.176600153553421,0,0.0750314605493979,0.00849461409269354,0.457963699146459,0.0536973754823027,0.0474258731775668,0.0474258731775668,0.0474258731775668,0,0.300207758935405,0.0474258731775668,0.0474258731775668,0,0.0474258731775668,0.491610348026167,0,0,0.0143445260680883
ENSG00000181220,ZNF746,0.15306375797671,0.1257857843856,0.0489534778046377,0.114250437689757,0.127881372567864,0.110890354547233,0.133537614664851,0.13502457400479,0.0890259585326994,0.126651723410014,0.0709551947488465,0.0749427891330402,0.0662976756782953,0.0642553684882661,0.0742104053398856,0.0912794872313112,0.0852396528990021,0.0644426040607526,0.104401449232036,0.0801342839075075,0.109614546410579,0.0978551510092187,0.126430998627907,0.0860944088799904,0.168317921859414,0.0926476594869312,0.108595017664013,0.0916429340084674,0.0578653246894946,0.0903864184885689,0.352439467577842,0.0512547882958031,0.0474258731775668,0.100139771903732,0.139626355452187,0.0474258731775668,0.0725453077838886,0.056788424803906,0.29324094944749,0.272203559966573
ENSG00000168267,PTF1A,0.0474258731775668,0,0,0,0,0,0,0,0,0.530905567660406,0.952574126822433,0.916048534510214,0.916048534510214,0,0.0474258731775668,0,0.952574126822433,0,0,0,0.916048534510214,0,0.952574126822433,0,0,0,0.0474258731775668,0.952574126822433,0.916048534510214,0.0404797834287955,0,0.0474258731775668,0.0474258731775668,0.916048534510214,0,0.529944034610226,0.169758931521383,0.00213638079565329,0,0
ENSG00000170485,NPAS2,0.0539661245680206,0.0474258731775668,0.115392404693626,0.164289201931342,0.314243255340872,0.1815525089077,0.216743270434876,0.0474258731775668,0.246628582642281,0.356433097678629,0.257826860635837,0.123625217071543,0.135364177600758,0.115821316119555,0.154987028086806,0.0967821974340303,0.0802775776973059,0.180432542407552,0.054704542788239,0.0474258731775668,0.0612962380033623,0.0771120319293008,0.0625882027832884,0.172969886619781,0.0474258731775668,0.0585757375507709,0.174094959525574,0.071347266509173,0.12768007358952,0.0955463484621564,0.101037842921624,0.104120297653514,0.148634244121512,0.273998032720419,0.368670164409577,0.354504103199838,0.275138532921411,0.094977612447245,0.0308817010140204,0.127229890940139
ENSG00000181666,HKR1,0.175943883151758,0.0978812136412722,0.0993033327662852,0.191882586858767,0.621906270747908,0.290348244667852,0.145480333800713,0.158677070123772,0.13885296476019,0.235930237885999,0.341471254725504,0.248800611645265,0.205562147503958,0.215074650046917,0.248113447957794,0.182340204250576,0.382233339057305,0.226713465587229,0.196299084159148,0.131367240185186,0.186544486113014,0.215988569636031,0.290795116623645,0.174347721735912,0.174616934242791,0.183650017981987,0.249975789008471,0.268996937139791,0.27327702534782,0.241915348444468,0.12512376537454,0.228637078532615,0.207591815474075,0.390896699561138,0.218679349854519,0.26294593474331,0.187639541996678,0.18980919267361,0.10220861651329,0.200762994357793
ENSG00000170265,ZNF282,0.0703889677891366,0.0474258731775668,0.0474258731775668,0.11339386647686,0.275193186387151,0.0474258731775668,0.0936500139594378,0.0812479863821222,0.0524578715538934,0.0984092122963583,0.0870211077481936,0.0474258731775668,0.0668177680355409,0.118431254660036,0.0474258731775668,0.254830874882051,0.142615875859717,0.493204715546444,0.270410020876658,0.135742218560928,0.195568187391522,0.0546375853888063,0.124423420762904,0.140764438530332,0.135220819045829,0.0474258731775668,0.175622237310462,0.29799286693923,0.104111652066103,0.229401669170973,0.10588709828804,0.121240237122759,0.165193118287585,0.0889768980180229,0.0683673326120932,0.223300266470004,0.0474258731775668,0.106518058090146,0.144609478396101,0.179986160769227
ENSG00000182568,SATB1,0.131445491782716,0.254394138311144,0.080736749001385,0.168642206222247,0.202455270623638,0.196011790000242,0.152721006315487,0.122279399150338,0.0608296868820994,0.139856308045064,0.271555410068202,0.204888320586346,0.233595847908644,0.0713572364266921,0.167307316375903,0.0782371264521552,0.0750211279915169,0.108100928090869,0.0889730151892114,0.106286276085477,0.119786668235191,0.0474258731775668,0.159395867537107,0.15370210591603,0.153915301511209,0.169563017094848,0.117619782313853,0.06957923354989,0.0474258731775668,0.118140755730086,0.169082465189864,0.0546458933068339,0.0474258731775668,0.259213768567423,0.209872806534824,0.211086789042798,0.0582594777432987,0.053974641838297,0.247896346003475,0.0474258731775668
ENSG00000173041,ZNF680,0.066204188497858,0.108191682022017,0.109917642669528,0.067201780656867,0.070043752572402,0.0750634724120065,0.235096998779733,0.0751175531563585,0.116842126957979,0.0638034832014193,0.107778362781598,0.124731502985627,0.0504653011600387,0.0807101830354842,0.153844420279504,0.0778640270048429,0.359175919415175,0.206440553891053,0.0474258731775668,0.111958140398806,0.0975078744031867,0.0960255119051264,0.0563033004544445,0.0920406499991293,0.0713067590699225,0.152618164230353,0.105274673385693,0.161000094646299,0.0891958527722042,0.120133755532765,0.0980487072777961,0.0938436268823535,0.679792441251822,0.0717347928744088,0.0474258731775668,0.060459323119885,0.238608235086989,0.938618163060389,0.0377662580174054,0.762314334417264
ENSG00000170100,ZNF778,0.0474258731775668,0.0474258731775668,0.0474258731775668,0.161930216210387,0.0474258731775668,0.224601422946091,0.0619719053038112,0.0572542710730288,0.0474258731775668,0.398489039147603,0.172728226497669,0.0474258731775668,0.0474258731775668,0.0474258731775668,0.201824496170844,0.0474258731775668,0.0474258731775668,0.0474258731775668,0.0474258731775668,0.0654150168797167,0.0526751853405451,0.143759795660598,0.459858996161744,0.205627468249988,0.0474258731775668,0.0474258731775668,0.123259793435904,0.0474258731775668,0.0574185882820585,0.0474258731775668,0.256588409833857,0.205945313638426,0.100297333654974,0.0474258731775668,0.0260350943633949,0.130529078724233,0.0856543910885255,0.0630452682000818,0.0383263013447721,0.0474258731775668
ENSG00000172006,ZNF554,0.0263436773910081,0.0805157955907488,0.0296776476784183,0.0326341459089522,0.310303171127262,0.0965480796656744,0.190335375550035,0.0333087264641667,0.0512495307096587,0.198156817697593,0.203543621124333,0.0618704412975557,0.0285109455038098,0.0491690572741179,0.145785863202641,0.0241269678954368,0.940673592891271,0.0310876633537327,0.0642652686420092,0.0971260620645511,0.0411853249496952,0.0203329176614964,0.116488510643671,0.0494879941875554,0.0615245721583938,0.108786793215883,0.0342155368640874,0.263220507655251,0.0478546722891214,0.16477257246189,0.298109348825022,0.0495121138615357,0.24359191628824,0.10383458384425,0.0474258731775668,0.0279330746105095,0.17727341641946,0.471901960243123,0.0481069431302557,0.267425566656445
ENSG00000172059,KLF11,0.0474258731775668,0.0474258731775668,0.252136926676172,0.300134553274316,0.317774461173382,0.437801511500879,0.563217403457597,0.0474258731775668,0.0673169892372386,0.34674406976204,0.497492588954115,0.117106816214467,0.0474258731775668,0.109100503168405,0.128683978862303,0.0898868419492936,0.651564202066188,0.334364209839522,0.306233040577961,0.226288723502976,0.0665787908476984,0.0474258731775668,0.277642147872236,0.0961756752309945,0.0851166024262092,0.0474258731775668,0.114498417171002,0.233230344711747,0.0962478742838796,0.228651169995781,0.0566340072637689,0.140921947064127,0.402653448756585,0.253718082762548,0.15593698958815,0.202197714256565,0.280062723365698,0.223611650965053,0.216128872722772,0.0474258731775668
ENSG00000171443,ZNF524,0.196631452804295,0.0680262177482945,0.0474258731775668,0.200558668480413,0.151249552064098,0.0474258731775668,0.0530881706892047,0.178797086351678,0.140760410196876,0.074258421542776,0.0474258731775668,0.125126076608943,0.137447999896344,0.0578959494861069,0.0474258731775668,0.118354235653995,0.34164554280649,0.549623213457035,0.412589599332939,0.0474258731775668,0.121419946426672,0.0474258731775668,0.150717372589776,0.167861824662583,0.85018248506992,0.0573288709278176,0.187117370670207,0.201479029394189,0.117477446445918,0.101375744103453,0.0474258731775668,0.275155647360327,0.0474258731775668,0.0474258731775668,0.092002148095105,0.0474258731775668,0.155940530019461,0.107952170340472,0.176865750749725,0.278883938597929
ENSG00000169155,ZBTB43,0.136950440938092,0.0474258731775668,0.0474258731775668,0.203389313666714,0.0686476369071303,0.098537839391551,0.0474258731775668,0.158106107998025,0.166198628364477,0.264256379476915,0.0484222126628353,0.126884295402096,0.177851340503989,0.147110184286949,0.141014039007611,0.227118753317901,0.164602399916643,0.266832876447484,0.096766672207018,0.0474258731775668,0.305759500937474,0.189568259280776,0.331533634399415,0.174418963773194,0.376001657392168,0.0753784212647862,0.252693156420489,0.240652138103037,0.171624494615422,0.146940231429853,0.187703943945986,0.198360326263788,0.0474258731775668,0.10089508804391,0.0912172983127385,0.0474258731775668,0.144468548786202,0.136195016645328,0.287976778890563,0.07448287852458
ENSG00000171466,ZNF562,0.142627521300544,0.128595912378461,0.156540653624008,0.0689010693029099,0.0596962421157533,0.162609827759857,0.0577345702921039,0.102672968628788,0.176206472483512,0.173081026980316,0.210681533455463,0.165317442870511,0.0668238359493121,0.123206229397595,0.335243180183419,0.198094213345451,0.0882906278874541,0.230470270520505,0.0657004420499521,0.108252887716289,0.325961742540854,0.0838399036810052,0.138170048047743,0.206985151145699,0.1174388252053,0.125303419114022,0.0822493852904747,0.141210079383467,0.104545346704786,0.19377826388552,0.267791287644198,0.0960758148553388,0.203342659940416,0.264645927140631,0.315521258638447,0.186552369147943,0.177604351811947,0.0988092519991009,0.231311477031133,0.395491948387524
ENSG00000185591,SP1,0.107239038725157,0.0519441484895413,0.0474258731775668,0.145330777939105,0.289782018797006,0.137751530635934,0.183462341935552,0.143702368176238,0.0899092211091176,0.475259503234311,0.0986787178643938,0.137095074695898,0.0474258731775668,0.162933391231042,0.160014183505753,0.335362602348856,0.227468809766282,0.598177162528714,0.164456493982378,0.290964145959347,0.159920395885068,0.200461749293524,0.611611474762973,0.23318182206744,0.325360851127457,0.144174119274166,0.172400771982251,0.172241426188513,0.0637018497979939,0.193046990113771,0.102936391857508,0.162381469745797,0.0474258731775668,0.476358133954716,0.546631671794809,0.0837975080148146,0.371575044251833,0.0684557459825591,0.078873633875579,0.0688485664671637
ENSG00000171606,ZNF274,0.0648670073814602,0.156933981154858,0.0474258731775668,0.119605376015584,0.307228876646871,0.162865112776965,0.105885363860942,0.0871736337707299,0.0829511753433952,0.158035285277675,0.0893382327239702,0.0923416955314892,0.121587504601103,0.0848326695936418,0.108694662401818,0.146622062201084,0.181749775754377,0.0612066184242225,0.0718886966637477,0.125769102720852,0.182200920894952,0.142173383741373,0.0933732366138908,0.125223221368801,0.0474258731775668,0.12861637165474,0.131137307544825,0.139199014726381,0.238121336259691,0.0685928829389043,0.0556006621267474,0.112207807219951,0.0833696344508043,0.115771159690866,0.0474258731775668,0.0866458721943805,0.37292400127037,0.0885934988020164,0.0528742481166795,0.071591619049048
ENSG00000171827,ZNF570,0.226501742765805,0.0474258731775668,0.0474258731775668,0.230017095191142,0.230492195507318,0.0718904503455093,0.0474258731775668,0.123998197320955,0.0479966711028082,0.273701134091139,0.206287192758958,0.42852342740163,0.465737259079271,0.220504612573412,0.139905369375281,0.374938276570783,0.136418851532697,0.657977694770519,0.186136949898852,0.144586201977328,0.230141002188685,0.0474258731775668,0.24197976660585,0.102392278493747,0.0474258731775668,0.232604682674037,0.186466129256562,0.153407472159696,0.149531994498425,0.273730773870702,0.332206882062338,0.120478370933452,0.381300433189516,0.390054745348406,0.166589044722466,0.0474258731775668,0.184216519710624,0.0619030184245504,0.0474258731775668,0.0752814246542138
ENSG00000185252,ZNF74,0.0474258731775668,0.0474258731775668,0.0474258731775668,0.0474258731775668,0.196883617381175,0.259985775646244,0.0629620516644745,0.0474258731775668,0.0964106532056717,0.140407836173517,0.188131302695774,0.117688604514276,0.127704298942768,0.102830474202365,0.601740150639326,0.0805338203650202,0.32158284406874,0.0547282341419235,0.0474258731775668,0.149721425013583,0.064095375377555,0.0474258731775668,0.0993098512213239,0.217664603295906,0.0494597115263816,0.215697181128741,0.192254397649766,0.108366461446248,0.131888758362603,0.131015091243914,0.116271984938219,0.130247457155276,0.188719179267319,0.70920756664664,0.0474258731775668,0.312924025743239,0.063506632989629,0.165572523974541,0.319360553151177,0.0474258731775668
ENSG00000177842,ZNF620,0.240133738942846,0.0474258731775668,0.0474258731775668,0.283945629203019,0.637038813513259,0.169255713796031,0.0150132608660587,0.401293343086744,0.069086602314598,0.350590835139017,0.139635696000508,0.321486717242832,0.230007393991291,0.120133552084043,0.315071203259863,0.0474258731775668,0.304987638678901,0.0474258731775668,0.330785008514452,0.0694153009242257,0.0732891881907381,0.0474258731775668,0.0474258731775668,0.208533317923283,0.318086915861178,0.203476478726595,0.0568255876973959,0.0487118006290155,0.130197688261206,0.476237559647084,0.193279558334359,0.199552869071206,0.186522255619844,0.263319593338702,0.0474258731775668,0.0474258731775668,0.159579300403975,0.214350296981792,0.33766544509619,0.0474258731775668
ENSG00000171649,ZIK1,0.122922756208249,0.107273413870003,0.209032175912437,0.200919968895393,0.249006353605647,0.177222336198889,0.3210213757251,0.102170654575774,0.152514398965342,0.128586576151944,0.0474258731775668,0.0759562465303906,0.0628644717061665,0.13964576881666,0.438970114172868,0.0474258731775668,0.116955293595748,0.108541777751089,0.0926159234138753,0.0941479204366203,0.0949849145724522,0.158916355531518,0.125971022611233,0.194926628160705,0.388938735574063,0.220442753398053,0.162424460884198,0.388944285770236,0.0822994667904583,0.16978405357313,0.315026569405767,0.0676854521470319,0.736308750189917,0.155746940121149,0.0474258731775668,0.0150279717931045,0.2214189641659,0.0474258731775668,0.223220113222144,0.0360057270649986
ENSG00000183072,NKX2-5,0.952574126822433,0,0.0474258731775668,0,0,0.238145165630616,0,0.0474258731775668,0,0.0474258731775668,0.0474258731775668,0,0,0,0.952574126822433,0.952574126822433,0,0,0.952574126822433,0,0,0,0.0474258731775668,0.952574126822433,0,0.952574126822433,0.214266921195952,0.0474258731775668,0.0474258731775668,0.952574126822433,0,0,0.0474258731775668,0,0,0.0474258731775668,0.254732932681053,0.380771826883089,0,0.369737744028321
ENSG00000169953,HSFY2,0,0,0,0.952574126822433,0,0,0,0,0,0.952574126822433,0,0.952574126822433,0,0.534729138085079,0,0.952574126822433,0,0.952574126822433,0,0,0,0,0,0.0474258731775668,0.952574126822433,0.0474258731775668,0,0,0,0,0,0,0.952574126822433,0,0,0,0.0474258731775668,0,0,0
ENSG00000131848,ZSCAN5A,0.329561172427314,0.200667059506591,0.313631559626945,0.324376023365854,0.698380948325974,0.2956362578036,0.34447148518101,0.481825483364086,0.435843056647784,0.443423058950359,0.847048861084595,0.17187516372005,0.273313578539411,0.441614698421042,0.34880217296733,0.529663066875774,0.17670740797154,0.368332935194761,0.147677048509844,0.0875377644473018,0.634365645954166,0.385918124631665,0.382200289661828,0.444038076263243,0.339318687966897,0.340953590302442,0.344642554585827,0.297364295026931,0.217601632789775,0.230766697972775,0.466785450845336,0.460248004553814,0.210952932356854,0.952574126822433,0.952574126822433,0.138033018326528,0.952574126822433,0.0448735122021002,0.150344932950387,0.126165131005889
ENSG00000126012,KDM5C,0.127535629770523,0.0474258731775668,0.227424026537663,0.228513994666304,0.295545586686085,0.256363651315182,0.178059110617217,0.317148979207835,0.295308062271601,0.24545851903283,0.263104106359117,0.281745583666875,0.259731052531942,0.204519618474539,0.15617269924881,0.379224751960198,0.35748845897128,0.434639897987185,0.163939054130129,0.253199849101367,0.329389351960776,0.130996109686672,0.272470743028513,0.23690537804511,0.249522220652588,0.279124641472432,0.269662883831016,0.14390728000697,0.137667179971162,0.275111386247693,0.234410945305655,0.237609371322762,0.240047600858481,0.410667606338393,0.320701388008855,0.342091521960911,0.448613366265932,0.0667807369145071,0.134749456470369,0.268970791358585
ENSG00000171817,ZNF540,0.143670124962763,0.506091879257256,0.0474258731775668,0.412616598344217,0.590471362606723,0.193523461621552,0.252424739593042,0.240389294700294,0.526441540077682,0.287867772782535,0.216562828823832,0.25642706746326,0.131994481954626,0.266423057626124,0.952574126822433,0.1838433741177,0.223264482184641,0.110914267454272,0.542667127249171,0.169911625070181,0.407006213468105,0.306081420092236,0.952574126822433,0.323498203661076,0.498709646940656,0.231326748746718,0.449037416460483,0.125614656117491,0.250800703406073,0.628976446076191,0.218768023257474,0.349698508248808,0.101189643859403,0.608113905256812,0.952574126822433,0.0336233926474115,0.3055698498923,0.640335546182238,0.952574126822433,0.0428963496738069
ENSG00000177374,HIC1,0.18631931990299,0.0474258731775668,0.426080618130679,0.160467802196853,0.242282314513688,0.300459644154954,0.0544284352517372,0.329725990200673,0.108759921863621,0.341567207050203,0.409945545088507,0.280977188413867,0.194979051246604,0.42824252654904,0.355365304514376,0.183259665224531,0.320622152530974,0.851181051707461,0.0474258731775668,0.267728459785287,0.124308072443711,0.259180631025494,0.750334294738641,0.268523799503252,0.118532528058219,0.320451896955123,0.67735238533801,0.239633167991937,0.33612664980533,0.363644704344168,0.29250828889182,0.488860452901906,0.252975436692845,0.222021579043976,0.324590948969176,0.0703739322598106,0.329246473002709,0.217352053441411,0.194741648599852,0.344496784970591
ENSG00000134532,SOX5,0.335447131799028,0.193597488698779,0.139511137549142,0.529455352052482,0.333049608858423,0.141866145733091,0.262521417015897,0.674476130083101,0.607680250493431,0.294088994824963,0.142925814094818,0.25853929474222,0.51215679008977,0.256718946344098,0.193425527393216,0.048179576448578,0.081874652239278,0.528056196275716,0.378492996813156,0.154184970348095,0.174040416614071,0.0563074043894304,0.248732834583896,0.213114484588525,0.244347460625055,0.213556471217629,0.143824551677676,0.246834485545315,0.241486588787096,0.289984664968092,0.139255238066279,0.238918663164033,0.0460601492866669,0.393846852494486,0.244076266758245,0.196068238012524,0.0474258731775668,0.372233689124223,0.838463994804072,0.0962472225121924
ENSG00000174963,ZIC4,0,0,0.748445889997171,0.496634470404117,0,0,0.952574126822433,0,0,0,0,0,0.952574126822433,0,0,0,0.783277437453474,0,0,0.952574126822433,0,0,0.952574126822433,0.952574126822433,0,0,0,0,0.227067604562249,0.952574126822433,0.710791154049081,0.952574126822433,0.553635724346062,0.952574126822433,0.952574126822433,0,0.952574126822433,0,0,0
ENSG00000120798,NR2C1,0.206105911142892,0.244110901654116,0.17901748758905,0.272095182732017,0.327491400565144,0.293826846833579,0.140938440978603,0.318850878670685,0.251897579698903,0.331951793560207,0.366715632814882,0.357714579977332,0.267405154516166,0.244661401305063,0.147185529781925,0.188851933233621,0.358489607314834,0.234535830255228,0.482253834428024,0.21794563509706,0.26469818442123,0.283290194115501,0.167524648603604,0.267231276814838,0.344813427761623,0.239287401615882,0.272552880430168,0.331967440569016,0.264576448950029,0.274951934038342,0.15429959166175,0.321822547582322,0.274630829075943,0.358224890156288,0.320566981858808,0.258490091386862,0.372859593043681,0.23202357361844,0.203378580409289,0.19817237886743
ENSG00000136870,ZNF189,0.339340974250308,0.372432900287008,0.0771625797814571,0.190486703487763,0.191954849122058,0.1912205115461,0.112088005303547,0.415667707822236,0.190766007909534,0.308154068520172,0.337746436344751,0.367564133976911,0.201202753097081,0.230327539865753,0.278789108273605,0.104896781615675,0.372862407363353,0.244969891891145,0.333153106201611,0.204242448567458,0.403181308026668,0.187519125939402,0.260158572867293,0.256702822597771,0.456893832403997,0.247800914075437,0.212718388918798,0.139701012294447,0.163845134702164,0.162062827990309,0.250217619618898,0.224582802158305,0.152643729342666,0.272003384294427,0.498466280846762,0.444047560296965,0.348013252463738,0.240376538280027,0.504500220791349,0.342785681568771
ENSG00000124440,HIF3A,0.176981127661195,0.163373528120487,0.181007590377868,0.291930290476583,0.242388403136496,0.286030310569239,0.177757674630193,0.11227938661626,0.11154402779038,0.45580593482542,0.202815384820713,0.532103124846846,0.254513235999001,0.198933702431177,0.195497033784588,0.578991012502846,0.277868345903415,0.627225432843345,0.238212819168457,0.447813283042763,0.222118129280051,0.264731456498409,0.435137199092236,0.428543501274809,0.254877079617999,0.80281013248723,0.258347211337061,0.319247663345238,0.248563199545855,0.273849506188645,0.254658406543009,0.40935046007371,0.11263907404859,0.519135751723746,0.854479622086941,0.353347801371477,0.365672917346033,0.633540541223104,0.698946249431835,0.260077058640055
ENSG00000173275,ZNF449,0.335839762895421,0.285369680490428,0.155430544060466,0.473932671617296,0.361091727186343,0.31734450213637,0.300173351046472,0.345429456948571,0.186350291727431,0.477541839369274,0.235753087222664,0.45906709678808,0.41059735009075,0.248843482416423,0.248678208857252,0.209409278440292,0.501979094749077,0.332013818356232,0.368310521292405,0.196524730085154,0.227034513251106,0.135914101479536,0.351702185333106,0.304033827042071,0.362151835160195,0.258461077126239,0.25553415689725,0.291206659754667,0.125047609959932,0.195231955058345,0.285700927275099,0.150645249713229,0.299029037687979,0.524486507658049,0.627613553999542,0.550577574173787,0.423339206785822,0.293686584085024,0.0954753561595636,0.104202034325377
ENSG00000173276,ZBTB21,0.26303615413477,0.414809184916774,0.593064889362767,0.263113660590592,0.250852932363965,0.175216417714032,0.333192824666027,0.220357855621135,0.276765094933346,0.583408637398324,0.285598038707753,0.166007092417266,0.236802981198008,0.157280834049551,0.413989563069153,0.168794167010642,0.123961521881324,0.176269382249092,0.167732962506569,0.230322672163227,0.333372669715497,0.159741284664573,0.385674469904656,0.252735347727451,0.221950116130133,0.175149298151634,0.22051275243692,0.275606907902317,0.339207551399638,0.47129160960594,0.121485961072664,0.278995145981918,0.189780187259867,0.290016681562379,0.115003840794623,0.18695843331231,0.888868273133621,0.390719223704074,0.952574126822433,0.0766919287583053
ENSG00000178338,ZNF354B,0.158678065430984,0.0978327076474965,0.0996849933555457,0.193411200272754,0.289199668582699,0.355108221624274,0.265598020687712,0.128380808942469,0.102902763140513,0.438975072782597,0.327091473868202,0.246211332126545,0.144876606067402,0.202972797090952,0.446045200493791,0.147805692013904,0.206679011686847,0.274303379689578,0.0975130490688057,0.295547856916367,0.114845285734635,0.0882944929621372,0.24267714840876,0.250840082261578,0.150562856131274,0.209880659089907,0.163169759744215,0.209901565619812,0.158761529222858,0.288341546053142,0.0945916038067907,0.222649242928978,0.409476682996476,0.45261594517208,0.380433967085648,0.62156612767671,0.132462789594566,0.0962452088231146,0.218320502111602,0.0677269118665334
ENSG00000185730,ZNF696,0.155897943920997,0.282900447275612,0.272396401822722,0.284298540281637,0.300668818375628,0.186494495673264,0.405238870368193,0.318001249576936,0.112416147678747,0.228878608828509,0.351532027263586,0.148226912398335,0.10323729839618,0.135685666997273,0.254863949010749,0.154705196523228,0.405898872513963,0.197127906225532,0.304597863482158,0.219691963178774,0.199942134662937,0.0928726951334562,0.56714988911112,0.22009515448866,0.257278667423285,0.134890949659159,0.242584785284987,0.179585205494253,0.143250843254695,0.215630013116992,0.21165890692544,0.234330167446963,0.263242030606619,0.293716521996301,0.266957635620953,0.266356994388772,0.353819400276315,0.278620538708268,0.640254512626796,0.209179464209509
ENSG00000005889,ZFX,0.156515453509064,0.0982036489120372,0.0474258731775668,0.0880906217934673,0.196156868223232,0.375847637233054,0.113599520430702,0.27552769631425,0.267290696235246,0.433853403110049,0.38305789736005,0.163533673043971,0.186718837174383,0.303710076657049,0.651629290805292,0.210157242258615,0.1017569991535,0.196603164400006,0.0895114893040773,0.134839223879296,0.23408917806155,0.694857638471046,0.239860347538588,0.60868467978658,0.138258060897521,0.318044167048037,0.1982177302939,0.287530928747679,0.302197261600676,0.349846451501962,0.151796759107022,0.328888240560947,0.171265530640099,0.131980232151721,0.38636393446991,0.943375002604004,0.107342729634477,0.18619806954362,0.740434016066999,0.120124449311822
ENSG00000006468,ETV1,0.18357871121923,0.0474258731775668,0.26223301641785,0.111126597006166,0.952574126822433,0.101799429158296,0.493078265599887,0.739938212906781,0.376289594898509,0.194386792289653,0.0474258731775668,0.176341173813403,0.347433307299167,0.407486839207895,0.321278514353494,0.110812060684024,0.0474258731775668,0.354777601945179,0.448337602196459,0.0660294016631656,0.128249999075606,0.321795793550776,0.0874824059756886,0.305177243384551,0.131924306096508,0.177331197172595,0.43398792218369,0.189723219073492,0.298212799903188,0.132524239817538,0.240280048354707,0.538974667018483,0.30178789078498,0.311639453784609,0.0474258731775668,0.726388811878481,0.412706957488165,0.14282592453446,0.509763723857935,0.0474258731775668
ENSG00000012817,KDM5D,0.222412654474279,0.0589101783535905,0.329727136142581,0.26104164303546,0.454937801734257,0.238259014656412,0.376293584090097,0.276427011883548,0.000467394950374794,0.358172863163317,0.322870861418502,0.22989094527734,0.314121359020387,0.230921938905201,0.356136108997446,0.412686415723083,0.214284419149904,0.228597024763777,0.337604629731133,0.59011453747095,0.0160278318112361,0.494430049641187,0.399436034214013,0.255095441608638,0.280280474353348,0.327154780702673,0.321364687493395,0.0227407217456047,0.267211375335179,0.289445509327145,0.224301078895508,0.0208736982727731,0.335468724538411,0.253413811788437,0.268641613774328,0.372589028536933,0.363070247788153,0.280652038296428,0.376667633686507,0.56516098543408
ENSG00000185155,MIXL1,0.268941421369995,0.268941421369995,0.268941421369995,0.268941421369995,0.268941421369995,0.268941421369995,0.268941421369995,0.268941421369995,0.268941421369995,0.268941421369995,0.165580671485844,0.268941421369995,0.268941421369995,0.268941421369995,0.268941421369995,0.268941421369995,0.268941421369995,0.268941421369995,0.268941421369995,0.268941421369995,0.268941421369995,0.268941421369995,0.268941421369995,0.268941421369995,0.268941421369995,0.268941421369995,0.268941421369995,0.268941421369995,0.268941421369995,0.268941421369995,0.268941421369995,0.268941421369995,0.268941421369995,0.268941421369995,0.268941421369995,0.268941421369995,0.268941421369995,0.268941421369995,0.268941421369995,0
ENSG00000049618,ARID1B,0.323223354258556,0.476399420472453,0.546236036741227,0.521089951689577,0.358187453836296,0.574633583654625,0.250319492889862,0.369640788576676,0.067592221641317,0.465704567687472,0.258813001726568,0.23981826569522,0.0474258731775668,0.515537764700514,0.195092428322912,0.146970359666688,0.330157998862396,0.100049581273978,0.0474258731775668,0.743786354819169,0.0474258731775668,0.0474258731775668,0.136666534310261,0.372090289421535,0.511200305314275,0.0465735840053289,0.191552039694398,0.218027563220023,0.092776723313931,0.327816401837134,0.506447230841336,0.0474258731775668,0.633084143605761,0.377860218673223,0.25936999775982,0.141412425515894,0.287656855185879,0.0564016802436293,0.536412014269591,0.0474258731775668
ENSG00000050344,NFE2L3,0.0258574578681076,0.0403060141269597,0.0429768790024133,0.18473471766502,0.507999984883601,0.350971594635886,0.177602388879743,0.0398961156399433,0.0427518200920617,0.227748305763311,0.0711119879978406,0.147816570328441,0.943650463893211,0.249620319417329,0.322190110960087,0.11710353915253,0.522407407258703,0.102689396736203,0.234787268545679,0.556733794598229,0.0402179666217451,0.0464998880993924,0.461321487811289,0.456720157836824,0.129224805263373,0.0350929794595709,0.0716895138546175,0.474210319093876,0.107768018801992,0.203309573898226,0.168641947038256,0.256672515319475,0.943650463893211,0.274309755325569,0.423735367050786,0.522623298510454,0.297505088733542,0.550840535727881,0.943650463893211,0.0130349190195409
ENSG00000065029,ZNF76,0.179350590462638,0.269251500935758,0.0474258731775668,0.402958179317869,0.446503968210241,0.595980540823712,0.330827439414664,0.483766299454713,0.219677816575598,0.29236633605119,0.0474258731775668,0.258191059211465,0.150482653233864,0.180031803719004,0.11672857399606,0.174700212472577,0.185661473925648,0.128413327793395,0.0992885371032435,0.586834735080181,0.2020294998597,0.260250696179136,0.268871982288224,0.236927388476554,0.425756765149161,0.399713262911635,0.343762266742226,0.40564472902158,0.234576882149787,0.152455682698807,0.169026876398547,0.124359026949996,0.150333147560459,0.236454773223869,0.637681206211906,0.143750629875913,0.155711407615807,0.0474258731775668,0.0474258731775668,0.0814266061772525
ENSG00000257591,ZNF625,0.156771937064133,0.850472356791737,0.760000527569615,0.724174845565315,0.399954345520905,0.187598761649676,0.290870114427083,0.0840464179037952,0.120092655116412,0.254594875276312,0.268300189891383,0.161957245193369,0.0474258731775668,0.245560575177576,0.36990076591155,0.0829923258899136,0.27067079635604,0.0474258731775668,0.0660371204388096,0.920893216327993,0.0605135925887855,0.0474258731775668,0.140607673660703,0.170956236193017,0.0948003236752514,0.0474258731775668,0.0552743934517475,0.332474258450658,0.151000890353697,0.1032307502514,0.893525820945506,0.0474258731775668,0.920893216327993,0.322465909216683,0.920893216327993,0.804188448053665,0.0700388495381364,0.308640138323972,0.240643437157429,0.0474258731775668
ENSG00000113430,IRX4,0.213060009078807,0,0,0.23472543980283,0,0.614302643470812,0.525566605841031,0.347658687336709,0,0.952574126822433,0.480293540892304,0.153507066112208,0.421337442268793,0.643928892341402,0.952574126822433,0.952574126822433,0.515824369651919,0.172804597887105,0.952574126822433,0.23472543980283,0.952574126822433,0.23472543980283,0.952574126822433,0.163239573434597,0,0,0.120945970721529,0,0.23472543980283,0,0,0.0474258731775668,0.590168239179829,0.952574126822433,0.138012011764464,0,0.167803086841946,0.0174766626305009,0.952574126822433,0
ENSG00000070444,MNT,0.29793663012107,0.29793663012107,0.29793663012107,0.29793663012107,0.29793663012107,0.29793663012107,0.29793663012107,0.29793663012107,0.29793663012107,0.29793663012107,0.29793663012107,0.29793663012107,0.29793663012107,0.29793663012107,0.29793663012107,0.29793663012107,0.29793663012107,0.29793663012107,0.29793663012107,0.29793663012107,0.29793663012107,0.29793663012107,0.29793663012107,0.29793663012107,0.29793663012107,0.29793663012107,0.29793663012107,0.29793663012107,0.29793663012107,0.29793663012107,0.29793663012107,0.29793663012107,0.29793663012107,0.29793663012107,0.29793663012107,0.29793663012107,0.29793663012107,0.29793663012107,0.29793663012107,0.29793663012107
ENSG00000256087,ZNF432,0.222973940258156,0.506928854378077,0.124600835289461,0.223220255654795,0.339508048466108,0.403140144520044,0.271689379905032,0.392129343032118,0.180175566131628,0.421803460393555,0.37671705018212,0.382002716769751,0.0744680817705725,0.138631785433306,0.5233613188927,0.291808061604193,0.0990271571901154,0.371783704079412,0.266424448871551,0.128731923862414,0.323732969751341,0.124936627954949,0.166708367844548,0.450167408661336,0.229952310178239,0.406920264621317,0.243114045480828,0.352367150934643,0.203132880401468,0.246025687340598,0.283651006988576,0.244556510418729,0.219239893233111,0.280631340645867,0.8918817718358,0.390409012030902,0.25028209811792,0.191654947446748,0.365938731703989,0.324776485854911
ENSG00000085276,MECOM,0.165273874882484,0.225407275763601,0.25912600471327,0.291619372674577,0.216633006305888,0.0987951382773786,0.574079771659892,0.331918997990377,0.362488696316847,0.185265496596179,0.328680824191142,0.233476947623971,0.122430071944032,0.194266384190237,0.278748870442915,0.379824722480891,0.356870999728957,0.338096544940533,0.355543967072742,0.493895451000214,0.245574389740172,0.207831434501532,0.285751812952882,0.267751711034909,0.235093953122317,0.251017808877976,0.285215887901554,0.214295182122464,0.341217827539735,0.391754077328682,0.200061757121284,0.316916884683676,0.0579089110563677,0.302720061585392,0.355557767299464,0.146327716293501,0.437233283377545,0.251210025625003,0.176217054548275,0.911845226433584
ENSG00000101493,ZNF516,0.145545267779131,0.170461151304335,0.0430061931913535,0.0474258731775668,0.290624271983726,0.245899450637839,0.415929240447174,0.229534655319186,0.299473258767524,0.28185514281004,0.195492507299869,0.190874043614799,0.229199618291398,0.162692076884167,0.150180010227138,0.363920479026033,0.11986101220189,0.410058880991555,0.215072166902552,0.168741500916356,0.262873757848329,0.279264074343412,0.245810529860571,0.328904393241124,0.0478664207550207,0.350670786957465,0.249617302119165,0.193316409052673,0.252384738781824,0.230950575677948,0.285634505765926,0.290925521378559,0.376714915981725,0.337526538438726,0.349795066373146,0.701036210484481,0.496819660456589,0.822673011766723,0.790987298971133,0.160388583424163
ENSG00000102935,ZNF423,0.125200101161273,0.0474258731775668,0.636010870140859,0.308672736772193,0.345363614204023,0.0474258731775668,0.0474258731775668,0.41061296951227,0.25915751904265,0.684608242814433,0.0474258731775668,0.211084400752766,0.899977906940735,0.939202884116126,0.541233348847624,0.320344512910223,0.434162696106829,0.139711295089329,0.307381299576243,0.208944354338024,0.0565416304554885,0.123604666779312,0.175480276849599,0.665297163550529,0.530442982785676,0.108589643828951,0.329205825853911,0.0533974350355608,0.103696173383652,0.27504446089053,0.952574126822433,0.0474258731775668,0.3133848690202,0.567039325128313,0.0474258731775668,0.520095351698641,0.952574126822433,0.0474258731775668,0.952574126822433,0.270982583277839
ENSG00000235109,ZSCAN31,0.217824416746367,0.193399954997929,0.292015994184133,0.260965569442792,0.375864182392804,0.283878766761841,0.65143387230354,0.237797568897616,0.30729123038186,0.3193313470654,0.356532958521453,0.224387637769618,0.0884988229415813,0.138152463562102,0.254832945266771,0.128664169742818,0.428495317302125,0.198184834389991,0.517912742525794,0.289275235390595,0.186236454217335,0.235688659617099,0.34108901663531,0.181714889408321,0.229491975983783,0.178858516194643,0.261184294935097,0.318371486974053,0.227909451135888,0.279417010968577,0.171801503707591,0.123511748104014,0.143420663585931,0.315763724144043,0.658488497293041,0.886360080119958,0.952574126822433,0.141396917627407,0.695900840810761,0.102265682937963
ENSG00000180626,ZNF594,0.13727981672041,0.0866050340901744,0.165048201000476,0.269926413747595,0.456685205908161,0.419986439057224,0.235564795717625,0.222696713135858,0.172341046071786,0.715708282308171,0.146971088212452,0.222230931225267,0.0615203635917712,0.235145907853699,0.349857644605804,0.490139165250128,0.208278000707729,0.360405065653358,0.21300531634895,0.452770353533529,0.245019868406585,0.177438454331024,0.538660361805942,0.28879972290653,0.31497600588308,0.258559804012124,0.343842425755311,0.244889299505307,0.187108500222835,0.261890015902569,0.0657606532811098,0.173085711689086,0.328737821497944,0.329289678074553,0.196660391947221,0.349704365256096,0.207331092342296,0.635574859882117,0.952574126822433,0.211017403076641
ENSG00000180257,ZNF816,0.232640113154138,0.414097444725496,0.28405552323318,0.180995356868346,0.24179629541492,0.163223514932898,0.295041192940172,0.160060846265928,0.266537008614179,0.326076089661465,0.287929837955756,0.296108114960889,0.315243407473998,0.220832562563433,0.242116576974592,0.314167638547946,0.563212952535398,0.389826416019205,0.368905256130801,0.421617236682687,0.361660419648613,0.299695811313903,0.252664518359229,0.41864790711157,0.349454377763261,0.354407538314287,0.332905025264889,0.421567439294378,0.38966451740079,0.242184239004773,0.349405363215225,0.383893632301775,0.369680370444984,0.29740583193335,0.308902233793171,0.701731545437808,0.372299505304009,0.641171691941228,0.504067048424404,0.213473438012699
ENSG00000179943,FIZ1,0.234133752952365,0.139172100965332,0.178949819691113,0.416957349935558,0.481475982710098,0.451484948935062,0.348003445471349,0.416470470611364,0.398227142145104,0.347714248828978,0.320837264968689,0.24554579961263,0.256134854285635,0.280476390426242,0.422726044813789,0.364064573117933,0.862625551982773,0.2154355743536,0.238598335599898,0.349011954931415,0.376441765998119,0.161455081455156,0.292608893667394,0.409105315238742,0.353369353672337,0.219800533739068,0.215507605827006,0.348921909148941,0.327067462058831,0.284064158011246,0.163277183562412,0.246059561755812,0.313385920246755,0.612923860105902,0.4696523333623,0.287851125000123,0.314799993870214,0.183276238895822,0.549891802108937,0.254102041324419
ENSG00000109685,NSD2,0.371633446895869,0.224992710672803,0.0236041622380117,0.546267735797577,0.460266945111134,0.340991268631842,0.206275298373735,0.458707193605205,0.155541109794468,0.453289737621859,0.124035451249707,0.358045044111556,0.159356191944901,0.461219045140067,0.274076730113532,0.464006393073689,0.856195205724685,0.349382767332374,0.664180628822319,0.771134384113,0.365093790234061,0.308097470062154,0.42004964022445,0.46601665085784,0.564691411328574,0.0889273577346716,0.266670535375005,0.717526414651114,0.124965072421628,0.341717763686636,0.471456682680252,0.191268448841871,0.0433841965285095,0.402548794976893,0.386397398882004,0.492214146376201,0.942397022954925,0.28103104944999,0.575123384537677,0.410494313299014
ENSG00000073282,TP63,0.0474258731775668,0.0474258731775668,0.0474258731775668,0.122833006283893,0.33712954375884,0.189423898161488,0.0474258731775668,0.0474258731775668,0.0474258731775668,0.926779409524838,0.0474258731775668,0.0474258731775668,0.475967073595548,0.197697787440759,0.0828613898914153,0.0474258731775668,0.952574126822433,0.0474258731775668,0.404624867827112,0.952574126822433,0.205365934654114,0.0474258731775668,0.499362407597639,0.467256279208886,0.356461309490829,0.0474258731775668,0.0474258731775668,0.107788155663721,0.0474258731775668,0.117969151232745,0.15020696401041,0.0474258731775668,0.0474258731775668,0.952574126822433,0.952574126822433,0.90337868003992,0.0539617526506638,0.143745474149946,0.952574126822433,0.0474258731775668
ENSG00000138795,LEF1,0.262994206966293,0.529122738994843,0.0785119074263788,0.19188339525378,0.328157899630208,0.281113254674538,0.0498026845953444,0.301322598333642,0.271200052539236,0.292979348441575,0.447685455674749,0.226639249602873,0.036416499883504,0.250037833291026,0.550124534269582,0.2014947222138,0.217526811998323,0.140819374173829,0.215719174881799,0.276281969116409,0.453681543895424,0.308107143429899,0.233227158157462,0.39796991057014,0.190289287480592,0.126829928695298,0.143574042719426,0.238990568039406,0.250914339910781,0.372373013990087,0.214500426263012,0.348686827476307,0.00946671331569828,0.121507469997442,0.559464737175936,0,0.247450393839515,0.195978502909638,0.337192444550035,0.00600416507062865
ENSG00000185811,IKZF1,0.338621406729399,0.52446539398639,0.0800051215967653,0.305349792565312,0.380559086876272,0.297262451788237,0.346873464057714,0.227777493161754,0.246562594099587,0.280653586038807,0.223837390394046,0.342029035851929,0.340824205825875,0.202438333653609,0.236326696950735,0.335050552988026,0.482164612057091,0.662798702093478,0.156456117545525,0.47938529255719,0.191102215121857,0.194284670469659,0.336288745024948,0.326007377967861,0.320049616769128,0.425805945083595,0.0905458092609008,0.425182744829055,0.277626638607182,0.292491920839044,0.231013090047303,0.421440864899081,0.15069281315267,0.4098515218691,0.622139162160757,0.177961747709198,0.587169269430939,0.646270849647925,0.952574126822433,0.178499056794086
ENSG00000148704,VAX1,0,0,0.159870512484961,0,0.952574126822433,0,0,0.0474258731775668,0.0474258731775668,0.952574126822433,0,0,0.138879743522071,0.0474258731775668,0.0474258731775668,0.418435625048907,0.103438011499851,0.0474258731775668,0,0,0,0.952574126822433,0.473625463331883,0.952574126822433,0.952574126822433,0.0474258731775668,0,0.952574126822433,0.952574126822433,0.0474258731775668,0.952574126822433,0,0.117713383613966,0.0474258731775668,0,0,0.485549356109469,0,0.952574126822433,0
ENSG00000152439,ZNF773,0.553426979779974,0.271854532604193,0.144575800836467,0.134783462318264,0.160703681178872,0.157894552707092,0.289799975732289,0.0627118928062336,0.0766032634536717,0.167837848047701,0.115931714870598,0.23938722232127,0.103902635229318,0.543682756014982,0.170930836282121,0.11993083007833,0.32842510859677,0.140543520799627,0.18897459043485,0.17855427256209,0.109551743586762,0.132624880650411,0.180872843723074,0.419162728648513,0.191503571542331,0.144379501188685,0.252953618604347,0.143901701658783,0.0869109520201765,0.142151664692879,0.30312499539808,0.0915860536469641,0.327513209709352,0.234759793714117,0.93325721095311,0.252199789180273,0.485856553650269,0.174756619502403,0.193150534496067,0.237757348830595
ENSG00000154957,ZNF18,0.0474258731775668,0.0878832327117181,0.0474258731775668,0.335623735460754,0.126477820867468,0.313015323914701,0.488022723492533,0.253515345367423,0.0792974774026043,0.279219919760628,0.352804568016617,0.142839215423119,0.204056034675845,0.133231186945959,0.0476888162002688,0.654547604402916,0.236434395699686,0.317159007880059,0.514199718059129,0.246373286973937,0.0525028093838452,0.0803765643627349,0.391171951426298,0.19738967025911,0.118637486837833,0.196373600321481,0.156412794729052,0.279218419106028,0.137260577203366,0.390207602321127,0.101823022762492,0.161764516760517,0.177873437399977,0.293290028531876,0.429278997089965,0.592188901968712,0.153776438234012,0.277224843919267,0.247366350788223,0.0474258731775668
ENSG00000197162,ZNF785,0.0474258731775668,0.0474258731775668,0.377808701685411,0.339247441040304,0.283615665577058,0.413568234187167,0.0474258731775668,0.16688505396641,0.120889004635277,0.410817300750316,0.0474258731775668,0.172649973331872,0.0578989441051084,0.29274579463591,0.163769467263004,0.103199915416784,0.24805856486451,0.643189679093439,0.0811647695995713,0.447459553819303,0.0863065429280009,0.0660673620825467,0.557096766286747,0.515705277080319,0.306500957942434,0.0497012363442403,0.0474258731775668,0.244781188935914,0.0671056566523865,0.0797977970253374,0.394306683442744,0.275264945149402,0.419051904743439,0.309611599024558,0.493568736691588,0.0474258731775668,0.226900496177168,0.0858855870822752,0.312488403948373,0.171752266392385
ENSG00000157557,ETS2,0.299208182691487,0.324186720849095,0.124483308260101,0.166430943425707,0.229133703489461,0.200969758100659,0.268456944722334,0.33271809770225,0.308491204030408,0.244113238986641,0.0569894238789041,0.30404549196145,0.223184064184065,0.213375852380686,0.314356199922766,0.298591841705153,0.10200207379105,0.232368260294047,0.176449912860553,0.175159777072124,0.393908867069992,0.254109731724122,0.192524812412783,0.215065350704176,0.487790491291346,0.211934297781715,0.205020673202213,0.400052990702845,0.21505536290955,0.334761009766938,0.285013299688347,0.225515784156454,0.113075853706016,0.205425226387124,0.0899255654133811,0.125721157215953,0.164221853708879,0.0996678194260305,0.643082786935408,0.0633008750353822
ENSG00000159882,ZNF230,0.396179720856994,0.47863534979458,0.124072348925928,0.450460964404449,0.335892902617354,0.351007298160009,0.824814774504689,0.521429908853441,0.192526057966912,0.210306414949907,0.199701634182389,0.304401772796299,0.266422655625516,0.158548767226965,0.260836650737115,0.219920183198946,0.253749839576615,0.160718248187512,0.146578595691779,0.952574126822433,0.281600742428154,0.138026493080454,0.301464233447497,0.256703004140552,0.451885919105439,0.456851393792076,0.285920344241251,0.35988559953494,0.222701495836599,0.272276202575755,0.277267651254089,0.146254181601707,0.403322189203348,0.524619938414721,0.731875682334956,0.952574126822433,0.18382880472498,0.0474258731775668,0.489727331872184,0.395098681404463
ENSG00000197757,HOXC6,0.0572688328426842,0.0643682685937762,0,0.252070077472878,0.725640760978233,0.86034781658324,0.116084531368136,0.0474258731775668,0.0485950460015521,0.952574126822433,0.0474258731775668,0.0531430573155998,0.360438286441491,0.234527527339637,0.0927264520675041,0.0474258731775668,0.0474258731775668,0.0474258731775668,0.952574126822433,0.0474258731775668,0.118377441759618,0.86034781658324,0.0474258731775668,0.383883238590337,0.86034781658324,0.179004697626403,0.0735440250697749,0.327414140897626,0.0474258731775668,0.162536698102321,0.952574126822433,0.0474258731775668,0.0474258731775668,0.0617978849705712,0.0474258731775668,0.0474258731775668,0.0791021017328628,0.0474258731775668,0.0474258731775668,0.0474258731775668
ENSG00000197782,ZNF780A,0.140531837268351,0.0933877655399587,0.168170590407496,0.391840886562524,0.470582086071594,0.284078040446432,0.168702537078711,0.250889273661426,0.248216659381745,0.144056371861381,0.37091221331469,0.111362379128885,0.188948580620591,0.108404871868747,0.176320521004823,0.357252391235358,0.180619554083752,0.213604066260903,0.185864916662406,0.257840052255604,0.263524895105315,0.207811616910316,0.345239498964944,0.216915000685041,0.192996315753078,0.223722027341896,0.196962228807907,0.226055692289731,0.129667057224507,0.313773041290112,0.205928801210652,0.276473066194332,0.799374436781215,0.244727174810254,0.117080066347325,0.156927581642599,0.186290019396236,0.379158644511459,0.56406675575154,0.303157346271617
ENSG00000162676,GFI1,0.154407719735089,0.00948446353896528,0.0489350407782598,0.232760357727495,0.435649354697777,0.531968867160297,0.0306701447751961,0.296869710719347,0.192685175682163,0.519589301395091,0.542896478163345,0.337445718864456,0.0101185662224532,0.158361107417072,0.121925356852894,0.336940496785891,0.0474258731775668,0.309956797122606,0.4105037395461,0.333981818296101,0.136904964354868,0.191936476778744,0.434734038869759,0.134824817421661,0.113481178294342,0.199161761485171,0.221100688337142,0.0196910537726625,0.074727692848953,0.179900767780745,0.0175136975561528,0.17647890820091,0.651357896321588,0.339356118648498,0.442128344872435,0.611020405161017,0.200170635165303,0.0174112460488317,0.282598041566876,0.0474258731775668
ENSG00000196867,ZFP28,0.229180460950693,0.185689975392462,0.0938365282070763,0.286180910882662,0.321683711055578,0.240095393362722,0.180066825230471,0.170916276308134,0.102257457753195,0.293895664556836,0.224686738455184,0.329845414617748,0.160558706078487,0.248692290120833,0.404716475712575,0.278457116632962,0.699994303417743,0.44386362497134,0.249855768842606,0.410234518524778,0.27959697480039,0.18430680876276,0.40257500991757,0.287373434059995,0.306449300873342,0.293762841799472,0.230094122975347,0.233521270457959,0.0772847266953084,0.277875685455013,0.226828653641986,0.136065833538437,0.460073610555752,0.389170631672393,0.225057497269217,0.41668677896431,0.15600430164401,0.438176365010571,0.952574126822433,0.234758293711305
ENSG00000166478,ZNF143,0.214631841747063,0.224468589751973,0.58413491364746,0.34561496606707,0.309258676630691,0.251886177712738,0.574007182764592,0.118231718233612,0.0521436652161072,0.191641593342776,0.155899561464049,0.123197181557666,0.0725766867334603,0.135774335484014,0.10524010841293,0.131002958011717,0.809144381456692,0.295058660078236,0.952574126822433,0.292925458796683,0.117942277523622,0.0474258731775668,0.307916848858793,0.263685135869595,0.256963342712032,0.136271300115454,0.0991774578959279,0.134854576503954,0.0967081165795657,0.193900063172799,0.242930353009804,0.150965153016188,0.334287596130109,0.343560693868402,0.494841260635959,0.617664595493365,0.396072261628689,0.199761100948498,0.547608597915271,0.0814086635767136
ENSG00000169554,ZEB2,0.25367136987599,0.192289675948949,0.202735161716452,0.293313030447536,0.146608329613409,0.321773951368216,0.18730948058147,0.274613090647292,0.38395587441751,0.278135659861986,0.542321984591305,0.0938077706267686,0.188927992897179,0.133196268189427,0.138197225855964,0.134837940192429,0.352564786350847,0.298511587849828,0.501199262456459,0.18131423549243,0.270354849418401,0.221040161375996,0.307096667378605,0.275774344021673,0.101345637084512,0.253481580320965,0.260128184186438,0.237469391182039,0.256523771742868,0.178041326488534,0.268354788968025,0.308906836489295,0.518824127751133,0.377497144012208,0.117437968461786,0.542940139420853,0.180853885716502,0.104997609935604,0.52009024256597,0.0718644730055662
ENSG00000197483,ZNF628,0.090877740654956,0.0474258731775668,0.0474258731775668,0.287972043455435,0.622139865598802,0.166638521924983,0.681042151130382,0.166178753771605,0.0474258731775668,0.952574126822433,0.201204084688501,0.64028329297571,0.0474258731775668,0.647262810123424,0.587317114920571,0.0474258731775668,0.0474258731775668,0.0474258731775668,0.0937965885045053,0.087317028812395,0.485165887821346,0.0474258731775668,0.0474258731775668,0.796365078694397,0.0474258731775668,0.881496415837799,0.52883131588827,0.301665162394025,0.253081468892954,0.367777320923167,0.613611387882502,0.278771584891134,0.226852455147779,0.765333316267549,0.735103473955671,0.475917024170982,0.153992293044629,0.32888967647626,0.409984469455093,0.0474258731775668
ENSG00000167394,ZNF668,0.359925575791126,0.0696840621766198,0.0474258731775668,0.291372315093779,0.24186304414377,0.0538562949919751,0.0886392966220394,0.379586982225828,0.230201105137448,0.3711301004974,0.0474258731775668,0.245284019706468,0.118042287016241,0.149015075538544,0.130490091670813,0.164843818508815,0.0474258731775668,0.897627779095074,0.190723673415296,0.223386641025514,0.862482893600145,0.481726915199484,0.947117804132738,0.286085508445107,0.409817201394954,0.146896012039175,0.629910379502006,0.377855134362048,0.470515110520648,0.307431225934838,0.610476512346913,0.15135035471409,0.380973239375657,0.24193747098699,0.237743720043321,0.705741814780681,0.225949396808358,0.283303319887554,0.509519456622344,0.0206252737264528
ENSG00000140548,ZNF710,0.240310318883053,0.14226086083005,0.212406549778936,0.285062180214598,0.327124083722883,0.253389595259376,0.241295020421325,0.266539282506872,0.223415346488323,0.152082329799211,0.0719201810487201,0.218112420504269,0.130057098623381,0.0622987386356694,0.157476254777355,0.335128899542896,0.0351461869085609,0.243723961352569,0.331835511978056,0.176736595765244,0.334858608096863,0.382162942958977,0.565128028311582,0.219733002964186,0.38021496857819,0.250432464721053,0.275588957897189,0.108570450386966,0.166465690923803,0.255671921223571,0.242550064235968,0.269886408111713,0.0359710515431749,0.117263868051986,0.253121961937637,0.474307987878178,0.157567965042111,0.0171744548419123,0.3804050520448,0.6384578019783
ENSG00000167395,ZNF646,0.255960951123862,0.225554503040176,0.0474258731775668,0.280454206784465,0.220734135663088,0.376668897405445,0.11040406906795,0.204273966725971,0.231627796731526,0.560400230806579,0.206076431870787,0.272682482557965,0.16887851760104,0.301032235330869,0.313107924223783,0.168571682679481,0.473242312532477,0.317859291229813,0.289168062600429,0.187354262112187,0.361288137082677,0.207951220783217,0.187325188330634,0.528129273652002,0.271830409519621,0.324472995421711,0.201698671180365,0.172933929813994,0.190231716360939,0.232944795692241,0.489358237042213,0.271519573362281,0.530073079291885,0.487238223561827,0.808656447536966,0.429757619265021,0.329223092594311,0.334206870674319,0.456490118015249,0.260552496993448
ENSG00000196387,ZNF140,0.196930746477987,0.192893478241972,0.12905272429072,0.210303637521644,0.15400509060028,0.276013188225846,0.361123572902091,0.167153665317663,0.236776308733507,0.318938012081537,0.305990040254102,0.294231303351302,0.236534654177441,0.297400913726899,0.444701703955613,0.249081910204251,0.29568047742402,0.259749595723574,0.397530013818069,0.440644640914475,0.214827115650701,0.198698440533425,0.367064147727664,0.353786714428422,0.130759658247502,0.23042109921434,0.283509875952647,0.266120826671829,0.200836853601696,0.197771576536451,0.191594664709892,0.20597047925992,0.352556454612756,0.611826463979194,0.855885290282761,0.498900489001018,0.294919760826703,0.148088770571877,0.900626765096947,0.122317943458379
ENSG00000198185,ZNF334,0.28913640992146,0.534325937223352,0.124730260602069,0.37259776248403,0.481437366597633,0.347736566164332,0.681685863753088,0.210016331555388,0.20477943654736,0.375893326463293,0.404298215870319,0.284447692421787,0.295820798267622,0.248749459555762,0.184847332231372,0.127984156359899,0.224568262128929,0.201905448872722,0.324547783390573,0.245596395471147,0.301675235058059,0.191508054282447,0.359223029873182,0.324469637160008,0.336539740300655,0.245893656346289,0.31775528496544,0.280329907237084,0.147779797576554,0.420873497933303,0.127965180705735,0.169646034451634,0.135193627324628,0.4961364408763,0.461838857798868,0.369464588594225,0.231511400212343,0.28843864280375,0.192442711040564,0.11713166005812
ENSG00000198633,ZNF534,0.867997678875067,0.0474258731775668,0.339931516387085,0.115227077521139,0.286002425970402,0.0474258731775668,0.0474258731775668,0.0474258731775668,0.294858751412544,0.0474258731775668,0.0474258731775668,0.0841585412098493,0.117491515778632,0.0624535660832983,0.429882685525952,0.330721958638907,0.398633116445756,0.225247480478802,0.356376481523044,0.593455429501132,0.0474258731775668,0.0474258731775668,0.125997226972029,0.0474258731775668,0.0474258731775668,0.296573225889727,0.224950218510371,0.0474258731775668,0.0882502536045377,0.104156783064686,0.0474258731775668,0.147622258086033,0.508984751121877,0.0474258731775668,0.0474258731775668,0.0474258731775668,0.952574126822433,0.477846029930048,0.0474258731775668,0.0474258731775668
ENSG00000167232,ZNF91,0.150383125318645,0.187259976874844,0.952574126822433,0.171409779058786,0.182992012208307,0.334436461385351,0.0498464113736616,0.160059253121603,0.129109475371532,0.124791106553339,0.085437003900405,0.0734718621926472,0.0854014680638673,0.0795789357715628,0.230185679155356,0.152690704484091,0.106073699110565,0.370116726618381,0.0474258731775668,0.173191956617677,0.0814718186118953,0.0474258731775668,0.119653945011721,0.136979409617276,0.100300927851107,0.090157655043329,0.0895765571408974,0.134181013747683,0.100676955802685,0.124050231346485,0.220042665713413,0.0701231156062045,0.952574126822433,0.0964373399809917,0.155394760508086,0.183535829619759,0.00859103181153995,0.342886624552836,0.952574126822433,0.904572928182803
ENSG00000250571,GLI4,0.189695383896862,0.186498072225367,0.935750288919106,0.198598321328141,0.359086724288025,0.218817390516204,0.140943968061329,0.319732941541591,0.381558874758647,0.291749908003059,0.21346969466247,0.20673798708123,0.237612081566279,0.236952789066108,0.191762041332559,0.189973545005775,0.248722967075537,0.242965873471808,0.559639831413971,0.358168429141503,0.167664290001628,0.347187611036371,0.165807143242817,0.274779854149558,0.202072730956399,0.124780480196814,0.38548985239939,0.239265879549685,0.332148362783139,0.215479867066691,0.3497630361142,0.248937901699141,0.252932258266689,0.26745079628621,0.333698510860738,0.886728452809039,0.221733195558276,0.207427616878147,0.152196036128523,0.399673753313798
ENSG00000151090,THRB,0.0567020110470202,0.0793182823433831,0.284131194375033,0.15894960412069,0.160551655664164,0.107351898774999,0.0845158937390645,0.284830478692838,0.157614960687103,0.114602827946718,0.178440022315602,0.0795541471259444,0.106173577150958,0.165632165217584,0.0620640736040125,0.181845193733979,0.0563594313143564,0.207368235872792,0.291813416350874,0.0890344536567057,0.0964613497557918,0.159358334981414,0.129514727421518,0.123491701514923,0.0736492916714577,0.186888346971103,0.144881752094867,0.0574773544549016,0.153181426855506,0.153699923583534,0.193578034548418,0.211849789539614,0.264428530559464,0.126790495052276,0.286915802700795,0.257538913613019,0.717429044211821,0.171754952304879,0.358673417358424,0.357630619723005
ENSG00000088876,ZNF343,0.14162930884204,0.868626743985768,0.300632433082795,0.249456015425272,0.300583130474081,0.151448450371282,0.240340594423039,0.152599725318593,0.202133725536024,0.234624277269445,0.312012558019649,0.152401304299852,0.199943122784845,0.16898575692735,0.250092152327208,0.250607274558875,0.267008677519327,0.154171448480408,0.163673052426889,0.196644960693557,0.118198002366055,0.180641719439581,0.307427487466093,0.143614315142,0.228296832870557,0.102243115096588,0.131280950291295,0.173605084643019,0.083115224475124,0.19427717803343,0.149604223204389,0.196922343114298,0.3416608580445,0.14670866064509,0.18145389397992,0.431516319345031,0.214607267485727,0.257944883039367,0.321070517998855,0.223368697126289
ENSG00000151789,ZNF385D,0.140388362922642,0.0469951741328991,0.768524783499018,0.275631349093738,0.229874384648178,0.369712177182989,0.0474258731775668,0.750836433503622,0.0977141517392402,0.0474258731775668,0.0796727164498717,0.211901120001203,0.347448799444125,0.311929728177821,0.1053262516062,0.274365764151077,0.0474258731775668,0.151317968845551,0.382457021390374,0.0472398852134417,0.126360104656568,0.078718934393942,0.358221649340362,0.384304356986563,0.10335619621151,0.134815739804708,0.338686823118129,0.577967271915452,0.115071588917736,0.0797663545357514,0.212536148735074,0.105012002155976,0.0911110745903272,0.0343143128627856,0.0276154653411859,0.014972596151887,0.202998557931945,0.103414674258968,0.308500581356878,0.0393231521501873
ENSG00000091656,ZFHX4,0.0669732822571401,0.0474258731775668,0.584323573472658,0.0474258731775668,0.0474258731775668,0.157864723320775,0.0474258731775668,0.188460919791843,0.0474258731775668,0.619447508928764,0.0503405572755418,0.0474258731775668,0.148106398182271,0.265252298419895,0.0474258731775668,0.0474258731775668,0.0474258731775668,0.73006449333928,0.10942790033043,0.0474258731775668,0.0474258731775668,0.0543596629302283,0.0892673615019214,0.105694243268574,0.0546550889077686,0.0474258731775668,0.0470139401338219,0.0474258731775668,0.0474258731775668,0.130292441812899,0.0474258731775668,0.0992130409872947,0.0474258731775668,0.0727260166230895,0.0189747410196841,0.0474258731775668,0.952574126822433,0.0474258731775668,0.00118153052633556,0.0474258731775668
ENSG00000095951,HIVEP1,0.141589311635678,0.252511225366495,0.952574126822433,0.346053710265709,0.195435015703376,0.249020722650611,0.146760031232254,0.274004449713462,0.208654495919108,0.250217920474468,0.101028143202324,0.300924464977631,0.339829682955073,0.173558724377856,0.212098153731881,0.183134004022492,0.159146727194016,0.288683467925502,0.272663117748645,0.10715328669378,0.15441109828018,0.204038701541644,0.261876266534312,0.320799079404009,0.259578642244537,0.256070637928988,0.204329872295933,0.259749270523265,0.0687684805742751,0.182858249913977,0.244166817403269,0.184297622525233,0.107540520670852,0.261255645873698,0.39205871942137,0.331912251961243,0.145116232383664,0.193352497386202,0.643408204165157,0.380591575704645
ENSG00000101076,HNF4A,0.306726018322507,0.688013062934404,0.33685169320237,0.206108095868729,0.0474258731775668,0.288806398021908,0.108466388318559,0.31134586323213,0.441430108549699,0.0474258731775668,0.00523785658855278,0.475573670475363,0.00220533954300309,0.0474258731775668,0.0474258731775668,0.284772788867937,0.835580536541494,0.107579030143485,0.0559791608587149,0.169567216258312,0.0525891867813099,0.0386995149243234,0.0474258731775668,0.0474258731775668,0.0474258731775668,0.0668815978707674,0.108262307039855,0.172279004386762,0.0372361218935421,0.224899020631751,0.0474258731775668,0.0474258731775668,0.107426531747758,0.0474258731775668,0.0474258731775668,0.0474258731775668,0.952574126822433,0.0211992239532866,0.0262307775963503,0
ENSG00000251247,ZNF345,0.0627789727442818,0.265088629869744,0.952574126822433,0.185155021666406,0.175615058426214,0.0885992479183739,0.0486678332424516,0.190696303555739,0.144016923953779,0.137933175785992,0.0474258731775668,0.0528044081195245,0.134558147704083,0.182193109678336,0.311130408433912,0.227527731575622,0.27674523474437,0.0474258731775668,0.0553470336625726,0.0741647063325124,0.117577327342101,0.228214682425035,0.0474258731775668,0.264971330946027,0.0870493594422033,0.321828286108049,0.0963658490915969,0.0474258731775668,0.0542705207135523,0.0933830747034381,0.563281020730087,0.159150553644809,0.27963687508027,0.241143159480217,0.451491072115431,0.460608120888513,0.607291082663038,0.128379912881862,0.17165449470166,0.0474258731775668
ENSG00000101126,ADNP,0.148961907528539,0.407697673547015,0.932933737937787,0.0474258731775668,0.0474258731775668,0.0791011943795618,0.0644800637756886,0.0474258731775668,0.0474258731775668,0.160062179268753,0.0813114237933921,0.0683524996724797,0.0680879763652609,0.118163260352887,0.0474258731775668,0.048958431367546,0.074072349143371,0.0474258731775668,0.0474258731775668,0.200873861989418,0.0474258731775668,0.085472078225245,0.0474258731775668,0.0705074279572995,0.0474258731775668,0.133116265529854,0.0474258731775668,0.0474258731775668,0.0581190362676652,0.122167037674232,0.165614095591171,0.0474258731775668,0.0474258731775668,0.0474258731775668,0.122147329217973,0.131071442615526,0.0760599063525208,0.0531240905006714,0.0926491707634742,0.0672997069745096
ENSG00000116731,PRDM2,0.199644402992112,0.377609273896498,0.952574126822433,0.109784330148457,0.0955588609431322,0.182543954752013,0.19683169962649,0.0752442442565557,0.181004813601252,0.250350256463631,0.144476598264521,0.0969988170644292,0.0872594885077772,0.153735564440335,0.197622525185888,0.0474258731775668,0.274215745774185,0.216601038644971,0.0534332881867408,0.248881056118721,0.0897504059825881,0.0539385717950985,0.113429720031641,0.132273796214202,0.141704769550521,0.274072946914898,0.0674507814927747,0.108825719408081,0.144258960556107,0.184306392220694,0.300706095268872,0.084900992520938,0.532609191175569,0.296804013354926,0.215821470457621,0.20846813075484,0.0725563349340685,0.139522294030997,0.563027901858533,0.342168845988397
ENSG00000157613,CREB3L1,0.286610178182762,0.236115125101167,0.470060960596961,0.1926875580472,0.0474258731775668,0.049356555877674,0.104145671628091,0.166502853136236,0.123305199182555,0.0906004942981732,0.0749490332355634,0.100090479545916,0.105402085372327,0.0526089582308377,0.0737613674083555,0.0767910705101538,0.400394009160774,0.0474258731775668,0.186326495248713,0.150348474338865,0.104741633299128,0.0630772757915162,0.112511690285294,0.108057919919444,0.209917829810636,0.0734840123489655,0.12373949645385,0.14327276420976,0.0704042215145764,0.101213902140147,0.359342890606409,0.191779874705093,0.309449419506679,0.101485837460914,0.101961457122503,0.120674982805157,0.16275729453999,0.0211740569801496,0.106514384650362,0.0486683603358287
ENSG00000115966,ATF2,0.215468325196597,0.239640070311294,0.5,0.228657614097914,0.121991259490095,0.246739894405062,0.325634695798674,0.184940485924039,0.204574937312023,0.165678352752071,0.299877802468079,0.156895365032278,0.120889104713295,0.230650436474196,0.272897691601027,0.179120537469178,0.0561382035900034,0.184577740095357,0.154603620747744,0.128782599091082,0.176934633526051,0.143461800753945,0.192234465437483,0.176351547573436,0.163750431977287,0.216968317954891,0.184658119191902,0.141047450899943,0.211692873361213,0.22781018880239,0.138838844703741,0.141079772585463,0.5,0.229820171106873,0.114039873829188,0.119999378295739,0.565418842280041,0.225060223011399,0.449095425047784,0.320591849872227
ENSG00000113916,BCL6,0.147967381827626,0.312085331679694,0.389927066590851,0.0658442010390124,0.131676160434955,0.186821596098364,0.0671471749687727,0.159309843385104,0.0474258731775668,0.0901830785343791,0.062674492917998,0.0649961923297727,0.0786107155053469,0.160764665339953,0.24424561660477,0.0669737755446037,0.0986050207990722,0.0799156895957683,0.0669491646359841,0.14423052227088,0.112937476002163,0.060066137465653,0.127867168316581,0.139028778783875,0.285952586780571,0.0595847924836268,0.273382132579635,0.109471193532618,0.0740104310143223,0.14627795348385,0.301483033411718,0.0770047242167731,0.346580243003758,0.179335856716824,0.106080090668262,0.127719493048819,0.180673671313621,0.26307910070631,0.16894361216454,0.072838460322337
ENSG00000111783,RFX4,0.000715464048062464,0.273745170710948,0.334593734113123,0.214813965420754,0.0418722681165529,0.00861104649792474,0.00827274681396612,0,0.845567308222237,0.271334418285383,0,0.299922226974014,0,0.71950264058004,0.952574126822433,0,0.0474258731775668,0,0.550383797041309,0.139801057281393,0,0,0.952574126822433,0.158516334610029,0.20486557823552,0.155866333945393,0.0371710779671726,0.067935289582963,0.0734216601458331,0.31996893217594,0.0432098161130248,0.385159777763252,0,0.46967639954462,0,0.952574126822433,0.952574126822433,0.259864680364664,0,0
ENSG00000196417,ZNF765,0.239097291941115,0.569404134167286,0.609433288877259,0.100659642131008,0.131695886779505,0.224065338395075,0.408318165139296,0.17984561558322,0.164747716299268,0.258147037502842,0.222246781917779,0.337067746729451,0.119206394318637,0.147349050526341,0.213860954719769,0.0802135831970154,0.734339427690291,0.412133162021257,0.226680970373812,0.38369961733129,0.236470504870385,0.201878892693726,0.286671275926012,0.377869184025332,0.409965785791426,0.244770432636518,0.317363289732191,0.283905606155203,0.158586086668669,0.304179015102692,0.282361021787141,0.209307044101841,0.737084449891503,0.230937601859574,0.236678277779131,0.403828888450868,0.19773494655458,0.233111034195717,0.174182136090357,0.0676215360758525
ENSG00000106571,GLI3,0.304177675579291,0.0474258731775668,0.952574126822433,0.105392693144279,0.142834446932306,0.0883756004727962,0.079621871396062,0.194604302519082,0.247950196110889,0.093051459867896,0.162593988892561,0.122954352347739,0.250966959688135,0.144598553950025,0.279238613381409,0.355454059039819,0.193517654621588,0.0571187882895991,0.323874632966784,0.466794790226296,0.069019449953706,0.0593027497704698,0.0557277426497888,0.0609900492825467,0.051830187368288,0.0931966896182417,0.444989531460899,0.075664797785093,0.108010562699633,0.129752430359949,0.125239378551346,0.0772255502825531,0.113560826090418,0.0474258731775668,0.164562527601005,0.5021123012678,0.4941115243457,0.136196782081546,0.688271000486106,0.114014229440874
ENSG00000100987,VSX1,0.0474258731775668,0.952574126822433,0.394451228224569,0.0474258731775668,0.0474258731775668,0.0474258731775668,0.0474258731775668,0.0474258731775668,0.798507998388639,0.0474258731775668,0.0474258731775668,0.123355832246886,0.232683798619832,0.124163502951557,0.0474258731775668,0.0474258731775668,0.0513376258187308,0.0474258731775668,0.0474258731775668,0.285554509922174,0.0474258731775668,0.0131389454212858,0.0474258731775668,0.152300580826968,0.0474258731775668,0.236259241497737,0.0474258731775668,0.0474258731775668,0.150810451102764,0.0474258731775668,0.338305618684155,0.162884315174506,0.408035752359291,0.0474258731775668,0.0474258731775668,0.0474258731775668,0.288798739564567,0.0474258731775668,0.0474258731775668,0.609094312151185
ENSG00000122482,ZNF644,0.196475045317806,0.952574126822433,0.430442371673184,0.105081550920905,0.0752025790305669,0.133386588091715,0.393712359181561,0.0550677926280723,0.0709325267897742,0.0903127224300524,0.245809024879395,0.101096750021957,0.102042250057263,0.112146301537203,0.248505029268779,0.122945825257846,0.0861471914690074,0.129754365855403,0.0765997124368945,0.521280480781479,0.1231114354075,0.0474670020409885,0.0922717476786541,0.122923591495062,0.0791277642047824,0.131147149390098,0.116809093396183,0.122892603026883,0.084126911809108,0.142239294057813,0.269586708572514,0.076467660014138,0.35692942952811,0.148351852005043,0.0513073274181753,0.233733739801929,0.0810601216432701,0.198775048196915,0.244684295792505,0.152702958452705
ENSG00000251192,ZNF674,0.0474258731775668,0.0474258731775668,0.918570191903816,0.397351900487496,0.328245125014137,0.0474258731775668,0.0474258731775668,0.434336751730045,0.0474258731775668,0.0696522104507713,0.18551991776657,0.0474258731775668,0.0474258731775668,0.0474258731775668,0.0466744973457819,0.0453373354675798,0.148910084020658,0.313435194551079,0.0474258731775668,0.0474258731775668,0.495781608439864,0.0474258731775668,0.0364226435513409,0.0991762051317865,0.420594366416044,0.0779333674413589,0.387564480971939,0.210838881958909,0.193560109250742,0.0474258731775668,0.288852709092981,0.0474258731775668,0.0635148044447087,0.182821724533567,0.0474258731775668,0.918570191903816,0.239971825461552,0.132369570366448,0.296316093751266,0.0474258731775668
ENSG00000197016,ZNF470,0.0474258731775668,0.101276797056438,0.36307063255837,0.0733812776792001,0.0474258731775668,0.094139204403014,0.0925381399810301,0.112979027000738,0.145832189710942,0.0474258731775668,0.0538215293189616,0.131539768265092,0.0474258731775668,0.279849469050017,0.091673786898204,0.0874118756598001,0.277908667026575,0.0729272366313549,0.104488152139515,0.341937012392217,0.160729857268638,0.154528533752673,0.111791869252575,0.13088739550177,0.0982912781295917,0.185478439715342,0.160617613963821,0.0783390073294502,0.108243345263477,0.16692407589591,0.374213830315967,0.0950396632820646,0.317831308193239,0.0855200440912194,0.282162956074646,0.225103733159727,0.384135471269358,0.167536453607536,0.0547308100646822,0.0694914539100562
ENSG00000196628,TCF4,0.129852194435022,0.123614079161568,0.901016156380654,0.0815998376753374,0.10562793704525,0.0744791934918019,0.108676289682981,0.0413628284108928,0.0883803916162786,0.113530103659319,0.0692222853081325,0.119591136924476,0.111743114569977,0.291919504758273,0.123852831103621,0.128544538651561,0.0578728582381042,0.100479389922008,0.148733643812284,0.0521173130035808,0.183284494263619,0.14771054733979,0.144203516712591,0.149241174248317,0.129962960991566,0.170674705772826,0.0954114605347702,0.210012142405546,0.183337811562674,0.0923203559936851,0.155085146971423,0.094476388455181,0.114207743488528,0.149172758277531,0.214382975031585,0.335033671115821,0.277349066133269,0.0512002625798113,0.302734669264274,0.0701878257064966
ENSG00000196172,ZNF681,0.0906528501244911,0.0474258731775668,0.758679692035175,0.261619528444439,0.0474258731775668,0.186829825901577,0.0474258731775668,0.130627508788299,0.0515020309593275,0.115599498545584,0.684726922849131,0.0474258731775668,0.252382448775105,0.0818891167274956,0.152391506717704,0.228568702901896,0.0722342465052898,0.565951606999884,0.176968068367121,0.077302381489065,0.27946444459241,0.196887375712215,0.0474258731775668,0.269508958652598,0.271385174060968,0.0474258731775668,0.118764939755504,0.0525336957004802,0.0474258731775668,0.211507150210428,0.417647194639096,0.053440934244386,0.0474258731775668,0.0907032197828447,0.103992558278879,0.155656323234563,0.0903457880066854,0.158418031591219,0.299422897806056,0.0474258731775668
ENSG00000167182,SP2,0.169167893697985,0.687839753270182,0.289090962261975,0.160332604692306,0.138002869067526,0.124489146858615,0.174617067156608,0.240580003222189,0.205094109763231,0.1118846050466,0.139582724914743,0.204359527644635,0.433546848922595,0.175243475953965,0.116947241681905,0.261594374350154,0.155500984465899,0.172848116853057,0.252895567426742,0.17479016740471,0.129058720787114,0.222207429488299,0.1783189337436,0.230155574113939,0.252959526751149,0.10648089840348,0.250367803406502,0.164069561151655,0.108606993279856,0.168251663043167,0.199190855981131,0.173942445806479,0.0474258731775668,0.151301400637838,0.160598411824214,0.230882267324978,0.306625709883694,0.145702137906684,0.111906587570108,0.218513777584221
ENSG00000134138,MEIS2,0.126059106214958,0.00922386195718595,0.772096870470202,0.371397004863608,0.0455417865952555,0.060829406687495,0.0757824323185387,0.0869635080576084,0.120617382305753,0.271833808158906,0.240999877774849,0.14372163163364,0.259574574067224,0.11965930258923,0.0998143979364571,0.38749287821029,0.150754019048426,0.528402696261435,0.31932448440747,0.09549132810698,0.0878367004700095,0.107290805846923,0.385965773539467,0.130480434196717,0.106515440200534,0.209078811426638,0.127271236836074,0.104994769572613,0.226114148297471,0.172113872626127,0.0770146702676829,0.097513071241253,0.000187934974033788,0.0562393406663668,0.108321003551548,0.525575929724118,0.332172170780799,0.119805737717757,0,0.0544779871100703
ENSG00000142528,ZNF473,0.0763932878431917,0.0518146170323583,0.851354200185634,0.148297290711382,0.343338081116169,0.0895160357144506,0.0909196592516853,0.0637434333729773,0.0573662137634082,0.325099152608644,0.235884479170496,0.383686363826608,0.0707229598925623,0.119781145236234,0.30649985965231,0.0753116904850444,0.183402767069838,0.376244141446881,0.0836994817117922,0.198882056247938,0.0879476599419454,0.209573795825544,0.353874628608542,0.289616813334196,0.144863836725521,0.175588276690129,0.105635596852023,0.0997459433218825,0.123198738794641,0.152892838666399,0.120927942530686,0.256895368733759,0.472798226289574,0.0535773488895191,0.357675721851179,0.472490070677246,0.114590321020001,0.620759784692581,0.258211991406061,0.056340164461485
ENSG00000143373,ZNF687,0.0989323152861223,0.123513249689281,0.86803793586249,0.132807659548286,0.191413531205607,0.119848978599097,0.173391046563495,0.120358660781107,0.13032198531016,0.191798976709153,0.0827193650964765,0.122253837041327,0.089647247169937,0.233609556094758,0.220199762673918,0.124412885230537,0.122273992603436,0.194612499006927,0.218037330326278,0.26392427858076,0.0790505110994043,0.0708273594462129,0.266700117256517,0.174821024703622,0.150176711778567,0.0586487122710673,0.163782138991695,0.148401831942554,0.0821236173767829,0.0915256878927929,0.350210402033762,0.0829319838195789,0.191036738823921,0.24566458962883,0.218089697342432,0.185466819768455,0.251026927714412,0.0967032127276788,0.102999078881933,0.21229933119805
ENSG00000184635,ZNF93,0.15979007154521,0.624596763826309,0.508264315143879,0.192224968645353,0.148144822304612,0.214439573386978,0.69375461907883,0.145387408321362,0.0624345451884076,0.189776953999255,0.225513013364323,0.163460580823121,0.0999251949398427,0.197046408233745,0.225650163040288,0.164316536323366,0.452055449432469,0.117668640662545,0.0173811229234533,0.166495189042622,0.167693690722297,0.0494656977359374,0.227331363204752,0.127039444149015,0.161204120485378,0.205149762077756,0.205923512361061,0.140267948424208,0.0718156208180353,0.209897419369294,0.191328214609222,0.102513010857647,0.339602885165269,0.110905671493298,0.415265135471514,0.238987114299384,0.156301681989788,0.0839036921141451,0.231994278132372,0.4512331493553
ENSG00000128610,FEZF1,0,0,0.474759185458178,0,0,0.0474258731775668,0.0474258731775668,0,0.0474258731775668,0.952574126822433,0.0474258731775668,0.952574126822433,0,0.0474258731775668,0.952574126822433,0.0474258731775668,0.952574126822433,0,0,0,0,0,0,0.0474258731775668,0.0474258731775668,0.0474258731775668,0.952574126822433,0.0474258731775668,0.0474258731775668,0.898950668145804,0,0.0474258731775668,0.0474258731775668,0.0474258731775668,0,0,0.952574126822433,0.952574126822433,0,0
ENSG00000128573,FOXP2,0.0906557073470751,0.626347204697332,0.311993917688615,0.258352867296186,0.322995136535793,0.13505228845993,0.18530136583468,0.286363444508249,0.0666530201926504,0.37439287284757,0.140424208888512,0.128384533286844,0.0908649274122917,0.391116769806881,0.164483306517014,0.131279480324117,0.308120799875884,0.114732158467817,0.209018621309309,0.331694562881241,0.107271469703526,0.0715566148371022,0.128325815470215,0.221897472958209,0.128797558252189,0.122255593206571,0.239256667932667,0.135466717254758,0.16269958414699,0.253419560792797,0.107326772204569,0.220427169537895,0.163068709408679,0.157186339517894,0.124557486278961,0.486768294225667,0.502814610738557,0.436395246315885,0.10861235232013,0.427749199083618
ENSG00000165821,SALL2,0.306687506095809,0.578667332401518,0.843083761965435,0.180155203172876,0.0537357716937235,0.0474258731775668,0.201503346402039,0.0874502060298724,0.0530696360209252,0.206794661681301,0.0474258731775668,0.0705130939035679,0.0605943980341873,0.245529360225686,0.18754024344151,0.0474258731775668,0.0942978297918456,0.0506022216777261,0.0711047824415631,0.268015201617002,0.0474258731775668,0.0474258731775668,0.0474258731775668,0.101414406586704,0.160716647458607,0.123355547141856,0.140154031099123,0.118950486251029,0.0497228493374845,0.0937854502594971,0.113776998904601,0.0474258731775668,0.229366951392255,0.0474258731775668,0.117553270418811,0.0474258731775668,0.393632000225332,0.0474258731775668,0.0474258731775668,0.0474258731775668
ENSG00000197937,ZNF347,0.226229091387095,0.605725798276313,0.853494244412727,0.219822269771491,0.103450336633586,0.135933844209581,0.375721753558091,0.157809738628632,0.155916540826548,0.218293632725156,0.17175059901546,0.116423298518423,0.113381463078117,0.138701060462408,0.188634907736382,0.161147795803229,0.182144494143216,0.0470084464811265,0.118697990487809,0.194953429658621,0.38270229735615,0.391787477398074,0.213070386826026,0.263382977684504,0.186305297129813,0.232252758189912,0.298891874537189,0.222326192560207,0.129417612068414,0.258887846812622,0.232766936158726,0.177463535291331,0.346101273025487,0.199603374590897,0.287739244760755,0.432277927147042,0.191259311071946,0.660023393983755,0.0713938839026737,0.0474258731775668
ENSG00000134438,RAX,0,0,0.319940624146587,0.0474258731775668,0,0,0.952574126822433,0.952574126822433,0,0,0,0.952574126822433,0.836906980048906,0,0,0,0.952574126822433,0.0474258731775668,0,0,0,0,0,0,0,0,0,0,0.689760686181852,0.952574126822433,0,0,0,0,0,0,0.952574126822433,0,0,0
ENSG00000139445,FOXN4,0.0474258731775668,0,0.627310508872394,0.640825159873027,0.0474258731775668,0.380792740628907,0.640825159873027,0.512880741869225,0.626269946264438,0,0,0.124091888829431,0.33508766003594,0.466835066223828,0.00684903282035238,0.0230925563570556,0.0474258731775668,0.640825159873027,0.278050183375662,0.00467115104028638,0.0281829338194945,0.290568065169117,0,0.461139594097879,0.640825159873027,0.206415677734074,0,0.131587931489837,0.0474258731775668,0.461840074856213,0.265153110962545,0.0667989260033573,0,0,0,0,0.247238597110074,0.640825159873027,0.302773655466047,0
ENSG00000069667,RORA,0.269505024494009,0.589236577326691,0.945686733867359,0.0631826135389665,0.0474258731775668,0.120174073064743,0.0474258731775668,0.0474258731775668,0.11440042685632,0.393003911344446,0.460579664566465,0.183113332324583,0.0868628666744767,0.124135094762914,0.206346580121785,0.0474258731775668,0.0640460723389362,0.0994304491283209,0.303610606041463,0.0923203156627163,0.0474258731775668,0.227702718349485,0.202689634315427,0.113047204273401,0.157889442767439,0.0574448599452244,0.0893083101489175,0.160867007184307,0.0821243971429298,0.0766983513177018,0.119619863287974,0.237415977628636,0.238922905475002,0.0474258731775668,0.0568610792023648,0.156510425644247,0.150559684741773,0.11507207166961,0.0474258731775668,0.179738658817404
ENSG00000185947,ZNF267,0.113305125670655,0.0474258731775668,0.60947933243137,0.0474258731775668,0.055392347640526,0.0506860618021355,0.0474258731775668,0.0474258731775668,0.0474258731775668,0.0474258731775668,0.0474258731775668,0.0989512923246494,0.0812391888197054,0.0662603530854372,0.176570906336819,0.0474258731775668,0.187800742762392,0.138730806186056,0.0770304455907545,0.0687590345542789,0.168023492426466,0.0474258731775668,0.0561179100433748,0.0521438718271417,0.0474258731775668,0.0686430832163569,0.124516073614811,0.074099486929324,0.178102036467585,0.0910806616053941,0.101132839624716,0.143186734949506,0.584910092498883,0.0970059630030218,0.141943561412994,0.274129034435119,0.0837945369732484,0.381475493125855,0.12055691168969,0.309896882346119
ENSG00000189079,ARID2,0.411092604825936,0.952574126822433,0.952574126822433,0.275589860196361,0.0939161290993069,0.115071397127556,0.598046004398071,0.165146142919068,0.226786545073121,0.116096152286271,0.415059973959421,0.0983573203861385,0.127273504727062,0.152851204828477,0.258873026572344,0.172556207111976,0.0474258731775668,0.0474258731775668,0.0474258731775668,0.290482642324528,0.0824781657893728,0.0478239708435728,0.0474258731775668,0.148978065134243,0.11249580563667,0.134518688229868,0.0682756541393536,0.0857221151624125,0.107555058906304,0.122362687923453,0.212387000744622,0.0692442419811573,0.952574126822433,0.0991939473692516,0.0474258731775668,0.241710639568478,0.580885988844374,0.0789137333619047,0.435362920203769,0.331590219296371
ENSG00000182983,ZNF662,0.071080169226354,0.0308249263863436,0.671406764542085,0.0474258731775668,0.0474258731775668,0.0474258731775668,0.0474258731775668,0.0474258731775668,0.0583766190874289,0.0474258731775668,0.0474258731775668,0.0474258731775668,0.0474258731775668,0.0744609676851408,0.11421884385278,0.099404694912681,0.0732780121332802,0.0474258731775668,0.0474258731775668,0.0474258731775668,0.0806029179496596,0.0474123937047591,0.0474258731775668,0.170860495723199,0.0474258731775668,0.0625010772143246,0.0498317676321401,0.0474258731775668,0.160962250449263,0.0474258731775668,0.0563207166131375,0.15867997700999,0.342459169246395,0.133419834825985,0.0474258731775668,0.0474258731775668,0.196549499127364,0.0474258731775668,0.0474258731775668,0.533467451130301
ENSG00000178935,ZNF552,0.404977904391756,0.936725937153453,0.936725937153453,0.403949789379377,0.325116566899628,0.538136847022664,0.936725937153453,0.173752731037123,0.401456024314402,0.404916354178049,0.3490640706449,0.535785828568969,0.70807919458914,0.228879008371134,0.471861032108474,0.32686041578617,0.414120013765487,0.467347185289631,0.936725937153453,0.242005740590174,0.379961373164724,0.487347777118993,0.630986928520956,0.366933627716446,0.41204334468115,0.565005362588356,0.314340444808979,0.716647032579406,0.463053276229455,0.264884803160681,0.208960928630202,0.337542163797539,0.412807059715705,0.20364098525801,0.174237328363395,0.611659059475403,0.792584109980391,0.615828123785112,0.270887130122673,0.0474258731775668
ENSG00000161642,ZNF385A,0.925412306422177,0.902778340225399,0.0474258731775668,0.399762443930435,0.228322894557598,0.15033152000102,0.644234530082669,0.587138926924131,0.535724237821138,0.0640130980089504,0.0789762903910437,0.480246921598129,0.37488018271637,0.321922956234736,0.163810488638683,0.654332050815642,0.407340516953684,0.710015820526597,0.952574126822433,0.214561585749559,0.47221963263153,0.790882323490472,0.615052346903702,0.430778105873693,0.576254699568609,0.700836517381189,0.645282926664605,0.324464313336131,0.173796340399122,0.295982165478259,0.595475346650282,0.0991455686675706,0.151197947040867,0.104538367368921,0.0474258731775668,0.0474258731775668,0.257887255745471,0.126397042914859,0.500013668207004,0.392922888704744
ENSG00000028277,POU2F2,0.441996458092789,0.723129490918741,0.114783454510863,0.343845061289191,0.48566642689327,0.302906247826362,0.169745750735082,0.467110158163177,0.829345163262114,0.378210800235894,0.268198408115634,0.391308877037674,0.342652694805751,0.408099634603756,0.371979818394599,0.710000875207654,0.512027784125578,0.461541510491327,0.342586745090549,0.389994237174752,0.614038080042376,0.399565091432382,0.445334605532892,0.415582067521114,0.578878490784111,0.321062614600856,0.345268012341631,0.509695628805335,0.782176661831028,0.356527677587541,0.876465152093636,0.666311706855369,0.802222924628853,0.525616010972682,0.18740100699338,0.408635714871511,0.952574126822433,0.165743453588839,0.559264498776237,0.838568447000365
ENSG00000178386,ZNF223,0.54590327279317,0.181446387691259,0.0474258731775668,0.293218872421684,0.531714648315205,0.501620371606382,0.306103342555119,0.63681492186555,0.089733267422682,0.677165219025332,0.0474258731775668,0.477129453895962,0.189321783294973,0.143725068168114,0.452395506504407,0.464257631130447,0.0474258731775668,0.30192781375259,0.321310948709114,0.124363190427873,0.781705301087644,0.468464122550433,0.455666959141741,0.468150131959618,0.611994302504592,0.76540818424772,0.632591268488147,0.21897308104563,0.108636012349258,0.340474278598754,0.14335136594828,0.256166495047232,0.583940579549413,0.275204531520137,0.0729290466366966,0.0474258731775668,0.0474258731775668,0.655328715109398,0.0474258731775668,0.425750003048234
ENSG00000152784,PRDM8,0.724657445503612,0.543868012891347,0.0474258731775668,0.952574126822433,0.360504035069738,0.691746279044606,0.46222326197002,0.952574126822433,0.0474258731775668,0.165578740803234,0.0474258731775668,0.171132939182951,0.02534983760192,0.270512623796687,0.192985660418824,0.484697546341435,0.222233011061215,0.734395537419843,0.304905827173531,0.31383195212742,0.952574126822433,0.861677081153218,0.952574126822433,0.24836450668888,0.867084066312152,0.154688386507044,0.900033278564125,0.951182195230543,0.261788245132145,0.952574126822433,0.527472855926646,0.385102424047653,0.0862336475553127,0.199438016740024,0.952574126822433,0.0334207842263819,0.482970205421043,0.665114889930318,0.514268744929467,0.0474258731775668
ENSG00000007372,PAX6,0.529964051764572,0.609672596033495,0.952574126822433,0.0610169634897736,0.27451667940965,0.0371414015606641,0.114311581288604,0.247136002429836,0.529964051764572,0.410959565941335,0.0576447789403148,0.0239066539064547,0.146431748129211,0.348931331781544,0.0769842547028267,0.589048684372759,0.529964051764572,0,0.187043454905981,0.529964051764572,0.488256424568133,0.128416490339067,0.0724499656522296,0.952574126822433,0.269769927283944,0.952574126822433,0.366899424850836,0.272525666254037,0.398497029712596,0.0951776124255013,0.874365217349724,0.359655078540607,0.952574126822433,0.170495114532079,0.529964051764572,0.363012230961465,0.529964051764572,0.0894474786475505,0.0310625197519026,0
ENSG00000197360,ZNF98,0.329691813387971,0.0564770794897657,0.00120960668471353,0.254396878622083,0.947585646138542,0.280354878243452,0.409661194763327,0.361775805830877,0.947585646138542,0.947585646138542,0.306705075353452,0.564963265674997,0.521724310853936,0.803786305915377,0.947585646138542,0.282111586949232,0.390208484062611,0.0684783558394503,0.433014114722744,0.0946905502368335,0.725769195346318,0.0424319937080506,0.0718806612178034,0.506972290113799,0.509140968560589,0.947585646138542,0.947585646138542,0.133837494338725,0.0134674795360006,0.947585646138542,0.00993301966011933,0.171789691894285,0.947585646138542,0.427954683034802,0.00344964763519193,0.000365009469919946,0.662218142208576,0.947585646138542,0.353555492459071,0.0474258731775668
ENSG00000089335,ZNF302,0.397325169476622,0.818527610989196,0.276828642967878,0.405601875197876,0.315068728800971,0.512042064420016,0.414044094400435,0.411302523684062,0.269985937204648,0.324029679222007,0.499324784467898,0.422855316357121,0.30185651181898,0.23630825519226,0.388031518035865,0.317134217300993,0.624786186936279,0.33779705706166,0.197491144356231,0.198223506056877,0.378113116709337,0.24532719748127,0.387459718204812,0.355578798546989,0.402526611670164,0.304682104373543,0.44626205774207,0.397766437088986,0.299628075391498,0.31703748693073,0.240113229467093,0.227939280300127,0.266959662824666,0.428430420128386,0.194086011005486,0.422667265592162,0.58943891739934,0.484066458269581,0.748696861263397,0.480398478147222
ENSG00000186812,ZNF397,0.329647943451369,0.33289060516115,0.48264109727394,0.304447797866282,0.349744745207972,0.281378721720008,0.303680781340772,0.36663262965695,0.308851418430778,0.250396117900873,0.282487071990877,0.30724105267759,0.511686141093673,0.50931373394164,0.361298962035538,0.46430287709864,0.554639113855837,0.523472548684486,0.349123426784312,0.53226005121187,0.356187095324152,0.454077977077596,0.44171689913979,0.338864271813865,0.381547909652816,0.388337443374128,0.474920826040065,0.321638165497425,0.293213519714859,0.285148540669465,0.582737170318351,0.324464003883567,0.330365890122463,0.264067085536338,0.395476923184998,0.273556035555668,0.405110528705489,0.537874479588065,0.326521892464882,0.414610733421221
ENSG00000275111,ZNF2,0.483152033204485,0.290867585493101,0.0474258731775668,0.387573330864629,0.210772059944386,0.426511417846158,0.102568070107055,0.144356147106798,0.278921452098389,0.425086212405027,0.136480637923881,0.384863524642975,0.58618534268006,0.294161712204246,0.393562021715266,0.214241682638611,0.374223043614254,0.503820862934683,0.181334043574308,0.248899700296932,0.631303430017843,0.436376080178021,0.159367895219611,0.364779038400068,0.215547381367412,0.482527277001191,0.525409546911313,0.190879294060277,0.512483883652504,0.536310729019743,0.44566265268656,0.397951456529351,0.556729358563868,0.69956356794989,0.0474258731775668,0.0946822765396266,0.364895717038539,0.374592080265408,0.074249553718376,0.384153500608593
ENSG00000187187,ZNF546,0.455676219643509,0.763517064666751,0.0715965655452051,0.15337039093675,0.765716911605608,0.735210004112222,0.120500002126672,0.448207212365481,0.561275391120991,0.336155457878089,0.0474258731775668,0.356505918225006,0.457383672223684,0.496865123678641,0.617877930863596,0.259645156869266,0.768088123164254,0.320357999329455,0.314193735200045,0.606068957482805,0.729938019330325,0.390406023071881,0.0377651963018766,0.378158000172513,0.201560539281795,0.572549588020874,0.208582121566279,0.717735933097208,0.741379489141265,0.666477072113068,0.621243008889979,0.822541587630258,0.489017600776592,0.860352585939805,0.038722391173788,0.0419723909927926,0.278735465286227,0.259567668295133,0.0146057345559572,0.294918351988206
ENSG00000166949,SMAD3,0.5,0.5,0.5,0.5,0.20715710738314,0.5,0.5,0.5,0.5,0.267367737444172,0.492439372918402,0.5,0.5,0.5,0.352541010272469,0.5,0.5,0.952574126822433,0.5,0.5,0.5,0.5,0.5,0.5,0.5,0.5,0.5,0.5,0.5,0.5,0.5,0.5,0.295743027071063,0.336033356848932,0.387004705434793,0.125398054880167,0.5,0.34977202114668,0.340895594020103,0.5
ENSG00000170374,SP7,0.0474258731775668,0,0.0474258731775668,0.436812077492353,0,0.475378824784753,0.0474258731775668,0.952574126822433,0.952574126822433,0.952574126822433,0.952574126822433,0.0474258731775668,0.0474258731775668,0.0474258731775668,0.0474258731775668,0.952574126822433,0.79138986533856,0.952574126822433,0.153958998036743,0.952574126822433,0.0474258731775668,0.0474258731775668,0,0.0474258731775668,0.0474258731775668,0.0474258731775668,0.952574126822433,0.387200645398338,0.721942871221883,0.952574126822433,0,0.655790535558137,0.0474258731775668,0,0,0,0.0629165469300577,0.0474258731775668,0.671819543920676,0
ENSG00000182141,ZNF708,0.490972951589948,0.112124430088676,0.757036727857237,0.239382913503372,0.408254101113428,0.248972132051495,0.137369726710182,0.295247381906601,0.384999800078315,0.284033129151059,0.203915384329595,0.294507272218199,0.256851513718232,0.367208762989694,0.195919332772842,0.234316285987772,0.51983632568671,0.324571791578766,0.253491099243261,0.261971857501896,0.480651564189657,0.860364685669946,0.358694724642229,0.463713972422542,0.230056664187305,0.42711573980529,0.264209592018613,0.361353210499438,0.41408821673804,0.508267385634013,0.267153773269242,0.560499167738564,0.595344885394113,0.202032075851498,0.39993746057782,0.14174000187133,0.21111401861563,0.419353491595047,0.484414340723926,0.887486156617615
ENSG00000182986,ZNF320,0.297204671461653,0.524221926142369,0.814548134213018,0.261148482363578,0.416544179348459,0.336043281118853,0.459247047043306,0.659514696323689,0.455235591742154,0.406190414895085,0.431115799379094,0.284695735767408,0.430363233765435,0.385845087949996,0.297229838606417,0.392317694758589,0.580416223558254,0.364966661560135,0.715108090495589,0.294239696042229,0.54770187850722,0.557584494637356,0.554198119168067,0.432304688210478,0.609221168952304,0.255063104332029,0.394597623593681,0.561948263847839,0.402490575828605,0.31252837074831,0.86408407048492,0.522774399225561,0.378638993196911,0.230702883036713,0.667636217007864,0.60688743147926,0.582799147521982,0.313723457432216,0.455762178727317,0.117298985545633
ENSG00000103460,TOX3,0.165519320849301,0.11271967415978,0.952574126822433,0.479317376426634,0.263962755057364,0.273423202569997,0.737509847107919,0.399726090090724,0.686275640805751,0.253263736634768,0.15501684223223,0.233916190140975,0.952574126822433,0.16647410096199,0.0688052809597493,0.373474822010489,0.218477814182557,0.53669283132389,0.538506790383535,0.287316602331594,0.612938911444806,0.206127305177518,0.31344298786547,0.334001508918637,0.322532889713848,0.320419561742608,0.768741205058923,0.309029525239433,0.952574126822433,0.34917676513239,0.215070799963353,0.421666662062445,0.0474258731775668,0.152783569973057,0.0474258731775668,0.24573453292039,0.595165538576318,0.0474258731775668,0.0474258731775668,0.775821796014313
ENSG00000256463,SALL3,0,0.952574126822433,0.952574126822433,0.0474258731775668,0.0474258731775668,0.0474258731775668,0,0.415686020760294,0.952574126822433,0.952574126822433,0,0.952574126822433,0,0.952574126822433,0.0474258731775668,0.952574126822433,0.952574126822433,0,0.952574126822433,0,0,0,0.0474258731775668,0.00459496503554099,0,0.952574126822433,0.952574126822433,0.0474258731775668,0.952574126822433,0.0474258731775668,0,0,0.0474258731775668,0,0,0,0.952574126822433,0.952574126822433,0.0474258731775668,0
ENSG00000152433,ZNF547,0.688621697243518,0.523668456403568,0.532359998817478,0.570607775260866,0.424307182987432,0.402324990225286,0.952574126822433,0.690649531492665,0.466056162703497,0.305607847815678,0.483300873476587,0.55015968418777,0.52962321321566,0.387152514617447,0.458731746205474,0.317478263003634,0.426616510554496,0.167270542633978,0.952574126822433,0.41269026644023,0.569723890432933,0.230846188764257,0.645789947455423,0.676179327506421,0.751697600300711,0.60049255951003,0.461768932584544,0.323798799663643,0.313440019397888,0.589363345920287,0.367430780865659,0.456647918313757,0.191142107161157,0.347496161048329,0.252864330823122,0.952574126822433,0.331918748288254,0.360201550333059,0.50554955339637,0.156402957603704
ENSG00000168062,BATF2,0.648430185774269,0.929655859507497,0.952574126822433,0.0891777919260504,0.0474258731775668,0.0749463528454122,0.0474258731775668,0.862812301606855,0.263315521755239,0.118825257482872,0.0474258731775668,0.471077207094648,0.442262290343903,0.535872433920429,0.858416421109866,0.0474258731775668,0.0474258731775668,0.835498468164355,0.471195905839893,0.405653203654728,0.952574126822433,0.918421257993202,0.159999812938972,0.20002306526959,0.445741136720699,0.802981017764757,0.941153583012644,0.952574126822433,0.0680934027325294,0.342259798205896,0.633167789160698,0.952574126822433,0.156461217921223,0.0810918076974281,0.0474258731775668,0.0474258731775668,0.0474258731775668,0.125369481925294,0.0746180986656116,0.189292173523021
ENSG00000204920,ZNF155,0.336569298416675,0.236038778835184,0.0474258731775668,0.220979103131295,0.195307623458523,0.254531017444492,0.20241590512053,0.251228837280792,0.259287835420638,0.303929270260084,0.312927011423008,0.355151803616981,0.437726005242648,0.390599386671258,0.259536069440222,0.303845261966867,0.817677329594014,0.459789949407361,0.551313350963304,0.411473254714608,0.816821344540706,0.382840750398591,0.388719562623292,0.328013467576589,0.229864258055081,0.43899473297842,0.425854517272363,0.718408940631075,0.460493335965407,0.287617857909305,0.308667152482154,0.337690006494756,0.232359164767651,0.259422925070071,0.165318814479282,0.907599842605271,0.491601253597487,0.204423616993129,0.281989073040304,0.42561901670182
ENSG00000120784,ZFP30,0.370906076633643,0.876630949145383,0.180875519850896,0.348616219238478,0.123742122046247,0.442242874115557,0.665264442780404,0.253736172589433,0.447148446994981,0.278702254968838,0.28785085069763,0.413928788840985,0.268709048542649,0.31717093554673,0.244183094191069,0.407590097334616,0.383682341250746,0.44319185511395,0.328516340258578,0.376865623583441,0.432358738692001,0.232411507747549,0.263428686393708,0.5054022988665,0.386773536701047,0.294703408935203,0.456602974092227,0.36565683161564,0.299276085325585,0.643518653822169,0.16290615506936,0.493757634429195,0.113012358055762,0.294583972352706,0.715199215146488,0.70670314140448,0.515818737496638,0.13288675397018,0.300027235909552,0.448513470815833
ENSG00000175387,SMAD2,0.431116229519932,0.232436594068788,0.353010867685766,0.42029432340905,0.435451694398467,0.446353029054567,0.417743295340025,0.418903467004648,0.5,0.416553765655725,0.377506573715307,0.367639622367721,0.458160946331799,0.351930959589345,0.419498793332444,0.464920638147657,0.390735911022796,0.453955729683908,0.434261338255002,0.339806863238238,0.427283365656789,0.479522300440808,0.458815957169107,0.401055980290311,0.401080054412841,0.371515604827738,0.449377086919094,0.328649669257472,0.486762528289604,0.422697017707159,0.436979525245555,0.395979719872903,0.345144031690302,0.380177591693654,0.341582447856324,0.5,0.42155001445014,0.430659769928254,0.451033222215115,0.5
ENSG00000177125,ZBTB34,0.233357698556755,0.0990886727417133,0.117493750631114,0.338971358240594,0.203499596412554,0.406585160071934,0.192234776625218,0.416180510891024,0.310885218196087,0.517768711296746,0.641347867192875,0.289368627457083,0.507631296134029,0.351239520077221,0.229306908275101,0.362993155361521,0.311287541846199,0.248299278260034,0.952574126822433,0.0970360512610293,0.547945634168133,0.250267855092017,0.290821736379075,0.474992903346349,0.854805484529406,0.204577010503472,0.577959998769085,0.351442223632501,0.372420273054785,0.456493593162133,0.280312420708247,0.768128723170965,0.675480360109772,0.268584059645593,0.394269337187787,0.0474258731775668,0.952574126822433,0.0649754264597511,0.580351927108958,0.0474258731775668
ENSG00000118156,ZNF541,0.5,0.5,0.307579201221416,0.5,0.269252479460935,0.5,0.280874364774774,0.5,0.5,0.0785075376384718,0.5,0.5,0.335844944565296,0.5,0.5,0.377347235771057,0.149493799439847,0.27221808977163,0.111893303609566,0.277922590533295,0.5,0.5,0.280770715790601,0.5,0.5,0.5,0.391825457234195,0.0804649109685749,0.185686646393995,0.372441324777019,0.269447904882225,0.5,0.5,0.5,0.5,0.0582406861649154,0.109630538390369,0.5,0.362799149113862,0.5
ENSG00000196233,LCOR,0.481863580983655,0.401603609601111,0.952574126822433,0.493257878863568,0.326018445785042,0.435777079081683,0.658993198120534,0.498206039752738,0.620473066921507,0.216452684616644,0.260913719441817,0.358485677658851,0.424802254921715,0.351840677158125,0.41446671849746,0.300268584506429,0.321426941386102,0.393654112518549,0.299021389390742,0.397904421543939,0.391069534296283,0.58116253611312,0.245289538965433,0.321099115801828,0.327789765023145,0.551661873350803,0.305586910014545,0.256947298254952,0.291837146335824,0.471933547544728,0.341224765834265,0.264334054205308,0.651290813573677,0.187762718438905,0.147690738714198,0.302290751570149,0.297738013816458,0.321504523382915,0.28416556357079,0.597308755353173
ENSG00000129535,NRL,0.511486308912441,0.145214247425712,0.162984569530566,0.374461351854358,0.102428836125028,0.445627978790525,0.257643786430043,0.372041503806833,0.456028713040716,0.133863535133651,0.289187838156613,0.476245748431753,0.452256232052064,0.440146980979544,0.402258343523472,0.393603114098714,0.371247402638397,0.952574126822433,0.373555256001698,0.445420740074896,0.338000697523418,0.952574126822433,0.671067840347807,0.4006198148612,0.618597403072766,0.607706479767357,0.404376110201988,0.226489016723965,0.410729086911359,0.68968864003464,0.718372259082601,0.50119609261712,0.354048026080406,0.144573389584552,0.0474258731775668,0.0871937099252399,0.952574126822433,0.387556613556163,0.439468412496725,0.434875488810153
ENSG00000125846,ZNF133,0.453120906488926,0.583500084876724,0.0474258731775668,0.0972771572565228,0.467483301647351,0.100586067256929,0.174680144327558,0.374790231406868,0.443093618865698,0.246202196939319,0.0788628563522565,0.446929493335225,0.305319554721055,0.881437750373904,0.429614042522509,0.626740303010112,0.268260791156633,0.952574126822433,0.595032355876331,0.0474258731775668,0.952574126822433,0.338513878088153,0.952574126822433,0.58042783686321,0.717318411498817,0.309281311544698,0.287045407910247,0.351730343085627,0.507870869823445,0.340394797921275,0.906777518501821,0.76656017616028,0.0474258731775668,0.0976372019933158,0.452093367941899,0.258112919696457,0.304003142683386,0.507476368010846,0.169645393884153,0.558513202829788
ENSG00000131668,BARX1,0.5,0.5,0.5,0.5,0.5,0.5,0,0.5,0.5,0.5,0.5,0.5,0.5,0.5,0.5,0.5,0.5,0,0.5,0,0.5,0.5,0,0.5,0.5,0.5,0.5,0.5,0.5,0.5,0.5,0.5,0,0.5,0.5,0,0.5,0,0.5,0.5
ENSG00000128652,HOXD3,0.550340582319708,0.952574126822433,0.0474258731775668,0.0840630586258683,0.522732307282551,0.0358894460218652,0.0474258731775668,0.952574126822433,0.645241800567958,0.0252291360450274,0.586590631444161,0.529409965779979,0.75746361266154,0.0359274327111782,0.142348823031061,0.450058746672684,0.0474258731775668,0.0688300423551064,0.182712679071403,0.0555338371216895,0.487749242002781,0.0474258731775668,0.691350979832956,0.377796719788456,0.952574126822433,0.0870786097195501,0.651383576534388,0.262340873952923,0.189080116441854,0.755303910292198,0.00463061615835114,0.0474258731775668,0.0136425695281833,0.0670452867191358,0.952574126822433,0.0474258731775668,0.499054477878429,0.0205702844910324,0,0.0182991598693216
ENSG00000116604,MEF2D,0.810428782366908,0.952574126822433,0.853702758276315,0.241200043905099,0.173133288899891,0.264431967307842,0.246743159239422,0.421321156143798,0.441467571210112,0.277330541793082,0.136189087169369,0.375305702111208,0.877422281408395,0.404100713649251,0.115989454875264,0.144272632249885,0.0474258731775668,0.164853471151842,0.259354984086828,0.320087252320134,0.497203757148942,0.410438857030285,0.126045777061129,0.333741318759107,0.670559389417435,0.466881555669983,0.229116312199814,0.374677671379438,0.423851126379079,0.393026840969471,0.202656135642043,0.339815966514913,0.592691060520911,0.240038844695773,0.0897854765906692,0.0474258731775668,0.320398620665341,0.38691940236053,0.167644779066771,0.952574126822433
ENSG00000197808,ZNF461,0.288279420901633,0.0474258731775668,0.0474258731775668,0.26367607244893,0.0474258731775668,0.572185837237658,0.178528563197238,0.226151045241415,0.191833267763184,0.144925984743679,0.29971843556434,0.169318311170292,0.492774508627275,0.604354823246063,0.570647785069034,0.543012697338522,0.398408895151103,0.136957553866674,0.511529725559544,0.676426248950658,0.526665543506903,0.285458601353075,0.253609602104186,0.382372384183312,0.295133540007746,0.06366654527393,0.864282259037258,0.49309666974441,0.28931011552143,0.0820722729690353,0.533907549650827,0.712482977893322,0.275127527828403,0.220667621908493,0.0205256132754972,0.00833196464423539,0.170120537152859,0.26446810043132,0.377121413091136,0.425299932107927
ENSG00000177426,TGIF1,0.172762006099752,0.121725434242852,0.493812334773265,0.305310252069904,0.492395861002837,0.52948869301911,0.400426108200289,0.361264846744102,0.354887055099447,0.590383132979978,0.424765849613786,0.374653526207218,0.343856407696598,0.265046281377845,0.389352260672953,0.331938555183436,0.381051119144555,0.501332108474011,0.344011894914206,0.442679891744855,0.314970303885356,0.242846232192268,0.301192655666925,0.391963146632129,0.215699412045245,0.360395889868372,0.435561693403827,0.41016145726276,0.387649007201877,0.415032476803435,0.3122217275956,0.502123852869511,0.678043353086589,0.473694569760236,0.321125438682677,0.786604336699804,0.295517319058572,0.372459350967755,0.250362830078078,0.325237752429296
ENSG00000140987,ZSCAN32,0.523719507642109,0.126601554661768,0.135319080575147,0.460617997958188,0.279546885762537,0.462601174954401,0.350248366798975,0.551847111354702,0.510196391253274,0.725411534915497,0.405543329503447,0.309005638627801,0.4027686857731,0.380125198086626,0.439231547056422,0.446913830372388,0.581956297478354,0.360578837940371,0.423697641292489,0.216969243062555,0.385096070753711,0.262919550822201,0.286436189610814,0.47863620109594,0.581194470428336,0.228560927742052,0.313974272305832,0.280758783445912,0.540060554136562,0.697981599133473,0.635963104984931,0.197329572032636,0.371736452186255,0.523960260960391,0.507985835089989,0.575265295783815,0.705187944028683,0.709991016160139,0.514472376449196,0.229281581779501
ENSG00000197619,ZNF615,0.233315344325936,0.259653076558365,0.0791233470464087,0.432557985684995,0.407652196459554,0.311804360994643,0.267714441816664,0.4705920290398,0.34753824431503,0.268906296378958,0.484013513145063,0.261430223055279,0.262201857530933,0.301265436568944,0.181221905964233,0.327835878863745,0.336392232708919,0.361189191257141,0.304203889388218,0.667454620023782,0.475980122003374,0.275577550372941,0.642367652819351,0.445639715148949,0.232086634084649,0.373223857696436,0.430879675268234,0.300473547132053,0.50333591050438,0.204190533777423,0.518812128662528,0.952574126822433,0.358223292611751,0.313252502840975,0.360526639260923,0.21434202359718,0.544428585183849,0.479579896698466,0.298319976194459,0.141916340220934
ENSG00000126804,ZBTB1,0.37059604947919,0.477448598927443,0.483927384128071,0.262215703443376,0.312108041589756,0.292725070945557,0.498900839470492,0.273594307387266,0.351738247533774,0.251198196863781,0.330349671114965,0.319323574804885,0.464346192775797,0.267722500596617,0.357967003467148,0.278698736015412,0.398427759170777,0.203386265034395,0.280264221446448,0.331685860260519,0.398348049603783,0.336737508620645,0.34860621594381,0.326254499095678,0.306327605562178,0.371803553331151,0.29716265248292,0.293101519668134,0.389474936755635,0.269796689701395,0.180761212904219,0.412616902367271,0.50910101466408,0.265011778670348,0.315091754596751,0.372760350456401,0.342718479167234,0.333659272396087,0.135148151146954,0.482877028926604
ENSG00000136367,ZFHX2,0.61199804751977,0.104512067703244,0.952574126822433,0.465047864129058,0.241279994446025,0.0474258731775668,0.874108245578889,0.199137147874119,0.26780101133867,0.394220032712119,0.542066587008268,0.347322832470064,0.375938961798799,0.516314235427705,0.272635243129089,0.269247776129746,0.215221740772862,0.0474258731775668,0.484642942491644,0.0847286677246189,0.258622731739543,0.329892187670593,0.250350352660892,0.20687137204068,0.12479180587278,0.216051302774124,0.267805801730742,0.505107402391373,0.472163670062369,0.664381290838358,0.404379612409472,0.629926979724122,0.371087089206085,0.252571883581894,0.0917219458106515,0.113688555713883,0.364209573936691,0.33777367191755,0.350079965330672,0.728328171302053
ENSG00000136504,KAT7,0.24275671844443,0.122464450716057,0.225723911623505,0.189986562808444,0.370995279266836,0.171066901673426,0.144449622745088,0.415466153778852,0.512082125346292,0.321908778654384,0.401793039487613,0.434811427289859,0.376970213042101,0.472093917301063,0.890619333044455,0.444517112210623,0.952574126822433,0.272611582369644,0.276414317408197,0.274387905657333,0.293763238054814,0.305055156657004,0.175958059420472,0.368490364994724,0.274658959511159,0.395982586358975,0.128972479049855,0.221094109554725,0.223318409464642,0.262742748557138,0.348339710624627,0.331542808519641,0.952574126822433,0.320834001444234,0.272213942933715,0.255799485330014,0.459505222660387,0.827311930635046,0.511805472664679,0.806416076391772
ENSG00000140968,IRF8,0.493950753600533,0.493950753600533,0.493950753600533,0.317068845226185,0.25890103575532,0.197008372523809,0.293779109307977,0.493950753600533,0.413362955188196,0.122907846503133,0.0683349387741974,0.374193339657918,0.209346221792179,0.493950753600533,0.241620666269193,0.493950753600533,0.306792487292982,0.394127825850675,0.256932211580413,0.436885239486197,0.342798045509221,0.393054473030117,0.41089600113697,0.332615531620253,0.493950753600533,0.179222950549082,0.28905725298402,0.493950753600533,0.38742915817278,0.313739585586316,0.493950753600533,0.216451057218986,0.493950753600533,0.15720762775854,0.101591333930691,0.493950753600533,0.276545375594144,0.306874719527563,0.405389638810721,0.493950753600533
ENSG00000171469,ZNF561,0.341158465089674,0.0578550785454116,0.581758693699182,0.161979561339047,0.491185507327399,0.157580501997596,0.0474258731775668,0.358966491769999,0.265489338416271,0.177237604884837,0.185488637434129,0.320147448114462,0.297781475216889,0.372232871397328,0.360020369016858,0.287127820350431,0.16268234541678,0.16221262532007,0.295726661394476,0.17108621364918,0.432842511794845,0.409206065011932,0.233127065747694,0.28710880107251,0.44773763008322,0.33415596088002,0.424116190025132,0.362607856592256,0.511096993393702,0.367343908990137,0.351600486657273,0.340976886122956,0.442746709793516,0.183175767902655,0.323189796467889,0.111920087036877,0.269106910344956,0.200273634065064,0.136788989939888,0.600520496699643
ENSG00000204531,POU5F1,0.5,0.5,0,0.5,0.5,0.5,0.5,0.5,0.5,0.5,0.5,0.5,0.5,0.5,0.5,0.5,0.5,0.5,0.5,0.5,0.5,0.5,0.5,0.5,0.5,0.5,0.5,0.5,0.5,0.5,0.5,0.5,0.5,0.5,0.5,0.5,0.319071383112052,0.5,0.5,0.5
ENSG00000111087,GLI1,0.21931945568287,0.340201084652836,0.0474258731775668,0.159456057007391,0.609609189560236,0.293631176453767,0.661335397184452,0.476977581658439,0.317579553638584,0.0789287456439995,0.568034531599416,0.24047167655946,0.577912678402597,0.565590454127534,0.0780815878800472,0.321819626582036,0.330359291465992,0.936035417138183,0.200534490062396,0.0309261767033805,0.105956436192728,0.283234941326342,0.485035808776881,0.217576737254505,0.273058240757421,0.196978699189754,0.687090966921105,0.258193871377051,0.257832129179742,0.606137198737266,0.645485356550402,0.199057036246887,0.108028295913182,0.323498085570233,0.449896676876583,0.952574126822433,0.35853916269647,0.371651577267582,0.0627333654000001,0.637061126543594
ENSG00000144355,DLX1,0.952574126822433,0,0.076396345210886,0.952574126822433,0.952574126822433,0.11378674481771,0.298666311192761,0.608376409681584,0.567808891282392,0.340252687212104,0.0219708083787532,0.367274057161247,0.0474258731775668,0.952574126822433,0.0625324221467575,0.741640677146053,0.864796401106754,0.289715984246914,0.180977072385055,0.414988078534515,0.952574126822433,0,0.212382615184087,0.81236995231239,0.0474258731775668,0.396639951984406,0.952574126822433,0,0.952574126822433,0.681082607242377,0.952574126822433,0,0.952574126822433,0.0474258731775668,0.19565284418419,0.952574126822433,0.952574126822433,0.274790340336996,0.598756288555753,0.952574126822433
ENSG00000121864,ZNF639,0.168126497821435,0.156241693834205,0.458062798612413,0.448383910860853,0.355801232712208,0.433713137134746,0.194274229672356,0.361567955254805,0.445164137405426,0.621242251449434,0.34746534081516,0.303671303310698,0.327500968619823,0.315374857216957,0.494683796453862,0.367765866143424,0.409143860712772,0.53228047133102,0.443265253854082,0.343036904000544,0.496763294357543,0.352326471604398,0.442542312527974,0.490335875334967,0.33959938217132,0.345910267622401,0.336819665549311,0.499037238942645,0.427750858707622,0.36506356452826,0.212351823042338,0.437654462974576,0.671565968081349,0.545885885730114,0.582602337791001,0.399894496340606,0.296363696567316,0.503885749350065,0.415017412848746,0.292168661224327
ENSG00000062370,ZNF112,0.138226342020118,0.0503664138573585,0.0474258731775668,0.0474258731775668,0.0474258731775668,0.166947986092633,0.0474258731775668,0.257782883146694,0.117215226270704,0.108484659354334,0.0848698532468311,0.0474258731775668,0.0474258731775668,0.0562743932230004,0.0474258731775668,0.0772194021321987,0.29544464330262,0.176867738619277,0.110800841008748,0.0620346358216912,0.0943708438315099,0.0474258731775668,0.299241934160807,0.113068539029079,0.157917485964198,0.117970597654996,0.0474258731775668,0.0672157157189387,0.0538990204126112,0.202055832540246,0.117145495356388,0.15109594440929,0.253076293832426,0.143315297770089,0.071706192741965,0.334922761092694,0.952574126822433,0.500309563659526,0.952574126822433,0.0474258731775668
ENSG00000146592,CREB5,0.0501843841321504,0.0479002064318117,0.00746896552487239,0.225277841380413,0.141368598517965,0.0822411257685643,0.0487120094004654,0.122278125120041,0.134826589570339,0.0856251450413413,0.141778525829636,0.116967418621417,0.170852170256128,0.170966143315743,0.156054758969069,0.077662742876976,0.0829633046047648,0.179074585038415,0.135220473147095,0.126864042885867,0.119219755566914,0.0683175562587666,0.249888058213081,0.141015470175971,0.191022446836285,0.0845185306939718,0.152216475214522,0.236444768033454,0.358495047043802,0.130210146227084,0.36171093655584,0.173301006338802,0.226630794071301,0.20644889450311,0.255471701596218,0.337213197635469,0.094854027104245,0.084522075159585,0.647180116648901,0.106408502017096
ENSG00000066422,ZBTB11,0.0343342143937708,0.0186512923107188,0.035691840142965,0.0276194583238831,0.073819170699148,0.0462253012299896,0.016397142924101,0.0241773996661296,0.0133655409567843,0.0671179995479946,0.113717808541422,0.0113079523504097,0.0110487524379226,0.021329522875291,0.0342873915724026,0.0371591367637033,0.0200117842494461,0.016473357057552,0.0410695126833538,0.0339077841586237,0.00955668481477228,0.0126496405274298,0.00951656011490561,0.0325303290453533,0.042866480931549,0.0128407879542104,0.0344183772900544,0.0259672599478581,0.020348482820802,0.0994098244920869,0.0261622881872971,0.036851562031656,0.010149348306978,0.00565887055167595,0.0246783203854184,0.0174414352506708,0.0337366356691055,0.00772594093026815,0.952574126822433,0.0148086191713531
ENSG00000198093,ZNF649,0.112876763569891,0.106859658793704,0.10365709202685,0.439578610497147,0.261336126759292,0.242798701639283,0.296114281601603,0.222797688039055,0.124734114592585,0.226260895362062,0.159146616827342,0.198576959121061,0.133508776658644,0.108829771472279,0.157320312274863,0.21185813406308,0.102138742543277,0.22455075837516,0.122751849917904,0.0709648101484433,0.154484855701748,0.0852309795998885,0.142276617431542,0.197005325923215,0.267523312755385,0.110381192927833,0.172069488452286,0.236121189979675,0.0918360907147348,0.228649116919775,0.145484243670116,0.178000526307621,0.211383090021523,0.193463747309166,0.308399782969968,0.512926925450861,0.952574126822433,0.104262170028827,0.952574126822433,0.137502344426443
ENSG00000141568,FOXK2,0.126545823108149,0.0493333043092315,0.140573536601742,0.159474108283797,0.19505179471752,0.0823966422444104,0.356098851896324,0.224143576945595,0.0998845146598469,0.109741265537816,0.104528261695761,0.105532703201041,0.0522068378233255,0.0511471103407631,0.107541694672569,0.076521602528749,0.106090689852105,0.174710927237476,0.104961584913211,0.178529405327654,0.0666854140893578,0.059458314664011,0.181561315405835,0.112813647916512,0.0787024583784878,0.115289299941384,0.105207497391467,0.14488057286851,0.0873785193126768,0.14183816692208,0.0811523471518474,0.0572463098077277,0.0474258731775668,0.074530502432754,0.103645839781172,0.0593175079223656,0.787350652774563,0.0474258731775668,0.457284080537862,0.0474258731775668
ENSG00000132170,PPARG,0.0474258731775668,0.0244388631609275,0.211124392596118,0.105475740247226,0.0474258731775668,0.117980186884586,0.34501430481237,0.101606894958766,0.12615072519071,0.0474258731775668,0.0474258731775668,0.0671405979303726,0.0764673873892052,0.0522394372443899,0.0500113235072291,0.0474258731775668,0.142215256801422,0.0913112390123182,0.0474258731775668,0.183674410203321,0.0474258731775668,0.238411438753,0.0474258731775668,0.0898295453157883,0.0474258731775668,0.388932051128079,0.0474258731775668,0.0509146834604122,0.0686295538456112,0.0474258731775668,0.164574696236848,0.0743517976724093,0.497884101876485,0.0599152046353268,0.114781494085435,0.099217741162667,0.0866492997121661,0.0973646325153422,0.917940738756394,0.109932358300894
ENSG00000274349,ZNF658,0.45683211555678,0.0580698007264514,0.112792747118123,0.349560072159726,0.304235374314165,0.204259095858504,0.18715041154333,0.23897821910311,0.0693689570889597,0.301646956906265,0.245791524883987,0.195504433166891,0.0870423233349354,0.107244776263283,0.198938814248505,0.262611731109688,0.155781545865053,0.109521365584176,0.130212267598838,0.139022700511538,0.132592760927086,0.538497383555654,0.329618295363846,0.181267962862428,0.328983398354493,0.290554303248996,0.177897047650739,0.0712944799707628,0.0981312132755456,0.153460220877079,0.333493511410089,0.147824204792499,0.418858127498322,0.259905728702785,0.26920843920859,0.252075776513126,0.646665305346111,0.0668139629185589,0.898866432558251,0.159778885674754
ENSG00000137265,IRF4,0.0474258731775668,0.0474258731775668,0.514178543470206,0.0475451589306074,0.172749554647028,0.0862895607018332,0.0474258731775668,0.0474258731775668,0.0474258731775668,0.104921753578454,0.0571851060097093,0.119546012732582,0.0474258731775668,0.225170489433996,0.0474258731775668,0.151031705537293,0.0705187316709035,0.172234735303107,0.0474258731775668,0.0474258731775668,0.160945877302426,0.0474258731775668,0.391562563865987,0.099611876255974,0.155425989832438,0.127625024961904,0.390060937212946,0.0474258731775668,0.0474258731775668,0.198753334616979,0.0474258731775668,0.0474258731775668,0.13369808760414,0.244604279672195,0.281385127474623,0.952574126822433,0.14105871742593,0.534181592942786,0.45631506666245,0.0474258731775668
ENSG00000276644,DACH1,0.0474258731775668,0.0474258731775668,0.952574126822433,0.0699373436498546,0.289523478278506,0.0474258731775668,0.0474258731775668,0.106425960185926,0.204916875411983,0.0553474145840081,0.290892759167735,0.0474258731775668,0.198899711088387,0.0474258731775668,0.0474258731775668,0.188898350890662,0.0474258731775668,0.0474258731775668,0.128513044432427,0.0474258731775668,0.0474258731775668,0.142162535237681,0.0634169730781186,0.101307394379636,0.0474258731775668,0.156205171300421,0.0775777061231394,0.0474258731775668,0.119758890789916,0.159318015421329,0.0569746541024952,0.0874035451242553,0.666562245301601,0.067960543875553,0.0474258731775668,0.435847948927893,0.896542666767575,0.361934987509128,0.952574126822433,0.0474258731775668
ENSG00000005102,MEOX1,0.0567415472586298,0.0474258731775668,0.952574126822433,0.0888720185163139,0.0536588927582029,0.0474258731775668,0.0479129416414984,0.059828681213735,0.127342839547759,0.0773311783822539,0.0698336381147528,0.0604192999986214,0.0474258731775668,0.120002602685697,0.0478785056233488,0.0757269121639901,0.0474258731775668,0.0960843587293337,0.0474258731775668,0.177803225439822,0.0474258731775668,0.0474258731775668,0.211957849893879,0.0742549606320729,0.0474258731775668,0.0474258731775668,0.0474258731775668,0.0474258731775668,0.0630094246015081,0.0837692864552028,0.0474258731775668,0.0474258731775668,0.0715776447908519,0.0474258731775668,0.0474258731775668,0.21878220296566,0.0609938440497222,0.0474258731775668,0.848614004975926,0.134059091231243
ENSG00000198795,ZNF521,0.0601222008488073,0.0474258731775668,0.758364512390819,0.2277342152382,0.129258911161558,0.12592717459328,0.134181897346971,0.105046944233503,0.0474258731775668,0.121691556458449,0.274319329669187,0.518375312218274,0.112572100982415,0.13185803687274,0.210571694383797,0.0678430136448606,0.311092242959012,0.0886470599332358,0.13003300955977,0.146869835606901,0.182014879016874,0.0680831894154948,0.140993104478717,0.209596908244962,0.135087122036627,0.260620303955285,0.189572895815101,0.109412748428539,0.0756754147635854,0.112617512985554,0.216699417677105,0.101542775653836,0.770511978692193,0.124020881086502,0.290972513500366,0.807876824778282,0.117971811300164,0.192526669039575,0.952574126822433,0.368504793180615
ENSG00000173153,ESRRA,0.202242298914217,0.207519689645238,0.0474258731775668,0.479866943892038,0.347915768913716,0.401585167621893,0.42974430700901,0.416666748003711,0.19282998914093,0.161544673166139,0.0734425067928081,0.18104301567467,0.0474258731775668,0.0474258731775668,0.216721539641834,0.0731470623099593,0.270207285728093,0.108776725058817,0.186600245923565,0.0989655877294604,0.496304162396935,0.0474258731775668,0.137141456935789,0.128367766072146,0.272847039833105,0.114165106105809,0.210420001384012,0.282085148914067,0.158837912811713,0.297697828734269,0.112899174996456,0.163659676671515,0.0474258731775668,0.1483051677222,0.116003928710621,0.157561795106099,0.233239790361637,0.0555971469080839,0.952574126822433,0.0474258731775668
ENSG00000110693,SOX6,0.0474258731775668,0.0474258731775668,0.0474258731775668,0.00181596490403361,0.00840860564700361,0.0246532785162356,0.0474258731775668,0.0474258731775668,0.0491032708136922,0.0553462251572904,0.0111788720777666,0.0678030513708601,0.565409654922527,0.827055169857836,0.0474258731775668,0.0256001711108306,0.0474258731775668,0.0443044395042277,0.0741672700264715,0.0400552434626609,0.952574126822433,0.0474258731775668,0.565234097232317,0.0474258731775668,0.127997657292458,0.0474258731775668,0.181710234763667,0.0574842888685327,0.0314265227972047,0.275585159555379,0.225891135328244,0.344437407167884,0.0474258731775668,0.952574126822433,0.592445149557374,0.678961524357908,0.11833744487498,0.0474258731775668,0.952574126822433,0.0474258731775668
ENSG00000124782,RREB1,0.108138958581254,0.0805740016886505,0.0474258731775668,0.174536091932943,0.148153573135126,0.101549264916625,0.0474258731775668,0.257213851367881,0.164305432886961,0.210229878204687,0.0944077946865189,0.181252229056462,0.19901814322443,0.117305225969118,0.139156551900506,0.0889395171696288,0.135917925056228,0.221626856174362,0.261776444502007,0.155829675404217,0.256450760615067,0.212800945527862,0.261007166827302,0.120046491675681,0.150640686744667,0.202603979821178,0.234390978592012,0.16615542316439,0.180619723616298,0.162193049282968,0.133613601450695,0.370570182993779,0.144363165166723,0.111925412498597,0.156148439416391,0.16224289234457,0.628706923425256,0.324940445474586,0.606026709622529,0.23279311068242
ENSG00000105880,DLX5,0.0474258731775668,0.0474258731775668,0.0474258731775668,0.228112541927243,0.0474258731775668,0.0788337866375591,0.128921254123045,0.187806158465785,0.0579566321216821,0.502870420179206,0.0474258731775668,0.317863780868491,0.0474258731775668,0.187414069488523,0.141830983945231,0.0565877500014973,0.0908125045154375,0.089904844880426,0.0641192810105993,0.619264565314414,0.43981559552661,0.0757014743158241,0.0619374529911507,0.0733891225981258,0.512416539757199,0.135860090231245,0.056000561917148,0.212229766963291,0.076847781941593,0.0474258731775668,0,0.151561648504534,0.024341110272486,0.00970239128419536,0.0474258731775668,0,0.14095547602402,0.138443727327829,0.952574126822433,0
ENSG00000196132,MYT1,0.0474258731775668,0.0862901197728621,0.2450509329179,0.0666777720839766,0.58112483003758,0.175907618733397,0.0474258731775668,0.207662469534301,0.116614940231135,0.0932101774192869,0.0474258731775668,0.0484726078649816,0.852020160282182,0.300813882341582,0.145689773503047,0.171044270662434,0.0830193986302157,0.0474258731775668,0.215267765132531,0.201360798050295,0.0474258731775668,0.0474258731775668,0.536394158957427,0.0474258731775668,0.0784858315313864,0.14692504271914,0.0698361941814083,0.0474258731775668,0.0916659480339067,0.0474258731775668,0.0474258731775668,0.166297284787992,0.0474258731775668,0.0572616762941548,0.136491865140013,0.0474258731775668,0.575478681340986,0.928999980849201,0.378942440836448,0.0474258731775668
ENSG00000112033,PPARD,0.082109842355524,0.0827316282527849,0.0474258731775668,0.0799434842671015,0.122560989571895,0.0621075994844668,0.0847988127753334,0.0768165325537926,0.0474258731775668,0.0659143773743556,0.0610696268308428,0.0496667577362365,0.0474258731775668,0.0930158654762385,0.0616943136399818,0.0474258731775668,0.0474258731775668,0.0474258731775668,0.0567752300276589,0.0474258731775668,0.0736643996823652,0.0474258731775668,0.064862424018297,0.048325273217094,0.0581086681004479,0.0474258731775668,0.0474258731775668,0.0690921841402262,0.0474258731775668,0.0753163726858268,0.0505483837728918,0.0474258731775668,0.0474258731775668,0.0474258731775668,0.0784047958547722,0.0486201843664055,0.0780264723735317,0.0474258731775668,0.834963854827196,0.0474258731775668
ENSG00000112561,TFEB,0.0901191373389734,0.0474258731775668,0.0915160022453438,0.0604119541042381,0.14616327943195,0.0474258731775668,0.0754434302973952,0.0474258731775668,0.0474258731775668,0.0474258731775668,0.0627592659633656,0.0690146351412078,0.0920654795878849,0.0474258731775668,0.0474258731775668,0.0474258731775668,0.0595183571943556,0.0693325904346781,0.0474258731775668,0.0474258731775668,0.0474258731775668,0.065150898377206,0.06881598032939,0.0474258731775668,0.0474258731775668,0.0474258731775668,0.0474258731775668,0.0474258731775668,0.0474258731775668,0.0474258731775668,0.0474258731775668,0.0474258731775668,0.0474258731775668,0.0474258731775668,0.0474258731775668,0.0474258731775668,0.239219942811032,0.0474258731775668,0.943023463046275,0.0474258731775668
ENSG00000152284,TCF7L1,0.0474258731775668,0.104294735445231,0.0474258731775668,0.122733083517164,0.0902627202304841,0.0728147491294426,0.334703733462883,0.0639255696750809,0.0474258731775668,0.11992586066743,0.0692529485615904,0.0474258731775668,0.0474258731775668,0.075215063334839,0.0474258731775668,0.0474258731775668,0.0644492055421565,0.0474258731775668,0.0474258731775668,0.13332735755021,0.0474258731775668,0.0474258731775668,0.0656867057568797,0.0531815559458281,0.0474258731775668,0.0474258731775668,0.0474258731775668,0.0474258731775668,0.0474258731775668,0.0474258731775668,0.0474258731775668,0.0474258731775668,0.129167090841933,0.0700173923776915,0.17287382955426,0.389921067296318,0.526847254259564,0.0474258731775668,0.952574126822433,0.0474258731775668
ENSG00000229809,ZNF688,0.0599353526929325,0.603081136176708,0.193913917073449,0.231468879809578,0.260279842645195,0.117332096881202,0.158344273761802,0.218177054807428,0.150689869522425,0.104897944747832,0.149836201512911,0.104152311182572,0.202941562174839,0.0805524908826687,0.0712846907659783,0.196235392843557,0.251050643727987,0.0739887615509409,0.32176125963567,0.27092031435366,0.130390644848473,0.0474258731775668,0.208084641368985,0.134444762349707,0.205555659196807,0.113097413670511,0.102141899576246,0.12518893694677,0.0804454546603805,0.155425560548952,0.191204070097875,0.123101982326683,0.0474258731775668,0.190455975749914,0.273901770017034,0.0685461415162856,0.0533829938731078,0.08189199612303,0.899556609200073,0.0474258731775668
ENSG00000104447,TRPS1,0.109316004071253,0.0474258731775668,0.0535289969641324,0.0979392741157397,0.0474258731775668,0.209579883596311,0.232306607197045,0.21493073358595,0.0993146210222732,0.234867491542936,0.180676363343242,0.0622507476838139,0.052769579014268,0.0861528985893211,0.120036149678264,0.0756666025694946,0.115985151187738,0.0724152550903934,0.127405884029983,0.0515676947274822,0.196058153826611,0.0681913611338652,0.163327758547653,0.0646218425579442,0.0474258731775668,0.0739654705783716,0.0757701387087888,0.064565089793002,0.077037041786643,0.178154617624129,0.219456594396673,0.157322680356963,0.0474258731775668,0.0474258731775668,0.179072951621076,0.946462065150973,0.0166861963529058,0.227424094482841,0.749688343215699,0.060618640630996
ENSG00000113658,SMAD5,0.0697725224565778,0.066671160746064,0.111879159383301,0.123169990229928,0.0922355173106873,0.0571784130940847,0.0834998982673002,0.0535329110504681,0.0474258731775668,0.107165713310314,0.100360705307108,0.0661962959637613,0.0474258731775668,0.0549847547219743,0.0578256415144709,0.0474258731775668,0.0774916364497056,0.0933174369162103,0.0807784897168541,0.0583602300596938,0.0819369321376384,0.0943959996628833,0.049745883594157,0.105720436257538,0.184688969150305,0.0857627991489069,0.0905455677770461,0.0680331067768762,0.0529298923338614,0.0714695921536996,0.0925586268681101,0.0851542358937207,0.199956880027038,0.165411336762475,0.0761379662333872,0.154315791683003,0.272458530237591,0.205875166323442,0.614671556952941,0.0695616938612047
ENSG00000177463,NR2C2,0.0474258731775668,0.0474258731775668,0.0474258731775668,0.0815830354562142,0.218348910763369,0.133162982010298,0.0732202744830924,0.0735705945058303,0.0474258731775668,0.107233827426293,0.0545639480230837,0.0688118640561449,0.0474258731775668,0.123595273787876,0.114037418778627,0.0474258731775668,0.0977998406270551,0.0693200275709649,0.0870364658614627,0.174841937747701,0.0542986070722955,0.0499343671230929,0.0763972044295003,0.10473770511826,0.0831491547788403,0.0474258731775668,0.0838564218625211,0.0578476922507207,0.0474258731775668,0.0666923380701052,0.0880725471892942,0.0474258731775668,0.173132071959908,0.0508607700627665,0.151511040112069,0.140846317840955,0.272799884903342,0.0813235330650632,0.487067445146496,0.133307230801904
ENSG00000116044,NFE2L2,0.13041521034291,0.388877330692259,0.202860287479922,0.152383041270168,0.120558380940594,0.215612823252979,0.112280468292729,0.138780126916617,0.0551952726213838,0.0474258731775668,0.130144200165113,0.213154333503734,0.185165685322433,0.431015685158732,0.0632262148160126,0.0799793004271801,0.220354261126987,0.0814055780970439,0.213430398148511,0.098391814892077,0.105497018049657,0.105583231732619,0.169906368022052,0.0694118390266061,0.110325509212456,0.139380797319568,0.0929636545220454,0.110892439344293,0.330318490050595,0.109504614732619,0.107247329642769,0.202434605574044,0.12539863646677,0.0474258731775668,0.0474258731775668,0.0474258731775668,0.0804989215235043,0.196928525618566,0.952574126822433,0.0474258731775668
ENSG00000116833,NR5A2,0.0637908292726559,0.157860414129093,0.490156546186548,0.117217999141123,0.0474258731775668,0.645656306225795,0.259365074582494,0.0474258731775668,0.0745836560454638,0.234290070526964,0.246363418441891,0.0640682514939476,0.0591061647784899,0.0881050929850213,0.0474258731775668,0.0680368679490248,0.645656306225795,0.213419787301436,0.230907336069841,0.645656306225795,0.0474258731775668,0.0474258731775668,0.0474258731775668,0.0474258731775668,0.0474258731775668,0.0474258731775668,0.403274245608099,0.0663348822289183,0.0852345988470363,0.0585673248486255,0.0474258731775668,0.0815738987626816,0.492055422862712,0.0474258731775668,0.0474258731775668,0.0474258731775668,0.398890312454287,0.222688106296437,0.645656306225795,0.0474258731775668
ENSG00000213096,ZNF254,0.0474258731775668,0.0474258731775668,0.105862691315231,0.136308767279626,0.08476518185921,0.0787853392073496,0.0576708502119681,0.202792877444104,0.363389252093445,0.0474258731775668,0.0474258731775668,0.0712554721787082,0.144522536919287,0.102818668914615,0.171921717092097,0.146515178891612,0.0474258731775668,0.0474258731775668,0.0474258731775668,0.122815576761722,0.115120373845018,0.0474258731775668,0.0474258731775668,0.108987577193349,0.0474258731775668,0.0526518137559763,0.0474258731775668,0.0551010322419994,0.086055651368136,0.0835280661842789,0.0474258731775668,0.0474258731775668,0.420104720681317,0.0944575545663822,0.0738967035772972,0.153933715843502,0.0545526636207502,0.194203952103056,0.861085586350101,0.0474258731775668
ENSG00000117010,ZNF684,0.0474258731775668,0.0545764839280984,0.770392061312872,0.139343540422805,0.206179777166474,0.0579505574604545,0.298872247549816,0.0813669719788266,0.0899319445240321,0.164733984519901,0.0603804687877161,0.0616267874709145,0.0589610259737964,0.0474258731775668,0.0549053033803239,0.102566206578655,0.24154168720661,0.0852563676926039,0.118701535283366,0.18060673146126,0.0474258731775668,0.128721147028592,0.0796857499655068,0.0733623523324929,0.0565522028415247,0.0474258731775668,0.101598779047088,0.0731544511791779,0.0474258731775668,0.0474258731775668,0.054716432950041,0.0474258731775668,0.194818557328942,0.173224254963045,0.112936720358331,0.0751280817730544,0.171423534050544,0.770392061312872,0.770392061312872,0.179129808595219
ENSG00000100146,SOX10,0.0474258731775668,0.0474258731775668,0.0474258731775668,0.0474258731775668,0.0482566068539398,0.925127715025328,0.0474258731775668,0.0474258731775668,0.0474258731775668,0.33030529474607,0.0474258731775668,0.0474258731775668,0.952574126822433,0.0797599824354645,0.0474258731775668,0.0474258731775668,0.0474258731775668,0.0474258731775668,0.0474258731775668,0.0474258731775668,0.0474258731775668,0.0474258731775668,0.0474258731775668,0.0474258731775668,0.0474258731775668,0.0474258731775668,0.0474258731775668,0.0474258731775668,0.0474258731775668,0.68052547655826,0.0474258731775668,0.0474258731775668,0.952574126822433,0.0474258731775668,0.0474258731775668,0.0125696864204218,0.0474258731775668,0.0474258731775668,0.952574126822433,0.0474258731775668
ENSG00000117036,ETV3,0.0474258731775668,0.0830424518870222,0.0477904846592579,0.15528921597514,0.132438840602044,0.0965381580381025,0.0474258731775668,0.0575080190613607,0.0567168764274646,0.0879142635603812,0.0980258783317677,0.0636543329168006,0.0474258731775668,0.0634099806537784,0.116035411845087,0.0736420906091714,0.0674244879476872,0.0474258731775668,0.0690290934731116,0.13160133635211,0.0929153759141162,0.0474258731775668,0.170536339572777,0.0611227860701728,0.204280071122898,0.0474258731775668,0.0984649996416776,0.0575621770478213,0.11374755898721,0.109794185271483,0.0525275068423834,0.0790804655724428,0.0474258731775668,0.0825950700203437,0.0474258731775668,0.054335109529174,0.102032083772424,0.0517714791559041,0.610715219375179,0.0474258731775668
ENSG00000205927,OLIG2,0.0474258731775668,0,0.0509652825744134,0,0.952574126822433,0.0474258731775668,0,0.0474258731775668,0.0474258731775668,0.952574126822433,0.0474258731775668,0.0474258731775668,0,0.219797769750589,0.0474258731775668,0.0474258731775668,0.114637714113531,0.0474258731775668,0.0474258731775668,0,0,0.0474258731775668,0.0474258731775668,0.364990026921283,0.0474258731775668,0,0.0474258731775668,0,0.0474258731775668,0.0474258731775668,0.0474258731775668,0.0474258731775668,0.0474258731775668,0.468904719122053,0.952574126822433,0,0.834323758825258,0.0474258731775668,0.759058898022,0.0474258731775668
ENSG00000197841,ZNF181,0.132127940975025,0.130500919773424,0.118589972319757,0.131795211669415,0.311131474874064,0.2383841055997,0.163855122487551,0.217799217248052,0.169072873005096,0.273801245962954,0.230529900076449,0.224410049135489,0.195995572090877,0.116094472114413,0.248905837941868,0.183216209689895,0.227038776820337,0.378127968136383,0.146441030244194,0.169301157498292,0.206980525041656,0.107100092330656,0.181359295811365,0.246444023907349,0.118147910566527,0.340848451866374,0.180865410721445,0.184375072456343,0.154978817019307,0.19710130413247,0.157003164525655,0.166412421817483,0.510676936210299,0.199031916840435,0.250458703580837,0.402266438024243,0.386647871013087,0.331353336749097,0.952574126822433,0.18562545493379
ENSG00000161940,BCL6B,0.0594067483238217,0.0474258731775668,0.0474258731775668,0.0686808888987565,0.136877328568074,0.177969228894525,0.112079829745812,0.0474258731775668,0.129008522957803,0.276675085536618,0.129844974065381,0.119493361910876,0.0893157182124037,0.0854678484114019,0.173399568793577,0.118761441478898,0.0994793316698359,0.148773732314929,0.0474258731775668,0.18999458047421,0.0916263416443618,0.0778723836550882,0.108657475831922,0.165528371352006,0.0474258731775668,0.0987115764560207,0.0631410599332606,0.0512278045635956,0.0974329170177217,0.113247473487169,0.0771083305740587,0.125451399472043,0.267882792067637,0.252513141809938,0.227744215332573,0.552171101499604,0.0723700361306111,0.0973206757670416,0.506293072797967,0.0863359666160378
ENSG00000080298,RFX3,0.0474258731775668,0.0474258731775668,0.110943688476587,0.070498476005056,0.0474258731775668,0.0474258731775668,0.0559199113788651,0.180246993759639,0.158394237972016,0.0864299568978462,0.0755608466993492,0.0474258731775668,0.118370429247705,0.049136328815993,0.0638926743045382,0.0982746620623015,0.0474258731775668,0.22005054796553,0.105431610519697,0.0474258731775668,0.0474258731775668,0.0496744039009257,0.115590589697933,0.0845781676756059,0.0973204072541765,0.120621889723888,0.16707253002393,0.0474258731775668,0.0773864625912328,0.0670229133559956,0.293328228483751,0.182355907255942,0.132516067046158,0.122818578587004,0.108235892897951,0.521710423230971,0.949109671976197,0.0474258731775668,0.483951362243708,0.1008275097382
ENSG00000109787,KLF3,0.0511909494672452,0.0996943791512204,0.494341006815749,0.0599922390569096,0.0538425469776735,0.0603777341140174,0.0474258731775668,0.0474258731775668,0.0474258731775668,0.10555671317277,0.0914079536979047,0.090882035033753,0.0474258731775668,0.0625909351211149,0.0536707004061308,0.076086099883575,0.0474258731775668,0.0963020901989124,0.0474258731775668,0.0531208631359048,0.0611779689946334,0.0474258731775668,0.0663923592476951,0.0474258731775668,0.0889154665933164,0.0513993471870363,0.113011724918865,0.126004315560849,0.0474258731775668,0.0481261702962322,0.0570696886527927,0.0474258731775668,0.101531924615625,0.0474258731775668,0.0597283139883555,0.0539197528338994,0.0729893136821196,0.0474258731775668,0.952574126822433,0.0474258731775668
ENSG00000124092,CTCFL,0.121000729340242,0.0474258731775668,0.157599932607231,0.274926219015464,0.310762437364002,0.255729382860347,0.219025592177276,0.143634154824408,0.0474258731775668,0.135863924137838,0.194096493839559,0.19241074374905,0.0474258731775668,0.136857989198003,0.156258313087312,0.0829438933578377,0.211845489797411,0.128059270182348,0.108210887163326,0.266932492233878,0.16021047033826,0.026622313576567,0.233984859960846,0.16364492709611,0.122638996851235,0.110938649384264,0.173925635804402,0.075056359033786,0.0702688923526322,0.213615529188824,0.0509351350594457,0.181652545587276,0.145566184628794,0.167262476324067,0.172734659773057,0.124367303551248,0.0474258731775668,0.875889392932771,0.539126394414313,0.224226099092019
ENSG00000077092,RARB,0.0474258731775668,0.0474258731775668,0.0616740522561051,0.0474258731775668,0.078929759836273,0.0474258731775668,0.367160649095437,0.0474258731775668,0.0605944521042598,0.0541614613785699,0.0492521599538778,0.0474258731775668,0.0763583478976398,0.0474258731775668,0.0474258731775668,0.0474258731775668,0.104266152623106,0.0474258731775668,0.0474258731775668,0.0474258731775668,0.0474258731775668,0.0474258731775668,0.0474258731775668,0.0600408586226899,0.0507405645144775,0.0474258731775668,0.0474258731775668,0.0474258731775668,0.0474258731775668,0.0474258731775668,0.0474258731775668,0.0474258731775668,0.0815567609990531,0.0608551618089184,0.0474258731775668,0.210060638704614,0.569684861098819,0.0474258731775668,0.858148935099512,0.131759020932085
ENSG00000147789,ZNF7,0.0474258731775668,0.124186033314952,0.232069489189457,0.270406065688384,0.233596330112721,0.35531957523572,0.315367252791448,0.0474258731775668,0.0474258731775668,0.157338415392872,0.150088004311361,0.105964642347865,0.058091831329048,0.0731887423272517,0.17067797737356,0.0474258731775668,0.222770861118653,0.118120776136745,0.123619042484825,0.126181206722901,0.0474258731775668,0.0474258731775668,0.299025993159073,0.0780107154820453,0.0474258731775668,0.0474258731775668,0.0784095797664453,0.0846748760320722,0.0600663337666575,0.135713483031732,0.0659029591748378,0.0811696448305917,0.175406478152014,0.183798612875486,0.170128497880019,0.157743908488225,0.111905724437917,0.14394809788809,0.936088489046785,0.0474258731775668
ENSG00000164048,ZNF589,0.128959705257507,0.0474258731775668,0.0474258731775668,0.11045184687946,0.183161163281976,0.0680173309335941,0.171760185074995,0.0638557146415654,0.0879534644049419,0.153594636626054,0.132235852693794,0.0681240091875574,0.0500794061996036,0.0523388271310096,0.122501765737503,0.115364130208512,0.267578972725188,0.0785846584553696,0.113236432647925,0.167027608103224,0.0935692216728881,0.077099680327296,0.235124442387525,0.105102057446451,0.0474258731775668,0.0682653276973389,0.170090694025485,0.141534760587534,0.0821060871295213,0.0528782440519645,0.0474258731775668,0.119221343521617,0.3150704561861,0.131222192447441,0.160064391380223,0.0894223158975174,0.12269398403504,0.26603774006876,0.571150078950502,0.0582262984112056
ENSG00000186951,PPARA,0.0988025827219746,0.0474258731775668,0.0474258731775668,0.073322513845318,0.152353606019335,0.12724263395152,0.134959828846301,0.0669507795416868,0.0990132072127305,0.107533629967536,0.0474258731775668,0.0840052955788318,0.140772014897118,0.0621900711939268,0.143653864440167,0.200706554679441,0.05828192513333,0.10373563821109,0.142126206703694,0.0658978971429059,0.0975016328915264,0.0479225674213079,0.236458750428209,0.144314180033503,0.0913786451087936,0.139689149045351,0.18816245641111,0.126609195979486,0.112338356121419,0.351302905995684,0.0703460317413699,0.114289243952412,0.0587979259901366,0.0891728005571847,0.113011103793974,0.0474258731775668,0.115199842034869,0.119620598700804,0.952574126822433,0.0474258731775668