TF,target,target_symbol
ENSG00000111704,ENSG00000107984,DKK1
ENSG00000132170,ENSG00000077092,RARB
ENSG00000118513,ENSG00000185591,SP1
ENSG00000078399,ENSG00000115738,ID2
ENSG00000091831,ENSG00000171223,JUNB
ENSG00000141510,ENSG00000153933,DGKE
ENSG00000172819,ENSG00000177606,JUN
ENSG00000123268,ENSG00000140538,NTRK3
ENSG00000101665,ENSG00000108821,COL1A1
ENSG00000197933,ENSG00000169429,CXCL8
ENSG00000100811,ENSG00000073921,PICALM
ENSG00000081189,ENSG00000205560,CPT1B
ENSG00000113580,ENSG00000145113,MUC4
ENSG00000169083,ENSG00000118137,APOA1
ENSG00000168267,ENSG00000170835,CEL
ENSG00000169083,ENSG00000163565,IFI16
ENSG00000185591,ENSG00000100170,SLC5A1
ENSG00000173039,ENSG00000180871,CXCR2
ENSG00000159216,ENSG00000163737,PF4
ENSG00000148737,,
ENSG00000173473,ENSG00000039068,CDH1
ENSG00000101412,ENSG00000147853,AK3
ENSG00000136997,ENSG00000137409,MTCH1
ENSG00000172216,ENSG00000163220,S100A9
ENSG00000133895,ENSG00000130522,JUND
ENSG00000100146,ENSG00000204248,COL11A2
ENSG00000144852,ENSG00000006327,TNFRSF12A
ENSG00000141510,ENSG00000197579,TOPORS
ENSG00000141646,ENSG00000168036,CTNNB1
ENSG00000169083,ENSG00000104368,PLAT
ENSG00000112182,ENSG00000100219,XBP1
ENSG00000124440,ENSG00000116016,EPAS1
ENSG00000091831,ENSG00000126561,STAT5A
ENSG00000115966,ENSG00000206439,TNF
,ENSG00000173801,JUP
ENSG00000185591,ENSG00000133315,MACROD1
,ENSG00000204287,HLA-DRA
ENSG00000253293,ENSG00000115738,ID2
ENSG00000001167,ENSG00000203883,SOX18
,ENSG00000117560,FASLG
ENSG00000104825,ENSG00000171855,IFNB1
ENSG00000095794,ENSG00000114013,CD86
ENSG00000185591,ENSG00000103342,GSPT1
ENSG00000205250,ENSG00000134871,COL4A2
ENSG00000179284,ENSG00000177030,DEAF1
ENSG00000151702,ENSG00000102145,GATA1
ENSG00000122877,ENSG00000128342,LIF
ENSG00000125618,ENSG00000152804,HHEX
ENSG00000173039,ENSG00000100889,PCK2
ENSG00000100644,ENSG00000095066,HOOK2
ENSG00000169083,ENSG00000163041,H3-3A
ENSG00000179284,ENSG00000100479,POLE2
ENSG00000118260,ENSG00000153563,CD8A
ENSG00000205250,,
ENSG00000157554,ENSG00000157343,ARMC12
ENSG00000135363,ENSG00000138795,LEF1
ENSG00000141905,ENSG00000128422,KRT17
ENSG00000168036,ENSG00000110092,CCND1
ENSG00000172216,ENSG00000113302,IL12B
ENSG00000134954,ENSG00000110330,BIRC2
ENSG00000113580,ENSG00000126767,ELK1
ENSG00000055118,ENSG00000160180,TFF3
ENSG00000118260,ENSG00000111012,CYP27B1
ENSG00000136997,ENSG00000111269,CREBL2
ENSG00000173039,ENSG00000168036,CTNNB1
ENSG00000101412,ENSG00000111801,BTN3A3
ENSG00000186951,ENSG00000121769,FABP3
ENSG00000091831,ENSG00000091831,ESR1
ENSG00000253293,ENSG00000104903,LYL1
ENSG00000136997,ENSG00000177000,MTHFR
ENSG00000101412,ENSG00000137801,THBS1
ENSG00000173039,ENSG00000233816,IFNA13
ENSG00000179348,ENSG00000164867,NOS3
ENSG00000136997,ENSG00000078142,PIK3C3
ENSG00000158773,ENSG00000135446,CDK4
ENSG00000111087,ENSG00000129422,MTUS1
ENSG00000066336,ENSG00000163464,CXCR1
ENSG00000185650,ENSG00000112715,VEGFA
ENSG00000205250,ENSG00000160179,ABCG1
ENSG00000132170,ENSG00000179639,FCER1A
ENSG00000118689,ENSG00000291237,SOD2
ENSG00000186470,ENSG00000133818,RRAS2
ENSG00000007372,ENSG00000164434,FABP7
ENSG00000100644,ENSG00000113070,HBEGF
ENSG00000143390,ENSG00000117322,CR2
,ENSG00000039068,CDH1
ENSG00000166949,ENSG00000101665,SMAD7
ENSG00000159216,,
ENSG00000101412,ENSG00000139687,RB1
ENSG00000115415,ENSG00000196365,LONP1
ENSG00000118260,ENSG00000112592,TBP
ENSG00000116044,ENSG00000149124,GLYAT
ENSG00000143437,ENSG00000172315,TP53RK
ENSG00000073282,ENSG00000167880,EVPL
ENSG00000109320,ENSG00000168394,TAP1
ENSG00000133895,ENSG00000111247,RAD51AP1
ENSG00000136997,ENSG00000067225,PKM
ENSG00000101412,ENSG00000156958,GALK2
ENSG00000073861,ENSG00000100811,YY1
ENSG00000196363,ENSG00000136997,MYC
ENSG00000185591,ENSG00000176890,TYMS
ENSG00000141510,ENSG00000111412,SPRING1
ENSG00000172819,ENSG00000100030,MAPK1
,ENSG00000100823,APEX1
ENSG00000177551,ENSG00000114315,HES1
ENSG00000136997,ENSG00000176749,CDK5R1
ENSG00000187098,ENSG00000103249,CLCN7
ENSG00000106462,ENSG00000171862,PTEN
ENSG00000124795,ENSG00000023445,BIRC3
ENSG00000205250,ENSG00000102078,SLC25A14
ENSG00000179284,ENSG00000118260,CREB1
ENSG00000129071,ENSG00000111424,VDR
ENSG00000136997,ENSG00000143384,MCL1
ENSG00000095794,ENSG00000112115,IL17A
ENSG00000198911,ENSG00000160752,FDPS
ENSG00000134954,ENSG00000111537,IFNG
ENSG00000206454,ENSG00000091409,ITGA6
ENSG00000170345,ENSG00000163209,SPRR3
ENSG00000157557,ENSG00000113578,FGF1
ENSG00000143190,,
ENSG00000118495,ENSG00000091262,ABCC6
ENSG00000007968,ENSG00000235194,PPP1R3E
ENSG00000136997,ENSG00000119699,TGFB3
ENSG00000077150,ENSG00000102245,CD40LG
ENSG00000125347,ENSG00000136634,IL10
ENSG00000107485,ENSG00000141376,BCAS3
ENSG00000134954,ENSG00000041982,TNC
ENSG00000109320,ENSG00000107831,FGF8
ENSG00000115966,ENSG00000288505,NANOS3
ENSG00000245848,ENSG00000171105,INSR
ENSG00000101665,ENSG00000168542,COL3A1
ENSG00000150907,ENSG00000100311,PDGFB
ENSG00000091831,ENSG00000221926,TRIM16
ENSG00000129152,ENSG00000076555,ACACB
ENSG00000141027,ENSG00000123689,G0S2
ENSG00000136997,ENSG00000107819,SFXN3
ENSG00000151702,ENSG00000157554,ERG
ENSG00000132170,ENSG00000123384,LRP1
ENSG00000074047,ENSG00000177606,JUN
ENSG00000033800,ENSG00000148795,CYP17A1
ENSG00000115415,ENSG00000185436,IFNLR1
ENSG00000169083,ENSG00000110245,APOC3
ENSG00000168214,ENSG00000183963,SMTN
ENSG00000141510,ENSG00000184371,CSF1
ENSG00000177606,ENSG00000044012,GUCA2B
ENSG00000277494,ENSG00000240972,MIF
ENSG00000179284,ENSG00000242950,ERVW-1
ENSG00000100644,ENSG00000128917,DLL4
ENSG00000179284,ENSG00000080815,PSEN1
ENSG00000074047,ENSG00000054793,ATP9A
ENSG00000185591,ENSG00000187555,USP7
ENSG00000074047,ENSG00000134215,VAV3
ENSG00000102145,ENSG00000276644,DACH1
ENSG00000141510,ENSG00000107796,ACTA2
ENSG00000109320,ENSG00000082641,NFE2L1
ENSG00000020633,ENSG00000196628,TCF4
ENSG00000118260,ENSG00000105723,GSK3A
ENSG00000118513,ENSG00000170515,PA2G4
ENSG00000109320,ENSG00000173083,HPSE
ENSG00000134954,ENSG00000136167,LCP1
ENSG00000100146,ENSG00000186652,PRG2
ENSG00000172216,ENSG00000117525,F3
ENSG00000205250,ENSG00000164109,MAD2L1
ENSG00000115966,ENSG00000124253,PCK1
ENSG00000168214,ENSG00000139352,ASCL1
ENSG00000136997,ENSG00000136628,EPRS1
ENSG00000118217,ENSG00000131910,NR0B2
,ENSG00000011201,ANOS1
ENSG00000073861,ENSG00000111537,IFNG
ENSG00000173039,ENSG00000183696,UPP1
ENSG00000117139,ENSG00000163435,ELF3
ENSG00000109320,ENSG00000198648,STK39
ENSG00000179284,ENSG00000107485,GATA3
ENSG00000213928,ENSG00000197272,IL27
ENSG00000157554,ENSG00000143379,SETDB1
ENSG00000125952,ENSG00000136997,MYC
ENSG00000172845,ENSG00000157557,ETS2
ENSG00000120690,ENSG00000109320,NFKB1
ENSG00000033800,ENSG00000090402,SI
,ENSG00000102854,MSLN
ENSG00000167074,ENSG00000092054,MYH7
ENSG00000007968,ENSG00000142731,PLK4
ENSG00000118513,ENSG00000100867,DHRS2
ENSG00000185591,ENSG00000015285,WAS
ENSG00000150907,ENSG00000100889,PCK2
ENSG00000173039,ENSG00000134339,SAA2
ENSG00000155090,ENSG00000095303,PTGS1
ENSG00000245848,ENSG00000026103,FAS
ENSG00000136997,ENSG00000047597,XK
ENSG00000143799,ENSG00000256061,DNAAF4
ENSG00000162599,ENSG00000163631,ALB
ENSG00000205250,ENSG00000137154,RPS6
ENSG00000178764,ENSG00000145386,CCNA2
ENSG00000101412,ENSG00000006062,MAP3K14
ENSG00000132170,ENSG00000107798,LIPA
ENSG00000172819,ENSG00000088247,KHSRP
ENSG00000179284,ENSG00000170965,PLAC1
ENSG00000131196,ENSG00000111537,IFNG
ENSG00000101412,ENSG00000078900,TP73
ENSG00000116560,ENSG00000180176,TH
ENSG00000179284,ENSG00000086062,B4GALT1
ENSG00000173039,ENSG00000112149,CD83
ENSG00000125347,ENSG00000101412,E2F1
ENSG00000100811,ENSG00000167633,KIR3DL1
ENSG00000130522,ENSG00000118513,MYB
ENSG00000172845,ENSG00000172201,ID4
ENSG00000001167,ENSG00000160200,CBS
ENSG00000101412,ENSG00000006210,CX3CL1
ENSG00000135100,ENSG00000084674,APOB
ENSG00000158773,ENSG00000095319,NUP188
ENSG00000105516,ENSG00000160868,CYP3A4
ENSG00000141510,ENSG00000205339,IPO7
ENSG00000134954,ENSG00000127951,FGL2
ENSG00000101412,ENSG00000136997,MYC
ENSG00000170345,ENSG00000011422,PLAUR
ENSG00000141644,ENSG00000167244,IGF2
ENSG00000179284,ENSG00000125898,FAM110A
ENSG00000101412,ENSG00000179097,HTR1F
ENSG00000104447,ENSG00000124813,RUNX2
ENSG00000172845,ENSG00000079435,LIPE
ENSG00000169083,ENSG00000062725,APPBP2
ENSG00000186350,ENSG00000178726,THBD
ENSG00000096401,ENSG00000171566,PLRG1
,ENSG00000213614,HEXA
ENSG00000123358,ENSG00000114125,RNF7
ENSG00000169083,ENSG00000177606,JUN
ENSG00000158773,ENSG00000102245,CD40LG
ENSG00000158773,ENSG00000111679,PTPN6
ENSG00000158773,ENSG00000158470,B4GALT5
ENSG00000196233,ENSG00000124762,CDKN1A
ENSG00000134954,ENSG00000167286,CD3D
ENSG00000134323,ENSG00000204632,HLA-G
ENSG00000077092,ENSG00000178726,THBD
ENSG00000134954,ENSG00000105246,EBI3
ENSG00000123268,ENSG00000153563,CD8A
,ENSG00000111276,CDKN1B
ENSG00000115641,ENSG00000173039,RELA
ENSG00000198911,ENSG00000113161,HMGCR
ENSG00000166949,ENSG00000087494,PTHLH
ENSG00000109685,ENSG00000169083,AR
ENSG00000186951,ENSG00000171564,FGB
ENSG00000105698,ENSG00000169083,AR
ENSG00000105991,ENSG00000136997,MYC
ENSG00000169083,ENSG00000205560,CPT1B
ENSG00000144852,ENSG00000110880,CORO1C
ENSG00000180818,ENSG00000120068,HOXB8
ENSG00000144852,ENSG00000136634,IL10
ENSG00000152284,ENSG00000117322,CR2
ENSG00000177606,ENSG00000110719,TCIRG1
ENSG00000164442,ENSG00000196611,MMP1
ENSG00000161298,ENSG00000187098,MITF
ENSG00000185591,ENSG00000070501,POLB
ENSG00000066336,ENSG00000133315,MACROD1
ENSG00000148737,ENSG00000085563,ABCB1
ENSG00000120738,ENSG00000170917,NUDT6
ENSG00000168214,ENSG00000179431,FJX1
ENSG00000100644,ENSG00000168610,STAT3
ENSG00000125347,ENSG00000049768,FOXP3
ENSG00000116044,ENSG00000001626,CFTR
ENSG00000181449,ENSG00000125378,BMP4
ENSG00000204371,,
ENSG00000183072,ENSG00000089225,TBX5
ENSG00000126561,ENSG00000137193,PIM1
ENSG00000120738,ENSG00000175592,FOSL1
ENSG00000126767,ENSG00000124813,RUNX2
ENSG00000101412,ENSG00000161850,KRT82
ENSG00000136997,,
ENSG00000057935,ENSG00000171940,ZNF217
ENSG00000122691,ENSG00000175592,FOSL1
ENSG00000177606,ENSG00000001084,GCLC
ENSG00000206454,ENSG00000164458,TBXT
ENSG00000101412,ENSG00000108961,RANGRF
ENSG00000169083,ENSG00000166311,SMPD1
ENSG00000109320,ENSG00000169429,CXCL8
ENSG00000126767,ENSG00000065534,MYLK
ENSG00000067082,ENSG00000164611,PTTG1
ENSG00000105698,ENSG00000139618,BRCA2
ENSG00000007968,ENSG00000102921,N4BP1
,ENSG00000081051,AFP
ENSG00000169083,ENSG00000114554,PLXNA1
ENSG00000141510,ENSG00000103222,ABCC1
ENSG00000028277,ENSG00000109471,IL2
ENSG00000101412,ENSG00000005339,CREBBP
ENSG00000065978,ENSG00000145604,SKP2
ENSG00000177606,ENSG00000203782,LORICRIN
ENSG00000157557,ENSG00000102755,FLT1
ENSG00000101412,,
ENSG00000157554,ENSG00000100292,HMOX1
ENSG00000136997,ENSG00000077327,SPAG6
ENSG00000179284,ENSG00000175445,LPL
ENSG00000115816,ENSG00000134982,APC
ENSG00000205250,ENSG00000120802,TMPO
ENSG00000104064,ENSG00000180914,OXTR
ENSG00000143799,ENSG00000010704,HFE
ENSG00000185591,ENSG00000173801,JUP
ENSG00000113916,ENSG00000137265,IRF4
ENSG00000177606,ENSG00000108576,SLC6A4
ENSG00000140968,ENSG00000136869,TLR4
ENSG00000169083,ENSG00000100628,ASB2
ENSG00000155090,ENSG00000156886,ITGAD
ENSG00000136997,ENSG00000007312,CD79B
ENSG00000126351,ENSG00000135346,CGA
ENSG00000177606,ENSG00000105894,PTN
ENSG00000125398,ENSG00000140522,RLBP1
ENSG00000007968,ENSG00000122861,PLAU
ENSG00000134954,ENSG00000120738,EGR1
ENSG00000109320,ENSG00000197956,S100A6
ENSG00000205250,ENSG00000116560,SFPQ
ENSG00000109320,ENSG00000160791,CCR5
ENSG00000102145,ENSG00000092964,DPYSL2
ENSG00000096717,ENSG00000104320,NBN
ENSG00000179284,ENSG00000012779,ALOX5
ENSG00000141510,ENSG00000156575,PRG3
ENSG00000162772,ENSG00000111537,IFNG
ENSG00000005339,ENSG00000173404,INSM1
ENSG00000007372,ENSG00000150093,ITGB1
ENSG00000136997,ENSG00000076382,SPAG5
ENSG00000100811,ENSG00000167881,SRP68
ENSG00000100644,ENSG00000134086,VHL
ENSG00000130522,ENSG00000135679,MDM2
ENSG00000091831,ENSG00000080166,DCT
ENSG00000177606,ENSG00000107643,MAPK8
ENSG00000175832,ENSG00000114200,BCHE
ENSG00000118513,ENSG00000129682,FGF13
ENSG00000067082,ENSG00000188425,NANOS2
ENSG00000124766,ENSG00000168646,AXIN2
ENSG00000118260,ENSG00000188778,ADRB3
ENSG00000121454,ENSG00000064835,POU1F1
ENSG00000111087,ENSG00000134853,PDGFRA
ENSG00000136997,ENSG00000206503,HLA-A
ENSG00000169083,ENSG00000109320,NFKB1
ENSG00000101412,ENSG00000105327,BBC3
ENSG00000108840,ENSG00000167244,IGF2
ENSG00000082175,ENSG00000091831,ESR1
ENSG00000159216,ENSG00000066336,SPI1
ENSG00000118260,ENSG00000110092,CCND1
ENSG00000168610,ENSG00000163565,IFI16
ENSG00000111087,ENSG00000137745,MMP13
ENSG00000172216,ENSG00000244734,HBB
ENSG00000096717,ENSG00000213931,HBE1
ENSG00000134046,ENSG00000206454,POU5F1
ENSG00000101412,ENSG00000155816,FMN2
ENSG00000138795,ENSG00000113722,CDX1
ENSG00000136997,ENSG00000131462,TUBG1
ENSG00000012048,ENSG00000116717,GADD45A
ENSG00000019549,ENSG00000109332,UBE2D3
ENSG00000169083,ENSG00000173599,PC
ENSG00000185591,ENSG00000143819,EPHX1
ENSG00000123405,ENSG00000100983,GSS
ENSG00000141905,ENSG00000064835,POU1F1
ENSG00000101412,ENSG00000042429,MED17
ENSG00000028277,ENSG00000113520,IL4
ENSG00000143190,ENSG00000124107,SLPI
ENSG00000136997,ENSG00000108639,SYNGR2
ENSG00000101190,ENSG00000116824,CD2
ENSG00000131759,ENSG00000029559,IBSP
ENSG00000141510,ENSG00000164611,PTTG1
ENSG00000007968,ENSG00000088808,PPP1R13B
ENSG00000007968,ENSG00000106330,MOSPD3
ENSG00000007968,ENSG00000076003,MCM6
ENSG00000179284,ENSG00000137309,HMGA1
ENSG00000122859,ENSG00000119614,VSX2
ENSG00000185591,ENSG00000175387,SMAD2
ENSG00000136997,ENSG00000120693,SMAD9
ENSG00000131759,ENSG00000131759,RARA
ENSG00000132005,ENSG00000116478,HDAC1
ENSG00000109320,ENSG00000196611,MMP1
ENSG00000170581,ENSG00000119917,IFIT3
ENSG00000185591,ENSG00000198848,CES1
ENSG00000141510,ENSG00000125538,IL1B
ENSG00000185811,ENSG00000119383,PTPA
,ENSG00000073756,PTGS2
ENSG00000136997,ENSG00000151552,QDPR
ENSG00000108924,ENSG00000105516,DBP
ENSG00000130816,ENSG00000076242,MLH1
ENSG00000136997,ENSG00000125384,PTGER2
ENSG00000172845,ENSG00000185339,TCN2
ENSG00000123268,ENSG00000114812,VIPR1
ENSG00000233608,ENSG00000150093,ITGB1
ENSG00000205250,ENSG00000138668,HNRNPD
ENSG00000179284,ENSG00000206439,TNF
ENSG00000140968,ENSG00000136634,IL10
ENSG00000100811,ENSG00000101442,ACTR5
ENSG00000130816,ENSG00000243772,KIR2DL3
ENSG00000166949,ENSG00000167910,CYP7A1
ENSG00000113722,ENSG00000132646,PCNA
ENSG00000115415,ENSG00000073060,SCARB1
ENSG00000169083,ENSG00000106258,CYP3A5
ENSG00000185591,ENSG00000100823,APEX1
ENSG00000078043,ENSG00000173114,LRRN3
ENSG00000136931,ENSG00000070019,GUCY2C
ENSG00000118260,ENSG00000012048,BRCA1
ENSG00000141510,ENSG00000105486,LIG1
ENSG00000105880,ENSG00000136997,MYC
ENSG00000090447,ENSG00000124762,CDKN1A
ENSG00000067082,ENSG00000141682,PMAIP1
ENSG00000118513,ENSG00000080839,RBL1
ENSG00000177606,ENSG00000163661,PTX3
ENSG00000136997,ENSG00000117318,ID3
ENSG00000149948,ENSG00000124216,SNAI1
ENSG00000101115,ENSG00000167972,ABCA3
ENSG00000141644,ENSG00000143379,SETDB1
ENSG00000179284,ENSG00000153044,CENPH
ENSG00000169083,ENSG00000163736,PPBP
ENSG00000157514,ENSG00000110092,CCND1
ENSG00000173039,ENSG00000073861,TBX21
,ENSG00000016082,ISL1
ENSG00000064490,ENSG00000196735,HLA-DQA1
ENSG00000132005,ENSG00000241106,HLA-DOB
ENSG00000166949,ENSG00000150093,ITGB1
ENSG00000072310,ENSG00000185813,PCYT2
ENSG00000172845,ENSG00000119772,DNMT3A
ENSG00000162367,ENSG00000164362,TERT
ENSG00000196498,ENSG00000134323,MYCN
ENSG00000173039,ENSG00000087245,MMP2
,ENSG00000204642,HLA-F
ENSG00000141905,ENSG00000099721,AMELY
ENSG00000115738,ENSG00000124762,CDKN1A
ENSG00000102974,ENSG00000164400,CSF2
ENSG00000179284,ENSG00000172955,ADH6
ENSG00000109320,ENSG00000116711,PLA2G4A
ENSG00000157557,ENSG00000185697,MYBL1
ENSG00000175387,ENSG00000124762,CDKN1A
ENSG00000196498,ENSG00000113302,IL12B
ENSG00000136997,ENSG00000165030,NFIL3
ENSG00000170581,ENSG00000108691,CCL2
ENSG00000066336,ENSG00000015285,WAS
ENSG00000101076,ENSG00000138075,ABCG5
ENSG00000007968,ENSG00000163539,CLASP2
ENSG00000112033,ENSG00000106366,SERPINE1
ENSG00000166949,ENSG00000167772,ANGPTL4
ENSG00000185591,ENSG00000130988,RGN
ENSG00000169083,ENSG00000134352,IL6ST
ENSG00000100644,ENSG00000007171,NOS2
ENSG00000075891,ENSG00000134954,ETS1
ENSG00000122691,ENSG00000170345,FOS
ENSG00000169083,ENSG00000088247,KHSRP
ENSG00000178573,ENSG00000118971,CCND2
ENSG00000165030,ENSG00000142192,APP
ENSG00000066136,ENSG00000118971,CCND2
ENSG00000205250,ENSG00000243927,MRPS6
ENSG00000007968,ENSG00000116703,PDC
ENSG00000111087,ENSG00000027075,PRKCH
ENSG00000141905,ENSG00000152944,MED21
ENSG00000028277,ENSG00000167900,TK1
ENSG00000213928,ENSG00000119917,IFIT3
ENSG00000169083,ENSG00000156802,ATAD2
ENSG00000007968,ENSG00000188994,ZNF292
ENSG00000115415,ENSG00000137869,CYP19A1
ENSG00000101057,ENSG00000231924,PSG1
ENSG00000185591,ENSG00000137440,FGFBP1
ENSG00000111206,ENSG00000164045,CDC25A
,,
ENSG00000185591,ENSG00000116133,DHCR24
ENSG00000101412,ENSG00000128309,MPST
ENSG00000149948,ENSG00000105325,FZR1
ENSG00000141510,ENSG00000100968,NFATC4
ENSG00000233608,ENSG00000124813,RUNX2
ENSG00000124831,ENSG00000206439,TNF
ENSG00000100644,ENSG00000086062,B4GALT1
ENSG00000141510,ENSG00000141682,PMAIP1
ENSG00000118689,ENSG00000182568,SATB1
ENSG00000198911,ENSG00000015520,NPC1L1
ENSG00000007968,ENSG00000117650,NEK2
ENSG00000169083,ENSG00000188064,WNT7B
ENSG00000115415,ENSG00000277632,CCL3
ENSG00000068305,ENSG00000127528,KLF2
ENSG00000185591,ENSG00000103222,ABCC1
ENSG00000122877,ENSG00000167244,IGF2
ENSG00000158773,ENSG00000258839,MC1R
ENSG00000169083,ENSG00000072571,HMMR
ENSG00000133111,ENSG00000204287,HLA-DRA
ENSG00000141510,ENSG00000073756,PTGS2
ENSG00000166949,ENSG00000121741,ZMYM2
ENSG00000107485,ENSG00000125999,BPIFB1
ENSG00000077092,ENSG00000167768,KRT1
ENSG00000101665,ENSG00000101654,RNMT
ENSG00000277258,ENSG00000169554,ZEB2
ENSG00000125740,ENSG00000124813,RUNX2
ENSG00000113658,ENSG00000117318,ID3
ENSG00000096717,ENSG00000125538,IL1B
ENSG00000128272,ENSG00000105550,FGF21
ENSG00000170345,ENSG00000101665,SMAD7
ENSG00000169083,ENSG00000004478,FKBP4
ENSG00000173039,ENSG00000079134,THOC1
ENSG00000141510,ENSG00000171877,FRMD5
ENSG00000126767,ENSG00000145604,SKP2
ENSG00000132170,ENSG00000171862,PTEN
ENSG00000171720,ENSG00000133246,PRAM1
,ENSG00000168398,BDKRB2
ENSG00000007968,ENSG00000106366,SERPINE1
ENSG00000120738,ENSG00000220205,VAMP2
ENSG00000179284,ENSG00000288505,NANOS3
ENSG00000166888,ENSG00000129521,EGLN3
ENSG00000101412,ENSG00000005381,MPO
ENSG00000141905,ENSG00000014138,POLA2
ENSG00000136997,ENSG00000100714,MTHFD1
ENSG00000057935,ENSG00000136997,MYC
ENSG00000185668,ENSG00000101405,OXT
ENSG00000196092,ENSG00000164362,TERT
ENSG00000101076,ENSG00000169174,PCSK9
ENSG00000074047,ENSG00000124102,PI3
ENSG00000132170,ENSG00000113578,FGF1
ENSG00000196591,ENSG00000108691,CCL2
ENSG00000065978,ENSG00000169083,AR
ENSG00000100219,ENSG00000171867,PRNP
ENSG00000141510,ENSG00000138794,CASP6
ENSG00000185591,ENSG00000110448,CD5
ENSG00000205250,ENSG00000079459,FDFT1
ENSG00000140332,ENSG00000159216,RUNX1
ENSG00000116478,ENSG00000086232,EIF2AK1
ENSG00000131759,ENSG00000105991,HOXA1
ENSG00000165462,ENSG00000123454,DBH
ENSG00000132170,ENSG00000147872,PLIN2
ENSG00000206454,ENSG00000124762,CDKN1A
ENSG00000005007,ENSG00000136937,NCBP1
ENSG00000100811,ENSG00000066926,FECH
ENSG00000101412,ENSG00000170689,HOXB9
ENSG00000107485,ENSG00000160182,TFF1
ENSG00000105229,ENSG00000111424,VDR
ENSG00000151702,ENSG00000100292,HMOX1
ENSG00000130816,ENSG00000092841,MYL6
ENSG00000109320,ENSG00000136997,MYC
ENSG00000169083,ENSG00000094804,CDC6
ENSG00000109320,ENSG00000169403,PTAFR
ENSG00000164611,ENSG00000112715,VEGFA
ENSG00000123268,ENSG00000188778,ADRB3
ENSG00000091831,ENSG00000007171,NOS2
ENSG00000172216,ENSG00000130513,GDF15
ENSG00000179284,ENSG00000124253,PCK1
ENSG00000141510,ENSG00000137776,SLTM
ENSG00000164611,ENSG00000067560,RHOA
ENSG00000185591,ENSG00000164611,PTTG1
ENSG00000112658,ENSG00000141646,SMAD4
ENSG00000140464,ENSG00000155974,GRIP1
ENSG00000141905,ENSG00000170345,FOS
ENSG00000136997,ENSG00000116990,MYCL
ENSG00000134954,ENSG00000164362,TERT
ENSG00000061273,ENSG00000167910,CYP7A1
ENSG00000177606,ENSG00000104368,PLAT
ENSG00000136997,ENSG00000143815,LBR
ENSG00000132274,ENSG00000109320,NFKB1
ENSG00000173039,ENSG00000153094,BCL2L11
ENSG00000185591,ENSG00000125538,IL1B
ENSG00000206315,ENSG00000197888,UGT2B17
,ENSG00000124762,CDKN1A
ENSG00000125798,ENSG00000139515,PDX1
ENSG00000163132,ENSG00000135346,CGA
ENSG00000091831,ENSG00000170965,PLAC1
ENSG00000125347,ENSG00000197272,IL27
ENSG00000169083,ENSG00000113594,LIFR
ENSG00000136997,ENSG00000116649,SRM
ENSG00000130816,ENSG00000008517,IL32
ENSG00000092067,ENSG00000066336,SPI1
ENSG00000001167,ENSG00000169710,FASN
ENSG00000102145,ENSG00000159216,RUNX1
ENSG00000144852,ENSG00000197408,CYP2B6
ENSG00000005339,ENSG00000102104,RS1
ENSG00000109320,ENSG00000183625,CCR3
ENSG00000134574,ENSG00000291237,SOD2
ENSG00000157557,ENSG00000087494,PTHLH
ENSG00000066336,ENSG00000184371,CSF1
ENSG00000112242,ENSG00000178691,SUZ12
ENSG00000007968,ENSG00000170522,ELOVL6
ENSG00000159216,ENSG00000164344,KLKB1
ENSG00000175592,ENSG00000163207,IVL
ENSG00000169083,ENSG00000068079,IFI35
ENSG00000165417,ENSG00000112592,TBP
ENSG00000136574,ENSG00000175206,NPPA
ENSG00000168610,ENSG00000177606,JUN
ENSG00000175832,ENSG00000158773,USF1
ENSG00000179094,ENSG00000171791,BCL2
ENSG00000104856,ENSG00000162896,PIGR
ENSG00000134954,ENSG00000136869,TLR4
ENSG00000170365,ENSG00000145431,PDGFC
ENSG00000145284,ENSG00000122877,EGR2
ENSG00000205250,ENSG00000162924,REL
ENSG00000136997,ENSG00000108344,PSMD3
ENSG00000109320,ENSG00000089558,KCNH4
ENSG00000148516,ENSG00000083307,GRHL2
ENSG00000111801,ENSG00000072952,IRAG1
ENSG00000140968,ENSG00000196712,NF1
ENSG00000177606,ENSG00000115457,IGFBP2
ENSG00000157557,ENSG00000148290,SURF1
ENSG00000067082,ENSG00000124762,CDKN1A
ENSG00000115415,ENSG00000132530,XAF1
ENSG00000123268,ENSG00000012048,BRCA1
ENSG00000007372,ENSG00000117707,PROX1
ENSG00000120837,ENSG00000129167,TPH1
ENSG00000143190,ENSG00000180596,H2BC4
ENSG00000182568,ENSG00000107485,GATA3
ENSG00000141510,ENSG00000163629,PTPN13
ENSG00000136997,ENSG00000105379,ETFB
ENSG00000177606,ENSG00000112769,LAMA4
ENSG00000105880,ENSG00000185950,IRS2
ENSG00000186951,ENSG00000103150,MLYCD
ENSG00000077092,ENSG00000080503,SMARCA2
ENSG00000163884,ENSG00000265203,RBP3
ENSG00000139083,ENSG00000148935,GAS2
ENSG00000116478,ENSG00000112972,HMGCS1
ENSG00000101412,ENSG00000152377,SPOCK1
ENSG00000101412,ENSG00000051180,RAD51
ENSG00000169083,ENSG00000108786,HSD17B1
ENSG00000118513,ENSG00000256043,CTSO
ENSG00000126561,ENSG00000183255,PTTG1IP
ENSG00000245848,ENSG00000132965,ALOX5AP
ENSG00000175832,ENSG00000254087,LYN
ENSG00000066336,ENSG00000275990,NCF4
ENSG00000136997,ENSG00000109861,CTSC
ENSG00000204103,ENSG00000168685,IL7R
ENSG00000134954,ENSG00000262406,MMP12
ENSG00000205250,ENSG00000135341,MAP3K7
ENSG00000141510,ENSG00000165891,E2F7
ENSG00000150907,ENSG00000149428,HYOU1
ENSG00000134954,ENSG00000157404,KIT
ENSG00000164611,ENSG00000183255,PTTG1IP
ENSG00000101412,ENSG00000277075,H2AC8
ENSG00000143190,ENSG00000171747,LGALS4
ENSG00000205581,ENSG00000170345,FOS
ENSG00000136997,ENSG00000114166,KAT2B
ENSG00000119772,ENSG00000109471,IL2
ENSG00000101412,ENSG00000138798,EGF
ENSG00000134954,ENSG00000136634,IL10
ENSG00000158773,ENSG00000135346,CGA
ENSG00000161021,ENSG00000164683,HEY1
ENSG00000173039,ENSG00000001626,CFTR
ENSG00000177606,ENSG00000007908,SELE
ENSG00000186470,ENSG00000133216,EPHB2
ENSG00000136944,ENSG00000198087,CD2AP
ENSG00000177374,ENSG00000136997,MYC
ENSG00000084676,ENSG00000124762,CDKN1A
ENSG00000205250,ENSG00000113810,SMC4
ENSG00000007968,ENSG00000136021,SCYL2
ENSG00000136997,ENSG00000130638,ATXN10
ENSG00000128573,ENSG00000101955,SRPX
ENSG00000091831,ENSG00000140939,NOL3
ENSG00000179284,ENSG00000175646,PRM1
ENSG00000188786,ENSG00000142168,SOD1
ENSG00000100644,ENSG00000172379,ARNT2
ENSG00000179284,ENSG00000186847,KRT14
ENSG00000187098,ENSG00000064300,NGFR
ENSG00000185591,ENSG00000073756,PTGS2
ENSG00000055118,ENSG00000169429,CXCL8
ENSG00000141510,ENSG00000124762,CDKN1A
ENSG00000118260,ENSG00000115525,ST3GAL5
ENSG00000185122,ENSG00000171428,NAT1
ENSG00000135903,ENSG00000080166,DCT
ENSG00000101412,ENSG00000139269,INHBE
ENSG00000064393,ENSG00000007952,NOX1
ENSG00000105698,ENSG00000176890,TYMS
ENSG00000132170,ENSG00000114315,HES1
ENSG00000101412,ENSG00000177169,ULK1
ENSG00000102974,ENSG00000136305,CIDEB
ENSG00000151702,ENSG00000111206,FOXM1
ENSG00000100811,ENSG00000110717,NDUFS8
,ENSG00000123496,IL13RA2
ENSG00000138795,ENSG00000150093,ITGB1
ENSG00000120738,ENSG00000114378,HYAL1
ENSG00000177606,ENSG00000110245,APOC3
ENSG00000101412,ENSG00000169783,LINGO1
ENSG00000130522,ENSG00000113916,BCL6
ENSG00000187098,ENSG00000100823,APEX1
ENSG00000012048,ENSG00000160182,TFF1
ENSG00000173039,ENSG00000149294,NCAM1
ENSG00000115415,ENSG00000170581,STAT2
ENSG00000148516,ENSG00000039068,CDH1
ENSG00000111424,ENSG00000106258,CYP3A5
ENSG00000169083,ENSG00000037965,HOXC8
ENSG00000172845,ENSG00000159899,NPR2
ENSG00000186951,ENSG00000118513,MYB
ENSG00000091831,ENSG00000140396,NCOA2
ENSG00000172216,ENSG00000185630,PBX1
ENSG00000157557,ENSG00000091879,ANGPT2
ENSG00000137309,ENSG00000175097,RAG2
ENSG00000092067,ENSG00000118513,MYB
ENSG00000169083,ENSG00000198911,SREBF2
ENSG00000141510,ENSG00000095203,EPB41L4B
ENSG00000111087,ENSG00000116990,MYCL
ENSG00000188786,ENSG00000171867,PRNP
ENSG00000157554,ENSG00000144837,PLA1A
ENSG00000018408,ENSG00000087088,BAX
ENSG00000019549,ENSG00000111424,VDR
ENSG00000118260,ENSG00000029559,IBSP
ENSG00000166888,ENSG00000169429,CXCL8
ENSG00000091831,ENSG00000170893,TRH
,ENSG00000180104,EXOC3
ENSG00000104856,ENSG00000101017,CD40
ENSG00000073861,ENSG00000136634,IL10
ENSG00000136997,ENSG00000063046,EIF4B
ENSG00000185591,ENSG00000142623,PADI1
ENSG00000100811,ENSG00000159184,HOXB13
ENSG00000134954,ENSG00000135222,CSN2
ENSG00000141510,ENSG00000112242,E2F3
ENSG00000173039,ENSG00000169876,MUC17
ENSG00000129514,ENSG00000196712,NF1
ENSG00000150907,ENSG00000123131,PRDX4
ENSG00000101412,ENSG00000155622,XAGE2
ENSG00000169083,ENSG00000100393,EP300
ENSG00000150907,ENSG00000153094,BCL2L11
ENSG00000120738,ENSG00000122025,FLT3
ENSG00000169083,ENSG00000141279,NPEPPS
ENSG00000117707,ENSG00000111537,IFNG
ENSG00000001167,ENSG00000044574,HSPA5
ENSG00000136997,ENSG00000198467,TPM2
ENSG00000069011,ENSG00000185507,IRF7
ENSG00000078900,ENSG00000198625,MDM4
ENSG00000111424,ENSG00000104371,DKK4
ENSG00000141646,ENSG00000163501,IHH
ENSG00000185591,ENSG00000137776,SLTM
ENSG00000245848,ENSG00000104918,RETN
ENSG00000091831,ENSG00000164761,TNFRSF11B
ENSG00000007968,ENSG00000138316,ADAMTS14
ENSG00000168610,ENSG00000137673,MMP7
ENSG00000205250,ENSG00000160014,CALM3
ENSG00000185591,ENSG00000135047,CTSL
ENSG00000109320,ENSG00000205220,PSMB10
ENSG00000123268,ENSG00000163623,NKX6-1
ENSG00000173153,ENSG00000160113,NR2F6
ENSG00000136931,ENSG00000203859,HSD3B2
ENSG00000245848,ENSG00000115008,IL1A
ENSG00000172819,ENSG00000140945,CDH13
ENSG00000141905,ENSG00000215328,HSPA1A
ENSG00000168610,ENSG00000213398,LCAT
ENSG00000169083,ENSG00000099194,SCD
ENSG00000101412,ENSG00000088386,SLC15A1
ENSG00000118689,ENSG00000110092,CCND1
ENSG00000141510,ENSG00000076242,MLH1
ENSG00000118217,ENSG00000104805,NUCB1
ENSG00000116478,ENSG00000143878,RHOB
ENSG00000182742,ENSG00000136997,MYC
ENSG00000205250,ENSG00000007968,E2F2
ENSG00000170581,ENSG00000189143,CLDN4
ENSG00000091831,ENSG00000187514,PTMA
ENSG00000105698,ENSG00000121966,CXCR4
ENSG00000173039,ENSG00000160868,CYP3A4
ENSG00000181163,ENSG00000169136,ATF5
ENSG00000168036,ENSG00000026025,VIM
ENSG00000134954,ENSG00000108821,COL1A1
ENSG00000141510,ENSG00000142453,CARM1
ENSG00000087510,ENSG00000054598,FOXC1
ENSG00000163435,ENSG00000169469,SPRR1B
ENSG00000172845,ENSG00000170458,CD14
ENSG00000185591,ENSG00000184156,KCNQ3
ENSG00000169057,ENSG00000085563,ABCB1
ENSG00000184481,ENSG00000118260,CREB1
ENSG00000078399,ENSG00000134323,MYCN
ENSG00000141510,ENSG00000175793,SFN
ENSG00000005339,ENSG00000012048,BRCA1
ENSG00000139687,ENSG00000117395,EBNA1BP2
ENSG00000177606,ENSG00000177606,JUN
ENSG00000141646,ENSG00000146469,VIP
ENSG00000118260,ENSG00000160113,NR2F6
ENSG00000120738,ENSG00000117525,F3
ENSG00000134954,ENSG00000169704,GP9
ENSG00000168610,ENSG00000134352,IL6ST
ENSG00000141510,ENSG00000073282,TP63
ENSG00000177606,ENSG00000172845,SP3
ENSG00000096717,ENSG00000124762,CDKN1A
ENSG00000136450,ENSG00000136997,MYC
ENSG00000169083,ENSG00000100647,SUSD6
ENSG00000007968,ENSG00000110455,ACCS
ENSG00000007968,ENSG00000139547,RDH16
ENSG00000137309,ENSG00000064835,POU1F1
,ENSG00000085563,ABCB1
ENSG00000087842,ENSG00000109320,NFKB1
ENSG00000158773,ENSG00000169432,SCN9A
ENSG00000158773,ENSG00000112499,SLC22A2
ENSG00000124766,ENSG00000135829,DHX9
ENSG00000179284,ENSG00000121053,EPX
ENSG00000072310,ENSG00000079432,CIC
ENSG00000206454,ENSG00000141448,GATA6
ENSG00000066336,ENSG00000125538,IL1B
ENSG00000253293,ENSG00000134323,MYCN
ENSG00000109320,ENSG00000118777,ABCG2
ENSG00000111653,ENSG00000111276,CDKN1B
ENSG00000077092,ENSG00000092295,TGM1
ENSG00000131196,ENSG00000179388,EGR3
ENSG00000185591,ENSG00000148154,UGCG
ENSG00000116044,ENSG00000001084,GCLC
,ENSG00000177606,JUN
ENSG00000120837,ENSG00000170345,FOS
ENSG00000145741,ENSG00000133818,RRAS2
ENSG00000205250,ENSG00000164362,TERT
ENSG00000141510,ENSG00000177374,HIC1
ENSG00000100644,ENSG00000067225,PKM
ENSG00000007968,ENSG00000033030,ZCCHC8
,ENSG00000115705,TPO
ENSG00000134954,ENSG00000008128,CDK11A
ENSG00000179348,ENSG00000242950,ERVW-1
ENSG00000118260,ENSG00000187094,CCK
ENSG00000158773,ENSG00000121351,IAPP
ENSG00000141646,ENSG00000079102,RUNX1T1
ENSG00000012048,ENSG00000166337,TAF10
ENSG00000172845,ENSG00000197446,CYP2F1
ENSG00000141646,ENSG00000127948,POR
ENSG00000148737,ENSG00000171791,BCL2
ENSG00000136997,ENSG00000185896,LAMP1
ENSG00000168610,ENSG00000159176,CSRP1
ENSG00000159216,ENSG00000115641,FHL2
ENSG00000125347,ENSG00000119917,IFIT3
ENSG00000136997,ENSG00000123146,ADGRE5
ENSG00000205250,ENSG00000123737,EXOSC9
ENSG00000141646,ENSG00000106546,AHR
ENSG00000105698,ENSG00000111087,GLI1
ENSG00000109320,ENSG00000175899,A2M
,ENSG00000180176,TH
ENSG00000143437,ENSG00000104856,RELB
ENSG00000173039,ENSG00000158828,PINK1
ENSG00000109320,ENSG00000141027,NCOR1
ENSG00000106004,ENSG00000149294,NCAM1
ENSG00000141905,,
ENSG00000127528,ENSG00000121966,CXCR4
ENSG00000134954,ENSG00000090659,CD209
ENSG00000140009,ENSG00000124762,CDKN1A
ENSG00000141510,ENSG00000204963,PCDHA7
ENSG00000185591,ENSG00000124762,CDKN1A
ENSG00000100644,ENSG00000119699,TGFB3
ENSG00000007968,ENSG00000182919,C11orf54
ENSG00000125347,ENSG00000169245,CXCL10
ENSG00000057657,ENSG00000135363,LMO2
ENSG00000105656,ENSG00000124762,CDKN1A
ENSG00000020633,ENSG00000165806,CASP7
ENSG00000136997,ENSG00000172183,ISG20
ENSG00000142182,ENSG00000139372,TDG
ENSG00000136997,ENSG00000177854,TMEM187
,ENSG00000114554,PLXNA1
ENSG00000118260,ENSG00000091181,IL5RA
,ENSG00000006634,DBF4
ENSG00000141510,ENSG00000166949,SMAD3
ENSG00000020633,ENSG00000142330,CAPN10
ENSG00000123268,ENSG00000115525,ST3GAL5
ENSG00000101076,ENSG00000130427,EPO
,ENSG00000035862,TIMP2
ENSG00000233608,ENSG00000181104,F2R
ENSG00000179284,ENSG00000213316,LTC4S
ENSG00000118260,ENSG00000100889,PCK2
ENSG00000134086,ENSG00000196628,TCF4
ENSG00000118513,ENSG00000114942,EEF1B2
ENSG00000077092,ENSG00000124151,NCOA3
ENSG00000109320,ENSG00000089250,NOS1
ENSG00000198911,ENSG00000186480,INSIG1
ENSG00000109320,ENSG00000166710,B2M
ENSG00000141905,ENSG00000117525,F3
ENSG00000079246,ENSG00000141736,ERBB2
ENSG00000179284,ENSG00000283706,PRSS50
ENSG00000133794,ENSG00000049246,PER3
ENSG00000141510,ENSG00000123374,CDK2
ENSG00000125347,,
ENSG00000148737,ENSG00000129473,BCL2L2
ENSG00000141510,ENSG00000085563,ABCB1
ENSG00000141510,ENSG00000121753,ADGRB2
ENSG00000112282,ENSG00000265972,TXNIP
ENSG00000136997,ENSG00000135930,EIF4E2
ENSG00000025434,ENSG00000169710,FASN
ENSG00000148737,ENSG00000162552,WNT4
ENSG00000170345,ENSG00000124813,RUNX2
ENSG00000196132,ENSG00000142168,SOD1
ENSG00000119547,ENSG00000102362,SYTL4
ENSG00000131759,ENSG00000084676,NCOA1
ENSG00000173039,ENSG00000079385,CEACAM1
ENSG00000100811,ENSG00000106258,CYP3A5
ENSG00000136352,ENSG00000179284,DAND5
ENSG00000091831,ENSG00000114013,CD86
ENSG00000100906,ENSG00000056558,TRAF1
ENSG00000126561,ENSG00000105976,MET
ENSG00000143190,ENSG00000110321,EIF4G2
ENSG00000141510,ENSG00000127129,EDN2
,ENSG00000140443,IGF1R
ENSG00000116809,ENSG00000147883,CDKN2B
ENSG00000185591,ENSG00000055118,KCNH2
ENSG00000177606,ENSG00000137673,MMP7
ENSG00000273873,ENSG00000139687,RB1
ENSG00000166949,ENSG00000169083,AR
ENSG00000116478,ENSG00000073756,PTGS2
ENSG00000143013,ENSG00000182979,MTA1
ENSG00000096717,ENSG00000177374,HIC1
ENSG00000065978,ENSG00000176890,TYMS
ENSG00000122691,ENSG00000149311,ATM
ENSG00000109320,ENSG00000079435,LIPE
ENSG00000118513,ENSG00000131747,TOP2A
ENSG00000245848,ENSG00000093010,COMT
ENSG00000118217,ENSG00000166598,HSP90B1
ENSG00000196132,ENSG00000171867,PRNP
ENSG00000115415,ENSG00000204592,HLA-E
ENSG00000109320,ENSG00000171522,PTGER4
ENSG00000126767,ENSG00000172179,PRL
ENSG00000082175,ENSG00000140939,NOL3
ENSG00000173039,ENSG00000039068,CDH1
ENSG00000245848,ENSG00000177575,CD163
ENSG00000136997,ENSG00000183628,DGCR6
ENSG00000100811,ENSG00000143799,PARP1
ENSG00000172845,ENSG00000080293,SCTR
ENSG00000185591,ENSG00000112038,OPRM1
ENSG00000109320,ENSG00000126353,CCR7
ENSG00000136997,ENSG00000181856,SLC2A4
ENSG00000122691,ENSG00000171872,KLF17
ENSG00000175832,ENSG00000011422,PLAUR
ENSG00000118513,ENSG00000172845,SP3
ENSG00000111704,ENSG00000156574,NODAL
ENSG00000057935,ENSG00000175756,AURKAIP1
ENSG00000132170,ENSG00000087494,PTHLH
ENSG00000162924,ENSG00000023445,BIRC3
ENSG00000109320,ENSG00000004468,CD38
ENSG00000179284,ENSG00000136160,EDNRB
ENSG00000107485,ENSG00000122545,SEPTIN7
ENSG00000205250,ENSG00000166508,MCM7
ENSG00000181472,ENSG00000124762,CDKN1A
ENSG00000075891,ENSG00000141510,TP53
ENSG00000074047,ENSG00000134363,FST
ENSG00000091831,ENSG00000148516,ZEB1
ENSG00000067082,ENSG00000140443,IGF1R
ENSG00000245848,ENSG00000231924,PSG1
ENSG00000169375,ENSG00000101412,E2F1
ENSG00000101412,ENSG00000169126,ODAD2
ENSG00000179284,ENSG00000271447,MMP28
ENSG00000169554,ENSG00000154639,CXADR
ENSG00000141510,ENSG00000104689,TNFRSF10A
ENSG00000162924,ENSG00000140379,BCL2A1
ENSG00000150907,ENSG00000114867,EIF4G1
ENSG00000115415,ENSG00000100234,TIMP3
ENSG00000110777,ENSG00000115738,ID2
ENSG00000182979,ENSG00000146648,EGFR
ENSG00000169083,ENSG00000140945,CDH13
ENSG00000138378,ENSG00000111732,AICDA
ENSG00000185591,ENSG00000115414,FN1
ENSG00000118260,ENSG00000151623,NR3C2
ENSG00000186951,ENSG00000164442,CITED2
ENSG00000100219,ENSG00000108691,CCL2
ENSG00000167548,ENSG00000095303,PTGS1
ENSG00000118058,ENSG00000120149,MSX2
ENSG00000138795,ENSG00000145604,SKP2
ENSG00000101076,ENSG00000171234,UGT2B7
ENSG00000115415,ENSG00000184502,GAST
ENSG00000205250,ENSG00000101412,E2F1
ENSG00000205250,ENSG00000144381,HSPD1
ENSG00000115415,ENSG00000086189,DIMT1
ENSG00000136997,ENSG00000215021,PHB2
ENSG00000136997,ENSG00000155368,DBI
ENSG00000169083,ENSG00000170498,KISS1
ENSG00000139687,ENSG00000017427,IGF1
ENSG00000101057,,
ENSG00000185591,ENSG00000180104,EXOC3
ENSG00000101412,ENSG00000181938,GINS3
ENSG00000115966,ENSG00000153234,NR4A2
ENSG00000048052,ENSG00000146678,IGFBP1
ENSG00000007968,ENSG00000058799,YIPF1
ENSG00000025434,ENSG00000100889,PCK2
ENSG00000118513,ENSG00000150753,CCT5
ENSG00000164611,ENSG00000128052,KDR
ENSG00000143390,ENSG00000241106,HLA-DOB
ENSG00000012504,ENSG00000156096,UGT2B4
ENSG00000175387,ENSG00000206075,SERPINB5
ENSG00000012048,ENSG00000122566,HNRNPA2B1
ENSG00000136997,ENSG00000145050,MANF
ENSG00000148737,ENSG00000171617,ENC1
ENSG00000091831,ENSG00000137745,MMP13
ENSG00000136997,ENSG00000184144,CNTN2
ENSG00000075891,ENSG00000115263,GCG
ENSG00000111424,ENSG00000111276,CDKN1B
ENSG00000065978,ENSG00000121966,CXCR4
ENSG00000144852,ENSG00000108691,CCL2
ENSG00000245848,ENSG00000130592,LSP1
ENSG00000187098,ENSG00000137776,SLTM
ENSG00000096717,ENSG00000085563,ABCB1
ENSG00000166949,ENSG00000100234,TIMP3
ENSG00000185591,ENSG00000136931,NR5A1
ENSG00000118513,ENSG00000213593,TMX2
ENSG00000198081,ENSG00000115641,FHL2
ENSG00000114315,ENSG00000139352,ASCL1
ENSG00000168610,ENSG00000100804,PSMB5
ENSG00000185507,ENSG00000271503,CCL5
ENSG00000179284,ENSG00000178726,THBD
ENSG00000091831,ENSG00000105221,AKT2
,ENSG00000107317,PTGDS
ENSG00000073282,ENSG00000168209,DDIT4
ENSG00000136931,ENSG00000125398,SOX9
ENSG00000166949,ENSG00000184502,GAST
ENSG00000141510,ENSG00000140443,IGF1R
ENSG00000073111,ENSG00000159210,SNF8
ENSG00000175592,ENSG00000102882,MAPK3
ENSG00000101412,ENSG00000110090,CPT1A
ENSG00000185591,ENSG00000166164,BRD7
ENSG00000118689,ENSG00000109819,PPARGC1A
ENSG00000172845,ENSG00000019991,HGF
ENSG00000170345,ENSG00000134200,TSHB
ENSG00000130816,ENSG00000107262,BAG1
ENSG00000172216,ENSG00000105329,TGFB1
ENSG00000186951,ENSG00000138109,CYP2C9
ENSG00000158711,ENSG00000177463,NR2C2
ENSG00000140009,ENSG00000101200,AVP
ENSG00000179284,ENSG00000126218,F10
ENSG00000109854,ENSG00000112715,VEGFA
ENSG00000185591,ENSG00000166949,SMAD3
ENSG00000172977,ENSG00000163655,GMPS
ENSG00000101412,ENSG00000203797,DDO
ENSG00000168453,ENSG00000173391,OLR1
ENSG00000168610,ENSG00000118046,STK11
ENSG00000100644,ENSG00000121053,EPX
,ENSG00000096717,SIRT1
ENSG00000168610,ENSG00000111276,CDKN1B
ENSG00000100811,ENSG00000094804,CDC6
ENSG00000109320,ENSG00000181019,NQO1
ENSG00000141905,ENSG00000135346,CGA
ENSG00000136931,ENSG00000203857,HSD3B1
ENSG00000273873,ENSG00000136997,MYC
ENSG00000134954,ENSG00000145113,MUC4
ENSG00000150907,ENSG00000157456,CCNB2
ENSG00000018408,ENSG00000111321,LTBR
ENSG00000055118,,
ENSG00000157557,ENSG00000205268,PDE7A
ENSG00000129514,ENSG00000165731,RET
ENSG00000109320,ENSG00000275444,DEFB4B
ENSG00000148737,,
ENSG00000123358,ENSG00000145386,CCNA2
ENSG00000136997,ENSG00000166200,COPS2
ENSG00000101412,ENSG00000175206,NPPA
ENSG00000158773,ENSG00000136487,GH2
ENSG00000128272,ENSG00000172216,CEBPB
ENSG00000162772,ENSG00000085117,CD82
ENSG00000005339,ENSG00000131759,RARA
ENSG00000172845,ENSG00000165029,ABCA1
ENSG00000185591,ENSG00000085563,ABCB1
ENSG00000245848,ENSG00000127951,FGL2
ENSG00000185122,ENSG00000125538,IL1B
ENSG00000109320,ENSG00000135744,AGT
ENSG00000184895,ENSG00000180176,TH
ENSG00000118513,ENSG00000108561,C1QBP
ENSG00000092067,ENSG00000100448,CTSG
ENSG00000184895,ENSG00000105672,ETV2
ENSG00000253293,ENSG00000164136,IL15
ENSG00000173757,ENSG00000171552,BCL2L1
ENSG00000185591,ENSG00000135929,CYP27A1
ENSG00000136997,ENSG00000113575,PPP2CA
ENSG00000185591,ENSG00000174607,UGT8
ENSG00000154727,ENSG00000012048,BRCA1
ENSG00000173039,ENSG00000134057,CCNB1
ENSG00000159388,ENSG00000174775,HRAS
,ENSG00000105173,CCNE1
ENSG00000152977,ENSG00000149100,EIF3M
ENSG00000100219,ENSG00000136244,IL6
ENSG00000185591,ENSG00000174371,EXO1
ENSG00000109320,ENSG00000122852,SFTPA1
ENSG00000141905,ENSG00000124491,F13A1
ENSG00000133895,ENSG00000184502,GAST
ENSG00000116478,ENSG00000124762,CDKN1A
ENSG00000069399,ENSG00000010810,FYN
ENSG00000169083,ENSG00000103197,TSC2
ENSG00000101412,ENSG00000198589,LRBA
ENSG00000173039,ENSG00000127191,TRAF2
ENSG00000109906,ENSG00000145386,CCNA2
,,
ENSG00000101057,ENSG00000108821,COL1A1
ENSG00000206454,ENSG00000181449,SOX2
ENSG00000120738,ENSG00000184939,ZFP90
ENSG00000061273,ENSG00000081189,MEF2C
ENSG00000118513,ENSG00000143799,PARP1
ENSG00000116016,ENSG00000123500,COL10A1
ENSG00000068024,ENSG00000147889,CDKN2A
ENSG00000205250,ENSG00000070761,CFAP20
ENSG00000185591,ENSG00000180176,TH
ENSG00000141510,ENSG00000132646,PCNA
ENSG00000179284,ENSG00000131748,STARD3
ENSG00000116016,ENSG00000112715,VEGFA
ENSG00000109320,ENSG00000275302,CCL4
ENSG00000245848,ENSG00000130427,EPO
ENSG00000169083,ENSG00000107831,FGF8
ENSG00000126561,ENSG00000111537,IFNG
ENSG00000173473,ENSG00000088205,DDX18
ENSG00000185591,ENSG00000092964,DPYSL2
ENSG00000171720,ENSG00000148935,GAS2
ENSG00000172845,ENSG00000141510,TP53
ENSG00000173039,ENSG00000172482,AGXT
ENSG00000100811,ENSG00000214078,CPNE1
ENSG00000185507,ENSG00000182393,IFNL1
ENSG00000132170,ENSG00000167772,ANGPTL4
ENSG00000187098,ENSG00000124762,CDKN1A
ENSG00000168610,ENSG00000263528,IKBKE
ENSG00000132170,ENSG00000073060,SCARB1
ENSG00000140968,,
ENSG00000123268,ENSG00000044574,HSPA5
ENSG00000136997,ENSG00000160213,CSTB
ENSG00000173039,ENSG00000048052,HDAC9
ENSG00000120738,ENSG00000164889,SLC4A2
ENSG00000185591,ENSG00000150991,UBC
ENSG00000100393,ENSG00000148516,ZEB1
ENSG00000088247,ENSG00000100316,RPL3
ENSG00000111087,ENSG00000100284,TOM1
ENSG00000120738,ENSG00000130513,GDF15
ENSG00000177606,ENSG00000134333,LDHA
ENSG00000136997,ENSG00000114416,FXR1
ENSG00000122691,ENSG00000130513,GDF15
ENSG00000185591,ENSG00000104689,TNFRSF10A
ENSG00000134323,ENSG00000141510,TP53
ENSG00000169016,ENSG00000169194,IL13
ENSG00000169083,ENSG00000158715,SLC45A3
ENSG00000007968,ENSG00000147894,C9orf72
ENSG00000135100,ENSG00000116984,MTR
ENSG00000131759,ENSG00000242515,UGT1A10
ENSG00000162676,ENSG00000165702,GFI1B
ENSG00000168310,ENSG00000113520,IL4
ENSG00000179348,ENSG00000114738,MAPKAPK3
ENSG00000168610,ENSG00000171557,FGG
ENSG00000101255,ENSG00000166949,SMAD3
ENSG00000185591,ENSG00000035862,TIMP2
ENSG00000106459,ENSG00000111775,COX6A1
ENSG00000173757,,
ENSG00000179348,ENSG00000288505,NANOS3
ENSG00000177606,ENSG00000164399,IL3
ENSG00000165556,,
ENSG00000168036,ENSG00000107984,DKK1
ENSG00000169083,ENSG00000198648,STK39
ENSG00000007968,ENSG00000116213,WRAP73
ENSG00000179348,ENSG00000111269,CREBL2
ENSG00000131759,ENSG00000102554,KLF5
ENSG00000173757,ENSG00000150337,FCGR1A
ENSG00000091831,ENSG00000101405,OXT
ENSG00000138378,ENSG00000073861,TBX21
ENSG00000141510,ENSG00000082898,XPO1
ENSG00000206454,ENSG00000240563,L1TD1
ENSG00000109320,ENSG00000012124,CD22
ENSG00000132170,ENSG00000204305,AGER
ENSG00000179284,ENSG00000068078,FGFR3
ENSG00000107485,,
ENSG00000112592,ENSG00000071082,RPL31
ENSG00000118513,ENSG00000072571,HMMR
ENSG00000168214,ENSG00000077150,NFKB2
ENSG00000173039,ENSG00000001084,GCLC
ENSG00000164379,ENSG00000122691,TWIST1
ENSG00000179284,ENSG00000107159,CA9
ENSG00000123268,ENSG00000151623,NR3C2
ENSG00000143321,ENSG00000169710,FASN
ENSG00000169083,ENSG00000028137,TNFRSF1B
ENSG00000100219,ENSG00000291237,SOD2
ENSG00000096717,ENSG00000100644,HIF1A
,ENSG00000198900,TOP1
ENSG00000005339,ENSG00000187094,CCK
ENSG00000101412,ENSG00000111206,FOXM1
ENSG00000118513,ENSG00000159176,CSRP1
ENSG00000141510,ENSG00000067082,KLF6
ENSG00000158773,ENSG00000091831,ESR1
ENSG00000138795,ENSG00000169083,AR
ENSG00000275410,ENSG00000137673,MMP7
ENSG00000095794,ENSG00000166796,LDHC
ENSG00000109320,ENSG00000061273,HDAC7
ENSG00000205250,ENSG00000171867,PRNP
ENSG00000122034,ENSG00000182185,RAD51B
ENSG00000245848,ENSG00000149021,SCGB1A1
ENSG00000134954,ENSG00000110799,VWF
ENSG00000164611,ENSG00000070831,CDC42
ENSG00000007968,ENSG00000178691,SUZ12
ENSG00000177606,ENSG00000160180,TFF3
ENSG00000136997,ENSG00000025708,TYMP
ENSG00000134954,ENSG00000109471,IL2
ENSG00000136944,ENSG00000081052,COL4A4
ENSG00000169016,ENSG00000095303,PTGS1
ENSG00000132170,ENSG00000137869,CYP19A1
ENSG00000100644,ENSG00000136160,EDNRB
ENSG00000120738,ENSG00000143320,CRABP2
ENSG00000101076,ENSG00000145384,FABP2
ENSG00000185591,ENSG00000070019,GUCY2C
ENSG00000185591,ENSG00000140443,IGF1R
ENSG00000101412,ENSG00000166167,BTRC
ENSG00000177606,ENSG00000149925,ALDOA
ENSG00000117318,ENSG00000124762,CDKN1A
ENSG00000260027,ENSG00000170917,NUDT6
ENSG00000113580,ENSG00000110092,CCND1
ENSG00000107485,ENSG00000111962,UST
ENSG00000134954,ENSG00000122861,PLAU
ENSG00000221869,ENSG00000017427,IGF1
,ENSG00000115415,STAT1
ENSG00000175387,ENSG00000171791,BCL2
ENSG00000169083,ENSG00000160862,AZGP1
ENSG00000158773,ENSG00000142192,APP
ENSG00000169083,ENSG00000163586,FABP1
ENSG00000166949,ENSG00000164683,HEY1
ENSG00000101412,ENSG00000125744,RTN2
ENSG00000172819,ENSG00000254647,INS
ENSG00000141510,ENSG00000206075,SERPINB5
ENSG00000101412,ENSG00000103540,CCP110
ENSG00000105698,ENSG00000073756,PTGS2
ENSG00000100811,ENSG00000100393,EP300
ENSG00000128573,ENSG00000105976,MET
ENSG00000128272,ENSG00000068903,SIRT2
ENSG00000134323,ENSG00000087088,BAX
ENSG00000141510,ENSG00000170606,HSPA4
ENSG00000177606,ENSG00000111335,OAS2
ENSG00000135457,ENSG00000175899,A2M
ENSG00000133895,ENSG00000172179,PRL
ENSG00000136997,ENSG00000173486,FKBP2
ENSG00000028277,ENSG00000163207,IVL
ENSG00000125347,ENSG00000233816,IFNA13
ENSG00000177606,ENSG00000169469,SPRR1B
ENSG00000106546,,
ENSG00000134954,ENSG00000101654,RNMT
ENSG00000005339,ENSG00000100889,PCK2
ENSG00000185591,ENSG00000100644,HIF1A
ENSG00000118513,,
ENSG00000141510,ENSG00000121858,TNFSF10
ENSG00000136997,ENSG00000143106,PSMA5
ENSG00000101412,ENSG00000012983,MAP4K5
ENSG00000118260,ENSG00000184845,DRD1
ENSG00000141510,ENSG00000170312,CDK1
ENSG00000114166,ENSG00000141646,SMAD4
ENSG00000179284,ENSG00000088305,DNMT3B
ENSG00000100297,ENSG00000115415,STAT1
ENSG00000179284,ENSG00000244731,C4A
ENSG00000150907,ENSG00000134057,CCNB1
ENSG00000157554,ENSG00000108622,ICAM2
ENSG00000134954,ENSG00000064012,CASP8
ENSG00000118260,ENSG00000087245,MMP2
ENSG00000007968,ENSG00000179361,ARID3B
ENSG00000177606,ENSG00000105835,NAMPT
ENSG00000171843,ENSG00000124762,CDKN1A
ENSG00000118260,ENSG00000148795,CYP17A1
,ENSG00000067596,DHX8
ENSG00000141510,ENSG00000131981,LGALS3
ENSG00000101412,ENSG00000165509,MAGEC3
ENSG00000106462,ENSG00000122691,TWIST1
ENSG00000113580,ENSG00000122786,CALD1
ENSG00000100644,ENSG00000015475,BID
ENSG00000206454,ENSG00000164736,SOX17
ENSG00000113580,ENSG00000012048,BRCA1
ENSG00000111424,ENSG00000168209,DDIT4
ENSG00000177606,ENSG00000092820,EZR
ENSG00000101412,ENSG00000127955,GNAI1
ENSG00000101412,ENSG00000151726,ACSL1
ENSG00000126767,ENSG00000086232,EIF2AK1
ENSG00000118689,ENSG00000089356,FXYD3
ENSG00000118513,ENSG00000089009,RPL6
ENSG00000172819,ENSG00000136997,MYC
ENSG00000102145,ENSG00000158825,CDA
ENSG00000169083,ENSG00000169429,CXCL8
ENSG00000205250,ENSG00000095002,MSH2
ENSG00000179284,ENSG00000157227,MMP14
ENSG00000164093,ENSG00000138795,LEF1
ENSG00000181163,ENSG00000100316,RPL3
ENSG00000136997,ENSG00000072501,SMC1A
ENSG00000131196,ENSG00000109471,IL2
ENSG00000181690,ENSG00000006016,CRLF1
ENSG00000101412,ENSG00000166266,CUL5
ENSG00000116560,ENSG00000256061,DNAAF4
ENSG00000147862,ENSG00000101443,WFDC2
ENSG00000173039,ENSG00000163661,PTX3
ENSG00000171720,ENSG00000197919,IFNA1
ENSG00000141568,ENSG00000169375,SIN3A
ENSG00000155090,ENSG00000146648,EGFR
ENSG00000168310,,
ENSG00000069011,ENSG00000185630,PBX1
,ENSG00000147416,ATP6V1B2
ENSG00000141510,ENSG00000160307,S100B
ENSG00000101412,ENSG00000143353,LYPLAL1
ENSG00000185591,ENSG00000160013,PTGIR
ENSG00000157557,ENSG00000145386,CCNA2
,ENSG00000160182,TFF1
ENSG00000136997,ENSG00000131495,NDUFA2
ENSG00000177606,ENSG00000100604,CHGA
ENSG00000162367,ENSG00000187266,EPOR
ENSG00000136997,ENSG00000123933,MXD4
ENSG00000112033,ENSG00000110092,CCND1
,ENSG00000100985,MMP9
ENSG00000179284,ENSG00000172183,ISG20
ENSG00000109320,ENSG00000115009,CCL20
ENSG00000118260,ENSG00000141736,ERBB2
ENSG00000173039,ENSG00000118503,TNFAIP3
ENSG00000134954,ENSG00000100385,IL2RB
ENSG00000130522,ENSG00000102265,TIMP1
ENSG00000185591,ENSG00000132639,SNAP25
ENSG00000131759,ENSG00000275410,HNF1B
ENSG00000073861,ENSG00000113520,IL4
ENSG00000101412,,
ENSG00000168610,ENSG00000239672,NME1
ENSG00000120837,ENSG00000244734,HBB
ENSG00000109320,ENSG00000134954,ETS1
ENSG00000125398,ENSG00000164690,SHH
ENSG00000100393,ENSG00000121053,EPX
ENSG00000136574,ENSG00000105697,HAMP
ENSG00000125398,ENSG00000184486,POU3F2
ENSG00000007968,ENSG00000149187,CELF1
ENSG00000055118,ENSG00000157554,ERG
ENSG00000143190,ENSG00000242950,ERVW-1
ENSG00000196628,ENSG00000139292,LGR5
ENSG00000179388,ENSG00000166145,SPINT1
ENSG00000177606,ENSG00000106004,HOXA5
ENSG00000109320,ENSG00000100292,HMOX1
ENSG00000116478,ENSG00000085563,ABCB1
ENSG00000155090,ENSG00000049768,FOXP3
ENSG00000158773,ENSG00000140505,CYP1A2
ENSG00000177606,ENSG00000188641,DPYD
ENSG00000158773,ENSG00000105329,TGFB1
ENSG00000067082,ENSG00000100985,MMP9
,ENSG00000171791,BCL2
ENSG00000101665,ENSG00000135503,ACVR1B
ENSG00000124216,ENSG00000169429,CXCL8
ENSG00000178573,ENSG00000113520,IL4
ENSG00000102974,ENSG00000158815,FGF17
ENSG00000095951,ENSG00000141510,TP53
ENSG00000136997,ENSG00000136937,NCBP1
ENSG00000096717,ENSG00000170606,HSPA4
ENSG00000205250,ENSG00000198830,HMGN2
ENSG00000205250,ENSG00000142731,PLK4
ENSG00000141510,ENSG00000155367,PPM1J
ENSG00000185591,ENSG00000163739,CXCL1
ENSG00000172216,ENSG00000007171,NOS2
ENSG00000106004,ENSG00000105894,PTN
ENSG00000158773,ENSG00000174437,ATP2A2
ENSG00000205250,ENSG00000138061,CYP1B1
ENSG00000126561,ENSG00000118971,CCND2
ENSG00000111653,ENSG00000169429,CXCL8
ENSG00000185591,ENSG00000108387,SEPTIN4
ENSG00000187098,ENSG00000123374,CDK2
ENSG00000143190,ENSG00000007171,NOS2
ENSG00000126767,ENSG00000107796,ACTA2
ENSG00000185122,ENSG00000124762,CDKN1A
ENSG00000125798,ENSG00000165029,ABCA1
ENSG00000068024,ENSG00000112715,VEGFA
ENSG00000196092,ENSG00000171132,PRKCE
ENSG00000173757,ENSG00000170835,CEL
ENSG00000100811,ENSG00000099341,PSMD8
ENSG00000185591,ENSG00000159216,RUNX1
ENSG00000175832,ENSG00000183668,PSG9
ENSG00000145741,ENSG00000133216,EPHB2
ENSG00000177606,ENSG00000115053,NCL
ENSG00000100811,ENSG00000165487,MICU2
ENSG00000245848,ENSG00000021826,CPS1
ENSG00000079102,ENSG00000164399,IL3
ENSG00000172216,ENSG00000170965,PLAC1
ENSG00000177606,ENSG00000059377,TBXAS1
ENSG00000148737,ENSG00000038427,VCAN
ENSG00000101412,ENSG00000125084,WNT1
ENSG00000173757,ENSG00000140009,ESR2
ENSG00000162772,ENSG00000125968,ID1
ENSG00000125347,ENSG00000100012,SEC14L3
ENSG00000137273,ENSG00000150093,ITGB1
ENSG00000118260,ENSG00000153094,BCL2L11
ENSG00000105516,ENSG00000187758,ADH1A
ENSG00000101412,ENSG00000165806,CASP7
ENSG00000136997,ENSG00000153774,CFDP1
ENSG00000141510,ENSG00000107262,BAG1
ENSG00000175832,ENSG00000148290,SURF1
ENSG00000134954,ENSG00000106366,SERPINE1
ENSG00000102034,ENSG00000169429,CXCL8
ENSG00000134954,,
ENSG00000101412,ENSG00000166171,DPCD
ENSG00000184481,ENSG00000103479,RBL2
ENSG00000116478,ENSG00000104689,TNFRSF10A
ENSG00000007968,ENSG00000100290,BIK
ENSG00000185591,ENSG00000206075,SERPINB5
ENSG00000169083,ENSG00000115461,IGFBP5
ENSG00000169083,ENSG00000132581,SDF2
ENSG00000100644,ENSG00000168067,MAP4K2
ENSG00000118513,ENSG00000103811,CTSH
ENSG00000118260,ENSG00000147465,STAR
ENSG00000012048,ENSG00000183960,KCNH8
ENSG00000143190,ENSG00000166035,LIPC
ENSG00000104903,ENSG00000091879,ANGPT2
ENSG00000185591,ENSG00000105612,DNASE2
ENSG00000179284,ENSG00000182511,FES
ENSG00000185591,ENSG00000178537,SLC25A20
ENSG00000124216,ENSG00000137801,THBS1
ENSG00000205250,ENSG00000101076,HNF4A
ENSG00000179348,ENSG00000160752,FDPS
ENSG00000138795,ENSG00000172179,PRL
ENSG00000074047,ENSG00000136997,MYC
ENSG00000101412,ENSG00000108984,MAP2K6
ENSG00000147862,ENSG00000124762,CDKN1A
ENSG00000134323,ENSG00000050165,DKK3
ENSG00000118217,ENSG00000110435,PDHX
ENSG00000185591,ENSG00000121858,TNFSF10
ENSG00000185591,ENSG00000170312,CDK1
ENSG00000120738,ENSG00000104921,FCER2
ENSG00000069399,ENSG00000174175,SELP
ENSG00000100644,ENSG00000107159,CA9
ENSG00000196591,ENSG00000122786,CALD1
ENSG00000125347,ENSG00000162896,PIGR
ENSG00000007968,ENSG00000087269,NOP14
ENSG00000128652,ENSG00000161638,ITGA5
ENSG00000141510,ENSG00000145194,ECE2
ENSG00000136997,ENSG00000128989,ARPP19
ENSG00000136997,ENSG00000185650,ZFP36L1
ENSG00000109320,ENSG00000162772,ATF3
ENSG00000123095,ENSG00000110092,CCND1
ENSG00000089280,ENSG00000169083,AR
ENSG00000111087,ENSG00000184588,PDE4B
ENSG00000020633,ENSG00000182566,CLEC4G
ENSG00000091831,ENSG00000114166,KAT2B
ENSG00000143190,ENSG00000019549,SNAI2
ENSG00000126561,ENSG00000125347,IRF1
ENSG00000082641,ENSG00000181019,NQO1
ENSG00000179348,ENSG00000121053,EPX
ENSG00000141510,ENSG00000171791,BCL2
ENSG00000135100,ENSG00000163631,ALB
ENSG00000091831,ENSG00000179284,DAND5
ENSG00000170365,ENSG00000147883,CDKN2B
ENSG00000143321,ENSG00000026025,VIM
ENSG00000113916,ENSG00000147883,CDKN2B
ENSG00000122691,ENSG00000175745,NR2F1
ENSG00000170365,ENSG00000109163,GNRHR
ENSG00000132170,ENSG00000184730,APOBR
ENSG00000091831,ENSG00000158480,SPATA2
ENSG00000115415,ENSG00000140279,DUOX2
ENSG00000141510,ENSG00000145321,GC
ENSG00000186470,ENSG00000149311,ATM
ENSG00000169083,ENSG00000254647,INS
,ENSG00000175344,CHRNA7
ENSG00000136997,ENSG00000136045,PWP1
ENSG00000206454,ENSG00000115738,ID2
ENSG00000106462,ENSG00000172179,PRL
ENSG00000129173,ENSG00000110092,CCND1
ENSG00000169083,ENSG00000196139,AKR1C3
ENSG00000101412,ENSG00000165029,ABCA1
ENSG00000069011,ENSG00000197919,IFNA1
,ENSG00000105996,HOXA2
ENSG00000066136,ENSG00000129245,FXR2
ENSG00000120738,ENSG00000104826,LHB
ENSG00000125798,ENSG00000115263,GCG
ENSG00000141905,ENSG00000136487,GH2
ENSG00000143257,ENSG00000165841,CYP2C19
ENSG00000136997,ENSG00000138646,HERC5
ENSG00000069011,ENSG00000104826,LHB
ENSG00000143190,ENSG00000175445,LPL
ENSG00000143190,ENSG00000140939,NOL3
ENSG00000118260,ENSG00000001626,CFTR
ENSG00000148835,ENSG00000124762,CDKN1A
ENSG00000122691,ENSG00000091831,ESR1
ENSG00000172466,ENSG00000112715,VEGFA
ENSG00000120738,ENSG00000010278,CD9
ENSG00000245848,ENSG00000262406,MMP12
ENSG00000141510,ENSG00000083454,P2RX5
ENSG00000168214,ENSG00000171862,PTEN
ENSG00000131408,ENSG00000169710,FASN
ENSG00000106462,ENSG00000147883,CDKN2B
ENSG00000100603,ENSG00000077092,RARB
ENSG00000100811,ENSG00000123454,DBH
ENSG00000101412,ENSG00000178662,CSRNP3
ENSG00000136931,ENSG00000248099,INSL3
ENSG00000170365,ENSG00000164683,HEY1
ENSG00000019549,ENSG00000026508,CD44
ENSG00000127528,ENSG00000124762,CDKN1A
ENSG00000165556,ENSG00000111424,VDR
ENSG00000101412,ENSG00000077782,FGFR1
ENSG00000102145,ENSG00000136492,BRIP1
,ENSG00000231021,HLA-DRB4
ENSG00000245848,ENSG00000136634,IL10
ENSG00000185591,ENSG00000055332,EIF2AK2
ENSG00000171223,ENSG00000198712,MT-CO2
ENSG00000100393,ENSG00000161905,ALOX15
ENSG00000177606,ENSG00000123454,DBH
ENSG00000111424,ENSG00000128567,PODXL
ENSG00000123268,ENSG00000141736,ERBB2
ENSG00000118260,ENSG00000118520,ARG1
ENSG00000169083,ENSG00000136997,MYC
ENSG00000010818,ENSG00000204642,HLA-F
ENSG00000173153,ENSG00000185591,SP1
ENSG00000066336,ENSG00000171611,PTCRA
ENSG00000126561,ENSG00000196639,HRH1
ENSG00000132170,ENSG00000180008,SOCS4
ENSG00000115415,ENSG00000184371,CSF1
ENSG00000141510,ENSG00000121380,BCL2L14
ENSG00000118513,ENSG00000099326,MZF1
ENSG00000169057,ENSG00000146674,IGFBP3
ENSG00000131759,ENSG00000086696,HSD17B2
ENSG00000205250,ENSG00000076003,MCM6
ENSG00000101412,ENSG00000141510,TP53
ENSG00000115641,ENSG00000109320,NFKB1
ENSG00000113722,ENSG00000134755,DSC2
ENSG00000096717,ENSG00000100985,MMP9
ENSG00000141646,ENSG00000110245,APOC3
ENSG00000187098,ENSG00000100644,HIF1A
ENSG00000141644,ENSG00000170430,MGMT
ENSG00000139352,ENSG00000107984,DKK1
ENSG00000109320,ENSG00000130222,GADD45G
ENSG00000066336,ENSG00000160013,PTGIR
ENSG00000173039,ENSG00000007908,SELE
ENSG00000106462,ENSG00000116478,HDAC1
ENSG00000114861,ENSG00000166349,RAG1
ENSG00000118513,ENSG00000115053,NCL
ENSG00000169083,ENSG00000111057,KRT18
ENSG00000101412,ENSG00000062650,WAPL
ENSG00000100307,ENSG00000105325,FZR1
ENSG00000179284,ENSG00000170558,CDH2
ENSG00000110435,ENSG00000254647,INS
ENSG00000118513,ENSG00000059377,TBXAS1
ENSG00000065978,ENSG00000137776,SLTM
,ENSG00000146674,IGFBP3
ENSG00000105856,ENSG00000104899,AMH
ENSG00000048540,,
ENSG00000007968,ENSG00000134812,CBLIF
ENSG00000141905,ENSG00000120053,GOT1
ENSG00000100393,ENSG00000178726,THBD
ENSG00000172216,ENSG00000206439,TNF
ENSG00000109906,ENSG00000121966,CXCR4
ENSG00000122592,ENSG00000092295,TGM1
ENSG00000205250,ENSG00000154473,BUB3
ENSG00000185591,ENSG00000102890,ELMO3
ENSG00000136997,ENSG00000183010,PYCR1
ENSG00000170345,ENSG00000095794,CREM
ENSG00000101076,ENSG00000197408,CYP2B6
ENSG00000125347,ENSG00000101017,CD40
ENSG00000185591,ENSG00000163563,MNDA
ENSG00000143190,ENSG00000206439,TNF
ENSG00000168610,ENSG00000104760,FGL1
ENSG00000245848,ENSG00000135222,CSN2
ENSG00000116478,ENSG00000132646,PCNA
ENSG00000159216,ENSG00000102265,TIMP1
ENSG00000196092,ENSG00000100219,XBP1
ENSG00000179284,ENSG00000065154,OAT
ENSG00000101412,ENSG00000111879,FAM184A
ENSG00000173039,ENSG00000110245,APOC3
ENSG00000175197,ENSG00000120889,TNFRSF10B
ENSG00000205250,ENSG00000136425,CIB2
ENSG00000135363,ENSG00000091879,ANGPT2
ENSG00000169083,ENSG00000089558,KCNH4
ENSG00000163517,ENSG00000136997,MYC
ENSG00000175197,ENSG00000133318,RTN3
ENSG00000111424,ENSG00000169429,CXCL8
,ENSG00000128422,KRT17
ENSG00000185591,ENSG00000125735,TNFSF14
ENSG00000206454,ENSG00000165556,CDX2
ENSG00000008441,ENSG00000133048,CHI3L1
ENSG00000185591,ENSG00000187498,COL4A1
ENSG00000140968,ENSG00000003402,CFLAR
ENSG00000101412,ENSG00000134461,ANKRD16
ENSG00000071564,,
ENSG00000172845,ENSG00000184557,SOCS3
ENSG00000105698,ENSG00000136931,NR5A1
ENSG00000172845,ENSG00000086991,NOX4
ENSG00000084093,ENSG00000006128,TAC1
ENSG00000172819,ENSG00000141027,NCOR1
ENSG00000124766,ENSG00000118058,KMT2A
ENSG00000136997,ENSG00000131844,MCCC2
ENSG00000100811,ENSG00000119705,SLIRP
ENSG00000131408,ENSG00000100889,PCK2
ENSG00000116016,ENSG00000128052,KDR
ENSG00000186951,ENSG00000265972,TXNIP
ENSG00000185591,ENSG00000100985,MMP9
ENSG00000077092,ENSG00000168878,SFTPB
ENSG00000139687,ENSG00000132170,PPARG
ENSG00000166478,ENSG00000177156,TALDO1
ENSG00000101412,ENSG00000128708,HAT1
ENSG00000172216,ENSG00000172955,ADH6
ENSG00000185122,ENSG00000085563,ABCB1
ENSG00000074047,ENSG00000196878,LAMB3
,ENSG00000038002,AGA
ENSG00000102554,ENSG00000110092,CCND1
ENSG00000136997,ENSG00000117395,EBNA1BP2
ENSG00000105698,ENSG00000101200,AVP
ENSG00000186951,ENSG00000100906,NFKBIA
ENSG00000177606,ENSG00000122585,NPY
ENSG00000101115,ENSG00000101115,SALL4
ENSG00000136997,ENSG00000081041,CXCL2
ENSG00000141510,ENSG00000115738,ID2
ENSG00000068024,ENSG00000128272,ATF4
ENSG00000066336,ENSG00000159216,RUNX1
ENSG00000205250,ENSG00000167900,TK1
ENSG00000168610,ENSG00000169429,CXCL8
,ENSG00000135318,NT5E
ENSG00000185129,ENSG00000169710,FASN
ENSG00000100393,ENSG00000162692,VCAM1
ENSG00000101412,ENSG00000019582,CD74
ENSG00000118513,ENSG00000128050,PAICS
ENSG00000175832,ENSG00000164120,HPGD
ENSG00000141646,ENSG00000177606,JUN
ENSG00000158773,,
ENSG00000105866,ENSG00000069535,MAOB
ENSG00000170345,ENSG00000133636,NTS
ENSG00000158773,ENSG00000007933,FMO3
ENSG00000134982,ENSG00000188425,NANOS2
ENSG00000118260,ENSG00000091140,DLD
ENSG00000205250,ENSG00000117650,NEK2
ENSG00000106571,ENSG00000088826,SMOX
ENSG00000122691,ENSG00000116473,RAP1A
ENSG00000082641,ENSG00000025772,TOMM34
ENSG00000185591,ENSG00000171791,BCL2
ENSG00000168610,ENSG00000174697,LEP
ENSG00000136997,ENSG00000163781,TOPBP1
ENSG00000101412,ENSG00000075240,GRAMD4
ENSG00000168610,ENSG00000169877,AHSP
ENSG00000128272,ENSG00000112715,VEGFA
ENSG00000115415,ENSG00000241945,PWP2
ENSG00000120690,ENSG00000151702,FLI1
ENSG00000120738,ENSG00000105329,TGFB1
ENSG00000101412,ENSG00000184857,TMEM186
ENSG00000136997,ENSG00000156709,AIFM1
ENSG00000118260,ENSG00000146469,VIP
ENSG00000143190,ENSG00000137409,MTCH1
ENSG00000158773,ENSG00000206190,ATP10A
ENSG00000101412,ENSG00000120868,APAF1
ENSG00000179284,ENSG00000025708,TYMP
ENSG00000101412,ENSG00000148229,POLE3
ENSG00000196712,ENSG00000176387,HSD11B2
ENSG00000163848,ENSG00000115758,ODC1
ENSG00000166949,ENSG00000059728,MXD1
ENSG00000120738,ENSG00000174437,ATP2A2
ENSG00000141510,ENSG00000146674,IGFBP3
,ENSG00000134757,DSG3
ENSG00000123364,ENSG00000066336,SPI1
ENSG00000169083,ENSG00000163794,UCN
ENSG00000125398,,
ENSG00000173153,ENSG00000106546,AHR
ENSG00000185591,ENSG00000168906,MAT2A
ENSG00000091831,ENSG00000253293,HOXA10
ENSG00000168214,ENSG00000114315,HES1
ENSG00000116017,ENSG00000140464,PML
ENSG00000116478,ENSG00000206075,SERPINB5
ENSG00000172845,ENSG00000180210,F2
ENSG00000118513,ENSG00000239672,NME1
ENSG00000170345,ENSG00000120694,HSPH1
ENSG00000149311,,
ENSG00000175832,ENSG00000157152,SYN2
ENSG00000169083,ENSG00000125686,MED1
ENSG00000082641,ENSG00000126432,PRDX5
ENSG00000169083,,
ENSG00000139687,ENSG00000105325,FZR1
ENSG00000132005,ENSG00000132646,PCNA
ENSG00000136997,ENSG00000129910,CDH15
ENSG00000091831,ENSG00000096968,JAK2
ENSG00000102145,ENSG00000100739,BDKRB1
ENSG00000099326,ENSG00000142623,PADI1
ENSG00000136997,ENSG00000135679,MDM2
ENSG00000205250,ENSG00000135625,EGR4
ENSG00000173039,ENSG00000138378,STAT4
ENSG00000179284,ENSG00000203760,CENPW
ENSG00000134086,ENSG00000141510,TP53
ENSG00000123268,ENSG00000001626,CFTR
ENSG00000089225,ENSG00000265107,GJA5
ENSG00000013561,ENSG00000110092,CCND1
ENSG00000168610,ENSG00000196611,MMP1
ENSG00000136997,ENSG00000164105,SAP30
ENSG00000185591,ENSG00000073849,ST6GAL1
ENSG00000101412,ENSG00000110944,IL23A
ENSG00000111087,ENSG00000100979,PLTP
ENSG00000134323,ENSG00000100297,MCM5
ENSG00000102145,,
ENSG00000167034,ENSG00000169083,AR
ENSG00000172845,ENSG00000260027,HOXB7
ENSG00000125618,ENSG00000105641,SLC5A5
ENSG00000134323,ENSG00000120885,CLU
ENSG00000101412,ENSG00000145782,ATG12
ENSG00000126767,ENSG00000164609,SLU7
ENSG00000126561,ENSG00000135222,CSN2
ENSG00000055118,ENSG00000100292,HMOX1
ENSG00000205250,ENSG00000144231,POLR2D
ENSG00000100393,ENSG00000106462,EZH2
ENSG00000171476,ENSG00000170345,FOS
ENSG00000100393,ENSG00000107159,CA9
,ENSG00000116752,BCAS2
,ENSG00000108654,DDX5
ENSG00000134982,ENSG00000073756,PTGS2
ENSG00000177606,ENSG00000028137,TNFRSF1B
ENSG00000136997,ENSG00000051108,HERPUD1
ENSG00000172216,ENSG00000198712,MT-CO2
ENSG00000109320,ENSG00000196664,TLR7
ENSG00000118260,ENSG00000117632,STMN1
ENSG00000179284,ENSG00000259207,ITGB3
ENSG00000158773,ENSG00000166035,LIPC
ENSG00000101412,ENSG00000132952,USPL1
ENSG00000221869,ENSG00000206454,POU5F1
ENSG00000179284,ENSG00000166796,LDHC
ENSG00000100811,ENSG00000198300,PEG3
ENSG00000091831,ENSG00000054598,FOXC1
ENSG00000179284,ENSG00000148344,PTGES
ENSG00000126561,ENSG00000146648,EGFR
,ENSG00000010610,CD4
ENSG00000100811,ENSG00000241837,ATP5PO
ENSG00000077092,ENSG00000090339,ICAM1
ENSG00000185591,ENSG00000140835,CHST4
ENSG00000177606,ENSG00000143603,KCNN3
ENSG00000141510,ENSG00000185088,RPS27L
ENSG00000068024,ENSG00000171720,HDAC3
ENSG00000196588,ENSG00000149591,TAGLN
ENSG00000185591,ENSG00000132297,HHLA1
ENSG00000141905,ENSG00000104722,NEFM
ENSG00000115415,ENSG00000125538,IL1B
ENSG00000144852,ENSG00000105649,RAB3A
ENSG00000141905,ENSG00000140505,CYP1A2
ENSG00000091831,ENSG00000080503,SMARCA2
ENSG00000126767,ENSG00000106278,PTPRZ1
ENSG00000141510,ENSG00000100033,PRODH
ENSG00000245848,ENSG00000087237,CETP
ENSG00000077092,ENSG00000146278,PNRC1
ENSG00000187098,ENSG00000167995,BEST1
ENSG00000179284,ENSG00000186318,BACE1
ENSG00000128272,ENSG00000175197,DDIT3
ENSG00000185591,ENSG00000175344,CHRNA7
ENSG00000101412,ENSG00000142871,CCN1
ENSG00000179348,ENSG00000163746,PLSCR2
ENSG00000136997,,
ENSG00000179388,ENSG00000078900,TP73
ENSG00000173039,ENSG00000109320,NFKB1
ENSG00000245848,ENSG00000142168,SOD1
ENSG00000185591,ENSG00000206258,TNXB
ENSG00000107485,ENSG00000148488,ST8SIA6
ENSG00000175832,ENSG00000157168,NRG1
ENSG00000160199,ENSG00000143995,MEIS1
ENSG00000101412,ENSG00000112029,FBXO5
ENSG00000107485,ENSG00000081985,IL12RB2
ENSG00000007968,ENSG00000139874,SSTR1
ENSG00000115415,ENSG00000188425,NANOS2
ENSG00000074047,ENSG00000027697,IFNGR1
ENSG00000179284,ENSG00000130816,DNMT1
ENSG00000113916,ENSG00000168283,BMI1
ENSG00000173039,ENSG00000101266,CSNK2A1
ENSG00000109320,ENSG00000165029,ABCA1
ENSG00000256683,ENSG00000101773,RBBP8
ENSG00000175745,ENSG00000130427,EPO
ENSG00000073282,ENSG00000149136,SSRP1
,ENSG00000128567,PODXL
ENSG00000127616,ENSG00000105325,FZR1
ENSG00000205250,ENSG00000197971,MBP
ENSG00000170345,ENSG00000165197,VEGFD
ENSG00000175592,ENSG00000138448,ITGAV
ENSG00000141905,ENSG00000134240,HMGCS2
ENSG00000007968,ENSG00000103168,TAF1C
ENSG00000185591,ENSG00000117560,FASLG
ENSG00000007968,ENSG00000187240,DYNC2H1
ENSG00000131196,ENSG00000160654,CD3G
ENSG00000183434,ENSG00000140941,MAP1LC3B
ENSG00000170345,ENSG00000171428,NAT1
ENSG00000141448,ENSG00000110799,VWF
ENSG00000118689,ENSG00000153094,BCL2L11
ENSG00000184895,ENSG00000125398,SOX9
ENSG00000159216,ENSG00000112715,VEGFA
ENSG00000185591,ENSG00000102349,KLF8
ENSG00000186951,ENSG00000110244,APOA4
ENSG00000139618,ENSG00000051180,RAD51
ENSG00000066336,ENSG00000163563,MNDA
ENSG00000141510,ENSG00000129625,REEP5
ENSG00000138795,ENSG00000067900,ROCK1
ENSG00000144852,ENSG00000162344,FGF19
ENSG00000198646,ENSG00000138109,CYP2C9
ENSG00000185591,ENSG00000138622,HCN4
ENSG00000245848,ENSG00000090020,SLC9A1
ENSG00000153234,ENSG00000147571,CRH
ENSG00000101412,ENSG00000004799,PDK4
ENSG00000138378,ENSG00000180644,PRF1
ENSG00000177606,ENSG00000169429,CXCL8
ENSG00000097007,ENSG00000177606,JUN
ENSG00000105698,ENSG00000100644,HIF1A
ENSG00000101412,ENSG00000100099,HPS4
ENSG00000141448,ENSG00000122861,PLAU
ENSG00000125686,ENSG00000105398,SULT2A1
ENSG00000116809,ENSG00000124762,CDKN1A
ENSG00000100644,ENSG00000186352,ANKRD37
ENSG00000101412,ENSG00000197562,RAB40C
ENSG00000172216,ENSG00000121022,COPS5
ENSG00000169083,ENSG00000141027,NCOR1
ENSG00000185591,ENSG00000114854,TNNC1
ENSG00000185591,ENSG00000139219,COL2A1
ENSG00000163848,ENSG00000184719,RNLS
ENSG00000173039,ENSG00000188613,NANOS1
ENSG00000128573,ENSG00000174469,CNTNAP2
ENSG00000100811,ENSG00000160791,CCR5
ENSG00000134954,ENSG00000013725,CD6
ENSG00000064490,ENSG00000204252,HLA-DOA
ENSG00000109320,ENSG00000141510,TP53
ENSG00000169083,ENSG00000196620,UGT2B15
ENSG00000143190,ENSG00000121022,COPS5
ENSG00000185591,ENSG00000125398,SOX9
ENSG00000105698,ENSG00000110435,PDHX
ENSG00000101665,ENSG00000204262,COL5A2
ENSG00000221869,ENSG00000132170,PPARG
ENSG00000136997,ENSG00000188554,NBR1
ENSG00000185591,ENSG00000146674,IGFBP3
ENSG00000177606,ENSG00000160791,CCR5
ENSG00000082641,ENSG00000126247,CAPNS1
ENSG00000136997,ENSG00000245848,CEBPA
ENSG00000128652,ENSG00000138448,ITGAV
ENSG00000148737,ENSG00000167779,IGFBP6
ENSG00000168610,ENSG00000006210,CX3CL1
ENSG00000140396,ENSG00000073734,ABCB11
ENSG00000123268,ENSG00000146469,VIP
ENSG00000101412,ENSG00000143933,CALM2
ENSG00000101412,ENSG00000111339,ART4
ENSG00000102145,ENSG00000169385,RNASE2
ENSG00000168610,ENSG00000136997,MYC
ENSG00000141510,ENSG00000184990,SIVA1
ENSG00000115415,ENSG00000073756,PTGS2
ENSG00000134954,ENSG00000136158,SPRY2
ENSG00000179284,ENSG00000109321,AREG
ENSG00000116478,ENSG00000100985,MMP9
ENSG00000105698,ENSG00000100345,MYH9
ENSG00000136997,ENSG00000075856,SART3
ENSG00000136997,ENSG00000118412,CASP8AP2
ENSG00000177606,ENSG00000163754,GYG1
ENSG00000115415,ENSG00000145725,PPIP5K2
ENSG00000136997,ENSG00000147403,RPL10
ENSG00000147274,ENSG00000175592,FOSL1
ENSG00000184481,ENSG00000108671,PSMD11
ENSG00000170581,ENSG00000233816,IFNA13
ENSG00000185591,ENSG00000128422,KRT17
ENSG00000196793,ENSG00000265203,RBP3
ENSG00000159692,ENSG00000012048,BRCA1
ENSG00000172845,ENSG00000164171,ITGA2
ENSG00000136997,ENSG00000160867,FGFR4
ENSG00000087903,ENSG00000091181,IL5RA
ENSG00000170345,ENSG00000123685,BATF3
ENSG00000185591,ENSG00000203857,HSD3B1
ENSG00000125398,ENSG00000116745,RPE65
ENSG00000166949,ENSG00000169554,ZEB2
ENSG00000148737,ENSG00000119048,UBE2B
ENSG00000136997,ENSG00000127184,COX7C
ENSG00000206454,ENSG00000118785,SPP1
ENSG00000109381,ENSG00000165280,VCP
ENSG00000100393,ENSG00000131095,GFAP
ENSG00000007372,ENSG00000137776,SLTM
ENSG00000100811,ENSG00000137801,THBS1
ENSG00000148516,ENSG00000169469,SPRR1B
ENSG00000095794,ENSG00000280529,TAF4
,ENSG00000129167,TPH1
ENSG00000136997,ENSG00000137185,ZSCAN9
ENSG00000169083,ENSG00000134058,CDK7
ENSG00000185591,,
ENSG00000245848,ENSG00000168621,GDNF
ENSG00000176046,ENSG00000124762,CDKN1A
,ENSG00000212866,HSPA1B
ENSG00000177606,ENSG00000137801,THBS1
ENSG00000105698,ENSG00000167080,B4GALNT2
ENSG00000185122,ENSG00000025423,HSD17B6
ENSG00000173039,ENSG00000136560,TANK
ENSG00000177606,ENSG00000196611,MMP1
ENSG00000116830,ENSG00000115705,TPO
ENSG00000105698,ENSG00000116016,EPAS1
ENSG00000181449,ENSG00000016082,ISL1
ENSG00000179284,ENSG00000274286,ADRA2B
ENSG00000198911,ENSG00000141458,NPC1
ENSG00000100811,ENSG00000139687,RB1
ENSG00000007968,ENSG00000162384,CZIB
ENSG00000168610,,
ENSG00000064393,ENSG00000026025,VIM
ENSG00000115641,ENSG00000111276,CDKN1B
ENSG00000138795,ENSG00000213923,CSNK1E
ENSG00000065978,ENSG00000085563,ABCB1
ENSG00000136997,,
ENSG00000148737,ENSG00000101197,BIRC7
ENSG00000185591,ENSG00000135318,NT5E
ENSG00000205250,ENSG00000160299,PCNT
ENSG00000138073,ENSG00000108691,CCL2
ENSG00000177606,ENSG00000139687,RB1
ENSG00000179284,ENSG00000178562,CD28
ENSG00000173039,ENSG00000159176,CSRP1
ENSG00000109320,ENSG00000087088,BAX
ENSG00000114861,ENSG00000164344,KLKB1
ENSG00000127616,ENSG00000147889,CDKN2A
ENSG00000179284,ENSG00000007372,PAX6
ENSG00000179284,ENSG00000275365,MMP11
ENSG00000169083,ENSG00000079435,LIPE
,ENSG00000137801,THBS1
ENSG00000185591,ENSG00000129991,TNNI3
ENSG00000172845,ENSG00000160182,TFF1
ENSG00000115415,ENSG00000135047,CTSL
ENSG00000198911,ENSG00000164211,STARD4
ENSG00000109320,ENSG00000019582,CD74
ENSG00000205250,ENSG00000101255,TRIB3
ENSG00000141905,ENSG00000100479,POLE2
ENSG00000187098,ENSG00000171791,BCL2
ENSG00000074800,ENSG00000136997,MYC
ENSG00000171720,ENSG00000012779,ALOX5
ENSG00000179284,ENSG00000165140,FBP1
ENSG00000129911,ENSG00000124762,CDKN1A
ENSG00000080839,ENSG00000136997,MYC
ENSG00000245848,ENSG00000078401,EDN1
ENSG00000221869,ENSG00000125730,C3
ENSG00000112242,ENSG00000170779,CDCA4
ENSG00000109320,ENSG00000124145,SDC4
ENSG00000148737,ENSG00000164822,DEFA6
ENSG00000169083,ENSG00000004468,CD38
ENSG00000172845,ENSG00000139625,MAP3K12
ENSG00000185122,ENSG00000170606,HSPA4
ENSG00000182944,ENSG00000139289,PHLDA1
ENSG00000131759,ENSG00000104368,PLAT
ENSG00000185591,ENSG00000156136,DCK
ENSG00000168036,ENSG00000078579,FGF20
ENSG00000149311,ENSG00000026103,FAS
ENSG00000143190,ENSG00000007312,CD79B
ENSG00000136997,ENSG00000158402,CDC25C
ENSG00000205250,ENSG00000087250,MT3
ENSG00000177606,ENSG00000116711,PLA2G4A
ENSG00000136997,ENSG00000079101,CLUL1
ENSG00000185591,ENSG00000010310,GIPR
ENSG00000141510,ENSG00000064393,HIPK2
ENSG00000176692,ENSG00000091879,ANGPT2
ENSG00000135363,ENSG00000131196,NFATC1
ENSG00000136944,ENSG00000022556,NLRP2
ENSG00000245848,ENSG00000126767,ELK1
ENSG00000133111,ENSG00000231021,HLA-DRB4
ENSG00000140464,ENSG00000140464,PML
ENSG00000173039,ENSG00000240065,PSMB9
ENSG00000100906,ENSG00000114315,HES1
ENSG00000109320,ENSG00000084207,GSTP1
ENSG00000155090,ENSG00000106366,SERPINE1
,ENSG00000162772,ATF3
ENSG00000107485,ENSG00000023839,ABCC2
,ENSG00000125508,SRMS
ENSG00000205250,ENSG00000106993,CDC37L1
ENSG00000012048,ENSG00000137869,CYP19A1
ENSG00000101412,ENSG00000075891,PAX2
ENSG00000126767,ENSG00000156261,CCT8
ENSG00000125798,ENSG00000180210,F2
ENSG00000136997,ENSG00000114698,PLSCR4
ENSG00000134954,ENSG00000153563,CD8A
ENSG00000136997,ENSG00000106100,NOD1
ENSG00000173039,,
ENSG00000136997,ENSG00000213281,NRAS
ENSG00000159184,ENSG00000085662,AKR1B1
ENSG00000245848,ENSG00000049540,ELN
,ENSG00000198910,L1CAM
ENSG00000101412,ENSG00000120129,DUSP1
ENSG00000172201,ENSG00000181449,SOX2
,ENSG00000170458,CD14
ENSG00000101412,ENSG00000086991,NOX4
ENSG00000095794,ENSG00000090339,ICAM1
ENSG00000134954,ENSG00000111012,CYP27B1
ENSG00000245848,ENSG00000072310,SREBF1
ENSG00000171720,ENSG00000206439,TNF
ENSG00000152284,ENSG00000124762,CDKN1A
ENSG00000141646,ENSG00000136603,SKIL
ENSG00000007968,ENSG00000123080,CDKN2C
ENSG00000109320,ENSG00000173120,KDM2A
ENSG00000100644,ENSG00000148344,PTGES
ENSG00000173039,ENSG00000169891,REPS2
ENSG00000169083,ENSG00000129071,MBD4
ENSG00000048052,ENSG00000130402,ACTN4
ENSG00000185591,ENSG00000152818,UTRN
ENSG00000101412,ENSG00000116985,BMP8B
ENSG00000109320,ENSG00000110944,IL23A
ENSG00000078403,ENSG00000135679,MDM2
ENSG00000185591,ENSG00000108654,DDX5
ENSG00000141510,ENSG00000143546,S100A8
ENSG00000154727,ENSG00000141736,ERBB2
ENSG00000091831,ENSG00000124151,NCOA3
ENSG00000186951,ENSG00000112715,VEGFA
ENSG00000141510,ENSG00000038427,VCAN
ENSG00000162772,ENSG00000166803,PCLAF
ENSG00000205250,ENSG00000121774,KHDRBS1
ENSG00000147274,ENSG00000170345,FOS
,ENSG00000010704,HFE
ENSG00000100811,ENSG00000078900,TP73
ENSG00000164611,ENSG00000196154,S100A4
ENSG00000141510,ENSG00000131966,ACTR10
ENSG00000160113,ENSG00000138039,LHCGR
ENSG00000007968,ENSG00000158604,TMED4
ENSG00000245848,ENSG00000101076,HNF4A
ENSG00000118260,ENSG00000203782,LORICRIN
ENSG00000277258,ENSG00000122592,HOXA7
,ENSG00000014138,POLA2
ENSG00000136997,ENSG00000143390,RFX5
ENSG00000177606,ENSG00000078900,TP73
ENSG00000100811,ENSG00000136997,MYC
ENSG00000115415,ENSG00000124762,CDKN1A
ENSG00000072310,ENSG00000124253,PCK1
ENSG00000177606,ENSG00000008516,MMP25
ENSG00000118260,ENSG00000108576,SLC6A4
ENSG00000177606,ENSG00000006210,CX3CL1
ENSG00000025434,ENSG00000131482,G6PC1
ENSG00000101412,ENSG00000139112,GABARAPL1
ENSG00000104884,ENSG00000124762,CDKN1A
ENSG00000102554,ENSG00000169710,FASN
ENSG00000141510,ENSG00000213341,CHUK
ENSG00000101412,ENSG00000150051,MKX
ENSG00000007968,ENSG00000101367,MAPRE1
ENSG00000116478,ENSG00000204287,HLA-DRA
ENSG00000177606,ENSG00000136997,MYC
ENSG00000073282,ENSG00000196628,TCF4
ENSG00000143458,ENSG00000145425,RPS3A
ENSG00000245848,ENSG00000125968,ID1
ENSG00000267680,ENSG00000149925,ALDOA
ENSG00000185591,ENSG00000164733,CTSB
ENSG00000007968,ENSG00000127824,TUBA4A
ENSG00000168214,ENSG00000117322,CR2
ENSG00000185591,ENSG00000161031,PGLYRP2
ENSG00000057935,ENSG00000075089,ACTR6
ENSG00000125618,ENSG00000164362,TERT
ENSG00000173757,,
ENSG00000205250,ENSG00000164045,CDC25A
ENSG00000172216,ENSG00000283706,PRSS50
ENSG00000139687,ENSG00000112715,VEGFA
ENSG00000101665,ENSG00000168036,CTNNB1
ENSG00000172845,ENSG00000261701,HPR
ENSG00000136997,ENSG00000090339,ICAM1
ENSG00000169083,ENSG00000157343,ARMC12
ENSG00000102145,ENSG00000244734,HBB
ENSG00000120738,ENSG00000125851,PCSK2
ENSG00000122180,ENSG00000076555,ACACB
ENSG00000101412,,
,ENSG00000006210,CX3CL1
ENSG00000185591,ENSG00000175097,RAG2
ENSG00000118689,ENSG00000158828,PINK1
ENSG00000101412,ENSG00000100297,MCM5
ENSG00000205250,ENSG00000166803,PCLAF
ENSG00000177606,ENSG00000165732,DDX21
ENSG00000185591,ENSG00000271503,CCL5
,ENSG00000138795,LEF1
ENSG00000177606,ENSG00000111057,KRT18
,ENSG00000136997,MYC
ENSG00000166949,ENSG00000124762,CDKN1A
ENSG00000179284,ENSG00000090006,LTBP4
ENSG00000125952,ENSG00000102081,FMR1
ENSG00000101412,ENSG00000176473,WDR25
ENSG00000181163,ENSG00000187555,USP7
ENSG00000173039,ENSG00000160180,TFF3
ENSG00000109320,ENSG00000164400,CSF2
ENSG00000172845,ENSG00000138356,AOX1
,ENSG00000109971,HSPA8
ENSG00000196628,ENSG00000179915,NRXN1
ENSG00000136997,ENSG00000081277,PKP1
ENSG00000135100,ENSG00000129965,INS-IGF2
ENSG00000101115,ENSG00000039068,CDH1
ENSG00000116478,ENSG00000146674,IGFBP3
ENSG00000120738,ENSG00000012779,ALOX5
ENSG00000179284,ENSG00000143418,CERS2
ENSG00000170345,ENSG00000137440,FGFBP1
ENSG00000186951,ENSG00000159346,ADIPOR1
ENSG00000105698,ENSG00000143190,POU2F1
ENSG00000141448,ENSG00000140459,CYP11A1
,ENSG00000110092,CCND1
ENSG00000141510,ENSG00000135446,CDK4
ENSG00000100811,ENSG00000005339,CREBBP
ENSG00000124664,ENSG00000106541,AGR2
ENSG00000275700,ENSG00000136997,MYC
ENSG00000185591,ENSG00000111669,TPI1
ENSG00000102145,ENSG00000124491,F13A1
ENSG00000169083,ENSG00000168515,SCGB1D1
ENSG00000118513,ENSG00000115461,IGFBP5
ENSG00000109320,ENSG00000004799,PDK4
ENSG00000196628,ENSG00000112715,VEGFA
ENSG00000185697,ENSG00000100867,DHRS2
ENSG00000111424,ENSG00000141027,NCOR1
,ENSG00000105369,CD79A
ENSG00000245848,ENSG00000113520,IL4
ENSG00000138795,ENSG00000164458,TBXT
ENSG00000162924,ENSG00000081041,CXCL2
ENSG00000066336,,
ENSG00000179348,ENSG00000087111,PIGS
ENSG00000149311,ENSG00000112715,VEGFA
ENSG00000141510,ENSG00000055163,CYFIP2
ENSG00000134323,ENSG00000204525,HLA-C
ENSG00000182979,ENSG00000057935,MTA3
ENSG00000179284,ENSG00000164344,KLKB1
ENSG00000169083,ENSG00000099860,GADD45B
ENSG00000186951,ENSG00000095303,PTGS1
ENSG00000095794,ENSG00000112214,FHL5
ENSG00000115415,ENSG00000134460,IL2RA
ENSG00000179284,ENSG00000129910,CDH15
ENSG00000179284,ENSG00000178394,HTR1A
ENSG00000115415,ENSG00000112038,OPRM1
ENSG00000165588,ENSG00000136244,IL6
ENSG00000136997,ENSG00000104825,NFKBIB
ENSG00000172845,ENSG00000158773,USF1
ENSG00000179284,ENSG00000135679,MDM2
ENSG00000116478,,
ENSG00000170365,ENSG00000169554,ZEB2
ENSG00000185129,ENSG00000141736,ERBB2
ENSG00000111087,ENSG00000125798,FOXA2
ENSG00000173039,ENSG00000105835,NAMPT
ENSG00000179284,ENSG00000117971,CHRNB4
ENSG00000007968,ENSG00000153767,GTF2E1
ENSG00000148737,ENSG00000074047,GLI2
ENSG00000168610,ENSG00000175899,A2M
ENSG00000088305,ENSG00000151012,SLC7A11
ENSG00000126456,ENSG00000083312,TNPO1
ENSG00000120738,ENSG00000206439,TNF
ENSG00000131759,ENSG00000177606,JUN
ENSG00000159216,ENSG00000117400,MPL
ENSG00000132005,ENSG00000204287,HLA-DRA
ENSG00000124151,ENSG00000130427,EPO
ENSG00000101412,ENSG00000087586,AURKA
ENSG00000168610,ENSG00000172059,KLF11
ENSG00000150907,ENSG00000116690,PRG4
ENSG00000028277,ENSG00000149534,MS4A2
ENSG00000140009,ENSG00000064835,POU1F1
ENSG00000077150,ENSG00000197157,SND1
ENSG00000066336,ENSG00000087086,FTL
,ENSG00000158470,B4GALT5
ENSG00000100603,ENSG00000114315,HES1
ENSG00000123268,ENSG00000172482,AGXT
ENSG00000111206,ENSG00000160868,CYP3A4
ENSG00000198026,ENSG00000084093,REST
ENSG00000185591,ENSG00000122592,HOXA7
ENSG00000115415,ENSG00000180104,EXOC3
ENSG00000101057,ENSG00000101057,MYBL2
ENSG00000205250,ENSG00000114857,NKTR
ENSG00000139687,ENSG00000175197,DDIT3
ENSG00000185591,ENSG00000012223,LTF
ENSG00000066336,ENSG00000113525,IL5
ENSG00000143321,ENSG00000039068,CDH1
ENSG00000185591,ENSG00000090382,LYZ
ENSG00000154767,ENSG00000151657,KIN
ENSG00000141510,ENSG00000170345,FOS
ENSG00000233608,ENSG00000115414,FN1
ENSG00000129514,ENSG00000012048,BRCA1
ENSG00000136352,ENSG00000168878,SFTPB
ENSG00000118513,ENSG00000115233,PSMD14
ENSG00000162924,ENSG00000164344,KLKB1
ENSG00000132170,ENSG00000156140,ADAMTS3
ENSG00000141905,ENSG00000140939,NOL3
ENSG00000145741,ENSG00000149311,ATM
ENSG00000159216,ENSG00000164109,MAD2L1
,ENSG00000181195,PENK
ENSG00000012048,ENSG00000170581,STAT2
ENSG00000111087,ENSG00000117593,DARS2
ENSG00000136997,ENSG00000142684,ZNF593
ENSG00000172005,ENSG00000100985,MMP9
ENSG00000168036,ENSG00000177606,JUN
ENSG00000165588,ENSG00000077498,TYR
ENSG00000126767,ENSG00000239732,TLR9
ENSG00000101412,ENSG00000069956,MAPK6
ENSG00000185591,ENSG00000118785,SPP1
ENSG00000082175,ENSG00000065154,OAT
ENSG00000185591,ENSG00000175592,FOSL1
ENSG00000068305,ENSG00000106459,NRF1
ENSG00000173039,ENSG00000176171,BNIP3
ENSG00000253293,ENSG00000170370,EMX2
ENSG00000118689,ENSG00000145779,TNFAIP8
ENSG00000118513,ENSG00000136997,MYC
ENSG00000150907,ENSG00000198420,TCAF1
ENSG00000118513,ENSG00000124614,RPS10
ENSG00000057935,ENSG00000141376,BCAS3
ENSG00000206454,ENSG00000112837,TBX18
ENSG00000065978,ENSG00000261857,MIA
ENSG00000125798,ENSG00000160182,TFF1
ENSG00000131759,ENSG00000166311,SMPD1
ENSG00000118513,ENSG00000068985,PAGE1
ENSG00000205250,ENSG00000132661,NXT1
ENSG00000019549,ENSG00000101384,JAG1
ENSG00000245848,ENSG00000167900,TK1
ENSG00000205250,ENSG00000165474,GJB2
ENSG00000118922,ENSG00000172179,PRL
ENSG00000096717,,
ENSG00000136997,ENSG00000163344,PMVK
ENSG00000175879,ENSG00000128709,HOXD9
ENSG00000170345,ENSG00000188425,NANOS2
ENSG00000172819,ENSG00000163283,ALPP
ENSG00000179284,ENSG00000172817,CYP7B1
ENSG00000109320,ENSG00000113580,NR3C1
ENSG00000123268,ENSG00000203782,LORICRIN
ENSG00000125618,ENSG00000101412,E2F1
ENSG00000196092,ENSG00000110092,CCND1
ENSG00000131759,ENSG00000100628,ASB2
ENSG00000178764,ENSG00000135100,HNF1A
ENSG00000205250,ENSG00000241360,PDXP
ENSG00000151090,ENSG00000135346,CGA
ENSG00000170345,ENSG00000163975,MELTF
ENSG00000152284,ENSG00000174371,EXO1
ENSG00000123268,ENSG00000108576,SLC6A4
ENSG00000126561,ENSG00000101654,RNMT
ENSG00000266412,ENSG00000142515,KLK3
ENSG00000169083,ENSG00000042980,ADAM28
ENSG00000168066,ENSG00000140459,CYP11A1
ENSG00000068024,ENSG00000118707,TGIF2
ENSG00000141510,ENSG00000154767,XPC
ENSG00000061273,ENSG00000124762,CDKN1A
ENSG00000198911,ENSG00000132170,PPARG
ENSG00000105698,ENSG00000151090,THRB
ENSG00000245848,ENSG00000108691,CCL2
ENSG00000101412,ENSG00000004779,NDUFAB1
ENSG00000007968,ENSG00000167775,CD320
ENSG00000136931,ENSG00000105398,SULT2A1
ENSG00000066136,ENSG00000203883,SOX18
ENSG00000072310,ENSG00000160752,FDPS
ENSG00000120837,ENSG00000075624,ACTB
ENSG00000112033,ENSG00000149124,GLYAT
ENSG00000143190,ENSG00000162692,VCAM1
ENSG00000101412,ENSG00000162458,FBLIM1
ENSG00000132170,ENSG00000184371,CSF1
ENSG00000275410,ENSG00000254647,INS
ENSG00000092067,ENSG00000132965,ALOX5AP
ENSG00000111087,ENSG00000097033,SH3GLB1
ENSG00000185591,ENSG00000185338,SOCS1
ENSG00000101076,ENSG00000127554,GFER
ENSG00000118513,ENSG00000089558,KCNH4
,ENSG00000215328,HSPA1A
ENSG00000134954,ENSG00000110092,CCND1
ENSG00000205250,ENSG00000147050,KDM6A
ENSG00000159184,ENSG00000148737,TCF7L2
ENSG00000118260,ENSG00000104368,PLAT
ENSG00000112033,ENSG00000173039,RELA
ENSG00000109320,ENSG00000184557,SOCS3
ENSG00000185591,ENSG00000112208,BAG2
ENSG00000095794,ENSG00000120875,DUSP4
ENSG00000109320,ENSG00000116717,GADD45A
ENSG00000109320,ENSG00000086991,NOX4
ENSG00000136997,ENSG00000142655,PEX14
ENSG00000118513,ENSG00000005339,CREBBP
ENSG00000169016,ENSG00000101412,E2F1
ENSG00000185591,ENSG00000164808,SPIDR
ENSG00000136997,ENSG00000196547,MAN2A2
ENSG00000125813,ENSG00000154485,MMP21
ENSG00000185591,ENSG00000135446,CDK4
ENSG00000001167,ENSG00000172845,SP3
ENSG00000205250,ENSG00000173207,CKS1B
ENSG00000165891,ENSG00000185591,SP1
ENSG00000136997,ENSG00000125257,ABCC4
ENSG00000150907,ENSG00000111276,CDKN1B
ENSG00000136997,ENSG00000166333,ILK
ENSG00000101412,ENSG00000152457,DCLRE1C
ENSG00000109320,ENSG00000171552,BCL2L1
,ENSG00000183032,SLC25A21
ENSG00000150907,ENSG00000159723,AGRP
ENSG00000185591,ENSG00000138131,LOXL4
ENSG00000185591,ENSG00000145824,CXCL14
ENSG00000169083,ENSG00000134954,ETS1
ENSG00000101412,ENSG00000092969,TGFB2
ENSG00000143190,ENSG00000213934,HBG1
ENSG00000172216,ENSG00000204228,HSD17B8
ENSG00000100393,ENSG00000130816,DNMT1
ENSG00000170345,ENSG00000073756,PTGS2
ENSG00000101412,ENSG00000168003,SLC3A2
ENSG00000141905,ENSG00000172955,ADH6
ENSG00000169083,ENSG00000146938,NLGN4X
ENSG00000141510,ENSG00000100739,BDKRB1
ENSG00000136997,ENSG00000197081,IGF2R
ENSG00000007968,ENSG00000137880,GCHFR
ENSG00000186350,ENSG00000025434,NR1H3
ENSG00000173757,ENSG00000196365,LONP1
ENSG00000172845,ENSG00000069667,RORA
ENSG00000066336,ENSG00000271503,CCL5
ENSG00000175832,ENSG00000109163,GNRHR
ENSG00000169083,ENSG00000110090,CPT1A
ENSG00000126561,ENSG00000172936,MYD88
ENSG00000109320,ENSG00000056558,TRAF1
ENSG00000118260,ENSG00000156475,PPP2R2B
ENSG00000125347,ENSG00000233816,IFNA13
ENSG00000182568,ENSG00000066336,SPI1
ENSG00000116044,ENSG00000169429,CXCL8
ENSG00000136997,ENSG00000100300,TSPO
ENSG00000169083,ENSG00000100292,HMOX1
ENSG00000109320,ENSG00000163132,MSX1
ENSG00000139687,,
ENSG00000015171,ENSG00000136244,IL6
ENSG00000112242,ENSG00000134057,CCNB1
ENSG00000135100,ENSG00000167910,CYP7A1
ENSG00000179284,ENSG00000133256,PDE6B
ENSG00000185630,ENSG00000111704,NANOG
ENSG00000114315,ENSG00000171862,PTEN
ENSG00000175197,ENSG00000140941,MAP1LC3B
ENSG00000185507,ENSG00000197919,IFNA1
ENSG00000120738,ENSG00000176749,CDK5R1
ENSG00000143190,ENSG00000115850,LCT
ENSG00000109320,ENSG00000150782,IL18
ENSG00000100811,ENSG00000115839,RAB3GAP1
ENSG00000157554,ENSG00000102755,FLT1
ENSG00000118260,ENSG00000087085,ACHE
ENSG00000129514,ENSG00000117601,SERPINC1
,ENSG00000141510,TP53
,ENSG00000234745,HLA-B
ENSG00000168036,ENSG00000137673,MMP7
ENSG00000080839,ENSG00000277075,H2AC8
ENSG00000172845,ENSG00000120705,ETF1
ENSG00000172216,ENSG00000081051,AFP
ENSG00000136997,ENSG00000187741,FANCA
ENSG00000150907,ENSG00000100592,DAAM1
ENSG00000109320,ENSG00000170430,MGMT
ENSG00000170365,ENSG00000124762,CDKN1A
ENSG00000113916,ENSG00000124762,CDKN1A
ENSG00000186951,ENSG00000104918,RETN
ENSG00000101412,ENSG00000111877,MCM9
ENSG00000112592,ENSG00000109475,RPL34
ENSG00000205250,ENSG00000178691,SUZ12
ENSG00000141027,ENSG00000014257,ACP3
ENSG00000103479,ENSG00000051180,RAD51
ENSG00000245848,ENSG00000091513,TF
ENSG00000141510,ENSG00000117676,RPS6KA1
ENSG00000273873,ENSG00000141510,TP53
ENSG00000140009,ENSG00000170345,FOS
ENSG00000141510,ENSG00000163220,S100A9
ENSG00000136997,ENSG00000133703,KRAS
ENSG00000105392,ENSG00000167995,BEST1
ENSG00000185591,ENSG00000170345,FOS
ENSG00000177606,ENSG00000196620,UGT2B15
ENSG00000096717,ENSG00000154767,XPC
ENSG00000111206,ENSG00000039068,CDH1
ENSG00000101412,ENSG00000182326,C1S
,,
ENSG00000131759,ENSG00000088247,KHSRP
ENSG00000115415,ENSG00000164405,UQCRQ
ENSG00000136997,ENSG00000163682,RPL9
ENSG00000205250,ENSG00000262814,MRPL12
ENSG00000172819,ENSG00000133321,PLAAT4
ENSG00000175592,ENSG00000001084,GCLC
ENSG00000186951,ENSG00000131828,PDHA1
ENSG00000028839,ENSG00000196712,NF1
ENSG00000245848,ENSG00000136244,IL6
ENSG00000091831,ENSG00000118513,MYB
ENSG00000141510,ENSG00000215328,HSPA1A
ENSG00000136997,ENSG00000114859,CLCN2
ENSG00000196628,,
ENSG00000012048,ENSG00000169083,AR
ENSG00000072310,ENSG00000113161,HMGCR
ENSG00000173039,ENSG00000163735,CXCL5
ENSG00000101412,ENSG00000135926,TMBIM1
ENSG00000007968,ENSG00000288859,H2AC19
ENSG00000048052,ENSG00000141510,TP53
ENSG00000020633,ENSG00000076662,ICAM3
ENSG00000100644,ENSG00000164344,KLKB1
,ENSG00000154229,PRKCA
ENSG00000101412,ENSG00000255302,EID1
ENSG00000179284,ENSG00000114270,COL7A1
,,
ENSG00000173039,ENSG00000140945,CDH13
ENSG00000106462,ENSG00000124762,CDKN1A
ENSG00000233608,ENSG00000171793,CTPS1
ENSG00000105698,ENSG00000183734,ASCL2
ENSG00000101412,ENSG00000163064,EN1
ENSG00000164611,ENSG00000138685,FGF2
ENSG00000158773,ENSG00000158874,APOA2
ENSG00000179348,ENSG00000261371,PECAM1
ENSG00000159216,ENSG00000111537,IFNG
ENSG00000157557,ENSG00000124762,CDKN1A
ENSG00000141510,ENSG00000107731,UNC5B
ENSG00000168610,ENSG00000135744,AGT
ENSG00000205250,ENSG00000085840,ORC1
ENSG00000177606,ENSG00000157557,ETS2
ENSG00000136931,ENSG00000185630,PBX1
ENSG00000168214,ENSG00000145604,SKP2
ENSG00000111653,ENSG00000134259,NGF
ENSG00000172216,ENSG00000196616,ADH1B
,ENSG00000117525,F3
ENSG00000221869,ENSG00000175197,DDIT3
ENSG00000066336,ENSG00000012223,LTF
ENSG00000007372,ENSG00000110435,PDHX
ENSG00000012048,ENSG00000139618,BRCA2
ENSG00000100393,ENSG00000172273,HINFP
ENSG00000106459,ENSG00000021574,SPAST
ENSG00000185591,ENSG00000220205,VAMP2
ENSG00000136997,ENSG00000176619,LMNB2
ENSG00000185591,ENSG00000154767,XPC
ENSG00000118260,ENSG00000009413,REV3L
ENSG00000134046,ENSG00000095002,MSH2
ENSG00000175756,ENSG00000196208,GREB1
ENSG00000118513,ENSG00000149136,SSRP1
ENSG00000172977,ENSG00000168610,STAT3
ENSG00000140836,ENSG00000215182,MUC5AC
ENSG00000132170,ENSG00000161533,ACOX1
ENSG00000118513,ENSG00000183032,SLC25A21
ENSG00000136997,ENSG00000105388,CEACAM5
ENSG00000143799,ENSG00000099956,SMARCB1
ENSG00000100219,ENSG00000044574,HSPA5
ENSG00000114166,ENSG00000170485,NPAS2
ENSG00000166949,ENSG00000115325,DOK1
ENSG00000007968,ENSG00000153560,UBP1
ENSG00000177606,ENSG00000095015,MAP3K1
ENSG00000148737,ENSG00000139567,ACVRL1
ENSG00000172216,ENSG00000140564,FURIN
ENSG00000185507,ENSG00000188379,IFNA2
ENSG00000136997,ENSG00000166888,STAT6
ENSG00000122691,ENSG00000105221,AKT2
ENSG00000102145,ENSG00000072182,ASIC4
ENSG00000112242,ENSG00000107643,MAPK8
ENSG00000141510,ENSG00000196754,S100A2
ENSG00000118058,ENSG00000111276,CDKN1B
ENSG00000118513,ENSG00000119535,CSF3R
ENSG00000128604,ENSG00000233816,IFNA13
ENSG00000136997,ENSG00000142949,PTPRF
ENSG00000172216,ENSG00000257017,HP
ENSG00000185591,ENSG00000158470,B4GALT5
ENSG00000116478,ENSG00000118785,SPP1
ENSG00000169083,ENSG00000163283,ALPP
ENSG00000177606,ENSG00000126353,CCR7
ENSG00000158773,ENSG00000278540,ACACA
ENSG00000177606,ENSG00000198947,DMD
ENSG00000077150,ENSG00000162692,VCAM1
ENSG00000147133,ENSG00000198799,LRIG2
ENSG00000167182,ENSG00000100985,MMP9
ENSG00000167034,ENSG00000184012,TMPRSS2
ENSG00000157557,ENSG00000055118,KCNH2
ENSG00000118513,ENSG00000157514,TSC22D3
ENSG00000177606,ENSG00000231974,APOM
ENSG00000100811,ENSG00000135537,AFG1L
ENSG00000169016,ENSG00000101773,RBBP8
ENSG00000072310,ENSG00000278540,ACACA
ENSG00000123358,ENSG00000035862,TIMP2
ENSG00000172819,ENSG00000042832,TG
ENSG00000170345,ENSG00000124762,CDKN1A
ENSG00000118513,ENSG00000005381,MPO
ENSG00000091831,ENSG00000135679,MDM2
ENSG00000185591,ENSG00000100739,BDKRB1
ENSG00000118260,ENSG00000177606,JUN
ENSG00000075426,ENSG00000163207,IVL
ENSG00000172845,ENSG00000281861,SLC9A3
ENSG00000169083,ENSG00000136936,XPA
ENSG00000081189,ENSG00000166484,MAPK7
ENSG00000068024,ENSG00000136634,IL10
ENSG00000111206,ENSG00000131482,G6PC1
ENSG00000173039,ENSG00000168394,TAP1
ENSG00000007968,ENSG00000132612,VPS4A
ENSG00000185122,ENSG00000149212,SESN3
ENSG00000112033,ENSG00000117594,HSD11B1
ENSG00000105698,ENSG00000156136,DCK
ENSG00000101412,ENSG00000153822,KCNJ16
ENSG00000067082,ENSG00000187242,KRT12
ENSG00000175197,ENSG00000169136,ATF5
ENSG00000172845,ENSG00000011422,PLAUR
ENSG00000101412,ENSG00000182022,CHST15
ENSG00000020633,ENSG00000114315,HES1
ENSG00000109320,ENSG00000120889,TNFRSF10B
ENSG00000111206,ENSG00000134057,CCNB1
ENSG00000179284,ENSG00000090339,ICAM1
ENSG00000126561,ENSG00000136244,IL6
ENSG00000109320,ENSG00000140678,ITGAX
ENSG00000136997,ENSG00000011021,CLCN6
ENSG00000171421,ENSG00000138376,BARD1
ENSG00000198807,ENSG00000162552,WNT4
ENSG00000109819,ENSG00000167910,CYP7A1
ENSG00000169083,ENSG00000130222,GADD45G
ENSG00000205250,ENSG00000110092,CCND1
ENSG00000136997,ENSG00000135404,CD63
ENSG00000157554,ENSG00000136848,DAB2IP
ENSG00000100644,ENSG00000107562,CXCL12
ENSG00000120738,ENSG00000108106,UBE2S
ENSG00000120738,ENSG00000103479,RBL2
ENSG00000198911,ENSG00000026103,FAS
ENSG00000141510,ENSG00000101197,BIRC7
ENSG00000118513,ENSG00000102145,GATA1
ENSG00000123358,ENSG00000070019,GUCY2C
ENSG00000179284,ENSG00000082175,PGR
ENSG00000118689,ENSG00000141052,MYOCD
ENSG00000141510,ENSG00000276043,UHRF1
ENSG00000122691,ENSG00000103479,RBL2
ENSG00000179284,ENSG00000068028,RASSF1
ENSG00000141510,ENSG00000079246,XRCC5
ENSG00000123268,ENSG00000087085,ACHE
ENSG00000185591,ENSG00000206449,MICB
ENSG00000136997,ENSG00000154832,CXXC1
ENSG00000183770,ENSG00000118971,CCND2
ENSG00000118058,ENSG00000106004,HOXA5
ENSG00000167182,ENSG00000168906,MAT2A
ENSG00000169083,ENSG00000139974,SLC38A6
ENSG00000172845,ENSG00000070031,SCT
ENSG00000173039,ENSG00000107831,FGF8
ENSG00000131759,ENSG00000108786,HSD17B1
ENSG00000221869,ENSG00000132965,ALOX5AP
ENSG00000134954,ENSG00000166825,ANPEP
ENSG00000185960,ENSG00000120937,NPPB
ENSG00000007968,ENSG00000170779,CDCA4
ENSG00000165030,ENSG00000109321,AREG
ENSG00000172819,ENSG00000077782,FGFR1
ENSG00000124813,ENSG00000099860,GADD45B
ENSG00000169083,ENSG00000006831,ADIPOR2
ENSG00000185591,ENSG00000021355,SERPINB1
ENSG00000179348,ENSG00000066336,SPI1
ENSG00000182979,ENSG00000012048,BRCA1
ENSG00000172845,ENSG00000160870,CYP3A7
ENSG00000169083,ENSG00000151726,ACSL1
ENSG00000172845,ENSG00000124588,NQO2
ENSG00000185591,ENSG00000134323,MYCN
ENSG00000007968,ENSG00000141367,CLTC
ENSG00000131759,ENSG00000143257,NR1I3
ENSG00000213928,ENSG00000149294,NCAM1
ENSG00000167182,,
ENSG00000120738,ENSG00000121053,EPX
ENSG00000177606,ENSG00000181019,NQO1
ENSG00000074047,ENSG00000170873,MTSS1
ENSG00000173039,ENSG00000082641,NFE2L1
ENSG00000162924,ENSG00000090339,ICAM1
ENSG00000185591,ENSG00000113302,IL12B
ENSG00000172845,ENSG00000135917,SLC19A3
ENSG00000173039,ENSG00000173083,HPSE
ENSG00000163848,ENSG00000149968,MMP3
ENSG00000104365,ENSG00000169429,CXCL8
,ENSG00000135346,CGA
,ENSG00000172270,BSG
ENSG00000205250,ENSG00000012048,BRCA1
ENSG00000138385,ENSG00000173805,HAP1
ENSG00000173039,ENSG00000198648,STK39
,ENSG00000124107,SLPI
ENSG00000136931,ENSG00000104826,LHB
ENSG00000131910,ENSG00000101412,E2F1
ENSG00000196591,ENSG00000185591,SP1
ENSG00000091831,ENSG00000150907,FOXO1
ENSG00000065978,ENSG00000112237,CCNC
,ENSG00000167244,IGF2
ENSG00000111087,,
ENSG00000138795,ENSG00000174607,UGT8
ENSG00000134954,ENSG00000102882,MAPK3
ENSG00000132170,ENSG00000073756,PTGS2
ENSG00000136997,ENSG00000073614,KDM5A
ENSG00000101412,ENSG00000057657,PRDM1
ENSG00000101412,ENSG00000107581,EIF3A
ENSG00000140464,ENSG00000164305,CASP3
ENSG00000148737,ENSG00000154856,APCDD1
ENSG00000185591,ENSG00000114378,HYAL1
ENSG00000102145,ENSG00000105610,KLF1
ENSG00000184486,ENSG00000101405,OXT
ENSG00000090447,ENSG00000171365,CLCN5
ENSG00000169083,ENSG00000133321,PLAAT4
ENSG00000141448,ENSG00000167972,ABCA3
ENSG00000118513,ENSG00000051180,RAD51
ENSG00000101412,ENSG00000166851,PLK1
ENSG00000141510,ENSG00000091106,NLRC4
ENSG00000173757,ENSG00000167772,ANGPTL4
ENSG00000205250,ENSG00000160200,CBS
ENSG00000102878,ENSG00000100644,HIF1A
ENSG00000109320,ENSG00000160182,TFF1
ENSG00000185591,ENSG00000255346,NOX5
ENSG00000120690,ENSG00000165168,CYBB
ENSG00000101076,ENSG00000112592,TBP
ENSG00000172943,ENSG00000117399,CDC20
ENSG00000177606,ENSG00000122852,SFTPA1
ENSG00000105698,ENSG00000164733,CTSB
ENSG00000185591,ENSG00000105698,USF2
ENSG00000091831,ENSG00000017427,IGF1
ENSG00000185591,ENSG00000183840,GPR39
ENSG00000116478,ENSG00000170345,FOS
ENSG00000091831,ENSG00000107562,CXCL12
ENSG00000181449,ENSG00000091409,ITGA6
ENSG00000179284,ENSG00000242110,AMACR
ENSG00000141510,ENSG00000096717,SIRT1
ENSG00000109320,ENSG00000104312,RIPK2
ENSG00000101057,ENSG00000110092,CCND1
ENSG00000131408,ENSG00000131482,G6PC1
ENSG00000140464,ENSG00000171855,IFNB1
ENSG00000159216,ENSG00000118971,CCND2
ENSG00000132170,ENSG00000187048,CYP4A11
ENSG00000181472,ENSG00000143761,ARF1
ENSG00000141510,ENSG00000108405,P2RX1
ENSG00000141027,ENSG00000156515,HK1
ENSG00000101412,ENSG00000011114,BTBD7
ENSG00000158773,ENSG00000168067,MAP4K2
ENSG00000166313,ENSG00000163655,GMPS
ENSG00000088305,ENSG00000167526,RPL13
ENSG00000109320,ENSG00000130203,APOE
ENSG00000136997,ENSG00000120949,TNFRSF8
ENSG00000136997,ENSG00000206445,ATP6V1G2
ENSG00000109320,ENSG00000101966,XIAP
ENSG00000061273,ENSG00000100644,HIF1A
ENSG00000136997,ENSG00000147889,CDKN2A
ENSG00000141510,ENSG00000119147,ECRG4
ENSG00000100811,ENSG00000177034,MTX3
ENSG00000166949,ENSG00000206075,SERPINB5
,ENSG00000115758,ODC1
ENSG00000073282,,
ENSG00000101412,ENSG00000071082,RPL31
ENSG00000185591,ENSG00000057593,F7
ENSG00000130816,ENSG00000128683,GAD1
ENSG00000169083,ENSG00000084674,APOB
ENSG00000172845,ENSG00000095596,CYP26A1
ENSG00000187098,ENSG00000170345,FOS
,ENSG00000164305,CASP3
ENSG00000130522,ENSG00000262406,MMP12
ENSG00000269404,ENSG00000066336,SPI1
ENSG00000025156,ENSG00000107643,MAPK8
ENSG00000150907,ENSG00000122585,NPY
ENSG00000221869,ENSG00000115008,IL1A
ENSG00000055118,ENSG00000108622,ICAM2
ENSG00000169083,ENSG00000185215,TNFAIP2
ENSG00000082175,ENSG00000118513,MYB
ENSG00000100393,ENSG00000164344,KLKB1
ENSG00000136997,ENSG00000171105,INSR
ENSG00000168610,ENSG00000100292,HMOX1
ENSG00000179284,ENSG00000182979,MTA1
ENSG00000136997,ENSG00000135919,SERPINE2
ENSG00000064835,ENSG00000134200,TSHB
ENSG00000131759,ENSG00000099194,SCD
ENSG00000028277,ENSG00000146469,VIP
,ENSG00000119772,DNMT3A
ENSG00000205250,ENSG00000105974,CAV1
ENSG00000198728,ENSG00000101144,BMP7
ENSG00000141510,ENSG00000164136,IL15
ENSG00000162676,ENSG00000196712,NF1
ENSG00000074047,ENSG00000165029,ABCA1
ENSG00000136997,ENSG00000078246,TULP3
ENSG00000100393,ENSG00000135679,MDM2
ENSG00000185591,ENSG00000154229,PRKCA
ENSG00000166228,ENSG00000137731,FXYD2
ENSG00000101412,ENSG00000132603,NIP7
ENSG00000118058,ENSG00000078399,HOXA9
ENSG00000101412,ENSG00000143171,RXRG
ENSG00000100644,ENSG00000114698,PLSCR4
ENSG00000075426,ENSG00000012048,BRCA1
ENSG00000084093,ENSG00000008056,SYN1
ENSG00000157557,ENSG00000110955,ATP5F1B
ENSG00000074047,ENSG00000105880,DLX5
ENSG00000166888,ENSG00000120129,DUSP1
ENSG00000007968,ENSG00000102048,ASB9
ENSG00000101412,ENSG00000160209,PDXK
ENSG00000141510,ENSG00000135346,CGA
ENSG00000136997,ENSG00000112893,MAN2A1
ENSG00000205250,ENSG00000253729,PRKDC
ENSG00000177606,ENSG00000012124,CD22
ENSG00000185591,ENSG00000165215,CLDN3
ENSG00000123268,ENSG00000131747,TOP2A
ENSG00000117139,ENSG00000134363,FST
ENSG00000125952,ENSG00000103148,NPRL3
ENSG00000115415,ENSG00000013364,MVP
ENSG00000123268,ENSG00000177606,JUN
ENSG00000173039,ENSG00000169429,CXCL8
ENSG00000185591,ENSG00000117525,F3
ENSG00000102974,ENSG00000088986,DYNLL1
ENSG00000166888,ENSG00000171552,BCL2L1
ENSG00000126778,ENSG00000105325,FZR1
ENSG00000101412,ENSG00000095951,HIVEP1
ENSG00000136997,ENSG00000085999,RAD54L
ENSG00000136997,ENSG00000198793,MTOR
ENSG00000111642,ENSG00000112130,RNF8
ENSG00000136997,ENSG00000170175,CHRNB1
ENSG00000172819,ENSG00000084207,GSTP1
ENSG00000169083,ENSG00000198189,HSD17B11
ENSG00000134852,ENSG00000134107,BHLHE40
ENSG00000102145,ENSG00000123405,NFE2
ENSG00000272333,ENSG00000095303,PTGS1
ENSG00000007968,ENSG00000147256,ARHGAP36
ENSG00000143799,ENSG00000178726,THBD
ENSG00000179284,ENSG00000168081,PNOC
ENSG00000173039,ENSG00000197956,S100A6
ENSG00000169083,ENSG00000042832,TG
ENSG00000173039,ENSG00000160791,CCR5
ENSG00000101412,ENSG00000116396,KCNC4
ENSG00000149311,ENSG00000213809,KLRK1
ENSG00000168036,ENSG00000100604,CHGA
,ENSG00000206503,HLA-A
ENSG00000136997,ENSG00000104419,NDRG1
ENSG00000158773,ENSG00000244731,C4A
ENSG00000066336,,
ENSG00000157557,ENSG00000239732,TLR9
ENSG00000001167,ENSG00000198911,SREBF2
ENSG00000187098,ENSG00000197253,TPSB2
ENSG00000007968,ENSG00000169618,PROKR1
ENSG00000102804,ENSG00000173786,CNP
ENSG00000115966,ENSG00000147889,CDKN2A
ENSG00000111424,ENSG00000170458,CD14
ENSG00000101412,ENSG00000080986,NDC80
ENSG00000172845,ENSG00000068024,HDAC4
ENSG00000205250,ENSG00000101187,SLCO4A1
ENSG00000081189,ENSG00000008086,CDKL5
ENSG00000245848,ENSG00000247596,TWF2
ENSG00000118689,ENSG00000104765,BNIP3L
ENSG00000187098,ENSG00000102245,CD40LG
ENSG00000136997,ENSG00000140262,TCF12
ENSG00000169083,ENSG00000158711,ELK4
ENSG00000143390,ENSG00000204287,HLA-DRA
ENSG00000001167,ENSG00000118046,STK11
ENSG00000141646,ENSG00000070404,FSTL3
ENSG00000001167,ENSG00000111276,CDKN1B
ENSG00000117139,ENSG00000178372,CALML5
ENSG00000159216,ENSG00000108839,ALOX12
ENSG00000136997,ENSG00000198408,OGA
ENSG00000101412,ENSG00000144354,CDCA7
ENSG00000141510,ENSG00000099957,P2RX6
ENSG00000082175,ENSG00000164344,KLKB1
ENSG00000101412,ENSG00000168148,H3-4
ENSG00000118513,ENSG00000185339,TCN2
ENSG00000049768,ENSG00000183813,CCR4
ENSG00000136997,ENSG00000100650,SRSF5
ENSG00000196591,ENSG00000163513,TGFBR2
ENSG00000134982,ENSG00000185010,F8
ENSG00000204231,ENSG00000160179,ABCG1
ENSG00000066336,ENSG00000116701,NCF2
ENSG00000107859,ENSG00000027001,MIPEP
ENSG00000111424,ENSG00000152266,PTH
ENSG00000181163,ENSG00000124762,CDKN1A
ENSG00000179284,ENSG00000197150,ABCB8
ENSG00000173039,ENSG00000196611,MMP1
ENSG00000162599,ENSG00000124762,CDKN1A
ENSG00000132170,ENSG00000124762,CDKN1A
ENSG00000141510,ENSG00000074047,GLI2
ENSG00000066336,ENSG00000163220,S100A9
ENSG00000115415,ENSG00000100985,MMP9
,ENSG00000173918,C1QTNF1
ENSG00000101076,ENSG00000148737,TCF7L2
ENSG00000158773,ENSG00000172183,ISG20
ENSG00000135100,ENSG00000198670,LPA
ENSG00000205250,ENSG00000146143,PRIM2
ENSG00000169083,ENSG00000077782,FGFR1
ENSG00000105698,ENSG00000152234,ATP5F1A
ENSG00000197933,ENSG00000197632,SERPINB2
ENSG00000115415,ENSG00000140968,IRF8
ENSG00000134086,ENSG00000109255,NMU
ENSG00000066136,ENSG00000169710,FASN
ENSG00000101412,ENSG00000159086,PAXBP1
ENSG00000066336,ENSG00000021355,SERPINB1
ENSG00000141510,ENSG00000115415,STAT1
ENSG00000007968,ENSG00000168591,TMUB2
ENSG00000196284,ENSG00000049759,NEDD4L
ENSG00000141905,ENSG00000158874,APOA2
ENSG00000100393,ENSG00000017427,IGF1
ENSG00000241476,ENSG00000087245,MMP2
ENSG00000116478,ENSG00000206449,MICB
ENSG00000185591,ENSG00000096717,SIRT1
ENSG00000135100,ENSG00000197888,UGT2B17
ENSG00000115966,ENSG00000026103,FAS
ENSG00000177606,ENSG00000136810,TXN
ENSG00000066336,ENSG00000113302,IL12B
ENSG00000101412,ENSG00000183207,RUVBL2
ENSG00000196591,ENSG00000039068,CDH1
ENSG00000012504,ENSG00000100979,PLTP
,ENSG00000164867,NOS3
ENSG00000160199,ENSG00000197888,UGT2B17
ENSG00000134323,ENSG00000132688,NES
ENSG00000082641,ENSG00000102081,FMR1
ENSG00000104884,ENSG00000171791,BCL2
ENSG00000166949,ENSG00000100985,MMP9
ENSG00000136944,ENSG00000152284,TCF7L1
ENSG00000151623,ENSG00000143153,ATP1B1
ENSG00000172216,ENSG00000165092,ALDH1A1
ENSG00000177606,ENSG00000134954,ETS1
ENSG00000101412,ENSG00000160271,RALGDS
ENSG00000111206,ENSG00000163581,SLC2A2
,ENSG00000143320,CRABP2
ENSG00000020633,ENSG00000100348,TXN2
ENSG00000185591,ENSG00000149311,ATM
ENSG00000106546,ENSG00000136997,MYC
ENSG00000157554,ENSG00000164120,HPGD
ENSG00000185811,ENSG00000160867,FGFR4
ENSG00000141646,ENSG00000148677,ANKRD1
ENSG00000186951,ENSG00000118971,CCND2
ENSG00000170345,ENSG00000070019,GUCY2C
ENSG00000106462,ENSG00000132646,PCNA
ENSG00000144852,ENSG00000173039,RELA
ENSG00000007968,ENSG00000158683,PKD1L1
ENSG00000105866,ENSG00000124762,CDKN1A
ENSG00000115415,ENSG00000168906,MAT2A
ENSG00000007968,ENSG00000112425,EPM2A
ENSG00000177606,ENSG00000134259,NGF
ENSG00000141510,ENSG00000073111,MCM2
ENSG00000172059,ENSG00000110435,PDHX
ENSG00000101412,ENSG00000177144,NUDT4B
ENSG00000130816,ENSG00000091831,ESR1
ENSG00000136997,ENSG00000115365,LANCL1
ENSG00000111087,ENSG00000026103,FAS
ENSG00000179284,ENSG00000145425,RPS3A
,ENSG00000103024,NME3
ENSG00000118260,ENSG00000134333,LDHA
,ENSG00000134954,ETS1
ENSG00000185591,ENSG00000172270,BSG
ENSG00000245848,ENSG00000167972,ABCA3
ENSG00000136630,ENSG00000149269,PAK1
ENSG00000159216,ENSG00000065675,PRKCQ
ENSG00000123358,ENSG00000203859,HSD3B2
ENSG00000118260,ENSG00000104237,RP1
ENSG00000091831,ENSG00000143839,REN
ENSG00000100644,ENSG00000135766,EGLN1
ENSG00000170581,ENSG00000135577,NMBR
ENSG00000091831,ENSG00000146278,PNRC1
ENSG00000136997,ENSG00000065243,PKN2
ENSG00000185591,ENSG00000124107,SLPI
ENSG00000177606,ENSG00000123983,ACSL3
ENSG00000101412,ENSG00000121289,CEP89
ENSG00000169057,ENSG00000128683,GAD1
ENSG00000101412,ENSG00000130032,PRRG3
,ENSG00000102239,BRS3
ENSG00000141510,ENSG00000130513,GDF15
ENSG00000118513,ENSG00000136942,RPL35
ENSG00000105392,ENSG00000265203,RBP3
ENSG00000091831,ENSG00000082175,PGR
ENSG00000198176,ENSG00000101057,MYBL2
ENSG00000151702,ENSG00000145431,PDGFC
ENSG00000169083,ENSG00000125255,SLC10A2
ENSG00000184486,ENSG00000138735,PDE5A
ENSG00000169083,ENSG00000174562,KLK15
ENSG00000172845,ENSG00000215182,MUC5AC
ENSG00000177606,ENSG00000175206,NPPA
ENSG00000109320,ENSG00000254087,LYN
ENSG00000131759,ENSG00000140945,CDH13
ENSG00000048052,ENSG00000150782,IL18
ENSG00000072310,ENSG00000181856,SLC2A4
ENSG00000141646,ENSG00000136997,MYC
ENSG00000148737,ENSG00000095739,BAMBI
ENSG00000178028,ENSG00000124762,CDKN1A
ENSG00000136997,ENSG00000112715,VEGFA
ENSG00000004848,,
ENSG00000101412,ENSG00000110237,ARHGEF17
ENSG00000111653,ENSG00000141510,TP53
ENSG00000066336,ENSG00000169385,RNASE2
ENSG00000148737,ENSG00000168610,STAT3
ENSG00000141510,ENSG00000175054,ATR
ENSG00000118260,ENSG00000198650,TAT
ENSG00000134954,ENSG00000105639,JAK3
ENSG00000101412,ENSG00000160208,RRP1B
ENSG00000185591,ENSG00000149948,HMGA2
ENSG00000124813,ENSG00000152266,PTH
ENSG00000101412,ENSG00000011422,PLAUR
ENSG00000122592,ENSG00000186395,KRT10
ENSG00000124813,ENSG00000197561,ELANE
ENSG00000101412,ENSG00000144048,DUSP11
ENSG00000169083,ENSG00000166483,WEE1
ENSG00000141510,ENSG00000164867,NOS3
ENSG00000173039,ENSG00000006210,CX3CL1
ENSG00000168214,ENSG00000164683,HEY1
ENSG00000134954,ENSG00000155366,RHOC
ENSG00000185591,ENSG00000171345,KRT19
ENSG00000134982,,
ENSG00000173039,ENSG00000136997,MYC
ENSG00000104856,ENSG00000007908,SELE
ENSG00000185591,ENSG00000115758,ODC1
ENSG00000173039,ENSG00000169403,PTAFR
ENSG00000102034,ENSG00000141510,TP53
ENSG00000169083,ENSG00000167323,STIM1
ENSG00000205250,ENSG00000204385,SLC44A4
ENSG00000136630,ENSG00000133639,BTG1
ENSG00000077092,ENSG00000116745,RPE65
ENSG00000073282,ENSG00000087088,BAX
ENSG00000156925,ENSG00000175206,NPPA
ENSG00000122592,ENSG00000105325,FZR1
ENSG00000169083,ENSG00000084207,GSTP1
ENSG00000120738,ENSG00000068078,FGFR3
ENSG00000134954,ENSG00000161638,ITGA5
ENSG00000245848,ENSG00000105723,GSK3A
ENSG00000177030,ENSG00000178394,HTR1A
ENSG00000148737,ENSG00000119888,EPCAM
ENSG00000170345,ENSG00000107317,PTGDS
ENSG00000069667,ENSG00000132170,PPARG
ENSG00000169375,ENSG00000142515,KLK3
ENSG00000134954,ENSG00000167889,MGAT5B
ENSG00000177606,ENSG00000162772,ATF3
ENSG00000071564,ENSG00000091181,IL5RA
ENSG00000136997,ENSG00000169194,IL13
ENSG00000007968,ENSG00000249437,NAIP
ENSG00000118260,ENSG00000169469,SPRR1B
ENSG00000124813,ENSG00000162337,LRP5
ENSG00000169083,ENSG00000060971,ACAA1
ENSG00000173039,ENSG00000183625,CCR3
ENSG00000101412,ENSG00000140941,MAP1LC3B
ENSG00000205250,ENSG00000142515,KLK3
ENSG00000075426,ENSG00000029559,IBSP
ENSG00000132170,ENSG00000166949,SMAD3
ENSG00000111653,ENSG00000087088,BAX
ENSG00000007968,ENSG00000173825,TIGD3
ENSG00000205250,ENSG00000100077,GRK3
ENSG00000078399,ENSG00000162692,VCAM1
ENSG00000187098,ENSG00000258839,MC1R
ENSG00000157557,ENSG00000170312,CDK1
ENSG00000141027,ENSG00000197888,UGT2B17
ENSG00000135363,ENSG00000170180,GYPA
ENSG00000141510,ENSG00000170421,KRT8
ENSG00000110711,ENSG00000048649,RSF1
ENSG00000185591,ENSG00000079432,CIC
ENSG00000185591,ENSG00000156076,WIF1
ENSG00000141905,ENSG00000158480,SPATA2
ENSG00000143437,ENSG00000123374,CDK2
ENSG00000109320,ENSG00000166197,NOLC1
ENSG00000136997,ENSG00000196262,PPIA
ENSG00000169083,ENSG00000008086,CDKL5
ENSG00000147274,ENSG00000171223,JUNB
ENSG00000101076,ENSG00000223953,C1QTNF5
ENSG00000245848,ENSG00000163207,IVL
ENSG00000141510,ENSG00000166257,SCN3B
ENSG00000150907,ENSG00000146678,IGFBP1
ENSG00000206454,ENSG00000111704,NANOG
ENSG00000110777,,
ENSG00000168036,ENSG00000134363,FST
ENSG00000162924,ENSG00000100906,NFKBIA
ENSG00000136997,ENSG00000132676,DAP3
ENSG00000116016,ENSG00000106366,SERPINE1
,ENSG00000136487,GH2
ENSG00000109906,ENSG00000171791,BCL2
ENSG00000187098,ENSG00000101197,BIRC7
ENSG00000141448,ENSG00000105974,CAV1
ENSG00000186951,ENSG00000135218,CD36
ENSG00000175745,ENSG00000091513,TF
ENSG00000172845,ENSG00000136352,NKX2-1
,ENSG00000170458,CD14
ENSG00000136997,ENSG00000155926,SLA
ENSG00000072310,ENSG00000076555,ACACB
ENSG00000072310,ENSG00000186480,INSIG1
ENSG00000068305,ENSG00000129991,TNNI3
ENSG00000168610,ENSG00000233608,TWIST2
ENSG00000132170,ENSG00000135929,CYP27A1
ENSG00000066336,ENSG00000160221,GATD3
ENSG00000126561,ENSG00000099985,OSM
ENSG00000198911,ENSG00000138075,ABCG5
ENSG00000105698,ENSG00000102245,CD40LG
ENSG00000105698,ENSG00000111679,PTPN6
ENSG00000105698,ENSG00000158470,B4GALT5
ENSG00000163877,ENSG00000110092,CCND1
ENSG00000118260,ENSG00000100604,CHGA
ENSG00000175832,ENSG00000073756,PTGS2
ENSG00000102974,ENSG00000163635,ATXN7
ENSG00000151702,ENSG00000005961,ITGA2B
ENSG00000245848,ENSG00000072832,CRMP1
ENSG00000139687,ENSG00000007968,E2F2
ENSG00000101412,,
ENSG00000134954,ENSG00000206437,LTB
ENSG00000197933,ENSG00000150457,LATS2
ENSG00000134086,ENSG00000072274,TFRC
ENSG00000164611,ENSG00000150760,DOCK1
ENSG00000205250,ENSG00000142319,SLC6A3
ENSG00000141027,ENSG00000169083,AR
ENSG00000158773,ENSG00000163737,PF4
ENSG00000091831,ENSG00000145901,TNIP1
ENSG00000136997,ENSG00000096384,HSP90AB1
ENSG00000162599,ENSG00000101981,F9
ENSG00000118513,ENSG00000204316,MRPL38
ENSG00000177606,ENSG00000160224,AIRE
ENSG00000245848,ENSG00000181092,ADIPOQ
,ENSG00000121552,CSTA
ENSG00000115415,ENSG00000128422,KRT17
ENSG00000168610,ENSG00000019991,HGF
ENSG00000101412,ENSG00000054967,RELT
ENSG00000126368,ENSG00000131482,G6PC1
ENSG00000120738,ENSG00000157227,MMP14
ENSG00000141510,ENSG00000100949,RABGGTA
ENSG00000136997,ENSG00000143493,INTS7
ENSG00000166949,ENSG00000114854,TNNC1
ENSG00000163435,ENSG00000074181,NOTCH3
ENSG00000244405,ENSG00000087245,MMP2
ENSG00000141905,ENSG00000081051,AFP
ENSG00000185591,ENSG00000164889,SLC4A2
ENSG00000126561,ENSG00000101017,CD40
ENSG00000185122,ENSG00000206449,MICB
ENSG00000172845,ENSG00000115616,SLC9A2
ENSG00000123268,ENSG00000134333,LDHA
ENSG00000101412,ENSG00000165280,VCP
ENSG00000048052,ENSG00000120889,TNFRSF10B
ENSG00000101412,ENSG00000102755,FLT1
ENSG00000101412,ENSG00000175832,ETV4
ENSG00000148737,ENSG00000107485,GATA3
ENSG00000120738,ENSG00000018236,CNTN1
ENSG00000135457,ENSG00000171560,FGA
ENSG00000143190,ENSG00000066336,SPI1
ENSG00000177606,ENSG00000139974,SLC38A6
ENSG00000152217,ENSG00000073756,PTGS2
ENSG00000205250,ENSG00000184402,SS18L1
ENSG00000116044,ENSG00000181019,NQO1
ENSG00000101412,ENSG00000161800,RACGAP1
ENSG00000185122,ENSG00000215328,HSPA1A
ENSG00000159216,ENSG00000101335,MYL9
ENSG00000136574,ENSG00000104899,AMH
ENSG00000205250,ENSG00000128245,YWHAH
ENSG00000111206,ENSG00000171346,KRT15
ENSG00000172845,ENSG00000184956,MUC6
ENSG00000101076,ENSG00000117601,SERPINC1
ENSG00000136997,ENSG00000103174,NAGPA
ENSG00000169057,ENSG00000091831,ESR1
ENSG00000118513,ENSG00000143977,SNRPG
ENSG00000198911,ENSG00000169174,PCSK9
ENSG00000185591,ENSG00000164032,H2AZ1
ENSG00000168610,ENSG00000165029,ABCA1
ENSG00000118260,ENSG00000140479,PCSK6
ENSG00000179284,ENSG00000147889,CDKN2A
ENSG00000157554,ENSG00000270882,H4C14
ENSG00000007968,ENSG00000275342,PRAG1
ENSG00000118689,ENSG00000115290,GRB14
ENSG00000141510,ENSG00000155090,KLF10
ENSG00000131759,ENSG00000028137,TNFRSF1B
ENSG00000115966,ENSG00000175197,DDIT3
ENSG00000140009,ENSG00000164867,NOS3
ENSG00000116604,ENSG00000048052,HDAC9
ENSG00000175197,ENSG00000115966,ATF2
ENSG00000179284,ENSG00000105664,COMP
ENSG00000185591,ENSG00000164867,NOS3
ENSG00000196628,ENSG00000174469,CNTNAP2
ENSG00000169083,ENSG00000006468,ETV1
ENSG00000141510,ENSG00000103056,SMPD3
ENSG00000185591,ENSG00000184719,RNLS
ENSG00000136997,ENSG00000130826,DKC1
ENSG00000157554,ENSG00000167751,KLK2
ENSG00000123358,ENSG00000117560,FASLG
ENSG00000179284,ENSG00000171105,INSR
ENSG00000106546,ENSG00000118777,ABCG2
ENSG00000118513,ENSG00000136807,CDK9
,ENSG00000091831,ESR1
ENSG00000179284,ENSG00000102265,TIMP1
ENSG00000141510,ENSG00000137331,IER3
ENSG00000144852,ENSG00000160868,CYP3A4
ENSG00000136997,ENSG00000126368,NR1D1
ENSG00000159216,ENSG00000196712,NF1
ENSG00000185591,ENSG00000256525,POLG2
ENSG00000245848,ENSG00000110092,CCND1
ENSG00000111206,ENSG00000115718,PROC
ENSG00000136997,ENSG00000269404,SPIB
ENSG00000091831,ENSG00000172216,CEBPB
ENSG00000141905,ENSG00000244731,C4A
ENSG00000138795,ENSG00000171791,BCL2
ENSG00000105856,ENSG00000124762,CDKN1A
ENSG00000173039,ENSG00000205220,PSMB10
ENSG00000136997,ENSG00000128272,ATF4
ENSG00000184481,ENSG00000113916,BCL6
ENSG00000143190,ENSG00000141564,RPTOR
ENSG00000100644,ENSG00000105388,CEACAM5
ENSG00000205250,ENSG00000123080,CDKN2C
ENSG00000071564,ENSG00000111732,AICDA
ENSG00000168610,ENSG00000141510,TP53
ENSG00000134954,ENSG00000117298,ECE1
ENSG00000157557,ENSG00000100985,MMP9
ENSG00000136997,ENSG00000134871,COL4A2
ENSG00000141646,ENSG00000131808,FSHB
,ENSG00000142192,APP
ENSG00000100811,ENSG00000134982,APC
ENSG00000082175,ENSG00000143839,REN
ENSG00000136997,ENSG00000167986,DDB1
ENSG00000148737,ENSG00000019549,SNAI2
ENSG00000149311,ENSG00000117394,SLC2A1
ENSG00000185591,ENSG00000197249,SERPINA1
ENSG00000125347,ENSG00000079385,CEACAM1
ENSG00000109906,ENSG00000115738,ID2
ENSG00000125398,ENSG00000133105,RXFP2
ENSG00000168610,ENSG00000108679,LGALS3BP
ENSG00000107485,ENSG00000169554,ZEB2
ENSG00000143437,ENSG00000100644,HIF1A
ENSG00000196092,ENSG00000177455,CD19
ENSG00000172216,ENSG00000213928,IRF9
ENSG00000101412,ENSG00000005189,REXO5
ENSG00000179284,ENSG00000184895,SRY
ENSG00000179284,ENSG00000026103,FAS
ENSG00000171794,ENSG00000111276,CDKN1B
ENSG00000139352,ENSG00000140479,PCSK6
ENSG00000109320,ENSG00000164307,ERAP1
ENSG00000169083,ENSG00000157184,CPT2
ENSG00000118513,ENSG00000197561,ELANE
ENSG00000205250,ENSG00000136824,SMC2
ENSG00000072736,ENSG00000117984,CTSD
ENSG00000161298,ENSG00000177606,JUN
ENSG00000169016,ENSG00000100150,DEPDC5
ENSG00000123405,ENSG00000001084,GCLC
ENSG00000129514,ENSG00000065361,ERBB3
ENSG00000179284,ENSG00000137462,TLR2
ENSG00000112242,ENSG00000094804,CDC6
ENSG00000134954,ENSG00000087245,MMP2
ENSG00000136997,ENSG00000196396,PTPN1
ENSG00000102554,ENSG00000134057,CCNB1
ENSG00000109320,ENSG00000171862,PTEN
ENSG00000245848,ENSG00000121807,CCR2
ENSG00000196588,ENSG00000173611,SCAI
ENSG00000101412,ENSG00000167792,NDUFV1
,ENSG00000095066,HOOK2
ENSG00000100146,ENSG00000132688,NES
ENSG00000064835,ENSG00000172179,PRL
ENSG00000173757,ENSG00000100234,TIMP3
ENSG00000186951,ENSG00000142208,AKT1
ENSG00000131759,ENSG00000169429,CXCL8
ENSG00000185591,ENSG00000103522,IL21R
ENSG00000205250,ENSG00000101367,MAPRE1
ENSG00000205250,ENSG00000167978,SRRM2
ENSG00000173039,ENSG00000118777,ABCG2
ENSG00000109906,ENSG00000125398,SOX9
ENSG00000104903,ENSG00000055118,KCNH2
ENSG00000158773,ENSG00000157017,GHRL
ENSG00000115966,ENSG00000171855,IFNB1
ENSG00000109320,ENSG00000011422,PLAUR
ENSG00000074047,ENSG00000168487,BMP1
ENSG00000126767,ENSG00000256061,DNAAF4
ENSG00000130816,ENSG00000119888,EPCAM
ENSG00000101076,ENSG00000259384,GH1
ENSG00000101665,ENSG00000142173,COL6A2
ENSG00000167034,ENSG00000140443,IGF1R
ENSG00000158773,ENSG00000086548,CEACAM6
ENSG00000118260,ENSG00000168398,BDKRB2
ENSG00000136997,ENSG00000198087,CD2AP
ENSG00000179284,ENSG00000256870,SLC5A8
ENSG00000179284,ENSG00000196371,FUT4
ENSG00000141905,ENSG00000131095,GFAP
ENSG00000100644,ENSG00000105325,FZR1
ENSG00000112033,ENSG00000118137,APOA1
ENSG00000126767,ENSG00000175592,FOSL1
ENSG00000141510,ENSG00000091831,ESR1
ENSG00000101412,ENSG00000167004,PDIA3
ENSG00000008196,ENSG00000109846,CRYAB
ENSG00000123268,ENSG00000100604,CHGA
ENSG00000118260,ENSG00000123454,DBH
ENSG00000172216,ENSG00000036473,OTC
ENSG00000178951,ENSG00000136997,MYC
ENSG00000136997,ENSG00000132541,RIDA
ENSG00000091831,ENSG00000132170,PPARG
ENSG00000134954,ENSG00000141736,ERBB2
ENSG00000111087,ENSG00000108587,GOSR1
ENSG00000165030,ENSG00000082175,PGR
ENSG00000170345,ENSG00000100985,MMP9
ENSG00000173039,ENSG00000175899,A2M
ENSG00000115415,ENSG00000164733,CTSB
ENSG00000173039,ENSG00000141027,NCOR1
ENSG00000185591,ENSG00000122707,RECK
ENSG00000084093,ENSG00000164326,CARTPT
ENSG00000105698,,
ENSG00000136997,ENSG00000100028,SNRPD3
ENSG00000077092,ENSG00000105641,SLC5A5
ENSG00000253293,ENSG00000253293,HOXA10
ENSG00000136997,ENSG00000114767,RRP9
ENSG00000266265,ENSG00000163513,TGFBR2
ENSG00000205250,ENSG00000197381,ADARB1
ENSG00000185591,ENSG00000139567,ACVRL1
ENSG00000109320,ENSG00000160870,CYP3A7
ENSG00000136997,ENSG00000131828,PDHA1
ENSG00000148737,ENSG00000164761,TNFRSF11B
ENSG00000139687,ENSG00000101412,E2F1
ENSG00000115415,ENSG00000271503,CCL5
ENSG00000169083,ENSG00000116717,GADD45A
ENSG00000136997,ENSG00000171720,HDAC3
ENSG00000129514,ENSG00000001626,CFTR
ENSG00000126561,ENSG00000110092,CCND1
ENSG00000205250,ENSG00000183155,RABIF
ENSG00000136997,ENSG00000109332,UBE2D3
ENSG00000172216,ENSG00000115523,GNLY
ENSG00000091831,ENSG00000159388,BTG2
ENSG00000100644,ENSG00000121879,PIK3CA
ENSG00000168214,ENSG00000107796,ACTA2
ENSG00000109320,ENSG00000161011,SQSTM1
ENSG00000130816,ENSG00000075624,ACTB
ENSG00000157554,ENSG00000169083,AR
ENSG00000113722,ENSG00000165376,CLDN2
ENSG00000141905,ENSG00000181856,SLC2A4
ENSG00000106462,ENSG00000169252,ADRB2
ENSG00000161298,ENSG00000109320,NFKB1
ENSG00000171940,ENSG00000039068,CDH1
ENSG00000173039,ENSG00000089250,NOS1
,ENSG00000174437,ATP2A2
ENSG00000173039,ENSG00000166710,B2M
,ENSG00000169919,GUSB
ENSG00000177606,ENSG00000165029,ABCA1
ENSG00000185591,ENSG00000136487,GH2
ENSG00000136997,ENSG00000164109,MAD2L1
ENSG00000136997,ENSG00000105976,MET
ENSG00000169083,ENSG00000275013,PRAME
ENSG00000111424,ENSG00000165125,TRPV6
ENSG00000169083,ENSG00000184254,ALDH1A3
ENSG00000136997,ENSG00000171124,FUT3
,ENSG00000171862,PTEN
ENSG00000171222,ENSG00000166261,ZNF202
ENSG00000125798,ENSG00000136352,NKX2-1
ENSG00000170365,ENSG00000115738,ID2
ENSG00000123268,ENSG00000102144,PGK1
ENSG00000125740,ENSG00000271503,CCL5
ENSG00000185591,ENSG00000137331,IER3
ENSG00000150907,ENSG00000185950,IRS2
,ENSG00000134240,HMGCS2
ENSG00000136997,ENSG00000152518,ZFP36L2
ENSG00000185668,ENSG00000147437,GNRH1
ENSG00000101412,ENSG00000106333,PCOLCE
ENSG00000185591,ENSG00000113083,LOX
ENSG00000187514,ENSG00000188676,IDO2
ENSG00000205250,ENSG00000185721,DRG1
ENSG00000091831,ENSG00000105325,FZR1
ENSG00000136997,ENSG00000223865,HLA-DPB1
ENSG00000116017,ENSG00000101412,E2F1
ENSG00000136997,ENSG00000137154,RPS6
ENSG00000122691,ENSG00000170558,CDH2
ENSG00000074047,ENSG00000187079,TEAD1
ENSG00000091831,ENSG00000125730,C3
ENSG00000118260,ENSG00000122585,NPY
ENSG00000168036,ENSG00000139687,RB1
ENSG00000100811,ENSG00000141510,TP53
ENSG00000115966,ENSG00000104918,RETN
ENSG00000157613,ENSG00000115902,SLC1A4
ENSG00000173039,ENSG00000079435,LIPE
,ENSG00000124275,MTRR
ENSG00000005339,ENSG00000100393,EP300
ENSG00000128272,ENSG00000122861,PLAU
ENSG00000169083,ENSG00000159399,HK2
ENSG00000101412,ENSG00000162385,MAGOH
ENSG00000110693,ENSG00000141510,TP53
ENSG00000066336,ENSG00000164867,NOS3
ENSG00000120738,ENSG00000107331,ABCA2
ENSG00000177606,ENSG00000141510,TP53
ENSG00000170365,ENSG00000146674,IGFBP3
ENSG00000245848,ENSG00000117601,SERPINC1
ENSG00000173039,ENSG00000171522,PTGER4
ENSG00000118689,ENSG00000138379,MSTN
ENSG00000125347,ENSG00000134057,CCNB1
ENSG00000109320,ENSG00000183960,KCNH8
ENSG00000179284,ENSG00000112715,VEGFA
ENSG00000185591,ENSG00000169896,ITGAM
ENSG00000102145,ENSG00000250361,GYPB
ENSG00000170345,ENSG00000110848,CD69
ENSG00000164916,ENSG00000172409,CLP1
ENSG00000150907,ENSG00000131808,FSHB
ENSG00000173039,ENSG00000126353,CCR7
ENSG00000118260,ENSG00000116833,NR5A2
ENSG00000179388,ENSG00000121691,CAT
ENSG00000173039,ENSG00000004468,CD38
ENSG00000163064,ENSG00000152818,UTRN
ENSG00000179284,ENSG00000108578,BLMH
ENSG00000136997,ENSG00000102103,PQBP1
ENSG00000007968,ENSG00000026652,AGPAT4
ENSG00000135363,ENSG00000055118,KCNH2
ENSG00000141510,ENSG00000119383,PTPA
ENSG00000179284,ENSG00000092330,TINF2
ENSG00000091831,ENSG00000141434,MEP1B
ENSG00000168214,ENSG00000133392,MYH11
ENSG00000109320,ENSG00000114315,HES1
ENSG00000118260,ENSG00000205155,PSENEN
ENSG00000101412,ENSG00000188827,SLX4
ENSG00000116478,ENSG00000164867,NOS3
ENSG00000116044,ENSG00000100292,HMOX1
ENSG00000118689,ENSG00000118046,STK11
ENSG00000140009,ENSG00000126561,STAT5A
ENSG00000172819,ENSG00000160182,TFF1
ENSG00000113580,ENSG00000177606,JUN
ENSG00000091831,ENSG00000121879,PIK3CA
ENSG00000158773,ENSG00000274286,ADRA2B
ENSG00000111653,ENSG00000144746,ARL6IP5
ENSG00000111206,ENSG00000094804,CDC6
ENSG00000166261,ENSG00000085998,POMGNT1
ENSG00000136997,ENSG00000166986,MARS1
ENSG00000109320,ENSG00000102974,CTCF
ENSG00000100644,ENSG00000102265,TIMP1
,ENSG00000141510,TP53
ENSG00000166888,ENSG00000125740,FOSB
ENSG00000186951,ENSG00000087237,CETP
ENSG00000169016,ENSG00000166803,PCLAF
ENSG00000205250,ENSG00000155313,USP25
ENSG00000141510,ENSG00000105329,TGFB1
ENSG00000126767,ENSG00000170345,FOS
ENSG00000162772,ENSG00000087245,MMP2
ENSG00000168610,ENSG00000142871,CCN1
ENSG00000118260,ENSG00000171873,ADRA1D
ENSG00000131759,ENSG00000254647,INS
ENSG00000182742,ENSG00000007062,PROM1
ENSG00000131759,ENSG00000101336,HCK
ENSG00000065978,ENSG00000134323,MYCN
ENSG00000111046,ENSG00000076555,ACACB
ENSG00000136997,ENSG00000132906,CASP9
ENSG00000136997,ENSG00000141401,IMPA2
ENSG00000136997,ENSG00000170296,GABARAP
ENSG00000074047,ENSG00000069956,MAPK6
ENSG00000181690,ENSG00000073050,XRCC1
ENSG00000183733,ENSG00000071564,TCF3
ENSG00000101412,ENSG00000185130,H2BC13
ENSG00000158773,ENSG00000165140,FBP1
ENSG00000118260,ENSG00000082641,NFE2L1
ENSG00000138795,ENSG00000135318,NT5E
ENSG00000185591,ENSG00000091831,ESR1
ENSG00000074047,ENSG00000120889,TNFRSF10B
ENSG00000136997,ENSG00000021574,SPAST
ENSG00000275700,ENSG00000141510,TP53
ENSG00000276043,ENSG00000131747,TOP2A
ENSG00000101412,ENSG00000129757,CDKN1C
ENSG00000177374,ENSG00000142627,EPHA2
ENSG00000007372,ENSG00000198910,L1CAM
ENSG00000185591,ENSG00000010278,CD9
ENSG00000169083,ENSG00000135486,HNRNPA1
ENSG00000165556,ENSG00000089472,HEPH
,ENSG00000053747,LAMA3
ENSG00000065029,ENSG00000124762,CDKN1A
ENSG00000134954,ENSG00000196549,MME
ENSG00000111424,ENSG00000075651,PLD1
ENSG00000137309,ENSG00000179284,DAND5
ENSG00000134323,ENSG00000145604,SKP2
ENSG00000136997,ENSG00000100811,YY1
ENSG00000136997,ENSG00000120802,TMPO
ENSG00000118689,ENSG00000100592,DAAM1
ENSG00000170345,ENSG00000204287,HLA-DRA
ENSG00000101412,ENSG00000162517,PEF1
ENSG00000136997,ENSG00000102575,ACP5
ENSG00000109320,ENSG00000137265,IRF4
ENSG00000131759,ENSG00000136997,MYC
ENSG00000010818,ENSG00000234745,HLA-B
ENSG00000105698,ENSG00000135346,CGA
ENSG00000172819,ENSG00000077092,RARB
ENSG00000205250,ENSG00000198242,RPL23A
ENSG00000186951,ENSG00000090020,SLC9A1
ENSG00000172216,ENSG00000017427,IGF1
ENSG00000141510,ENSG00000132670,PTPRA
ENSG00000100644,ENSG00000137462,TLR2
ENSG00000185591,ENSG00000142192,APP
ENSG00000172216,ENSG00000002822,MAD1L1
ENSG00000179284,ENSG00000180914,OXTR
ENSG00000101412,ENSG00000167325,RRM1
ENSG00000205250,ENSG00000079616,KIF22
ENSG00000198911,ENSG00000079459,FDFT1
ENSG00000141905,ENSG00000065154,OAT
ENSG00000168610,ENSG00000105697,HAMP
ENSG00000120738,ENSG00000164715,LMTK2
ENSG00000107485,ENSG00000055118,KCNH2
ENSG00000101412,ENSG00000091879,ANGPT2
ENSG00000136997,ENSG00000170367,CST5
ENSG00000116478,ENSG00000128683,GAD1
ENSG00000111087,ENSG00000145147,SLIT2
ENSG00000173039,ENSG00000181019,NQO1
ENSG00000185551,ENSG00000206454,POU5F1
ENSG00000136997,ENSG00000110958,PTGES3
ENSG00000177606,ENSG00000133661,SFTPD
ENSG00000245848,ENSG00000185651,UBE2L3
ENSG00000102755,ENSG00000160013,PTGIR
ENSG00000001167,ENSG00000146678,IGFBP1
ENSG00000179284,ENSG00000118523,CCN2
ENSG00000118260,ENSG00000143603,KCNN3
ENSG00000185697,ENSG00000115053,NCL
ENSG00000124813,ENSG00000137834,SMAD6
ENSG00000113580,ENSG00000109320,NFKB1
ENSG00000068903,ENSG00000124762,CDKN1A
ENSG00000177606,ENSG00000167323,STIM1
ENSG00000168036,ENSG00000136997,MYC
ENSG00000132170,ENSG00000143190,POU2F1
ENSG00000159216,ENSG00000109471,IL2
ENSG00000112033,ENSG00000205560,CPT1B
ENSG00000173039,ENSG00000275444,DEFB4B
ENSG00000137309,ENSG00000059804,SLC2A3
ENSG00000275410,ENSG00000169344,UMOD
ENSG00000198176,ENSG00000105974,CAV1
ENSG00000185591,ENSG00000095066,HOOK2
,ENSG00000084110,HAL
ENSG00000177606,ENSG00000084207,GSTP1
,ENSG00000134086,VHL
ENSG00000175832,ENSG00000101981,F9
ENSG00000125398,ENSG00000187098,MITF
ENSG00000077150,,
ENSG00000141510,ENSG00000111605,CPSF6
ENSG00000173039,ENSG00000135744,AGT
ENSG00000095794,ENSG00000105641,SLC5A5
ENSG00000169083,ENSG00000008710,PKD1
ENSG00000101412,ENSG00000186153,WWOX
ENSG00000064195,ENSG00000135346,CGA
ENSG00000157557,ENSG00000113525,IL5
ENSG00000275700,ENSG00000087088,BAX
ENSG00000177606,ENSG00000141646,SMAD4
ENSG00000198646,ENSG00000185122,HSF1
ENSG00000169083,ENSG00000229314,ORM1
ENSG00000100811,ENSG00000091138,SLC26A3
ENSG00000005339,ENSG00000087191,PSMC5
ENSG00000091831,ENSG00000147571,CRH
ENSG00000112242,ENSG00000140479,PCSK6
ENSG00000136997,ENSG00000138668,HNRNPD
,ENSG00000167323,STIM1
ENSG00000116478,ENSG00000122707,RECK
ENSG00000131759,ENSG00000108846,ABCC3
ENSG00000186470,ENSG00000172987,HPSE2
ENSG00000149311,ENSG00000169621,APLF
ENSG00000007968,ENSG00000168418,KCNG4
ENSG00000173039,ENSG00000122852,SFTPA1
ENSG00000107485,ENSG00000115414,FN1
ENSG00000120738,ENSG00000148344,PTGES
ENSG00000101115,ENSG00000078399,HOXA9
ENSG00000018408,ENSG00000070669,ASNS
ENSG00000141646,ENSG00000099860,GADD45B
ENSG00000159216,ENSG00000164929,BAALC
ENSG00000120738,ENSG00000261371,PECAM1
ENSG00000128272,ENSG00000108691,CCL2
ENSG00000101412,ENSG00000054654,SYNE2
ENSG00000177606,ENSG00000110944,IL23A
ENSG00000185591,ENSG00000114948,ADAM23
ENSG00000169083,ENSG00000110931,CAMKK2
ENSG00000136997,ENSG00000205571,SMN2
ENSG00000175832,ENSG00000035862,TIMP2
ENSG00000185591,ENSG00000113070,HBEGF
ENSG00000100393,ENSG00000164692,COL1A2
ENSG00000012048,ENSG00000162434,JAK1
ENSG00000141510,ENSG00000168610,STAT3
ENSG00000101412,ENSG00000139344,AMDHD1
ENSG00000132170,ENSG00000100985,MMP9
ENSG00000173039,ENSG00000275302,CCL4
ENSG00000136997,ENSG00000130592,LSP1
ENSG00000096717,ENSG00000128917,DLL4
ENSG00000141510,ENSG00000013441,CLK1
ENSG00000091831,ENSG00000167346,MMP26
ENSG00000150907,ENSG00000177707,NECTIN3
ENSG00000179284,ENSG00000164305,CASP3
ENSG00000130522,ENSG00000136244,IL6
ENSG00000069011,ENSG00000121075,TBX4
ENSG00000109320,ENSG00000163734,CXCL3
ENSG00000109320,ENSG00000104856,RELB
ENSG00000012048,ENSG00000124762,CDKN1A
ENSG00000136997,ENSG00000037042,TUBG2
ENSG00000102145,ENSG00000121022,COPS5
ENSG00000134086,ENSG00000113140,SPARC
ENSG00000205250,ENSG00000288859,H2AC19
ENSG00000179348,ENSG00000132170,PPARG
ENSG00000128709,ENSG00000128709,HOXD9
ENSG00000102974,ENSG00000177045,SIX5
ENSG00000172845,ENSG00000069535,MAOB
ENSG00000136997,ENSG00000204590,GNL1
ENSG00000181449,ENSG00000107187,LHX3
ENSG00000115415,ENSG00000170345,FOS
ENSG00000101412,ENSG00000170100,ZNF778
ENSG00000059728,ENSG00000164362,TERT
ENSG00000198911,ENSG00000149809,TM7SF2
ENSG00000012504,ENSG00000125257,ABCC4
ENSG00000172819,ENSG00000132386,SERPINF1
ENSG00000123124,ENSG00000178568,ERBB4
ENSG00000125398,ENSG00000077498,TYR
ENSG00000177606,ENSG00000104267,CA2
ENSG00000186951,ENSG00000078401,EDN1
ENSG00000005339,ENSG00000078399,HOXA9
ENSG00000101412,ENSG00000204305,AGER
,ENSG00000242950,ERVW-1
ENSG00000185591,ENSG00000105329,TGFB1
ENSG00000131196,ENSG00000185591,SP1
ENSG00000157554,ENSG00000149150,SLC43A1
ENSG00000245848,ENSG00000169710,FASN
ENSG00000118513,ENSG00000111358,GTF2H3
ENSG00000132170,ENSG00000171791,BCL2
ENSG00000177606,ENSG00000137834,SMAD6
ENSG00000233608,ENSG00000170345,FOS
ENSG00000177606,ENSG00000038945,MSR1
ENSG00000101412,ENSG00000121741,ZMYM2
ENSG00000205250,ENSG00000179218,CALR
ENSG00000134954,ENSG00000114867,EIF4G1
ENSG00000118260,ENSG00000185231,MC2R
ENSG00000138795,ENSG00000175097,RAG2
,ENSG00000206190,ATP10A
ENSG00000115415,ENSG00000186951,PPARA
ENSG00000185591,ENSG00000174437,ATP2A2
ENSG00000134086,ENSG00000129757,CDKN1C
ENSG00000179284,ENSG00000156886,ITGAD
ENSG00000169083,ENSG00000140009,ESR2
ENSG00000141510,ENSG00000119888,EPCAM
ENSG00000118513,ENSG00000128708,HAT1
ENSG00000124496,ENSG00000131042,LILRB2
ENSG00000103241,ENSG00000136487,GH2
ENSG00000146592,ENSG00000108679,LGALS3BP
ENSG00000118260,ENSG00000167580,AQP2
ENSG00000109320,ENSG00000215182,MUC5AC
ENSG00000066336,ENSG00000169896,ITGAM
ENSG00000087510,ENSG00000129514,FOXA1
ENSG00000169083,ENSG00000092969,TGFB2
ENSG00000134954,ENSG00000062822,POLD1
ENSG00000164093,ENSG00000172179,PRL
ENSG00000072736,ENSG00000167972,ABCA3
ENSG00000172845,ENSG00000181104,F2R
ENSG00000115966,ENSG00000111537,IFNG
ENSG00000173039,ENSG00000061273,HDAC7
ENSG00000169083,ENSG00000105810,CDK6
ENSG00000101412,ENSG00000156515,HK1
ENSG00000077092,ENSG00000164362,TERT
ENSG00000179348,ENSG00000068903,SIRT2
ENSG00000168610,ENSG00000184557,SOCS3
ENSG00000105698,ENSG00000121351,IAPP
ENSG00000177606,ENSG00000164400,CSF2
ENSG00000048052,ENSG00000123358,NR4A1
ENSG00000169083,ENSG00000124713,GNMT
ENSG00000100644,ENSG00000112715,VEGFA
ENSG00000168610,ENSG00000086991,NOX4
ENSG00000120690,ENSG00000179639,FCER1A
ENSG00000169083,ENSG00000111271,ACAD10
ENSG00000101412,ENSG00000277632,CCL3
ENSG00000179284,ENSG00000167986,DDB1
ENSG00000179284,,
ENSG00000179284,ENSG00000157766,ACAN
ENSG00000157554,ENSG00000124766,SOX4
ENSG00000134086,ENSG00000091879,ANGPT2
ENSG00000101412,,
ENSG00000134954,ENSG00000127948,POR
ENSG00000168610,ENSG00000171552,BCL2L1
ENSG00000116604,ENSG00000177606,JUN
ENSG00000141510,ENSG00000170855,TRIAP1
ENSG00000169083,ENSG00000130203,APOE
ENSG00000140464,ENSG00000146648,EGFR
ENSG00000012504,ENSG00000144852,NR1I2
ENSG00000136451,ENSG00000164399,IL3
ENSG00000120738,ENSG00000109321,AREG
ENSG00000141027,ENSG00000099977,DDT
ENSG00000169083,ENSG00000101966,XIAP
ENSG00000136997,ENSG00000126602,TRAP1
ENSG00000245848,ENSG00000180871,CXCR2
ENSG00000067082,ENSG00000007171,NOS2
ENSG00000118260,ENSG00000168959,GRM5
ENSG00000064490,ENSG00000204257,HLA-DMA
ENSG00000128272,ENSG00000136244,IL6
ENSG00000118260,ENSG00000128564,VGF
ENSG00000109320,ENSG00000087494,PTHLH
ENSG00000064490,ENSG00000225103,HLA-DQA2
ENSG00000196628,ENSG00000026508,CD44
ENSG00000179284,ENSG00000102003,SYP
ENSG00000100644,ENSG00000173511,VEGFB
ENSG00000101412,ENSG00000064995,TAF11
ENSG00000169083,ENSG00000111319,SCNN1A
ENSG00000198911,ENSG00000104549,SQLE
ENSG00000115415,ENSG00000102245,CD40LG
ENSG00000169083,ENSG00000132437,DDC
ENSG00000186350,ENSG00000145384,FABP2
ENSG00000253293,ENSG00000259207,ITGB3
ENSG00000069667,ENSG00000126368,NR1D1
ENSG00000135100,ENSG00000244122,UGT1A7
ENSG00000134954,ENSG00000163513,TGFBR2
ENSG00000074047,ENSG00000184678,H2BC21
ENSG00000119547,ENSG00000187098,MITF
ENSG00000012048,ENSG00000073282,TP63
ENSG00000245848,ENSG00000100889,PCK2
ENSG00000175387,ENSG00000164761,TNFRSF11B
ENSG00000101412,ENSG00000186912,P2RY4
,ENSG00000121691,CAT
ENSG00000110777,ENSG00000048462,TNFRSF17
ENSG00000169016,ENSG00000178691,SUZ12
ENSG00000205250,ENSG00000132612,VPS4A
ENSG00000084093,ENSG00000175426,PCSK1
ENSG00000181449,ENSG00000240563,L1TD1
ENSG00000105856,ENSG00000159216,RUNX1
ENSG00000136997,ENSG00000137070,IL11RA
ENSG00000144852,ENSG00000165841,CYP2C19
ENSG00000221869,ENSG00000087237,CETP
ENSG00000116478,ENSG00000091831,ESR1
ENSG00000007968,ENSG00000178229,ZNF543
ENSG00000126368,ENSG00000133794,BMAL1
ENSG00000177606,ENSG00000111341,MGP
ENSG00000141510,ENSG00000080815,PSEN1
ENSG00000169083,ENSG00000077092,RARB
ENSG00000136997,ENSG00000114209,PDCD10
ENSG00000134954,ENSG00000131143,COX4I1
ENSG00000179284,ENSG00000198087,CD2AP
ENSG00000118260,ENSG00000146678,IGFBP1
ENSG00000185591,ENSG00000076248,UNG
ENSG00000136997,ENSG00000135862,LAMC1
ENSG00000100811,ENSG00000172534,HCFC1
ENSG00000221869,ENSG00000142168,SOD1
ENSG00000102145,ENSG00000121053,EPX
ENSG00000120738,ENSG00000178562,CD28
ENSG00000069667,ENSG00000187258,NPSR1
ENSG00000172216,ENSG00000090339,ICAM1
ENSG00000141646,ENSG00000134954,ETS1
ENSG00000166478,ENSG00000156970,BUB1B
ENSG00000127616,ENSG00000026508,CD44
ENSG00000101076,ENSG00000091262,ABCC6
ENSG00000101412,ENSG00000152578,GRIA4
ENSG00000136997,ENSG00000134419,RPS15A
ENSG00000111087,ENSG00000122877,EGR2
ENSG00000183770,ENSG00000140459,CYP11A1
ENSG00000154767,ENSG00000157450,RNF111
ENSG00000126767,ENSG00000154229,PRKCA
ENSG00000187098,ENSG00000131504,DIAPH1
ENSG00000179284,ENSG00000104918,RETN
ENSG00000126456,ENSG00000171855,IFNB1
ENSG00000138378,ENSG00000136997,MYC
ENSG00000112592,ENSG00000124762,CDKN1A
ENSG00000134323,ENSG00000204592,HLA-E
ENSG00000188786,ENSG00000001084,GCLC
ENSG00000091831,ENSG00000112715,VEGFA
ENSG00000138795,ENSG00000118785,SPP1
ENSG00000109320,ENSG00000070770,CSNK2A2
ENSG00000141510,ENSG00000007171,NOS2
ENSG00000168610,ENSG00000150337,FCGR1A
ENSG00000141510,ENSG00000173846,PLK3
ENSG00000169057,ENSG00000012779,ALOX5
ENSG00000170365,ENSG00000118785,SPP1
ENSG00000122877,ENSG00000145284,SCD5
ENSG00000134954,ENSG00000248333,CDK11B
ENSG00000109132,ENSG00000123454,DBH
ENSG00000179284,ENSG00000131828,PDHA1
ENSG00000205250,ENSG00000170779,CDCA4
ENSG00000173039,ENSG00000115009,CCL20
,ENSG00000140939,NOL3
ENSG00000170345,ENSG00000271503,CCL5
ENSG00000100644,ENSG00000118523,CCN2
ENSG00000132170,ENSG00000117560,FASLG
ENSG00000118260,ENSG00000254647,INS
ENSG00000104884,ENSG00000108582,CPD
ENSG00000136997,ENSG00000101558,VAPA
ENSG00000100644,ENSG00000134107,BHLHE40
ENSG00000185591,ENSG00000177030,DEAF1
ENSG00000179284,,
ENSG00000100811,ENSG00000113580,NR3C1
ENSG00000136997,ENSG00000118971,CCND2
ENSG00000106571,ENSG00000204632,HLA-G
ENSG00000134954,ENSG00000167034,NKX3-1
ENSG00000205250,ENSG00000185591,SP1
ENSG00000185591,ENSG00000100479,POLE2
ENSG00000118217,ENSG00000174437,ATP2A2
ENSG00000118513,ENSG00000076706,MCAM
ENSG00000185591,ENSG00000106511,MEOX2
ENSG00000173039,ENSG00000100292,HMOX1
ENSG00000161298,ENSG00000263528,IKBKE
ENSG00000131759,ENSG00000141027,NCOR1
ENSG00000169083,ENSG00000184678,H2BC21
ENSG00000109320,ENSG00000117322,CR2
ENSG00000177606,ENSG00000113580,NR3C1
ENSG00000179284,ENSG00000105976,MET
ENSG00000136997,ENSG00000198074,AKR1B10
ENSG00000101412,ENSG00000178999,AURKB
ENSG00000141510,ENSG00000165025,SYK
ENSG00000082175,ENSG00000107018,RLN1
ENSG00000120738,ENSG00000197461,PDGFA
ENSG00000169083,ENSG00000179639,FCER1A
ENSG00000157557,ENSG00000118785,SPP1
ENSG00000078900,ENSG00000137801,THBS1
ENSG00000101412,ENSG00000135144,DTX1
ENSG00000173473,ENSG00000116717,GADD45A
ENSG00000136997,ENSG00000165637,VDAC2
ENSG00000157557,ENSG00000175592,FOSL1
ENSG00000134954,ENSG00000204842,ATXN2
ENSG00000127528,ENSG00000164867,NOS3
ENSG00000175104,ENSG00000127666,TICAM1
ENSG00000118513,ENSG00000154277,UCHL1
ENSG00000196628,ENSG00000185269,NOTUM
ENSG00000109320,ENSG00000115616,SLC9A2
ENSG00000179284,ENSG00000166147,FBN1
ENSG00000185591,ENSG00000134086,VHL
ENSG00000158773,ENSG00000245848,CEBPA
ENSG00000007968,ENSG00000131480,AOC2
ENSG00000106459,ENSG00000129245,FXR2
ENSG00000113580,ENSG00000143257,NR1I3
ENSG00000113580,ENSG00000198650,TAT
ENSG00000157554,ENSG00000121966,CXCR4
ENSG00000168214,ENSG00000124762,CDKN1A
ENSG00000115041,ENSG00000100678,SLC8A3
ENSG00000134954,ENSG00000005471,ABCB4
ENSG00000074047,ENSG00000085511,MAP3K4
ENSG00000081189,ENSG00000123358,NR4A1
ENSG00000100906,ENSG00000125538,IL1B
ENSG00000101412,ENSG00000148700,ADD3
ENSG00000180530,ENSG00000139514,SLC7A1
ENSG00000150907,ENSG00000122859,NEUROG3
ENSG00000175197,ENSG00000070669,ASNS
ENSG00000172216,ENSG00000103313,MEFV
ENSG00000128272,ENSG00000101255,TRIB3
ENSG00000188786,ENSG00000074317,SNCB
ENSG00000115966,ENSG00000120738,EGR1
ENSG00000181449,ENSG00000182636,NDN
ENSG00000109320,ENSG00000184956,MUC6
ENSG00000118260,ENSG00000204344,WHR1
ENSG00000141510,ENSG00000129195,PIMREG
ENSG00000141448,ENSG00000148795,CYP17A1
ENSG00000182944,ENSG00000123268,ATF1
ENSG00000169083,ENSG00000132386,SERPINF1
,ENSG00000206439,TNF
ENSG00000152284,ENSG00000167779,IGFBP6
ENSG00000101412,ENSG00000167703,SLC43A2
ENSG00000101412,ENSG00000168496,FEN1
ENSG00000172216,ENSG00000242110,AMACR
ENSG00000162676,ENSG00000111012,CYP27B1
ENSG00000101412,ENSG00000145604,SKP2
ENSG00000007968,ENSG00000111665,CDCA3
ENSG00000136997,ENSG00000121797,CCRL2
ENSG00000131759,ENSG00000134058,CDK7
ENSG00000186350,ENSG00000108821,COL1A1
ENSG00000120738,ENSG00000118513,MYB
ENSG00000057935,ENSG00000213030,CGB8
ENSG00000205250,ENSG00000142937,RPS8
ENSG00000100906,ENSG00000188425,NANOS2
ENSG00000151702,ENSG00000116478,HDAC1
ENSG00000115415,ENSG00000255346,NOX5
ENSG00000122691,ENSG00000118513,MYB
ENSG00000101412,ENSG00000198755,RPL10A
ENSG00000245848,ENSG00000161638,ITGA5
ENSG00000148737,ENSG00000135409,AMHR2
ENSG00000101412,ENSG00000109103,UNC119
ENSG00000136931,ENSG00000135409,AMHR2
ENSG00000007968,ENSG00000094804,CDC6
ENSG00000185591,ENSG00000118260,CREB1
ENSG00000179284,ENSG00000128052,KDR
ENSG00000132170,,
ENSG00000158773,ENSG00000143365,RORC
ENSG00000177606,ENSG00000171552,BCL2L1
,ENSG00000075891,PAX2
ENSG00000010818,ENSG00000206503,HLA-A
ENSG00000177463,ENSG00000231852,CYP21A2
ENSG00000141027,ENSG00000116133,DHCR24
ENSG00000139618,ENSG00000100206,DMC1
ENSG00000179284,ENSG00000196839,ADA
ENSG00000141510,ENSG00000140939,NOL3
ENSG00000196591,ENSG00000105173,CCNE1
ENSG00000141510,ENSG00000242252,BGLAP
ENSG00000175832,ENSG00000123505,AMD1
ENSG00000115415,ENSG00000185507,IRF7
ENSG00000112592,ENSG00000115414,FN1
ENSG00000196498,ENSG00000017427,IGF1
ENSG00000187079,ENSG00000185344,ATP6V0A2
ENSG00000101412,ENSG00000270882,H4C14
ENSG00000166888,ENSG00000137265,IRF4
ENSG00000118513,ENSG00000070748,CHAT
ENSG00000123268,ENSG00000139687,RB1
ENSG00000143799,ENSG00000178394,HTR1A
ENSG00000168610,ENSG00000120889,TNFRSF10B
ENSG00000077092,ENSG00000102038,SMARCA1
ENSG00000101057,ENSG00000185591,SP1
,ENSG00000172955,ADH6
ENSG00000101412,ENSG00000197442,MAP3K5
ENSG00000141510,ENSG00000012779,ALOX5
ENSG00000101412,ENSG00000147231,RADX
ENSG00000186951,ENSG00000140465,CYP1A1
ENSG00000206454,ENSG00000179059,ZFP42
ENSG00000007968,ENSG00000162959,MEMO1
ENSG00000170345,ENSG00000175592,FOSL1
ENSG00000205250,ENSG00000062822,POLD1
ENSG00000007968,ENSG00000185156,MFSD6L
ENSG00000185591,ENSG00000242950,ERVW-1
ENSG00000185591,ENSG00000080815,PSEN1
ENSG00000131759,ENSG00000004468,CD38
ENSG00000111206,ENSG00000168646,AXIN2
ENSG00000124827,ENSG00000036828,CASR
ENSG00000178691,ENSG00000078399,HOXA9
ENSG00000135903,ENSG00000164690,SHH
ENSG00000245848,ENSG00000111640,GAPDH
ENSG00000100644,ENSG00000132965,ALOX5AP
ENSG00000101412,ENSG00000198053,SIRPA
ENSG00000105698,ENSG00000136487,GH2
ENSG00000101412,ENSG00000136048,DRAM1
ENSG00000109320,ENSG00000204305,AGER
ENSG00000136997,ENSG00000007968,E2F2
ENSG00000135111,ENSG00000124762,CDKN1A
ENSG00000116478,ENSG00000181885,CLDN7
ENSG00000177606,ENSG00000170430,MGMT
ENSG00000185122,ENSG00000197548,ATG7
ENSG00000172845,ENSG00000147883,CDKN2B
ENSG00000179284,ENSG00000100811,YY1
ENSG00000179284,ENSG00000120802,TMPO
ENSG00000071564,ENSG00000039068,CDH1
ENSG00000107485,ENSG00000005483,KMT2E
ENSG00000111087,ENSG00000118971,CCND2
ENSG00000141646,ENSG00000166167,BTRC
ENSG00000100393,ENSG00000112715,VEGFA
ENSG00000100811,ENSG00000100297,MCM5
ENSG00000007968,ENSG00000168757,TSPY2
ENSG00000109320,ENSG00000104899,AMH
ENSG00000126767,ENSG00000143632,ACTA1
ENSG00000185591,ENSG00000107485,GATA3
ENSG00000169083,ENSG00000107798,LIPA
ENSG00000169083,ENSG00000163631,ALB
ENSG00000169016,ENSG00000012048,BRCA1
ENSG00000107485,ENSG00000163739,CXCL1
,ENSG00000196101,HLA-DRB3
ENSG00000109320,ENSG00000176387,HSD11B2
ENSG00000100811,ENSG00000062582,MRPS24
ENSG00000186951,ENSG00000106366,SERPINE1
ENSG00000136997,ENSG00000104044,OCA2
ENSG00000169083,ENSG00000188338,SLC38A3
ENSG00000100811,ENSG00000104408,EIF3E
ENSG00000221869,ENSG00000049540,ELN
ENSG00000100146,ENSG00000198835,GJC2
ENSG00000109320,ENSG00000137869,CYP19A1
ENSG00000116478,ENSG00000167085,PHB1
ENSG00000138795,ENSG00000276286,ADAM2
ENSG00000177606,ENSG00000120885,CLU
ENSG00000263001,ENSG00000256061,DNAAF4
ENSG00000205250,ENSG00000117632,STMN1
ENSG00000141510,ENSG00000206439,TNF
ENSG00000205250,ENSG00000130175,PRKCSH
ENSG00000012048,ENSG00000140443,IGF1R
ENSG00000120738,ENSG00000164344,KLKB1
ENSG00000100811,ENSG00000260027,HOXB7
ENSG00000141510,ENSG00000280789,PAGR1
ENSG00000141905,ENSG00000163399,ATP1A1
ENSG00000111087,ENSG00000129514,FOXA1
ENSG00000185591,ENSG00000170965,PLAC1
ENSG00000185591,ENSG00000086062,B4GALT1
ENSG00000007372,ENSG00000187242,KRT12
ENSG00000118513,ENSG00000113580,NR3C1
ENSG00000179284,ENSG00000177575,CD163
ENSG00000109320,ENSG00000277632,CCL3
ENSG00000074181,ENSG00000189058,APOD
ENSG00000160113,ENSG00000110245,APOC3
ENSG00000140464,ENSG00000182179,UBA7
ENSG00000073861,ENSG00000151014,NOCT
ENSG00000101412,ENSG00000253958,CLDN23
ENSG00000136997,ENSG00000117448,AKR1A1
ENSG00000157557,ENSG00000170345,FOS
ENSG00000168610,ENSG00000140009,ESR2
ENSG00000095794,,
ENSG00000100644,ENSG00000169894,MUC3A
ENSG00000109320,ENSG00000196136,SERPINA3
ENSG00000136997,ENSG00000164362,TERT
ENSG00000138798,ENSG00000115415,STAT1
ENSG00000186951,,
,ENSG00000177000,MTHFR
ENSG00000109320,ENSG00000107859,PITX3
ENSG00000185591,ENSG00000125898,FAM110A
ENSG00000120738,ENSG00000050820,BCAR1
ENSG00000004848,ENSG00000126012,KDM5C
ENSG00000158773,ENSG00000125798,FOXA2
ENSG00000101412,ENSG00000144554,FANCD2
ENSG00000182979,ENSG00000039068,CDH1
ENSG00000109320,ENSG00000204520,MICA
ENSG00000012048,ENSG00000100644,HIF1A
ENSG00000172216,ENSG00000206454,POU5F1
ENSG00000077092,ENSG00000087237,CETP
ENSG00000179284,ENSG00000099822,HCN2
ENSG00000143799,ENSG00000150907,FOXO1
ENSG00000151623,ENSG00000148346,LCN2
ENSG00000175745,ENSG00000138039,LHCGR
ENSG00000173039,ENSG00000130222,GADD45G
ENSG00000136997,ENSG00000138768,USO1
ENSG00000196132,ENSG00000001084,GCLC
ENSG00000143190,ENSG00000176887,SOX11
ENSG00000101412,ENSG00000257923,CUX1
ENSG00000179284,ENSG00000186832,KRT16
ENSG00000136997,ENSG00000102805,CLN5
ENSG00000066336,ENSG00000168610,STAT3
ENSG00000101412,ENSG00000138071,ACTR2
ENSG00000068024,ENSG00000068305,MEF2A
ENSG00000101412,ENSG00000101542,CDH20
ENSG00000175832,ENSG00000100985,MMP9
ENSG00000277494,ENSG00000158517,NCF1
ENSG00000186951,ENSG00000170522,ELOVL6
ENSG00000187098,ENSG00000080166,DCT
ENSG00000116478,ENSG00000095739,BAMBI
ENSG00000179284,ENSG00000041982,TNC
ENSG00000116478,ENSG00000168610,STAT3
ENSG00000137709,ENSG00000248333,CDK11B
ENSG00000101412,ENSG00000139597,N4BP2L1
ENSG00000136997,ENSG00000008282,SYPL1
ENSG00000175592,ENSG00000196611,MMP1
ENSG00000168610,ENSG00000106211,HSPB1
ENSG00000125952,ENSG00000169083,AR
ENSG00000139515,ENSG00000168067,MAP4K2
ENSG00000134954,,
ENSG00000101412,ENSG00000125351,UPF3B
,ENSG00000080644,CHRNA3
ENSG00000091831,ENSG00000147437,GNRH1
ENSG00000102554,ENSG00000148400,NOTCH1
ENSG00000064490,,
ENSG00000074047,ENSG00000197632,SERPINB2
ENSG00000007968,ENSG00000111335,OAS2
ENSG00000118513,ENSG00000182566,CLEC4G
ENSG00000179284,ENSG00000130592,LSP1
ENSG00000118513,ENSG00000171552,BCL2L1
ENSG00000082175,ENSG00000112715,VEGFA
ENSG00000113580,ENSG00000189221,MAOA
ENSG00000134982,ENSG00000115758,ODC1
ENSG00000124813,ENSG00000165973,NELL1
ENSG00000141448,ENSG00000107984,DKK1
ENSG00000126456,ENSG00000120833,SOCS2
ENSG00000143190,ENSG00000106809,OGN
ENSG00000118260,ENSG00000183032,SLC25A21
ENSG00000169083,ENSG00000104447,TRPS1
ENSG00000109320,ENSG00000185104,FAF1
ENSG00000136997,ENSG00000183765,CHEK2
ENSG00000175745,ENSG00000117601,SERPINC1
ENSG00000196591,ENSG00000084774,CAD
ENSG00000012048,ENSG00000132646,PCNA
,ENSG00000119699,TGFB3
ENSG00000168610,ENSG00000171560,FGA
ENSG00000185591,ENSG00000175445,LPL
ENSG00000100644,ENSG00000105976,MET
ENSG00000185591,ENSG00000140939,NOL3
ENSG00000136997,ENSG00000051523,CYBA
ENSG00000170345,ENSG00000170345,FOS
ENSG00000186951,ENSG00000012660,ELOVL5
ENSG00000186951,ENSG00000136244,IL6
ENSG00000101412,ENSG00000169083,AR
ENSG00000105698,ENSG00000142192,APP
ENSG00000159216,ENSG00000085276,MECOM
ENSG00000162924,ENSG00000111537,IFNG
ENSG00000213928,ENSG00000111276,CDKN1B
ENSG00000221869,ENSG00000123610,TNFAIP6
ENSG00000144802,ENSG00000275444,DEFB4B
ENSG00000102145,ENSG00000213934,HBG1
ENSG00000096717,ENSG00000206439,TNF
ENSG00000100811,ENSG00000120889,TNFRSF10B
ENSG00000185591,ENSG00000012779,ALOX5
ENSG00000101412,ENSG00000163633,C4orf36
ENSG00000187079,ENSG00000135903,PAX3
ENSG00000101412,ENSG00000181523,SGSH
ENSG00000116478,ENSG00000119888,EPCAM
ENSG00000179284,ENSG00000179593,ALOX15B
ENSG00000178573,ENSG00000001084,GCLC
ENSG00000169083,ENSG00000122545,SEPTIN7
ENSG00000072310,ENSG00000141458,NPC1
ENSG00000078900,ENSG00000105327,BBC3
ENSG00000107164,ENSG00000102678,FGF9
ENSG00000196132,ENSG00000074317,SNCB
ENSG00000141646,ENSG00000084674,APOB
ENSG00000221869,ENSG00000064012,CASP8
ENSG00000141510,ENSG00000112378,PERP
ENSG00000078399,ENSG00000129910,CDH15
ENSG00000105392,ENSG00000278570,NR2E3
ENSG00000118260,ENSG00000157514,TSC22D3
ENSG00000101412,ENSG00000119771,KLHL29
ENSG00000101412,ENSG00000136943,CTSV
ENSG00000177606,ENSG00000140678,ITGAX
ENSG00000120690,ENSG00000143995,MEIS1
ENSG00000136997,ENSG00000008394,MGST1
ENSG00000205250,ENSG00000112742,TTK
ENSG00000162924,ENSG00000132693,CRP
ENSG00000177606,ENSG00000145936,KCNMB1
ENSG00000150907,ENSG00000163283,ALPP
ENSG00000118260,ENSG00000151702,FLI1
ENSG00000049768,ENSG00000124762,CDKN1A
ENSG00000179284,ENSG00000127951,FGL2
ENSG00000131759,ENSG00000099860,GADD45B
ENSG00000012048,ENSG00000163739,CXCL1
ENSG00000245848,ENSG00000129988,LBP
ENSG00000007968,ENSG00000162607,USP1
ENSG00000233608,ENSG00000149311,ATM
ENSG00000185513,ENSG00000136997,MYC
ENSG00000157554,ENSG00000184012,TMPRSS2
ENSG00000172216,ENSG00000132170,PPARG
ENSG00000136997,ENSG00000141644,MBD1
ENSG00000043039,ENSG00000091831,ESR1
ENSG00000171223,ENSG00000147889,CDKN2A
ENSG00000185591,ENSG00000137309,HMGA1
ENSG00000118513,ENSG00000120885,CLU
ENSG00000176887,ENSG00000021574,SPAST
ENSG00000101412,ENSG00000145386,CCNA2
ENSG00000141510,ENSG00000131389,SLC6A6
ENSG00000245848,ENSG00000177455,CD19
,ENSG00000140678,ITGAX
ENSG00000158773,ENSG00000115904,SOS1
ENSG00000136997,ENSG00000221968,FADS3
ENSG00000136997,ENSG00000166508,MCM7
ENSG00000179284,ENSG00000111424,VDR
ENSG00000177606,ENSG00000173638,SLC19A1
,ENSG00000186847,KRT14
ENSG00000140009,ENSG00000081237,PTPRC
ENSG00000205250,ENSG00000165819,METTL3
ENSG00000100644,ENSG00000128052,KDR
ENSG00000102145,ENSG00000100697,DICER1
ENSG00000168066,ENSG00000147465,STAR
ENSG00000105856,ENSG00000117560,FASLG
ENSG00000125398,ENSG00000168066,SF1
ENSG00000109320,ENSG00000117707,PROX1
ENSG00000198911,ENSG00000087237,CETP
ENSG00000136997,ENSG00000105193,RPS16
ENSG00000185591,ENSG00000206439,TNF
ENSG00000088305,ENSG00000086289,EPDR1
ENSG00000074047,ENSG00000171862,PTEN
ENSG00000185591,ENSG00000280789,PAGR1
ENSG00000136997,ENSG00000126456,IRF3
ENSG00000136997,ENSG00000179388,EGR3
ENSG00000136997,ENSG00000221983,UBA52
ENSG00000101412,ENSG00000115310,RTN4
ENSG00000136997,ENSG00000239264,TXNDC5
ENSG00000141510,ENSG00000143384,MCL1
ENSG00000173473,ENSG00000160182,TFF1
ENSG00000115966,,
ENSG00000101412,ENSG00000154227,CERS3
ENSG00000186951,ENSG00000291237,SOD2
ENSG00000196628,ENSG00000187098,MITF
ENSG00000179284,ENSG00000130427,EPO
ENSG00000172819,ENSG00000095596,CYP26A1
ENSG00000159216,ENSG00000013725,CD6
ENSG00000136997,ENSG00000101412,E2F1
ENSG00000136997,ENSG00000144381,HSPD1
ENSG00000168505,ENSG00000136244,IL6
ENSG00000170345,ENSG00000102245,CD40LG
ENSG00000165702,ENSG00000081189,MEF2C
ENSG00000185591,ENSG00000153044,CENPH
ENSG00000177606,ENSG00000114200,BCHE
ENSG00000164093,ENSG00000083444,PLOD1
ENSG00000205250,ENSG00000134057,CCNB1
ENSG00000104365,ENSG00000141510,TP53
ENSG00000118260,ENSG00000027697,IFNGR1
ENSG00000186350,ENSG00000174123,TLR10
ENSG00000136997,ENSG00000008988,RPS20
ENSG00000084093,ENSG00000139287,TPH2
ENSG00000101076,ENSG00000160868,CYP3A4
ENSG00000173039,ENSG00000196664,TLR7
ENSG00000101412,ENSG00000184047,DIABLO
ENSG00000118260,ENSG00000089250,NOS1
ENSG00000007968,ENSG00000140479,PCSK6
ENSG00000170345,ENSG00000181195,PENK
ENSG00000185591,ENSG00000172955,ADH6
ENSG00000148516,ENSG00000141646,SMAD4
ENSG00000105698,ENSG00000140505,CYP1A2
ENSG00000117139,ENSG00000198691,ABCA4
ENSG00000157557,ENSG00000113302,IL12B
ENSG00000105698,ENSG00000105329,TGFB1
ENSG00000205250,ENSG00000127191,TRAF2
ENSG00000144852,ENSG00000109320,NFKB1
ENSG00000177606,ENSG00000168003,SLC3A2
ENSG00000134954,ENSG00000106991,ENG
ENSG00000177606,ENSG00000160182,TFF1
ENSG00000205250,ENSG00000172009,THOP1
ENSG00000109320,ENSG00000205268,PDE7A
ENSG00000136997,ENSG00000033800,PIAS1
ENSG00000132170,ENSG00000198646,NCOA6
ENSG00000079246,ENSG00000134954,ETS1
ENSG00000116044,ENSG00000121691,CAT
ENSG00000162772,ENSG00000001084,GCLC
ENSG00000125813,ENSG00000197901,SLC22A6
ENSG00000107485,ENSG00000152582,SPEF2
ENSG00000205250,ENSG00000080839,RBL1
ENSG00000143162,ENSG00000170606,HSPA4
ENSG00000105698,ENSG00000174437,ATP2A2
ENSG00000204103,ENSG00000118971,CCND2
ENSG00000179284,ENSG00000120738,EGR1
ENSG00000256683,ENSG00000130726,TRIM28
ENSG00000049768,ENSG00000134460,IL2RA
ENSG00000100393,,
ENSG00000136997,ENSG00000113013,HSPA9
ENSG00000148737,ENSG00000167768,KRT1
ENSG00000148737,ENSG00000084090,STARD7
ENSG00000163435,ENSG00000163209,SPRR3
ENSG00000100811,ENSG00000101966,XIAP
ENSG00000136931,ENSG00000084090,STARD7
ENSG00000134954,ENSG00000206406,CSNK2B
ENSG00000112242,ENSG00000078900,TP73
ENSG00000099326,ENSG00000174059,CD34
ENSG00000019549,ENSG00000039068,CDH1
ENSG00000130522,ENSG00000163207,IVL
ENSG00000177606,ENSG00000130203,APOE
ENSG00000012504,ENSG00000112715,VEGFA
ENSG00000277258,ENSG00000148516,ZEB1
ENSG00000100644,ENSG00000134709,HOOK1
ENSG00000020633,ENSG00000106144,CASP2
ENSG00000118260,ENSG00000204632,HLA-G
ENSG00000124664,ENSG00000164344,KLKB1
ENSG00000101076,ENSG00000106633,GCK
ENSG00000102974,ENSG00000104936,DMPK
ENSG00000102145,ENSG00000140564,FURIN
ENSG00000091831,ENSG00000128052,KDR
ENSG00000186350,ENSG00000072310,SREBF1
ENSG00000141510,ENSG00000137745,MMP13
ENSG00000069667,ENSG00000130427,EPO
ENSG00000118217,ENSG00000242252,BGLAP
ENSG00000149480,ENSG00000105325,FZR1
ENSG00000101849,ENSG00000136997,MYC
ENSG00000134086,ENSG00000169083,AR
ENSG00000169083,ENSG00000171862,PTEN
ENSG00000143995,ENSG00000144668,ITGA9
ENSG00000141510,ENSG00000112964,GHR
ENSG00000173039,ENSG00000165029,ABCA1
ENSG00000101412,ENSG00000148606,POLR3A
ENSG00000100811,ENSG00000170961,HAS2
ENSG00000067955,ENSG00000102145,GATA1
ENSG00000179284,ENSG00000118971,CCND2
ENSG00000101412,ENSG00000140326,CDAN1
ENSG00000205250,ENSG00000114491,UMPS
ENSG00000101412,ENSG00000275221,H2AC15
ENSG00000100811,ENSG00000104824,HNRNPL
ENSG00000205250,ENSG00000071794,HLTF
ENSG00000136997,ENSG00000115165,CYTIP
ENSG00000143190,ENSG00000184357,H1-5
ENSG00000118513,ENSG00000120889,TNFRSF10B
ENSG00000188786,ENSG00000100294,MCAT
ENSG00000074047,,
ENSG00000185591,ENSG00000288505,NANOS3
ENSG00000166949,ENSG00000074047,GLI2
ENSG00000245848,ENSG00000147465,STAR
ENSG00000082175,ENSG00000171855,IFNB1
ENSG00000185591,ENSG00000119950,MXI1
ENSG00000170345,ENSG00000215328,HSPA1A
ENSG00000155090,ENSG00000117632,STMN1
ENSG00000125347,ENSG00000105173,CCNE1
ENSG00000177606,ENSG00000077092,RARB
ENSG00000245848,ENSG00000153560,UBP1
ENSG00000118513,ENSG00000145936,KCNMB1
ENSG00000186350,ENSG00000101076,HNF4A
ENSG00000115816,ENSG00000076242,MLH1
ENSG00000091831,ENSG00000120833,SOCS2
ENSG00000134323,ENSG00000168283,BMI1
ENSG00000096717,ENSG00000143384,MCL1
ENSG00000141027,ENSG00000158571,PFKFB1
ENSG00000125347,ENSG00000240065,PSMB9
ENSG00000165556,ENSG00000134193,REG4
ENSG00000109320,ENSG00000168811,IL12A
ENSG00000170345,ENSG00000113302,IL12B
ENSG00000124151,ENSG00000012048,BRCA1
ENSG00000075426,ENSG00000151014,NOCT
ENSG00000107485,,
ENSG00000136997,ENSG00000108953,YWHAE
ENSG00000131759,ENSG00000134954,ETS1
ENSG00000168610,ENSG00000057657,PRDM1
ENSG00000091831,ENSG00000144724,PTPRG
ENSG00000145741,ENSG00000172987,HPSE2
ENSG00000143390,ENSG00000231021,HLA-DRB4
ENSG00000205250,ENSG00000197471,SPN
ENSG00000111087,ENSG00000142208,AKT1
ENSG00000116478,ENSG00000019549,SNAI2
ENSG00000068903,ENSG00000069869,NEDD4
ENSG00000173039,ENSG00000141510,TP53
,ENSG00000129757,CDKN1C
ENSG00000185591,ENSG00000124253,PCK1
ENSG00000158773,ENSG00000197081,IGF2R
ENSG00000157554,,
ENSG00000172466,ENSG00000110092,CCND1
ENSG00000186951,ENSG00000007952,NOX1
ENSG00000123268,ENSG00000151702,FLI1
ENSG00000166888,ENSG00000005961,ITGA2B
ENSG00000143799,ENSG00000087266,SH3BP2
ENSG00000164916,ENSG00000147669,POLR2K
ENSG00000077092,ENSG00000109471,IL2
ENSG00000055118,ENSG00000164120,HPGD
ENSG00000164683,ENSG00000136574,GATA4
ENSG00000141510,,
ENSG00000169083,,
ENSG00000116833,ENSG00000138075,ABCG5
ENSG00000111087,ENSG00000134313,KIDINS220
ENSG00000141905,ENSG00000168878,SFTPB
ENSG00000109320,ENSG00000197888,UGT2B17
ENSG00000164749,ENSG00000100197,CYP2D6
ENSG00000143437,ENSG00000123095,BHLHE41
ENSG00000187098,ENSG00000019549,SNAI2
ENSG00000143013,ENSG00000131899,LLGL1
ENSG00000100393,ENSG00000132274,TRIM22
ENSG00000132170,ENSG00000111371,SLC38A1
ENSG00000185591,ENSG00000080644,CHRNA3
ENSG00000136997,ENSG00000008083,JARID2
ENSG00000135363,ENSG00000104903,LYL1
ENSG00000245848,ENSG00000001626,CFTR
ENSG00000233608,ENSG00000130513,GDF15
ENSG00000185630,ENSG00000163737,PF4
ENSG00000101412,ENSG00000196876,SCN8A
ENSG00000107485,ENSG00000140835,CHST4
ENSG00000164107,ENSG00000123454,DBH
ENSG00000101076,ENSG00000079385,CEACAM1
ENSG00000100811,ENSG00000179639,FCER1A
ENSG00000136997,ENSG00000142168,SOD1
ENSG00000245848,ENSG00000196549,MME
ENSG00000221869,ENSG00000091513,TF
ENSG00000091831,ENSG00000231924,PSG1
ENSG00000172845,ENSG00000143819,EPHX1
ENSG00000118689,ENSG00000105327,BBC3
ENSG00000100146,ENSG00000109099,PMP22
,ENSG00000213316,LTC4S
ENSG00000172216,ENSG00000171105,INSR
ENSG00000117505,ENSG00000073756,PTGS2
ENSG00000143437,ENSG00000170345,FOS
ENSG00000012504,ENSG00000111700,SLCO1B3
ENSG00000130522,ENSG00000110092,CCND1
ENSG00000158773,ENSG00000106809,OGN
ENSG00000115415,ENSG00000164342,TLR3
ENSG00000136997,ENSG00000101773,RBBP8
ENSG00000077092,ENSG00000130962,PRRG1
ENSG00000122691,ENSG00000090339,ICAM1
ENSG00000221869,ENSG00000136244,IL6
ENSG00000150907,ENSG00000170323,FABP4
ENSG00000141510,ENSG00000113721,PDGFRB
ENSG00000169083,ENSG00000113048,MRPS27
ENSG00000084676,ENSG00000121053,EPX
ENSG00000123124,ENSG00000106799,TGFBR1
ENSG00000172216,ENSG00000136488,CSH1
ENSG00000205250,ENSG00000101442,ACTR5
ENSG00000175832,ENSG00000092098,RNF31
ENSG00000169083,ENSG00000125148,MT2A
ENSG00000170581,ENSG00000175084,DES
ENSG00000128272,ENSG00000162344,FGF19
ENSG00000179284,ENSG00000108839,ALOX12
ENSG00000109320,ENSG00000169083,AR
ENSG00000108654,ENSG00000167244,IGF2
ENSG00000257923,ENSG00000137807,KIF23
ENSG00000140836,ENSG00000124762,CDKN1A
ENSG00000173039,ENSG00000087088,BAX
ENSG00000186350,ENSG00000147168,IL2RG
ENSG00000111424,ENSG00000104327,CALB1
ENSG00000172216,ENSG00000147571,CRH
ENSG00000166949,ENSG00000184708,EIF4ENIF1
ENSG00000134323,ENSG00000064300,NGFR
ENSG00000066336,ENSG00000206439,TNF
ENSG00000067082,ENSG00000213316,LTC4S
ENSG00000187514,ENSG00000124762,CDKN1A
ENSG00000136931,ENSG00000136999,CCN3
ENSG00000123268,ENSG00000089250,NOS1
ENSG00000154727,ENSG00000139687,RB1
ENSG00000173039,ENSG00000019582,CD74
ENSG00000012048,ENSG00000171791,BCL2
,ENSG00000082212,ME2
ENSG00000169083,ENSG00000076944,STXBP2
ENSG00000245848,ENSG00000117594,HSD11B1
ENSG00000169083,ENSG00000095596,CYP26A1
ENSG00000102974,,
ENSG00000135100,ENSG00000167780,SOAT2
ENSG00000048052,ENSG00000167910,CYP7A1
ENSG00000169083,ENSG00000183960,KCNH8
ENSG00000168610,ENSG00000069667,RORA
ENSG00000118260,ENSG00000263639,MSMB
ENSG00000245848,ENSG00000185591,SP1
ENSG00000007968,ENSG00000130779,CLIP1
ENSG00000133111,ENSG00000196101,HLA-DRB3
ENSG00000143190,ENSG00000165702,GFI1B
ENSG00000136997,ENSG00000137860,SLC28A2
ENSG00000169083,ENSG00000114315,HES1
ENSG00000136997,ENSG00000103769,RAB11A
ENSG00000186350,ENSG00000100385,IL2RB
ENSG00000109320,ENSG00000139618,BRCA2
ENSG00000100644,ENSG00000130427,EPO
ENSG00000111206,ENSG00000136997,MYC
ENSG00000136931,ENSG00000169297,NR0B1
ENSG00000122592,ENSG00000164362,TERT
ENSG00000198911,ENSG00000101076,HNF4A
ENSG00000185591,ENSG00000175646,PRM1
ENSG00000173039,ENSG00000167323,STIM1
ENSG00000185591,ENSG00000186847,KRT14
ENSG00000173757,ENSG00000134460,IL2RA
ENSG00000139352,ENSG00000167244,IGF2
ENSG00000007372,ENSG00000138083,SIX3
ENSG00000123268,ENSG00000204632,HLA-G
ENSG00000179284,ENSG00000130656,HBZ
ENSG00000126767,ENSG00000171223,JUNB
ENSG00000120738,ENSG00000115904,SOS1
ENSG00000158773,ENSG00000105388,CEACAM5
ENSG00000167967,ENSG00000145386,CCNA2
ENSG00000173039,ENSG00000084207,GSTP1
ENSG00000245848,ENSG00000160868,CYP3A4
ENSG00000082641,ENSG00000128739,SNRPN
ENSG00000196498,ENSG00000144852,NR1I2
ENSG00000167034,ENSG00000170345,FOS
ENSG00000179284,ENSG00000164362,TERT
ENSG00000072135,ENSG00000139687,RB1
ENSG00000127616,ENSG00000085276,MECOM
ENSG00000072310,ENSG00000132170,PPARG
ENSG00000118689,ENSG00000185950,IRS2
ENSG00000245848,ENSG00000135423,GLS2
ENSG00000140009,ENSG00000129226,CD68
,ENSG00000161905,ALOX15
ENSG00000131759,ENSG00000163283,ALPP
ENSG00000181163,ENSG00000111679,PTPN6
ENSG00000141510,ENSG00000148123,PLPPR1
ENSG00000106004,ENSG00000141510,TP53
ENSG00000111704,ENSG00000105810,CDK6
ENSG00000097007,ENSG00000141510,TP53
ENSG00000172819,ENSG00000087494,PTHLH
ENSG00000177606,ENSG00000077150,NFKB2
ENSG00000091831,ENSG00000170542,SERPINB9
ENSG00000172216,ENSG00000256870,SLC5A8
ENSG00000162367,ENSG00000109320,NFKB1
ENSG00000173039,ENSG00000173120,KDM2A
ENSG00000007968,ENSG00000111696,NT5DC3
ENSG00000185697,ENSG00000157514,TSC22D3
ENSG00000136997,ENSG00000095002,MSH2
ENSG00000186350,ENSG00000140465,CYP1A1
ENSG00000173757,ENSG00000180104,EXOC3
ENSG00000131910,ENSG00000073734,ABCB11
ENSG00000123933,ENSG00000115758,ODC1
ENSG00000173039,ENSG00000110944,IL23A
ENSG00000141510,ENSG00000023445,BIRC3
ENSG00000100393,ENSG00000100811,YY1
ENSG00000134323,ENSG00000184012,TMPRSS2
ENSG00000130816,ENSG00000125845,BMP2
ENSG00000105698,,
ENSG00000185591,ENSG00000161281,COX7A1
ENSG00000129071,ENSG00000175063,UBE2C
ENSG00000143013,ENSG00000012048,BRCA1
ENSG00000115415,ENSG00000196208,GREB1
ENSG00000087510,ENSG00000165731,RET
ENSG00000141646,ENSG00000137834,SMAD6
ENSG00000100906,ENSG00000173917,HOXB2
ENSG00000245848,ENSG00000159640,ACE
ENSG00000134323,ENSG00000103222,ABCC1
,ENSG00000116649,SRM
ENSG00000157557,ENSG00000135346,CGA
ENSG00000101412,ENSG00000176890,TYMS
ENSG00000132170,,
,ENSG00000167578,RAB4B
ENSG00000141646,ENSG00000142871,CCN1
ENSG00000100811,ENSG00000141258,SGSM2
ENSG00000136997,ENSG00000108469,RECQL5
ENSG00000136997,ENSG00000198018,ENTPD7
ENSG00000169083,ENSG00000113328,CCNG1
ENSG00000107485,ENSG00000165556,CDX2
ENSG00000100644,ENSG00000117362,APH1A
ENSG00000118689,ENSG00000157514,TSC22D3
ENSG00000141510,ENSG00000023909,GCLM
ENSG00000101412,ENSG00000166265,CYYR1
ENSG00000135903,ENSG00000105976,MET
ENSG00000245848,,
,ENSG00000091136,LAMB1
ENSG00000124795,ENSG00000179344,HLA-DQB1
ENSG00000149311,ENSG00000003402,CFLAR
ENSG00000136574,ENSG00000120937,NPPB
ENSG00000185591,ENSG00000185880,TRIM69
ENSG00000196132,ENSG00000100294,MCAT
ENSG00000101076,ENSG00000131482,G6PC1
ENSG00000105610,ENSG00000113302,IL12B
ENSG00000131759,ENSG00000130222,GADD45G
ENSG00000091831,ENSG00000087303,NID2
ENSG00000168610,ENSG00000149541,B3GAT3
ENSG00000116044,ENSG00000102081,FMR1
ENSG00000158773,ENSG00000182742,HOXB4
ENSG00000018408,ENSG00000166949,SMAD3
ENSG00000172819,ENSG00000136352,NKX2-1
ENSG00000102145,ENSG00000163737,PF4
ENSG00000161298,ENSG00000136997,MYC
ENSG00000136931,ENSG00000113649,TCERG1
ENSG00000116478,ENSG00000288505,NANOS3
ENSG00000205250,ENSG00000126903,SLC10A3
ENSG00000157554,ENSG00000095203,EPB41L4B
ENSG00000179284,ENSG00000157404,KIT
ENSG00000007968,ENSG00000180879,SSR4
ENSG00000171476,ENSG00000143631,FLG
ENSG00000107485,ENSG00000113525,IL5
ENSG00000172216,ENSG00000095370,SH2D3C
ENSG00000097007,ENSG00000087088,BAX
ENSG00000136997,ENSG00000198830,HMGN2
ENSG00000141905,ENSG00000115904,SOS1
ENSG00000141510,ENSG00000050748,MAPK9
ENSG00000169083,ENSG00000147274,RBMX
ENSG00000179284,ENSG00000136634,IL10
ENSG00000166888,ENSG00000173198,CYSLTR1
ENSG00000172238,ENSG00000144485,HES6
ENSG00000136997,ENSG00000126767,ELK1
ENSG00000101412,ENSG00000143476,DTL
ENSG00000100393,ENSG00000186832,KRT16
ENSG00000169083,ENSG00000169410,PTPN9
ENSG00000126561,ENSG00000185591,SP1
ENSG00000136931,ENSG00000115524,SF3B1
ENSG00000101412,ENSG00000102924,CBLN1
ENSG00000074047,ENSG00000215182,MUC5AC
ENSG00000112592,ENSG00000171791,BCL2
ENSG00000101412,ENSG00000157764,BRAF
ENSG00000100393,ENSG00000111537,IFNG
ENSG00000008083,ENSG00000175206,NPPA
ENSG00000185591,ENSG00000121053,EPX
ENSG00000151615,ENSG00000110092,CCND1
ENSG00000129518,ENSG00000069535,MAOB
ENSG00000095794,ENSG00000109471,IL2
ENSG00000106571,ENSG00000170873,MTSS1
ENSG00000066336,ENSG00000141968,VAV1
ENSG00000173039,ENSG00000164400,CSF2
ENSG00000167074,ENSG00000188878,FBF1
ENSG00000170581,ENSG00000169429,CXCL8
ENSG00000128272,ENSG00000128965,CHAC1
ENSG00000162772,ENSG00000007908,SELE
ENSG00000067082,ENSG00000221826,PSG3
ENSG00000205250,ENSG00000156475,PPP2R2B
ENSG00000111087,ENSG00000260916,CCPG1
ENSG00000205250,ENSG00000198901,PRC1
ENSG00000055118,ENSG00000270882,H4C14
ENSG00000105698,ENSG00000166035,LIPC
ENSG00000101412,ENSG00000121966,CXCR4
ENSG00000170345,ENSG00000143632,ACTA1
ENSG00000263001,ENSG00000096717,SIRT1
ENSG00000168610,ENSG00000171862,PTEN
,ENSG00000138735,PDE5A
ENSG00000170345,ENSG00000135346,CGA
ENSG00000157554,ENSG00000055118,KCNH2
ENSG00000136997,ENSG00000149547,EI24
ENSG00000197757,ENSG00000146674,IGFBP3
ENSG00000101412,ENSG00000123094,RASSF8
ENSG00000102908,ENSG00000148346,LCN2
ENSG00000140009,ENSG00000101405,OXT
ENSG00000072135,ENSG00000136997,MYC
ENSG00000173039,ENSG00000004799,PDK4
ENSG00000141646,ENSG00000111339,ART4
ENSG00000134954,ENSG00000109320,NFKB1
ENSG00000168610,ENSG00000103089,FA2H
ENSG00000168610,ENSG00000113578,FGF1
ENSG00000123268,ENSG00000135744,AGT
ENSG00000122691,ENSG00000166333,ILK
ENSG00000136997,ENSG00000022556,NLRP2
ENSG00000131759,ENSG00000133321,PLAAT4
ENSG00000133895,ENSG00000185630,PBX1
ENSG00000141510,ENSG00000015475,BID
ENSG00000162924,ENSG00000136634,IL10
ENSG00000115415,ENSG00000171223,JUNB
ENSG00000136997,ENSG00000136450,SRSF1
ENSG00000126456,ENSG00000136869,TLR4
ENSG00000134954,ENSG00000101266,CSNK2A1
ENSG00000179284,ENSG00000177697,CD151
ENSG00000005339,ENSG00000051180,RAD51
ENSG00000100644,ENSG00000143367,TUFT1
ENSG00000111424,ENSG00000160870,CYP3A7
ENSG00000245848,ENSG00000239839,DEFA3
ENSG00000133740,ENSG00000105011,ASF1B
ENSG00000101412,ENSG00000116731,PRDM2
ENSG00000150907,ENSG00000141646,SMAD4
ENSG00000113580,ENSG00000116711,PLA2G4A
ENSG00000172977,ENSG00000012061,ERCC1
ENSG00000141905,ENSG00000112214,FHL5
ENSG00000179284,ENSG00000101412,E2F1
ENSG00000134954,ENSG00000088053,GP6
ENSG00000141510,ENSG00000183918,SH2D1A
ENSG00000276043,ENSG00000139687,RB1
ENSG00000012048,ENSG00000128422,KRT17
ENSG00000120738,ENSG00000172216,CEBPB
ENSG00000175832,ENSG00000118785,SPP1
ENSG00000111087,ENSG00000047457,CP
ENSG00000179284,ENSG00000146648,EGFR
ENSG00000205250,ENSG00000149554,CHEK1
ENSG00000162613,ENSG00000136997,MYC
ENSG00000171720,ENSG00000105325,FZR1
ENSG00000101412,ENSG00000158186,MRAS
ENSG00000143190,ENSG00000241794,SPRR2A
ENSG00000169136,ENSG00000171791,BCL2
ENSG00000185591,ENSG00000213316,LTC4S
ENSG00000134954,ENSG00000137673,MMP7
ENSG00000118260,ENSG00000110090,CPT1A
ENSG00000196591,ENSG00000169429,CXCL8
ENSG00000158773,ENSG00000120949,TNFRSF8
ENSG00000136997,ENSG00000132589,FLOT2
ENSG00000170365,ENSG00000130513,GDF15
ENSG00000169083,ENSG00000215182,MUC5AC
ENSG00000064393,ENSG00000175029,CTBP2
ENSG00000136997,ENSG00000109471,IL2
ENSG00000213928,ENSG00000169429,CXCL8
ENSG00000118260,ENSG00000100292,HMOX1
ENSG00000126561,,
ENSG00000131759,ENSG00000185215,TNFAIP2
ENSG00000115415,ENSG00000197919,IFNA1
ENSG00000233608,ENSG00000175745,NR2F1
ENSG00000166888,ENSG00000006606,CCL26
ENSG00000028277,ENSG00000160791,CCR5
,ENSG00000068078,FGFR3
ENSG00000179284,ENSG00000105825,TFPI2
ENSG00000105516,ENSG00000248144,ADH1C
ENSG00000172216,ENSG00000169194,IL13
ENSG00000179284,ENSG00000108821,COL1A1
ENSG00000101412,ENSG00000168283,BMI1
ENSG00000185591,ENSG00000283706,PRSS50
,ENSG00000107159,CA9
ENSG00000159263,ENSG00000171791,BCL2
ENSG00000168610,,
ENSG00000120738,ENSG00000120875,DUSP4
ENSG00000136997,ENSG00000128652,HOXD3
ENSG00000158773,ENSG00000135919,SERPINE2
ENSG00000138795,ENSG00000182580,EPHB3
,ENSG00000128268,MGAT3
ENSG00000134323,ENSG00000141682,PMAIP1
ENSG00000177606,ENSG00000197632,SERPINB2
ENSG00000106546,ENSG00000168389,MFSD2A
ENSG00000169297,ENSG00000012504,NR1H4
ENSG00000185122,ENSG00000206439,TNF
ENSG00000179284,ENSG00000185615,PDIA2
ENSG00000134954,ENSG00000143799,PARP1
ENSG00000007968,,
ENSG00000143799,ENSG00000124216,SNAI1
ENSG00000169083,ENSG00000014257,ACP3
ENSG00000111424,ENSG00000164047,CAMP
ENSG00000143575,ENSG00000174437,ATP2A2
ENSG00000170345,ENSG00000130545,CRB3
ENSG00000179284,ENSG00000102038,SMARCA1
ENSG00000256683,ENSG00000204842,ATXN2
ENSG00000179284,ENSG00000125965,GDF5
ENSG00000168795,ENSG00000124762,CDKN1A
ENSG00000172216,ENSG00000180914,OXTR
ENSG00000118513,ENSG00000109255,NMU
ENSG00000136997,ENSG00000101654,RNMT
ENSG00000179284,ENSG00000244474,UGT1A4
ENSG00000109320,ENSG00000116478,HDAC1
ENSG00000141510,ENSG00000167186,COQ7
ENSG00000162924,ENSG00000146648,EGFR
ENSG00000077097,ENSG00000159216,RUNX1
ENSG00000020633,ENSG00000124762,CDKN1A
ENSG00000069667,ENSG00000101412,E2F1
ENSG00000169083,ENSG00000087494,PTHLH
ENSG00000066336,ENSG00000129226,CD68
ENSG00000185591,ENSG00000166313,APBB1
ENSG00000100393,ENSG00000130427,EPO
ENSG00000101412,ENSG00000138161,CUZD1
ENSG00000136997,ENSG00000064012,CASP8
ENSG00000177606,ENSG00000163209,SPRR3
ENSG00000115415,ENSG00000142192,APP
ENSG00000172845,ENSG00000142623,PADI1
ENSG00000172216,ENSG00000175197,DDIT3
,ENSG00000142089,IFITM3
ENSG00000100644,ENSG00000164362,TERT
ENSG00000172819,ENSG00000104899,AMH
ENSG00000172216,ENSG00000095303,PTGS1
ENSG00000141510,ENSG00000205250,E2F4
ENSG00000118260,ENSG00000126756,UXT
ENSG00000102145,ENSG00000186318,BACE1
ENSG00000109320,ENSG00000173432,SAA1
ENSG00000141510,ENSG00000080546,SESN1
ENSG00000172819,ENSG00000137869,CYP19A1
ENSG00000131759,ENSG00000042832,TG
ENSG00000100644,ENSG00000117394,SLC2A1
ENSG00000185591,ENSG00000136160,EDNRB
ENSG00000124831,ENSG00000146648,EGFR
ENSG00000100084,ENSG00000163803,PLB1
ENSG00000187514,ENSG00000239732,TLR9
ENSG00000163884,ENSG00000163914,RHO
ENSG00000101412,ENSG00000136950,ARPC5L
ENSG00000100906,ENSG00000121858,TNFSF10
ENSG00000101412,ENSG00000167014,TERB2
ENSG00000141510,ENSG00000120471,TP53AIP1
ENSG00000165030,ENSG00000111537,IFNG
ENSG00000185591,ENSG00000271447,MMP28
ENSG00000151702,ENSG00000124762,CDKN1A
ENSG00000120738,ENSG00000132170,PPARG
ENSG00000172845,ENSG00000135047,CTSL
ENSG00000196628,ENSG00000164816,DEFA5
ENSG00000162924,ENSG00000049768,FOXP3
ENSG00000126767,ENSG00000154589,LY96
ENSG00000072310,ENSG00000026103,FAS
ENSG00000143799,ENSG00000105325,FZR1
ENSG00000095794,ENSG00000112116,IL17F
ENSG00000131910,ENSG00000100889,PCK2
ENSG00000134086,ENSG00000121966,CXCR4
ENSG00000175832,ENSG00000010704,HFE
ENSG00000136997,ENSG00000135164,DMTF1
ENSG00000205250,ENSG00000131747,TOP2A
ENSG00000165556,ENSG00000001626,CFTR
ENSG00000136997,ENSG00000054983,GALC
ENSG00000137270,ENSG00000244476,ERVFRD-1
ENSG00000101665,ENSG00000157450,RNF111
ENSG00000144852,ENSG00000151365,THRSP
ENSG00000141510,ENSG00000196470,SIAH1
ENSG00000165556,ENSG00000242515,UGT1A10
ENSG00000150907,ENSG00000004799,PDK4
ENSG00000205250,ENSG00000177606,JUN
ENSG00000115415,ENSG00000196954,CASP4
ENSG00000118513,ENSG00000166197,NOLC1
ENSG00000179284,ENSG00000196712,NF1
ENSG00000205250,ENSG00000156273,BACH1
ENSG00000173039,ENSG00000184557,SOCS3
ENSG00000124216,ENSG00000154639,CXADR
ENSG00000118260,ENSG00000162772,ATF3
ENSG00000115966,ENSG00000122861,PLAU
ENSG00000111087,ENSG00000118515,SGK1
ENSG00000100811,ENSG00000072274,TFRC
ENSG00000173039,ENSG00000086991,NOX4
ENSG00000169083,ENSG00000136352,NKX2-1
ENSG00000150907,ENSG00000177189,RPS6KA3
ENSG00000073282,,
ENSG00000182979,ENSG00000133794,BMAL1
ENSG00000141510,ENSG00000106462,EZH2
ENSG00000170345,ENSG00000175595,ERCC4
ENSG00000163565,ENSG00000090339,ICAM1
ENSG00000179284,ENSG00000133048,CHI3L1
ENSG00000141510,ENSG00000081051,AFP
ENSG00000175745,ENSG00000148795,CYP17A1
ENSG00000074047,ENSG00000150093,ITGB1
ENSG00000141510,ENSG00000169604,ANTXR1
ENSG00000177606,ENSG00000072274,TFRC
ENSG00000171720,ENSG00000147889,CDKN2A
ENSG00000260027,ENSG00000197461,PDGFA
ENSG00000170365,ENSG00000113790,EHHADH
ENSG00000173039,ENSG00000171552,BCL2L1
ENSG00000101412,ENSG00000128951,DUT
ENSG00000109854,ENSG00000087245,MMP2
ENSG00000179284,ENSG00000152661,GJA1
,ENSG00000018236,CNTN1
ENSG00000131759,ENSG00000077782,FGFR1
ENSG00000245848,ENSG00000134057,CCNB1
ENSG00000136997,ENSG00000079277,MKNK1
ENSG00000074047,ENSG00000147081,AKAP4
ENSG00000132170,ENSG00000160221,GATD3
ENSG00000179284,ENSG00000087237,CETP
ENSG00000185591,ENSG00000178726,THBD
ENSG00000138795,ENSG00000185630,PBX1
ENSG00000136997,ENSG00000062038,CDH3
ENSG00000066336,ENSG00000113721,PDGFRB
ENSG00000122877,ENSG00000073756,PTGS2
ENSG00000173039,ENSG00000056558,TRAF1
ENSG00000177606,ENSG00000011422,PLAUR
ENSG00000175832,ENSG00000170345,FOS
ENSG00000066336,ENSG00000171051,FPR1
ENSG00000091831,ENSG00000164362,TERT
ENSG00000157557,ENSG00000174059,CD34
ENSG00000179284,ENSG00000142168,SOD1
ENSG00000112033,ENSG00000136997,MYC
ENSG00000101412,ENSG00000101844,ATG4A
ENSG00000101412,ENSG00000137770,CTDSPL2
ENSG00000165556,ENSG00000169876,MUC17
ENSG00000181449,ENSG00000134323,MYCN
ENSG00000141510,,
ENSG00000118260,ENSG00000152266,PTH
ENSG00000081189,ENSG00000127528,KLF2
ENSG00000151702,ENSG00000055118,KCNH2
ENSG00000134954,,
ENSG00000101412,ENSG00000213931,HBE1
ENSG00000185591,ENSG00000126218,F10
ENSG00000101412,ENSG00000157240,FZD1
ENSG00000165556,ENSG00000185591,SP1
ENSG00000185591,ENSG00000005844,ITGAL
ENSG00000173039,ENSG00000150782,IL18
ENSG00000105610,ENSG00000244734,HBB
ENSG00000114166,ENSG00000124762,CDKN1A
ENSG00000122691,ENSG00000105325,FZR1
ENSG00000118260,ENSG00000177731,FLII
ENSG00000077092,ENSG00000240972,MIF
ENSG00000100644,ENSG00000170525,PFKFB3
ENSG00000164093,ENSG00000085563,ABCB1
ENSG00000196712,ENSG00000170345,FOS
,ENSG00000131095,GFAP
ENSG00000155508,ENSG00000176894,PXMP2
ENSG00000245848,ENSG00000172482,AGXT
ENSG00000125347,ENSG00000168394,TAP1
ENSG00000179348,ENSG00000130427,EPO
ENSG00000233608,ENSG00000116473,RAP1A
ENSG00000175197,ENSG00000123374,CDK2
ENSG00000101412,ENSG00000110777,POU2AF1
ENSG00000128016,ENSG00000112715,VEGFA
ENSG00000141510,ENSG00000143207,COP1
ENSG00000173039,ENSG00000170430,MGMT
ENSG00000007968,ENSG00000136854,STXBP1
ENSG00000186951,ENSG00000110092,CCND1
ENSG00000172216,ENSG00000187134,AKR1C1
ENSG00000134954,ENSG00000147381,MAGEA4
ENSG00000139618,ENSG00000163636,PSMD6
ENSG00000179284,ENSG00000171867,PRNP
ENSG00000169083,ENSG00000167910,CYP7A1
ENSG00000136997,ENSG00000129245,FXR2
ENSG00000109320,ENSG00000165197,VEGFD
ENSG00000106462,ENSG00000185630,PBX1
ENSG00000127528,ENSG00000164687,FABP5
ENSG00000143190,ENSG00000187134,AKR1C1
ENSG00000179284,ENSG00000102034,ELF4
ENSG00000172216,ENSG00000132965,ALOX5AP
ENSG00000118513,ENSG00000273841,TAF9
ENSG00000158773,ENSG00000142186,SCYL1
ENSG00000111087,ENSG00000115590,IL1R2
ENSG00000101412,ENSG00000241945,PWP2
ENSG00000172845,ENSG00000124762,CDKN1A
ENSG00000206315,ENSG00000007933,FMO3
ENSG00000074047,ENSG00000164120,HPGD
ENSG00000007968,ENSG00000078900,TP73
ENSG00000136997,ENSG00000165060,FXN
,ENSG00000104774,MAN2B1
ENSG00000141510,ENSG00000100084,HIRA
ENSG00000141448,ENSG00000118137,APOA1
ENSG00000112658,ENSG00000100985,MMP9
ENSG00000102145,ENSG00000066336,SPI1
ENSG00000172466,ENSG00000168036,CTNNB1
ENSG00000115415,ENSG00000148346,LCN2
ENSG00000007968,ENSG00000100578,KIAA0586
ENSG00000028277,ENSG00000136997,MYC
ENSG00000101076,ENSG00000118137,APOA1
ENSG00000125740,ENSG00000105329,TGFB1
ENSG00000007968,ENSG00000136997,MYC
ENSG00000134323,ENSG00000124762,CDKN1A
ENSG00000118260,ENSG00000179142,CYP11B2
ENSG00000082175,ENSG00000149021,SCGB1A1
ENSG00000166949,ENSG00000105329,TGFB1
ENSG00000141510,ENSG00000079335,CDC14A
ENSG00000177606,ENSG00000177551,NHLH2
ENSG00000109320,ENSG00000117983,MUC5B
ENSG00000143190,ENSG00000147437,GNRH1
ENSG00000196591,ENSG00000136997,MYC
ENSG00000136997,ENSG00000174748,RPL15
ENSG00000134046,ENSG00000181790,ADGRB1
ENSG00000061273,ENSG00000091831,ESR1
ENSG00000109320,ENSG00000121966,CXCR4
ENSG00000131759,ENSG00000125255,SLC10A2
ENSG00000126561,ENSG00000180644,PRF1
ENSG00000096717,ENSG00000106462,EZH2
ENSG00000169083,ENSG00000175877,TMEM270
ENSG00000169083,ENSG00000167772,ANGPTL4
ENSG00000120738,ENSG00000152904,GGPS1
ENSG00000169083,ENSG00000073060,SCARB1
ENSG00000134954,ENSG00000164399,IL3
ENSG00000101412,ENSG00000143867,OSR1
ENSG00000111424,ENSG00000104856,RELB
ENSG00000100906,ENSG00000100985,MMP9
ENSG00000185591,ENSG00000131748,STARD3
ENSG00000118260,ENSG00000132698,RAB25
ENSG00000007968,ENSG00000120669,SOHLH2
ENSG00000179284,ENSG00000137845,ADAM10
ENSG00000141510,ENSG00000177628,GBA1
ENSG00000066336,ENSG00000227345,PARG
ENSG00000141510,ENSG00000251493,FOXD1
ENSG00000100811,ENSG00000087460,GNAS
ENSG00000151702,ENSG00000136931,NR5A1
ENSG00000115415,ENSG00000154589,LY96
ENSG00000136997,ENSG00000167526,RPL13
ENSG00000143995,ENSG00000134595,SOX3
ENSG00000253293,ENSG00000124216,SNAI1
ENSG00000139083,ENSG00000164109,MAD2L1
ENSG00000085224,,
ENSG00000141510,ENSG00000096968,JAK2
ENSG00000168610,ENSG00000196365,LONP1
ENSG00000136352,ENSG00000165731,RET
ENSG00000116478,ENSG00000023445,BIRC3
ENSG00000119042,ENSG00000125351,UPF3B
ENSG00000007968,ENSG00000161850,KRT82
ENSG00000196092,ENSG00000111276,CDKN1B
ENSG00000185591,ENSG00000059804,SLC2A3
ENSG00000185591,ENSG00000196470,SIAH1
ENSG00000127528,ENSG00000288505,NANOS3
ENSG00000175832,ENSG00000100739,BDKRB1
ENSG00000125651,ENSG00000242252,BGLAP
ENSG00000102054,ENSG00000105325,FZR1
ENSG00000196628,ENSG00000110092,CCND1
ENSG00000113916,ENSG00000104921,FCER2
ENSG00000101412,ENSG00000164611,PTTG1
ENSG00000139687,ENSG00000012048,BRCA1
ENSG00000164611,ENSG00000134057,CCNB1
ENSG00000181220,ENSG00000124253,PCK1
ENSG00000116478,ENSG00000140379,BCL2A1
ENSG00000131759,ENSG00000084207,GSTP1
ENSG00000101412,ENSG00000106399,RPA3
ENSG00000136997,ENSG00000013275,PSMC4
ENSG00000169083,ENSG00000104899,AMH
ENSG00000170345,ENSG00000196208,GREB1
ENSG00000185591,ENSG00000068078,FGFR3
ENSG00000169083,ENSG00000124813,RUNX2
ENSG00000126767,ENSG00000080815,PSEN1
ENSG00000172845,ENSG00000112038,OPRM1
ENSG00000179284,ENSG00000026508,CD44
ENSG00000135100,ENSG00000073849,ST6GAL1
ENSG00000185591,ENSG00000107159,CA9
ENSG00000172216,ENSG00000115008,IL1A
ENSG00000101412,ENSG00000125538,IL1B
ENSG00000025434,ENSG00000143921,ABCG8
ENSG00000107485,ENSG00000176928,GCNT4
,ENSG00000164047,CAMP
ENSG00000120093,ENSG00000165588,OTX2
ENSG00000169083,ENSG00000137869,CYP19A1
ENSG00000100811,ENSG00000102974,CTCF
ENSG00000107485,ENSG00000070961,ATP2B1
ENSG00000134954,ENSG00000111335,OAS2
ENSG00000138376,ENSG00000091831,ESR1
ENSG00000141644,ENSG00000085563,ABCB1
ENSG00000091831,ENSG00000142208,AKT1
ENSG00000179284,ENSG00000145113,MUC4
ENSG00000112033,ENSG00000125686,MED1
ENSG00000136997,ENSG00000136244,IL6
ENSG00000120738,ENSG00000102265,TIMP1
ENSG00000134954,ENSG00000111276,CDKN1B
ENSG00000187098,ENSG00000140379,BCL2A1
ENSG00000178028,ENSG00000149311,ATM
ENSG00000136997,ENSG00000237441,RGL2
ENSG00000141510,ENSG00000130005,GAMT
ENSG00000115415,ENSG00000168610,STAT3
ENSG00000131788,,
ENSG00000185591,ENSG00000060718,COL11A1
ENSG00000122691,ENSG00000102265,TIMP1
ENSG00000157557,ENSG00000171223,JUNB
ENSG00000091831,ENSG00000101412,E2F1
ENSG00000048052,ENSG00000081189,MEF2C
ENSG00000206315,ENSG00000170370,EMX2
ENSG00000104884,ENSG00000134248,LAMTOR5
ENSG00000205250,ENSG00000159110,IFNAR2
ENSG00000245848,ENSG00000154269,ENPP3
ENSG00000073282,ENSG00000082014,SMARCD3
ENSG00000127528,ENSG00000141968,VAV1
ENSG00000138795,ENSG00000091831,ESR1
ENSG00000066336,ENSG00000161905,ALOX15
ENSG00000127616,ENSG00000110092,CCND1
ENSG00000091831,ENSG00000146648,EGFR
ENSG00000118513,ENSG00000164104,HMGB2
ENSG00000169083,ENSG00000128039,SRD5A3
ENSG00000173039,ENSG00000120889,TNFRSF10B
ENSG00000116478,ENSG00000271447,MMP28
ENSG00000205250,ENSG00000072571,HMMR
ENSG00000129351,ENSG00000204287,HLA-DRA
ENSG00000007968,ENSG00000042429,MED17
ENSG00000143190,ENSG00000164109,MAD2L1
ENSG00000173039,ENSG00000140678,ITGAX
,ENSG00000102974,CTCF
ENSG00000245848,ENSG00000118503,TNFAIP3
ENSG00000130522,ENSG00000168421,RHOH
ENSG00000179284,ENSG00000138061,CYP1B1
ENSG00000205250,ENSG00000166033,HTRA1
ENSG00000275410,ENSG00000137731,FXYD2
ENSG00000116478,ENSG00000161905,ALOX15
ENSG00000101076,ENSG00000110245,APOC3
ENSG00000134982,ENSG00000007171,NOS2
,ENSG00000164692,COL1A2
ENSG00000205250,ENSG00000184702,SEPTIN5
,ENSG00000063244,U2AF2
ENSG00000143190,ENSG00000103546,SLC6A2
ENSG00000185551,ENSG00000135547,HEY2
ENSG00000101412,ENSG00000117543,DPH5
ENSG00000101665,ENSG00000136997,MYC
ENSG00000150907,ENSG00000100297,MCM5
ENSG00000107807,ENSG00000136997,MYC
ENSG00000166949,ENSG00000095739,BAMBI
ENSG00000118513,ENSG00000125835,SNRPB
ENSG00000166949,ENSG00000168610,STAT3
ENSG00000120738,ENSG00000026103,FAS
ENSG00000138795,ENSG00000142192,APP
ENSG00000185591,ENSG00000088305,DNMT3B
ENSG00000118922,,
ENSG00000171720,ENSG00000112715,VEGFA
ENSG00000123268,ENSG00000177731,FLII
ENSG00000185591,ENSG00000244731,C4A
ENSG00000178691,ENSG00000167244,IGF2
ENSG00000167685,ENSG00000074660,SCARF1
ENSG00000122691,ENSG00000101955,SRPX
ENSG00000105619,ENSG00000144597,EAF1
ENSG00000179284,ENSG00000072310,SREBF1
ENSG00000125618,ENSG00000149294,NCAM1
ENSG00000109320,ENSG00000184371,CSF1
ENSG00000169016,ENSG00000179091,CYC1
ENSG00000091831,ENSG00000102038,SMARCA1
ENSG00000127616,ENSG00000122786,CALD1
ENSG00000123268,ENSG00000113384,GOLPH3
ENSG00000091831,ENSG00000244474,UGT1A4
ENSG00000205250,ENSG00000094804,CDC6
ENSG00000102145,ENSG00000090006,LTBP4
ENSG00000114166,ENSG00000123374,CDK2
ENSG00000185591,ENSG00000140564,FURIN
,ENSG00000065154,OAT
ENSG00000185591,ENSG00000157227,MMP14
ENSG00000185591,ENSG00000123146,ADGRE5
ENSG00000128272,ENSG00000044574,HSPA5
ENSG00000169083,ENSG00000106070,GRB10
ENSG00000074047,ENSG00000148700,ADD3
ENSG00000118260,ENSG00000042832,TG
ENSG00000100811,ENSG00000101665,SMAD7
ENSG00000170345,ENSG00000121552,CSTA
ENSG00000066136,ENSG00000111276,CDKN1B
ENSG00000173039,ENSG00000125787,GNRH2
ENSG00000100811,ENSG00000136930,PSMB7
ENSG00000169083,ENSG00000096088,PGC
ENSG00000107485,ENSG00000102245,CD40LG
ENSG00000138795,ENSG00000196954,CASP4
ENSG00000159216,ENSG00000142515,KLK3
ENSG00000179284,ENSG00000101076,HNF4A
ENSG00000177606,ENSG00000101665,SMAD7
ENSG00000074047,ENSG00000168496,FEN1
ENSG00000143013,ENSG00000132535,DLG4
ENSG00000102908,ENSG00000206439,TNF
ENSG00000141905,ENSG00000171105,INSR
,ENSG00000057019,DCBLD2
ENSG00000084093,ENSG00000176884,GRIN1
ENSG00000132170,ENSG00000130513,GDF15
ENSG00000123268,ENSG00000179142,CYP11B2
ENSG00000157557,ENSG00000142192,APP
ENSG00000124664,ENSG00000105325,FZR1
ENSG00000179284,ENSG00000142619,PADI3
ENSG00000185591,ENSG00000172183,ISG20
ENSG00000012048,ENSG00000136492,BRIP1
ENSG00000109320,ENSG00000010810,FYN
ENSG00000170365,ENSG00000120708,TGFBI
ENSG00000140009,ENSG00000253293,HOXA10
ENSG00000141905,ENSG00000136488,CSH1
ENSG00000164683,ENSG00000117707,PROX1
ENSG00000172845,ENSG00000135929,CYP27A1
ENSG00000109320,ENSG00000073792,IGF2BP2
ENSG00000173039,ENSG00000105810,CDK6
ENSG00000055118,ENSG00000124766,SOX4
ENSG00000172845,ENSG00000174607,UGT8
ENSG00000173039,ENSG00000160182,TFF1
ENSG00000134323,ENSG00000085563,ABCB1
ENSG00000172845,ENSG00000174371,EXO1
ENSG00000134954,ENSG00000140479,PCSK6
ENSG00000118260,ENSG00000102468,HTR2A
ENSG00000179284,ENSG00000109471,IL2
ENSG00000160007,ENSG00000113580,NR3C1
ENSG00000066336,ENSG00000143387,CTSK
ENSG00000162367,ENSG00000140945,CDH13
ENSG00000149948,ENSG00000039068,CDH1
ENSG00000007968,ENSG00000128309,MPST
ENSG00000118513,ENSG00000183960,KCNH8
ENSG00000134954,ENSG00000059377,TBXAS1
ENSG00000136574,ENSG00000070019,GUCY2C
ENSG00000173039,ENSG00000104312,RIPK2
ENSG00000120149,ENSG00000171791,BCL2
ENSG00000102145,ENSG00000090612,ZNF268
ENSG00000117036,ENSG00000173039,RELA
ENSG00000100219,ENSG00000169429,CXCL8
ENSG00000135100,ENSG00000120437,ACAT2
ENSG00000100644,ENSG00000197408,CYP2B6
ENSG00000205250,ENSG00000168757,TSPY2
ENSG00000096717,ENSG00000119866,BCL11A
ENSG00000132170,ENSG00000158859,ADAMTS4
ENSG00000116016,ENSG00000269335,IKBKG
ENSG00000136997,ENSG00000127989,MTERF1
ENSG00000179284,ENSG00000122861,PLAU
ENSG00000245848,ENSG00000118137,APOA1
ENSG00000221869,ENSG00000110092,CCND1
ENSG00000173039,ENSG00000101966,XIAP
ENSG00000136997,ENSG00000164975,SNAPC3
ENSG00000012048,ENSG00000170345,FOS
ENSG00000177606,ENSG00000104856,RELB
ENSG00000111424,ENSG00000167910,CYP7A1
ENSG00000116478,ENSG00000179284,DAND5
ENSG00000136997,ENSG00000087250,MT3
ENSG00000169083,ENSG00000173757,STAT5B
ENSG00000172845,ENSG00000150991,UBC
ENSG00000101412,ENSG00000118900,UBN1
ENSG00000128604,ENSG00000196923,PDLIM7
ENSG00000158773,ENSG00000177302,TOP3A
ENSG00000115415,ENSG00000007171,NOS2
ENSG00000091831,ENSG00000064205,CCN5
ENSG00000115415,ENSG00000107485,GATA3
ENSG00000205250,ENSG00000138376,BARD1
ENSG00000187098,ENSG00000143387,CTSK
ENSG00000101412,ENSG00000136758,YME1L1
ENSG00000157557,ENSG00000113070,HBEGF
ENSG00000109320,ENSG00000091409,ITGA6
ENSG00000135100,ENSG00000135318,NT5E
ENSG00000114315,ENSG00000107317,PTGDS
ENSG00000162924,ENSG00000109471,IL2
ENSG00000168036,ENSG00000075651,PLD1
ENSG00000185591,ENSG00000130635,COL5A1
,ENSG00000134815,DHX34
ENSG00000172845,ENSG00000035862,TIMP2
ENSG00000182979,ENSG00000020426,MNAT1
ENSG00000111704,ENSG00000136574,GATA4
ENSG00000140009,ENSG00000080503,SMARCA2
ENSG00000141510,ENSG00000092295,TGM1
ENSG00000205250,ENSG00000143162,CREG1
ENSG00000179284,ENSG00000010671,BTK
ENSG00000205250,ENSG00000137090,DMRT1
ENSG00000126767,ENSG00000206439,TNF
ENSG00000205250,,
ENSG00000048052,ENSG00000172179,PRL
ENSG00000132170,ENSG00000102239,BRS3
ENSG00000143190,ENSG00000231924,PSG1
ENSG00000082175,ENSG00000136634,IL10
ENSG00000141905,ENSG00000162510,MATN1
ENSG00000115816,ENSG00000125398,SOX9
ENSG00000143437,ENSG00000128683,GAD1
ENSG00000185591,ENSG00000182511,FES
ENSG00000064490,ENSG00000241106,HLA-DOB
ENSG00000012048,ENSG00000154767,XPC
ENSG00000132005,ENSG00000005844,ITGAL
ENSG00000120738,ENSG00000112715,VEGFA
ENSG00000136997,ENSG00000167461,RAB8A
ENSG00000082175,ENSG00000170525,PFKFB3
ENSG00000124151,ENSG00000141736,ERBB2
ENSG00000205250,ENSG00000148773,MKI67
ENSG00000135457,ENSG00000176890,TYMS
ENSG00000169083,ENSG00000167751,KLK2
ENSG00000118689,ENSG00000111206,FOXM1
ENSG00000105176,ENSG00000169083,AR
ENSG00000181449,ENSG00000074047,GLI2
ENSG00000136997,ENSG00000136868,SLC31A1
ENSG00000025156,ENSG00000136810,TXN
ENSG00000179284,ENSG00000100385,IL2RB
ENSG00000122877,ENSG00000085563,ABCB1
ENSG00000025434,ENSG00000165029,ABCA1
ENSG00000134954,ENSG00000115232,ITGA4
ENSG00000136997,ENSG00000132254,ARFIP2
ENSG00000169083,ENSG00000184730,APOBR
ENSG00000186951,ENSG00000196337,CGB7
ENSG00000144852,ENSG00000137801,THBS1
ENSG00000088305,ENSG00000105894,PTN
ENSG00000175387,ENSG00000138764,CCNG2
,ENSG00000261371,PECAM1
ENSG00000020633,ENSG00000159216,RUNX1
ENSG00000136997,ENSG00000108179,PPIF
ENSG00000205250,ENSG00000101003,GINS1
ENSG00000125820,ENSG00000175206,NPPA
ENSG00000172216,ENSG00000132693,CRP
ENSG00000171720,ENSG00000134317,GRHL1
ENSG00000100644,ENSG00000078401,EDN1
ENSG00000134954,ENSG00000140945,CDH13
ENSG00000245848,ENSG00000147852,VLDLR
ENSG00000168310,ENSG00000168394,TAP1
ENSG00000118260,ENSG00000120907,ADRA1A
ENSG00000134954,ENSG00000239672,NME1
ENSG00000164916,ENSG00000116251,RPL22
ENSG00000120738,ENSG00000173511,VEGFB
,ENSG00000186318,BACE1
ENSG00000140464,ENSG00000110092,CCND1
ENSG00000111424,ENSG00000104899,AMH
ENSG00000177606,ENSG00000166501,PRKCB
ENSG00000101412,ENSG00000124762,CDKN1A
ENSG00000100811,ENSG00000148290,SURF1
ENSG00000179284,ENSG00000062038,CDH3
ENSG00000111653,ENSG00000145604,SKP2
ENSG00000136997,ENSG00000148175,STOM
ENSG00000101076,ENSG00000137673,MMP7
ENSG00000118513,ENSG00000147274,RBMX
ENSG00000102974,ENSG00000214274,ANG
ENSG00000134852,ENSG00000172977,KAT5
ENSG00000065978,ENSG00000137745,MMP13
ENSG00000136997,ENSG00000164045,CDC25A
ENSG00000138795,ENSG00000080166,DCT
ENSG00000120094,ENSG00000148737,TCF7L2
ENSG00000055118,ENSG00000121966,CXCR4
ENSG00000102145,ENSG00000245848,CEBPA
ENSG00000109320,ENSG00000125538,IL1B
ENSG00000168610,ENSG00000117335,CD46
ENSG00000177606,ENSG00000197479,PCDHB11
ENSG00000123268,ENSG00000042832,TG
ENSG00000082175,ENSG00000101412,E2F1
ENSG00000204103,ENSG00000108691,CCL2
ENSG00000105698,ENSG00000158874,APOA2
ENSG00000179284,ENSG00000167900,TK1
ENSG00000101412,ENSG00000156885,COX6A2
ENSG00000157554,ENSG00000100985,MMP9
ENSG00000125347,ENSG00000136997,MYC
ENSG00000131759,ENSG00000116717,GADD45A
ENSG00000120690,ENSG00000139618,BRCA2
ENSG00000072310,ENSG00000104918,RETN
ENSG00000118689,ENSG00000213930,GALT
ENSG00000007968,ENSG00000051180,RAD51
ENSG00000136997,ENSG00000101057,MYBL2
ENSG00000115415,ENSG00000140939,NOL3
ENSG00000133111,ENSG00000231389,HLA-DPA1
ENSG00000141027,ENSG00000146674,IGFBP3
ENSG00000187098,ENSG00000134160,TRPM1
ENSG00000082175,ENSG00000146648,EGFR
ENSG00000133895,ENSG00000107485,GATA3
ENSG00000106462,ENSG00000089157,RPLP0
ENSG00000118260,ENSG00000084207,GSTP1
ENSG00000136931,ENSG00000164442,CITED2
ENSG00000170345,ENSG00000140505,CYP1A2
ENSG00000109320,ENSG00000188425,NANOS2
ENSG00000170345,ENSG00000105329,TGFB1
ENSG00000174485,ENSG00000141736,ERBB2
ENSG00000082641,ENSG00000121966,CXCR4
ENSG00000101412,ENSG00000105655,ISYNA1
ENSG00000101412,ENSG00000138670,RASGEF1B
ENSG00000101412,ENSG00000112242,E2F3
ENSG00000101412,ENSG00000129173,E2F8
ENSG00000111801,ENSG00000123096,SSPN
ENSG00000112592,ENSG00000170345,FOS
ENSG00000185591,ENSG00000076555,ACACB
ENSG00000179284,ENSG00000129245,FXR2
ENSG00000170365,ENSG00000095739,BAMBI
ENSG00000078900,ENSG00000141510,TP53
ENSG00000136997,ENSG00000003402,CFLAR
ENSG00000101412,ENSG00000094916,CBX5
ENSG00000168610,ENSG00000137869,CYP19A1
ENSG00000113916,ENSG00000168610,STAT3
ENSG00000158773,ENSG00000110680,CALCA
ENSG00000143190,ENSG00000127951,FGL2
ENSG00000179284,ENSG00000108691,CCL2
ENSG00000101412,ENSG00000189283,FHIT
ENSG00000179284,ENSG00000106366,SERPINE1
ENSG00000072310,ENSG00000169174,PCSK9
ENSG00000136997,ENSG00000173933,RBM4
ENSG00000102974,ENSG00000198910,L1CAM
ENSG00000172216,ENSG00000185122,HSF1
ENSG00000185551,ENSG00000101412,E2F1
ENSG00000132170,ENSG00000273641,DEFB103B
ENSG00000101412,ENSG00000196358,NTNG2
ENSG00000057935,ENSG00000169554,ZEB2
ENSG00000135100,ENSG00000138823,MTTP
ENSG00000082175,ENSG00000049768,FOXP3
ENSG00000117139,ENSG00000092969,TGFB2
ENSG00000166949,ENSG00000140939,NOL3
ENSG00000169083,ENSG00000197888,UGT2B17
ENSG00000179284,ENSG00000171132,PRKCE
ENSG00000109320,ENSG00000120937,NPPB
ENSG00000166949,ENSG00000242252,BGLAP
ENSG00000091831,ENSG00000115317,HTRA2
ENSG00000185591,ENSG00000170558,CDH2
ENSG00000168269,ENSG00000001626,CFTR
ENSG00000101412,ENSG00000198576,ARC
ENSG00000101412,ENSG00000076242,MLH1
ENSG00000105698,ENSG00000278540,ACACA
ENSG00000130522,ENSG00000141736,ERBB2
ENSG00000122877,ENSG00000173917,HOXB2
ENSG00000136997,ENSG00000173404,INSM1
ENSG00000101412,ENSG00000163918,RFC4
ENSG00000179284,ENSG00000187266,EPOR
ENSG00000196628,ENSG00000112406,HECA
ENSG00000104856,ENSG00000170458,CD14
ENSG00000168610,ENSG00000204520,MICA
ENSG00000166888,ENSG00000091137,SLC26A4
ENSG00000159692,ENSG00000111057,KRT18
ENSG00000185591,ENSG00000065154,OAT
ENSG00000012048,ENSG00000036828,CASR
ENSG00000101412,ENSG00000070731,ST6GALNAC2
ENSG00000101412,ENSG00000112038,OPRM1
ENSG00000101412,ENSG00000156261,CCT8
ENSG00000074047,ENSG00000198730,CTR9
ENSG00000126767,ENSG00000141968,VAV1
ENSG00000245848,ENSG00000131747,TOP2A
ENSG00000074047,ENSG00000204592,HLA-E
ENSG00000153234,ENSG00000142319,SLC6A3
ENSG00000173039,ENSG00000077150,NFKB2
,ENSG00000071537,SEL1L
ENSG00000185697,ENSG00000170873,MTSS1
ENSG00000091831,ENSG00000138061,CYP1B1
ENSG00000182944,ENSG00000169297,NR0B1
ENSG00000198911,ENSG00000170231,FABP6
ENSG00000162924,ENSG00000108691,CCL2
ENSG00000205250,ENSG00000115053,NCL
ENSG00000172845,ENSG00000163739,CXCL1
ENSG00000137309,ENSG00000105325,FZR1
ENSG00000141027,ENSG00000124225,PMEPA1
ENSG00000141510,ENSG00000130816,DNMT1
ENSG00000109320,ENSG00000073756,PTGS2
ENSG00000181163,ENSG00000143498,TAF1A
ENSG00000170608,ENSG00000160868,CYP3A4
ENSG00000118260,ENSG00000137834,SMAD6
ENSG00000069011,,
ENSG00000141905,ENSG00000165471,MBL2
ENSG00000136997,ENSG00000135698,MPHOSPH6
ENSG00000126767,ENSG00000143384,MCL1
ENSG00000169083,ENSG00000169083,AR
ENSG00000078900,ENSG00000087088,BAX
ENSG00000118260,ENSG00000076706,MCAM
ENSG00000117707,ENSG00000105173,CCNE1
ENSG00000118260,ENSG00000142871,CCN1
ENSG00000100906,ENSG00000271503,CCL5
,ENSG00000274286,ADRA2B
ENSG00000102974,ENSG00000008300,CELSR3
ENSG00000074047,ENSG00000100234,TIMP3
ENSG00000143190,ENSG00000048392,RRM2B
ENSG00000116044,ENSG00000161011,SQSTM1
ENSG00000120837,ENSG00000165702,GFI1B
ENSG00000100644,ENSG00000122861,PLAU
ENSG00000001167,ENSG00000116717,GADD45A
ENSG00000095794,ENSG00000112592,TBP
ENSG00000166949,ENSG00000164761,TNFRSF11B
ENSG00000120837,ENSG00000026103,FAS
ENSG00000149311,ENSG00000169710,FASN
ENSG00000144852,ENSG00000169403,PTAFR
ENSG00000137270,ENSG00000168389,MFSD2A
ENSG00000116833,ENSG00000087237,CETP
ENSG00000091831,ENSG00000124205,EDN3
ENSG00000101412,ENSG00000177374,HIC1
ENSG00000007968,ENSG00000088386,SLC15A1
ENSG00000173153,ENSG00000004799,PDK4
ENSG00000126456,ENSG00000169245,CXCL10
ENSG00000144485,ENSG00000139352,ASCL1
ENSG00000125952,ENSG00000166164,BRD7
ENSG00000151615,ENSG00000080824,HSP90AA1
ENSG00000164611,ENSG00000136238,RAC1
ENSG00000125798,ENSG00000115705,TPO
ENSG00000077092,ENSG00000110092,CCND1
ENSG00000136997,ENSG00000116489,CAPZA1
ENSG00000177606,ENSG00000170819,BFSP2
ENSG00000141510,ENSG00000103490,PYCARD
,ENSG00000107317,PTGDS
ENSG00000157554,ENSG00000169252,ADRB2
ENSG00000150455,ENSG00000100985,MMP9
ENSG00000187140,ENSG00000077092,RARB
ENSG00000179284,ENSG00000091513,TF
ENSG00000112033,ENSG00000168515,SCGB1D1
ENSG00000012048,ENSG00000196754,S100A2
ENSG00000143437,ENSG00000091831,ESR1
ENSG00000012048,ENSG00000185507,IRF7
ENSG00000143190,ENSG00000162924,REL
ENSG00000136997,ENSG00000132661,NXT1
ENSG00000101412,ENSG00000019144,PHLDB1
ENSG00000134954,ENSG00000173083,HPSE
ENSG00000178764,ENSG00000081051,AFP
ENSG00000143190,ENSG00000149021,SCGB1A1
ENSG00000132170,ENSG00000091831,ESR1
ENSG00000112592,ENSG00000100739,BDKRB1
ENSG00000112033,ENSG00000099860,GADD45B
ENSG00000179284,ENSG00000136244,IL6
ENSG00000091831,ENSG00000148180,GSN
ENSG00000172845,ENSG00000105612,DNASE2
ENSG00000185591,ENSG00000025708,TYMP
ENSG00000083168,ENSG00000106004,HOXA5
ENSG00000140009,ENSG00000124151,NCOA3
ENSG00000126456,ENSG00000108691,CCL2
ENSG00000136997,ENSG00000148291,SURF2
ENSG00000066336,ENSG00000182511,FES
ENSG00000129514,ENSG00000212866,HSPA1B
ENSG00000101412,ENSG00000156509,FBXO43
ENSG00000169083,ENSG00000204592,HLA-E
ENSG00000169083,ENSG00000134824,FADS2
ENSG00000101412,ENSG00000263465,SRSF8
ENSG00000130522,ENSG00000138448,ITGAV
ENSG00000133794,ENSG00000134107,BHLHE40
ENSG00000126767,ENSG00000137745,MMP13
ENSG00000100393,ENSG00000196154,S100A4
ENSG00000020633,ENSG00000100985,MMP9
ENSG00000186951,ENSG00000110243,APOA5
ENSG00000101412,ENSG00000187957,DNER
ENSG00000169083,ENSG00000143369,ECM1
ENSG00000168036,ENSG00000091129,NRCAM
ENSG00000127528,ENSG00000178726,THBD
ENSG00000111424,ENSG00000145604,SKP2
ENSG00000143190,ENSG00000171234,UGT2B7
ENSG00000101057,ENSG00000115053,NCL
ENSG00000185591,ENSG00000203760,CENPW
ENSG00000091831,ENSG00000132141,CCT6B
ENSG00000072310,ENSG00000159164,SV2A
ENSG00000091831,ENSG00000165731,RET
ENSG00000177606,ENSG00000101327,PDYN
ENSG00000125347,ENSG00000205220,PSMB10
ENSG00000090447,ENSG00000135679,MDM2
ENSG00000033800,,
ENSG00000185507,ENSG00000197110,IFNL3
ENSG00000205250,ENSG00000006634,DBF4
ENSG00000112658,ENSG00000175592,FOSL1
ENSG00000101412,ENSG00000085563,ABCB1
ENSG00000173039,ENSG00000166197,NOLC1
ENSG00000205250,ENSG00000136122,BORA
ENSG00000162924,ENSG00000136244,IL6
ENSG00000177606,ENSG00000124813,RUNX2
ENSG00000143190,ENSG00000151632,AKR1C2
ENSG00000069011,ENSG00000147437,GNRH1
ENSG00000123358,ENSG00000206439,TNF
ENSG00000158773,ENSG00000231924,PSG1
ENSG00000151702,ENSG00000100985,MMP9
ENSG00000126561,ENSG00000196092,PAX5
ENSG00000134046,ENSG00000111642,CHD4
ENSG00000172819,ENSG00000090534,THPO
ENSG00000134954,ENSG00000167601,AXL
ENSG00000157557,ENSG00000080815,PSEN1
ENSG00000112592,ENSG00000215328,HSPA1A
ENSG00000205250,ENSG00000140945,CDH13
ENSG00000184486,ENSG00000147437,GNRH1
ENSG00000177606,ENSG00000137869,CYP19A1
ENSG00000136931,ENSG00000146278,PNRC1
ENSG00000185591,ENSG00000259207,ITGB3
ENSG00000141644,ENSG00000140968,IRF8
ENSG00000101412,ENSG00000161544,CYGB
ENSG00000109320,ENSG00000163629,PTPN13
ENSG00000157554,ENSG00000114854,TNNC1
ENSG00000157557,ENSG00000149968,MMP3
ENSG00000125968,ENSG00000124762,CDKN1A
ENSG00000148516,,
ENSG00000185591,ENSG00000101868,POLA1
ENSG00000167034,ENSG00000091831,ESR1
ENSG00000185591,ENSG00000166796,LDHC
ENSG00000158773,ENSG00000079215,SLC1A3
ENSG00000001167,ENSG00000260027,HOXB7
ENSG00000205250,ENSG00000185947,ZNF267
ENSG00000137309,ENSG00000171105,INSR
,ENSG00000163399,ATP1A1
ENSG00000185591,ENSG00000148344,PTGES
ENSG00000113580,ENSG00000134954,ETS1
,ENSG00000104899,AMH
ENSG00000179284,ENSG00000291237,SOD2
ENSG00000158773,ENSG00000111537,IFNG
ENSG00000177030,ENSG00000125965,GDF5
ENSG00000177606,ENSG00000049860,HEXB
,ENSG00000118513,MYB
ENSG00000028277,ENSG00000012124,CD22
,ENSG00000083312,TNPO1
ENSG00000168610,ENSG00000142089,IFITM3
ENSG00000005339,ENSG00000141510,TP53
ENSG00000109320,ENSG00000102837,OLFM4
ENSG00000134138,ENSG00000056736,IL17RB
ENSG00000064835,ENSG00000064835,POU1F1
ENSG00000163435,ENSG00000100234,TIMP3
ENSG00000177606,ENSG00000107859,PITX3
,ENSG00000137869,CYP19A1
ENSG00000001167,ENSG00000102081,FMR1
ENSG00000138378,ENSG00000184557,SOCS3
ENSG00000101412,ENSG00000196652,ZKSCAN5
ENSG00000182568,ENSG00000109471,IL2
ENSG00000164736,ENSG00000113712,CSNK1A1
ENSG00000185591,ENSG00000186318,BACE1
ENSG00000115415,ENSG00000114013,CD86
ENSG00000138378,ENSG00000086991,NOX4
ENSG00000178860,ENSG00000163599,CTLA4
ENSG00000095564,ENSG00000112592,TBP
ENSG00000173039,ENSG00000123358,NR4A1
ENSG00000169083,ENSG00000179335,CLK3
ENSG00000148737,ENSG00000139292,LGR5
ENSG00000119772,ENSG00000104332,SFRP1
ENSG00000055118,ENSG00000184012,TMPRSS2
ENSG00000177606,ENSG00000011465,DCN
ENSG00000100393,ENSG00000138061,CYP1B1
ENSG00000179284,ENSG00000017260,ATP2C1
ENSG00000074047,ENSG00000163235,TGFA
ENSG00000118260,ENSG00000113580,NR3C1
ENSG00000175832,ENSG00000164867,NOS3
ENSG00000143799,ENSG00000166147,FBN1
ENSG00000131408,ENSG00000143921,ABCG8
ENSG00000185591,ENSG00000130816,DNMT1
ENSG00000109320,ENSG00000124762,CDKN1A
ENSG00000138795,ENSG00000019549,SNAI2
ENSG00000100644,ENSG00000138685,FGF2
ENSG00000123268,ENSG00000122218,COPA
ENSG00000101412,ENSG00000174358,SLC6A19
ENSG00000100811,ENSG00000128739,SNRPN
ENSG00000169297,ENSG00000196482,ESRRG
ENSG00000049768,ENSG00000122386,ZNF205
ENSG00000083168,ENSG00000078399,HOXA9
ENSG00000205250,ENSG00000134363,FST
ENSG00000117707,ENSG00000111276,CDKN1B
ENSG00000100644,ENSG00000106366,SERPINE1
ENSG00000131759,ENSG00000125787,GNRH2
ENSG00000163848,ENSG00000128271,ADORA2A
ENSG00000162924,ENSG00000291237,SOD2
ENSG00000122877,ENSG00000158887,MPZ
ENSG00000020633,ENSG00000162552,WNT4
ENSG00000136997,ENSG00000196591,HDAC2
ENSG00000141905,ENSG00000167986,DDB1
ENSG00000179284,ENSG00000092621,PHGDH
ENSG00000171456,ENSG00000170323,FABP4
ENSG00000179284,ENSG00000127554,GFER
ENSG00000181449,ENSG00000111704,NANOG
ENSG00000112033,ENSG00000136810,TXN
ENSG00000196092,ENSG00000196611,MMP1
ENSG00000169083,ENSG00000142166,IFNAR1
ENSG00000012048,ENSG00000096717,SIRT1
ENSG00000170345,ENSG00000149968,MMP3
,ENSG00000182185,RAD51B
ENSG00000157557,ENSG00000108556,CHRNE
ENSG00000138795,ENSG00000140939,NOL3
ENSG00000141905,ENSG00000147437,GNRH1
ENSG00000182568,ENSG00000113520,IL4
ENSG00000136997,ENSG00000105649,RAB3A
ENSG00000102145,ENSG00000122420,PTGFR
ENSG00000118922,ENSG00000185630,PBX1
ENSG00000132170,ENSG00000174437,ATP2A2
ENSG00000067082,ENSG00000081041,CXCL2
ENSG00000132170,ENSG00000109424,UCP1
ENSG00000131759,ENSG00000092969,TGFB2
ENSG00000163848,ENSG00000147889,CDKN2A
ENSG00000101412,ENSG00000102996,MMP15
ENSG00000159216,ENSG00000173039,RELA
ENSG00000196092,ENSG00000139687,RB1
ENSG00000106462,ENSG00000019549,SNAI2
ENSG00000136997,ENSG00000115685,PPP1R7
ENSG00000131759,ENSG00000160182,TFF1
ENSG00000177606,ENSG00000152256,PDK1
ENSG00000179284,ENSG00000240972,MIF
ENSG00000171223,ENSG00000146648,EGFR
ENSG00000141510,ENSG00000065060,BLTP3A
ENSG00000170345,ENSG00000007171,NOS2
ENSG00000183770,ENSG00000147465,STAR
ENSG00000101412,ENSG00000115325,DOK1
ENSG00000007968,ENSG00000169126,ODAD2
ENSG00000245848,ENSG00000159176,CSRP1
ENSG00000100811,ENSG00000105497,ZNF175
ENSG00000186350,ENSG00000117601,SERPINC1
ENSG00000177606,ENSG00000134200,TSHB
ENSG00000091831,ENSG00000140465,CYP1A1
ENSG00000115415,ENSG00000137745,MMP13
ENSG00000134954,ENSG00000196611,MMP1
ENSG00000175592,ENSG00000133661,SFTPD
ENSG00000012048,ENSG00000149311,ATM
ENSG00000101412,ENSG00000135905,DOCK10
ENSG00000067082,ENSG00000143418,CERS2
ENSG00000096717,ENSG00000007372,PAX6
ENSG00000185591,ENSG00000129355,CDKN2D
ENSG00000129514,ENSG00000136997,MYC
ENSG00000185591,ENSG00000109321,AREG
ENSG00000101412,ENSG00000171848,RRM2
ENSG00000169083,ENSG00000163235,TGFA
ENSG00000112658,ENSG00000170345,FOS
ENSG00000136997,ENSG00000069399,BCL3
ENSG00000136352,ENSG00000048540,LMO3
ENSG00000185591,ENSG00000138764,CCNG2
ENSG00000153879,ENSG00000133661,SFTPD
ENSG00000157557,ENSG00000140939,NOL3
ENSG00000116604,ENSG00000061273,HDAC7
ENSG00000101412,ENSG00000133121,STARD13
ENSG00000118260,ENSG00000142910,TINAGL1
ENSG00000068305,ENSG00000112062,MAPK14
ENSG00000077150,ENSG00000118971,CCND2
ENSG00000109320,ENSG00000142453,CARM1
ENSG00000088305,ENSG00000196465,MYL6B
ENSG00000115966,ENSG00000172977,KAT5
ENSG00000109320,ENSG00000134460,IL2RA
ENSG00000245848,ENSG00000105173,CCNE1
ENSG00000109320,ENSG00000112038,OPRM1
ENSG00000118513,ENSG00000126749,EMG1
ENSG00000101412,ENSG00000168397,ATG4B
ENSG00000186350,ENSG00000073734,ABCB11
ENSG00000141510,ENSG00000042286,AIFM2
ENSG00000181449,ENSG00000171456,ASXL1
ENSG00000196628,ENSG00000026025,VIM
ENSG00000057935,ENSG00000115414,FN1
ENSG00000125347,ENSG00000204632,HLA-G
ENSG00000066336,,
ENSG00000141510,ENSG00000076043,REXO2
ENSG00000091831,ENSG00000106366,SERPINE1
ENSG00000170365,ENSG00000164761,TNFRSF11B
ENSG00000136997,ENSG00000067955,CBFB
ENSG00000173039,ENSG00000164307,ERAP1
ENSG00000072310,ENSG00000079459,FDFT1
ENSG00000028277,ENSG00000134954,ETS1
ENSG00000197933,ENSG00000100644,HIF1A
ENSG00000169083,ENSG00000149150,SLC43A1
ENSG00000143190,ENSG00000136869,TLR4
ENSG00000100644,ENSG00000091513,TF
ENSG00000179284,ENSG00000136868,SLC31A1
ENSG00000166949,ENSG00000137745,MMP13
ENSG00000185591,ENSG00000274286,ADRA2B
ENSG00000091831,ENSG00000101346,POFUT1
ENSG00000168310,ENSG00000136997,MYC
ENSG00000205250,ENSG00000082641,NFE2L1
ENSG00000131759,ENSG00000077092,RARB
ENSG00000173039,ENSG00000171862,PTEN
ENSG00000112242,ENSG00000148229,POLE3
ENSG00000101412,ENSG00000106605,BLVRA
ENSG00000172845,ENSG00000168906,MAT2A
ENSG00000111704,ENSG00000213030,CGB8
ENSG00000185591,ENSG00000066336,SPI1
ENSG00000137834,ENSG00000148677,ANKRD1
ENSG00000117139,ENSG00000104413,ESRP1
ENSG00000120149,ENSG00000118785,SPP1
ENSG00000141905,ENSG00000116745,RPE65
ENSG00000012048,ENSG00000149948,HMGA2
ENSG00000109320,ENSG00000115414,FN1
ENSG00000136997,ENSG00000171606,ZNF274
ENSG00000134954,ENSG00000146678,IGFBP1
ENSG00000123124,ENSG00000133104,SPART
ENSG00000185591,ENSG00000178562,CD28
ENSG00000151702,ENSG00000115738,ID2
ENSG00000118513,ENSG00000074201,CLNS1A
ENSG00000185591,ENSG00000007372,PAX6
ENSG00000141510,ENSG00000182185,RAD51B
ENSG00000185591,ENSG00000275365,MMP11
ENSG00000205250,ENSG00000228716,DHFR
ENSG00000173039,ENSG00000011422,PLAUR
ENSG00000168610,ENSG00000181104,F2R
ENSG00000141905,ENSG00000123415,SMUG1
ENSG00000126003,ENSG00000116701,NCF2
ENSG00000172845,,
ENSG00000179284,ENSG00000142945,KIF2C
ENSG00000118689,ENSG00000141646,SMAD4
ENSG00000115415,ENSG00000099956,SMARCB1
ENSG00000185591,ENSG00000165140,FBP1
ENSG00000157554,ENSG00000095627,TDRD1
ENSG00000126561,ENSG00000134352,IL6ST
ENSG00000101412,ENSG00000132646,PCNA
ENSG00000179284,ENSG00000143570,SLC39A1
ENSG00000111087,ENSG00000170017,ALCAM
ENSG00000132326,ENSG00000122691,TWIST1
ENSG00000179348,ENSG00000122711,SPINK4
ENSG00000151702,ENSG00000139289,PHLDA1
ENSG00000168610,ENSG00000169083,AR
ENSG00000169083,ENSG00000124766,SOX4
ENSG00000105856,ENSG00000171223,JUNB
ENSG00000136997,ENSG00000117054,ACADM
ENSG00000276644,ENSG00000120659,TNFSF11
ENSG00000151702,ENSG00000114854,TNNC1
ENSG00000134574,ENSG00000136936,XPA
ENSG00000126767,ENSG00000128016,ZFP36
ENSG00000169083,ENSG00000090534,THPO
ENSG00000106546,ENSG00000125148,MT2A
ENSG00000151702,ENSG00000104903,LYL1
ENSG00000141510,ENSG00000164344,KLKB1
ENSG00000179284,ENSG00000101057,MYBL2
ENSG00000172216,ENSG00000136634,IL10
ENSG00000160199,ENSG00000111679,PTPN6
ENSG00000055118,,
ENSG00000162924,ENSG00000101384,JAG1
ENSG00000123364,ENSG00000175065,DSG4
ENSG00000136997,ENSG00000110092,CCND1
ENSG00000105516,ENSG00000167910,CYP7A1
ENSG00000151702,ENSG00000146674,IGFBP3
ENSG00000136352,ENSG00000167972,ABCA3
ENSG00000125398,ENSG00000079385,CEACAM1
ENSG00000120738,ENSG00000120802,TMPO
ENSG00000171720,ENSG00000179348,GATA2
ENSG00000164107,ENSG00000175206,NPPA
ENSG00000141510,ENSG00000135679,MDM2
ENSG00000105991,ENSG00000132646,PCNA
ENSG00000143799,ENSG00000111537,IFNG
ENSG00000136931,ENSG00000206454,POU5F1
ENSG00000233608,ENSG00000103479,RBL2
ENSG00000065978,ENSG00000182481,KPNA2
ENSG00000066336,ENSG00000153071,DAB2
ENSG00000173039,ENSG00000160870,CYP3A7
ENSG00000171223,ENSG00000085117,CD82
ENSG00000158773,ENSG00000118971,CCND2
ENSG00000134982,ENSG00000135409,AMHR2
ENSG00000113722,ENSG00000132170,PPARG
ENSG00000168610,ENSG00000122691,TWIST1
ENSG00000164736,ENSG00000101076,HNF4A
ENSG00000245848,ENSG00000164399,IL3
ENSG00000175387,ENSG00000114270,COL7A1
ENSG00000109320,ENSG00000117152,RGS4
ENSG00000012048,ENSG00000115415,STAT1
ENSG00000077092,ENSG00000029559,IBSP
ENSG00000106462,,
ENSG00000105991,ENSG00000116016,EPAS1
ENSG00000143190,ENSG00000077274,CAPN6
ENSG00000185591,ENSG00000197461,PDGFA
ENSG00000136997,ENSG00000163577,EIF5A2
ENSG00000092067,ENSG00000087245,MMP2
ENSG00000175832,ENSG00000113083,LOX
ENSG00000091831,ENSG00000091513,TF
ENSG00000179284,ENSG00000136158,SPRY2
ENSG00000101412,ENSG00000100029,PES1
ENSG00000101412,ENSG00000141506,PIK3R5
ENSG00000100219,ENSG00000171522,PTGER4
ENSG00000141510,ENSG00000131669,NINJ1
ENSG00000100811,ENSG00000130164,LDLR
ENSG00000128272,ENSG00000146469,VIP
ENSG00000116560,ENSG00000166888,STAT6
ENSG00000130816,ENSG00000068028,RASSF1
ENSG00000065978,ENSG00000100526,CDKN3
ENSG00000136997,ENSG00000148834,GSTO1
ENSG00000100219,ENSG00000088298,EDEM2
ENSG00000166888,ENSG00000073756,PTGS2
ENSG00000126351,ENSG00000101412,E2F1
ENSG00000134086,ENSG00000140443,IGF1R
ENSG00000177606,ENSG00000106628,POLD2
ENSG00000134954,ENSG00000136997,MYC
ENSG00000138795,ENSG00000165376,CLDN2
ENSG00000186350,ENSG00000196337,CGB7
,ENSG00000125538,IL1B
ENSG00000005339,ENSG00000164400,CSF2
ENSG00000136997,ENSG00000122406,RPL5
ENSG00000136997,ENSG00000005882,PDK2
ENSG00000136997,ENSG00000122786,CALD1
ENSG00000136997,ENSG00000012048,BRCA1
ENSG00000169554,ENSG00000106511,MEOX2
ENSG00000100811,ENSG00000090863,GLG1
ENSG00000109320,ENSG00000085563,ABCB1
ENSG00000100811,ENSG00000163125,RPRD2
ENSG00000141905,ENSG00000196839,ADA
ENSG00000109320,ENSG00000140285,FGF7
ENSG00000100146,ENSG00000261857,MIA
ENSG00000112242,ENSG00000112029,FBXO5
ENSG00000012504,ENSG00000078401,EDN1
ENSG00000131910,ENSG00000131482,G6PC1
,ENSG00000223865,HLA-DPB1
ENSG00000131759,ENSG00000132386,SERPINF1
ENSG00000129518,ENSG00000124762,CDKN1A
ENSG00000159216,ENSG00000149294,NCAM1
,ENSG00000116815,CD58
ENSG00000165030,ENSG00000110799,VWF
ENSG00000185591,ENSG00000118513,MYB
ENSG00000136997,ENSG00000172409,CLP1
ENSG00000166949,ENSG00000121053,EPX
ENSG00000124813,ENSG00000169083,AR
ENSG00000134954,ENSG00000111057,KRT18
,ENSG00000197576,HOXA4
ENSG00000136997,ENSG00000120805,ARL1
ENSG00000131408,ENSG00000165029,ABCA1
ENSG00000168610,ENSG00000100234,TIMP3
ENSG00000118217,ENSG00000071537,SEL1L
ENSG00000120738,ENSG00000111537,IFNG
ENSG00000116478,ENSG00000130816,DNMT1
ENSG00000109320,ENSG00000106459,NRF1
ENSG00000001167,ENSG00000134595,SOX3
ENSG00000116830,ENSG00000074319,TSG101
ENSG00000073861,,
ENSG00000245848,ENSG00000198911,SREBF2
ENSG00000134086,ENSG00000100644,HIF1A
ENSG00000136997,ENSG00000160200,CBS
ENSG00000101412,ENSG00000206075,SERPINB5
ENSG00000177606,ENSG00000168811,IL12A
ENSG00000168610,ENSG00000184502,GAST
ENSG00000115966,ENSG00000110092,CCND1
ENSG00000112033,ENSG00000130222,GADD45G
ENSG00000134323,ENSG00000115738,ID2
ENSG00000169083,ENSG00000157326,DHRS4
ENSG00000166888,ENSG00000174175,SELP
ENSG00000205250,ENSG00000197956,S100A6
ENSG00000169083,,
ENSG00000101665,ENSG00000100292,HMOX1
ENSG00000148516,ENSG00000184363,PKP3
ENSG00000172845,ENSG00000114854,TNNC1
ENSG00000172845,ENSG00000139219,COL2A1
ENSG00000061273,ENSG00000131016,AKAP12
ENSG00000205250,ENSG00000184009,ACTG1
ENSG00000100146,ENSG00000158887,MPZ
ENSG00000101412,ENSG00000170312,CDK1
ENSG00000179284,ENSG00000129518,EAPP
ENSG00000169083,ENSG00000171428,NAT1
ENSG00000169297,ENSG00000148795,CYP17A1
ENSG00000135903,ENSG00000101654,RNMT
ENSG00000124813,ENSG00000122691,TWIST1
ENSG00000115415,ENSG00000213316,LTC4S
ENSG00000141510,ENSG00000174405,LIG4
ENSG00000107485,ENSG00000196208,GREB1
ENSG00000101412,ENSG00000189403,HMGB1
ENSG00000136574,ENSG00000113525,IL5
ENSG00000143190,ENSG00000105825,TFPI2
ENSG00000136997,ENSG00000054118,THRAP3
ENSG00000172845,ENSG00000146674,IGFBP3
ENSG00000124664,,
ENSG00000064835,ENSG00000100739,BDKRB1
ENSG00000173039,ENSG00000114315,HES1
ENSG00000080839,ENSG00000145386,CCNA2
ENSG00000177606,ENSG00000197888,UGT2B17
ENSG00000109320,ENSG00000104689,TNFRSF10A
ENSG00000111704,ENSG00000127528,KLF2
ENSG00000134954,ENSG00000128342,LIF
ENSG00000221869,ENSG00000111640,GAPDH
ENSG00000131196,ENSG00000136997,MYC
ENSG00000072310,ENSG00000104549,SQLE
ENSG00000185591,ENSG00000090006,LTBP4
ENSG00000091831,ENSG00000117984,CTSD
ENSG00000091831,ENSG00000147654,EBAG9
ENSG00000100644,ENSG00000240972,MIF
ENSG00000198176,ENSG00000105173,CCNE1
ENSG00000148516,ENSG00000154639,CXADR
ENSG00000245848,ENSG00000099194,SCD
ENSG00000115415,ENSG00000126246,IGFLR1
ENSG00000074047,ENSG00000111087,GLI1
ENSG00000157554,ENSG00000118785,SPP1
ENSG00000141510,ENSG00000002822,MAD1L1
ENSG00000136997,ENSG00000102098,SCML2
ENSG00000118513,ENSG00000198755,RPL10A
ENSG00000136997,ENSG00000138160,KIF11
ENSG00000118260,ENSG00000173638,SLC19A1
ENSG00000101412,ENSG00000198900,TOP1
ENSG00000185591,ENSG00000143418,CERS2
ENSG00000120738,ENSG00000105641,SLC5A5
ENSG00000007968,ENSG00000103540,CCP110
ENSG00000115816,ENSG00000100453,GZMB
ENSG00000177606,ENSG00000131069,ACSS2
ENSG00000135100,ENSG00000183840,GPR39
ENSG00000109320,ENSG00000239732,TLR9
ENSG00000136997,ENSG00000141424,SLC39A6
ENSG00000131759,ENSG00000163631,ALB
ENSG00000157557,ENSG00000182866,LCK
ENSG00000141510,ENSG00000245848,CEBPA
ENSG00000111704,ENSG00000184344,GDF3
ENSG00000136997,ENSG00000253729,PRKDC
ENSG00000170365,ENSG00000148516,ZEB1
ENSG00000205250,ENSG00000139687,RB1
ENSG00000169083,ENSG00000086205,FOLH1
ENSG00000072135,ENSG00000141510,TP53
ENSG00000116604,ENSG00000162772,ATF3
ENSG00000106571,ENSG00000128602,SMO
ENSG00000132170,ENSG00000107485,GATA3
ENSG00000276644,ENSG00000170345,FOS
ENSG00000122877,ENSG00000105996,HOXA2
ENSG00000071564,ENSG00000254647,INS
ENSG00000185591,ENSG00000164344,KLKB1
ENSG00000127337,ENSG00000141510,TP53
ENSG00000111424,ENSG00000172179,PRL
ENSG00000167182,ENSG00000088305,DNMT3B
ENSG00000118689,ENSG00000114423,CBLB
ENSG00000084093,ENSG00000146469,VIP
ENSG00000177606,ENSG00000169083,AR
ENSG00000116604,ENSG00000170458,CD14
ENSG00000185591,ENSG00000129910,CDH15
ENSG00000185591,ENSG00000178394,HTR1A
ENSG00000105698,ENSG00000163737,PF4
ENSG00000185591,ENSG00000156113,KCNMA1
ENSG00000173039,ENSG00000137265,IRF4
ENSG00000185591,ENSG00000135679,MDM2
ENSG00000066336,ENSG00000066336,SPI1
ENSG00000170345,ENSG00000165376,CLDN2
ENSG00000119772,ENSG00000143379,SETDB1
ENSG00000175745,ENSG00000110245,APOC3
ENSG00000118513,ENSG00000096401,CDC5L
ENSG00000168610,ENSG00000142166,IFNAR1
ENSG00000136997,ENSG00000206172,HBA1
ENSG00000007968,ENSG00000151726,ACSL1
ENSG00000105656,ENSG00000135679,MDM2
ENSG00000141646,ENSG00000101665,SMAD7
ENSG00000122877,ENSG00000117560,FASLG
,ENSG00000134371,CDC73
ENSG00000179284,ENSG00000185187,SIGIRR
ENSG00000074047,ENSG00000188486,H2AX
ENSG00000107485,ENSG00000113083,LOX
ENSG00000118260,ENSG00000092969,TGFB2
ENSG00000185591,ENSG00000117971,CHRNB4
ENSG00000137273,ENSG00000169715,MT1E
ENSG00000158773,ENSG00000164362,TERT
ENSG00000100811,ENSG00000091640,SPAG7
ENSG00000116016,ENSG00000120156,TEK
ENSG00000101412,ENSG00000155367,PPM1J
ENSG00000166949,ENSG00000128016,ZFP36
ENSG00000136997,ENSG00000070444,MNT
ENSG00000136997,ENSG00000143033,MTF2
ENSG00000169083,ENSG00000156140,ADAMTS3
,ENSG00000169083,AR
ENSG00000111087,ENSG00000170571,EMB
ENSG00000117707,ENSG00000116833,NR5A2
ENSG00000007968,ENSG00000143353,LYPLAL1
ENSG00000150907,ENSG00000196730,DAPK1
ENSG00000129514,ENSG00000196620,UGT2B15
ENSG00000172845,ENSG00000156136,DCK
ENSG00000147133,ENSG00000112592,TBP
ENSG00000055118,ENSG00000095203,EPB41L4B
ENSG00000071564,ENSG00000136997,MYC
ENSG00000109320,ENSG00000100644,HIF1A
ENSG00000124496,ENSG00000114013,CD86
ENSG00000141510,ENSG00000067369,TP53BP1
ENSG00000123268,ENSG00000187079,TEAD1
ENSG00000136997,ENSG00000138182,KIF20B
ENSG00000172845,ENSG00000010310,GIPR
ENSG00000100393,ENSG00000136244,IL6
ENSG00000007968,,
ENSG00000169083,ENSG00000099977,DDT
ENSG00000110693,ENSG00000145386,CCNA2
ENSG00000130522,ENSG00000151014,NOCT
ENSG00000170345,ENSG00000198712,MT-CO2
ENSG00000166949,ENSG00000163359,COL6A3
ENSG00000172216,ENSG00000087237,CETP
ENSG00000118513,ENSG00000132382,MYBBP1A
ENSG00000091831,ENSG00000189143,CLDN4
ENSG00000126561,ENSG00000118046,STK11
ENSG00000126767,ENSG00000106462,EZH2
ENSG00000057657,,
ENSG00000196591,,
ENSG00000126767,ENSG00000107159,CA9
ENSG00000205250,ENSG00000001167,NFYA
ENSG00000198911,ENSG00000169710,FASN
ENSG00000172216,ENSG00000142168,SOD1
ENSG00000136997,ENSG00000145545,SRD5A1
ENSG00000101412,ENSG00000137100,DCTN3
ENSG00000170581,ENSG00000159200,RCAN1
ENSG00000111087,ENSG00000185920,PTCH1
ENSG00000164683,ENSG00000107796,ACTA2
ENSG00000136997,ENSG00000127914,AKAP9
ENSG00000134954,ENSG00000137752,CASP1
ENSG00000169297,ENSG00000147465,STAR
ENSG00000101412,ENSG00000176046,NUPR1
ENSG00000007968,ENSG00000124237,CIMIP1
ENSG00000064393,ENSG00000141510,TP53
ENSG00000007968,ENSG00000133083,DCLK1
,ENSG00000104879,CKM
ENSG00000141510,ENSG00000158402,CDC25C
ENSG00000082641,ENSG00000119912,IDE
ENSG00000055118,ENSG00000055118,KCNH2
ENSG00000111087,ENSG00000169594,BNC1
ENSG00000179284,ENSG00000170231,FABP6
ENSG00000137273,ENSG00000095739,BAMBI
ENSG00000177425,ENSG00000171791,BCL2
ENSG00000118689,ENSG00000116717,GADD45A
ENSG00000185591,ENSG00000172817,CYP7B1
ENSG00000172845,ENSG00000152818,UTRN
ENSG00000118058,ENSG00000143995,MEIS1
ENSG00000118260,ENSG00000077092,RARB
ENSG00000116833,ENSG00000140459,CYP11A1
ENSG00000182979,ENSG00000136997,MYC
ENSG00000136997,ENSG00000213762,ZNF134
ENSG00000141646,ENSG00000163347,CLDN1
ENSG00000109320,ENSG00000107317,PTGDS
ENSG00000168310,ENSG00000027697,IFNGR1
ENSG00000132170,ENSG00000175445,LPL
ENSG00000132170,ENSG00000140939,NOL3
ENSG00000205250,ENSG00000078900,TP73
ENSG00000134954,ENSG00000119535,CSF3R
ENSG00000107485,ENSG00000091831,ESR1
ENSG00000173039,ENSG00000163734,CXCL3
ENSG00000113580,ENSG00000141510,TP53
ENSG00000181472,ENSG00000135679,MDM2
ENSG00000077150,ENSG00000146648,EGFR
ENSG00000136997,ENSG00000128059,PPAT
ENSG00000147140,ENSG00000261857,MIA
ENSG00000173039,ENSG00000104856,RELB
ENSG00000173120,ENSG00000124882,EREG
ENSG00000122592,ENSG00000163207,IVL
ENSG00000100811,ENSG00000143376,SNX27
ENSG00000129518,ENSG00000085563,ABCB1
ENSG00000205250,ENSG00000136997,MYC
ENSG00000057935,ENSG00000005483,KMT2E
ENSG00000134086,ENSG00000074410,CA12
ENSG00000152217,ENSG00000119383,PTPA
ENSG00000101412,ENSG00000171791,BCL2
ENSG00000130522,ENSG00000001084,GCLC
ENSG00000136997,ENSG00000125356,NDUFA1
ENSG00000105866,ENSG00000115159,GPD2
ENSG00000101412,ENSG00000091483,FH
ENSG00000100644,ENSG00000143437,ARNT
ENSG00000120738,ENSG00000118971,CCND2
ENSG00000066336,ENSG00000118513,MYB
ENSG00000118513,ENSG00000135966,TGFBRAP1
ENSG00000084093,ENSG00000075043,KCNQ2
ENSG00000168610,ENSG00000173432,SAA1
ENSG00000111206,ENSG00000171421,MRPL36
ENSG00000186470,ENSG00000143322,ABL2
ENSG00000179284,ENSG00000163207,IVL
ENSG00000165556,ENSG00000079112,CDH17
ENSG00000134954,ENSG00000151702,FLI1
ENSG00000169083,ENSG00000112972,HMGCS1
ENSG00000168214,ENSG00000073111,MCM2
ENSG00000101412,ENSG00000060138,YBX3
ENSG00000101412,ENSG00000135776,ABCB10
ENSG00000107077,ENSG00000101384,JAG1
ENSG00000166888,ENSG00000112038,OPRM1
ENSG00000136997,ENSG00000185651,UBE2L3
ENSG00000074047,ENSG00000091409,ITGA6
ENSG00000172845,ENSG00000164733,CTSB
ENSG00000091831,ENSG00000164045,CDC25A
ENSG00000175592,ENSG00000120885,CLU
ENSG00000168779,ENSG00000157766,ACAN
ENSG00000109320,ENSG00000163739,CXCL1
ENSG00000245848,ENSG00000198223,CSF2RA
ENSG00000134852,ENSG00000132326,PER2
ENSG00000071564,ENSG00000105327,BBC3
ENSG00000105991,ENSG00000171791,BCL2
ENSG00000116539,ENSG00000105329,TGFB1
,ENSG00000124762,CDKN1A
ENSG00000171223,ENSG00000109471,IL2
ENSG00000143621,ENSG00000134940,ACRV1
ENSG00000091831,ENSG00000266338,NBPF15
ENSG00000105698,ENSG00000157017,GHRL
ENSG00000173039,ENSG00000215182,MUC5AC
ENSG00000170345,ENSG00000137745,MMP13
ENSG00000123268,ENSG00000173638,SLC19A1
,ENSG00000115904,SOS1
ENSG00000136997,ENSG00000140740,UQCRC2
ENSG00000162367,ENSG00000157554,ERG
ENSG00000135457,ENSG00000115414,FN1
ENSG00000179284,ENSG00000072832,CRMP1
ENSG00000025434,ENSG00000130203,APOE
ENSG00000136997,ENSG00000131759,RARA
ENSG00000101412,ENSG00000139351,SYCP3
ENSG00000132170,ENSG00000164761,TNFRSF11B
ENSG00000185591,ENSG00000147403,RPL10
ENSG00000122691,ENSG00000151632,AKR1C2
ENSG00000007372,ENSG00000168067,MAP4K2
ENSG00000168283,ENSG00000164362,TERT
ENSG00000141646,ENSG00000087494,PTHLH
ENSG00000141510,ENSG00000113916,BCL6
ENSG00000105698,ENSG00000086548,CEACAM6
ENSG00000102349,ENSG00000115414,FN1
ENSG00000143190,ENSG00000156970,BUB1B
ENSG00000245848,ENSG00000140945,CDH13
ENSG00000179284,ENSG00000134574,DDB2
ENSG00000075891,ENSG00000198910,L1CAM
ENSG00000136997,ENSG00000171453,POLR1C
ENSG00000112242,ENSG00000100297,MCM5
ENSG00000113580,ENSG00000125255,SLC10A2
ENSG00000134954,ENSG00000102145,GATA1
ENSG00000158773,ENSG00000126456,IRF3
ENSG00000135903,ENSG00000187098,MITF
ENSG00000179284,ENSG00000181092,ADIPOQ
ENSG00000139687,ENSG00000185591,SP1
ENSG00000074181,ENSG00000114315,HES1
ENSG00000120738,ENSG00000008056,SYN1
ENSG00000101412,ENSG00000088387,DOCK9
ENSG00000113580,ENSG00000087088,BAX
ENSG00000048052,ENSG00000124762,CDKN1A
ENSG00000101412,ENSG00000119969,HELLS
ENSG00000181449,ENSG00000149968,MMP3
ENSG00000185591,ENSG00000133256,PDE6B
ENSG00000179284,ENSG00000067955,CBFB
ENSG00000177606,ENSG00000142166,IFNAR1
ENSG00000152217,ENSG00000132670,PTPRA
ENSG00000173039,ENSG00000087494,PTHLH
ENSG00000109101,ENSG00000175065,DSG4
ENSG00000109132,ENSG00000163132,MSX1
ENSG00000136630,ENSG00000123143,PKN1
ENSG00000118513,ENSG00000099804,CDC34
ENSG00000134954,ENSG00000089250,NOS1
ENSG00000171223,ENSG00000113520,IL4
ENSG00000123268,ENSG00000092969,TGFB2
ENSG00000179284,ENSG00000110195,FOLR1
ENSG00000101057,ENSG00000136997,MYC
ENSG00000133740,ENSG00000134013,LOXL2
ENSG00000101412,ENSG00000174837,ADGRE1
ENSG00000141510,ENSG00000068028,RASSF1
ENSG00000136997,ENSG00000074800,ENO1
ENSG00000109320,ENSG00000121858,TNFSF10
ENSG00000102145,ENSG00000165702,GFI1B
ENSG00000134954,ENSG00000157557,ETS2
ENSG00000177606,ENSG00000095794,CREM
ENSG00000185591,ENSG00000152804,HHEX
ENSG00000112658,ENSG00000143632,ACTA1
ENSG00000158773,ENSG00000115138,POMC
ENSG00000136931,ENSG00000184895,SRY
ENSG00000196233,ENSG00000105325,FZR1
ENSG00000111206,ENSG00000138795,LEF1
ENSG00000115966,ENSG00000115525,ST3GAL5
ENSG00000115415,ENSG00000068078,FGFR3
ENSG00000170365,ENSG00000117318,ID3
,ENSG00000102970,CCL17
ENSG00000148737,ENSG00000167346,MMP26
ENSG00000135373,ENSG00000169469,SPRR1B
ENSG00000136997,ENSG00000128340,RAC2
ENSG00000185591,ENSG00000168878,SFTPB
ENSG00000169083,ENSG00000137440,FGFBP1
ENSG00000091831,ENSG00000057935,MTA3
ENSG00000136997,ENSG00000243678,NME2
ENSG00000172845,ENSG00000067057,PFKP
ENSG00000169083,ENSG00000184012,TMPRSS2
ENSG00000169083,ENSG00000116133,DHCR24
ENSG00000066336,ENSG00000156113,KCNMA1
ENSG00000168610,ENSG00000135903,PAX3
ENSG00000260027,ENSG00000112715,VEGFA
ENSG00000141646,ENSG00000136352,NKX2-1
ENSG00000125952,ENSG00000117560,FASLG
ENSG00000181449,ENSG00000170965,PLAC1
ENSG00000179284,ENSG00000137055,PLAA
ENSG00000095794,ENSG00000091181,IL5RA
ENSG00000112658,ENSG00000197616,MYH6
ENSG00000149311,ENSG00000185591,SP1
ENSG00000091831,ENSG00000162909,CAPN2
ENSG00000184481,ENSG00000291237,SOD2
ENSG00000151702,ENSG00000152944,MED21
ENSG00000109906,ENSG00000015475,BID
ENSG00000136997,ENSG00000169710,FASN
ENSG00000154727,ENSG00000154174,TOMM70
ENSG00000185591,ENSG00000114270,COL7A1
ENSG00000012048,ENSG00000197919,IFNA1
ENSG00000179284,ENSG00000188778,ADRB3
ENSG00000074047,ENSG00000185885,IFITM1
ENSG00000007968,ENSG00000173530,TNFRSF10D
ENSG00000179284,ENSG00000178913,TAF7
ENSG00000020633,ENSG00000111653,ING4
ENSG00000134954,ENSG00000051180,RAD51
ENSG00000049768,ENSG00000113300,CNOT6
ENSG00000177606,ENSG00000109163,GNRHR
ENSG00000185591,ENSG00000158402,CDC25C
ENSG00000107485,ENSG00000105329,TGFB1
ENSG00000116016,ENSG00000178860,MSC
ENSG00000103495,ENSG00000196611,MMP1
ENSG00000109320,ENSG00000198900,TOP1
ENSG00000107485,ENSG00000166342,NETO1
ENSG00000179284,ENSG00000110092,CCND1
ENSG00000136997,ENSG00000103876,FAH
,ENSG00000171791,BCL2
ENSG00000012048,ENSG00000091831,ESR1
ENSG00000112242,ENSG00000087586,AURKA
ENSG00000168610,ENSG00000187555,USP7
ENSG00000109320,ENSG00000049249,TNFRSF9
ENSG00000185591,ENSG00000186431,FCAR
ENSG00000165556,ENSG00000160180,TFF3
ENSG00000169083,ENSG00000161533,ACOX1
ENSG00000100307,ENSG00000039068,CDH1
ENSG00000171720,ENSG00000141644,MBD1
ENSG00000205250,ENSG00000160211,G6PD
ENSG00000179348,ENSG00000162078,ZG16B
ENSG00000166164,ENSG00000112242,E2F3
ENSG00000172216,ENSG00000049540,ELN
ENSG00000185022,ENSG00000180914,OXTR
ENSG00000130816,ENSG00000105325,FZR1
ENSG00000187098,ENSG00000156113,KCNMA1
ENSG00000101412,ENSG00000142149,HUNK
ENSG00000141510,ENSG00000120899,PTK2B
ENSG00000101412,ENSG00000096996,IL12RB1
ENSG00000100811,ENSG00000116478,HDAC1
ENSG00000168610,ENSG00000117983,MUC5B
ENSG00000066379,ENSG00000085563,ABCB1
ENSG00000132170,ENSG00000165376,CLDN2
ENSG00000134954,ENSG00000157554,ERG
ENSG00000177606,ENSG00000133636,NTS
ENSG00000134323,ENSG00000204642,HLA-F
ENSG00000172845,ENSG00000175592,FOSL1
ENSG00000118260,ENSG00000254087,LYN
ENSG00000177606,ENSG00000164683,HEY1
ENSG00000066336,ENSG00000164308,ERAP2
ENSG00000130816,ENSG00000020633,RUNX3
ENSG00000064835,ENSG00000135346,CGA
ENSG00000126561,ENSG00000075426,FOSL2
ENSG00000101412,ENSG00000126581,BECN1
ENSG00000096717,ENSG00000090339,ICAM1
ENSG00000173039,ENSG00000117322,CR2
,ENSG00000177156,TALDO1
ENSG00000179284,ENSG00000012048,BRCA1
ENSG00000089225,ENSG00000175206,NPPA
ENSG00000069011,ENSG00000164362,TERT
ENSG00000177606,ENSG00000131910,NR0B2
ENSG00000119042,ENSG00000073282,TP63
ENSG00000101412,ENSG00000060656,PTPRU
,ENSG00000006638,TBXA2R
ENSG00000091831,ENSG00000111012,CYP27B1
ENSG00000141510,ENSG00000131788,PIAS3
ENSG00000171720,ENSG00000146648,EGFR
ENSG00000133111,ENSG00000223865,HLA-DPB1
ENSG00000091831,ENSG00000197024,ZNF398
ENSG00000132170,ENSG00000124253,PCK1
ENSG00000179284,ENSG00000163810,TGM4
ENSG00000173039,ENSG00000115616,SLC9A2
ENSG00000158773,ENSG00000133048,CHI3L1
ENSG00000131759,,
ENSG00000151702,ENSG00000170345,FOS
ENSG00000115966,ENSG00000169710,FASN
ENSG00000136997,ENSG00000185608,MRPL40
ENSG00000143799,ENSG00000136634,IL10
ENSG00000074319,ENSG00000146648,EGFR
ENSG00000105991,ENSG00000104903,LYL1
ENSG00000141510,ENSG00000115760,BIRC6
ENSG00000115738,ENSG00000124216,SNAI1
ENSG00000179284,ENSG00000160200,CBS
ENSG00000100393,ENSG00000166426,CRABP1
ENSG00000179284,ENSG00000164985,PSIP1
ENSG00000105698,ENSG00000165140,FBP1
ENSG00000221869,ENSG00000001626,CFTR
ENSG00000173039,ENSG00000184956,MUC6
ENSG00000206315,ENSG00000163737,PF4
ENSG00000141510,ENSG00000165272,AQP3
ENSG00000143190,ENSG00000125968,ID1
ENSG00000128573,ENSG00000102359,SRPX2
ENSG00000068305,ENSG00000181856,SLC2A4
ENSG00000143190,ENSG00000110799,VWF
ENSG00000131910,ENSG00000110245,APOC3
ENSG00000109320,ENSG00000125735,TNFSF14
ENSG00000117139,ENSG00000163347,CLDN1
ENSG00000110711,ENSG00000106546,AHR
ENSG00000136997,ENSG00000233816,IFNA13
ENSG00000136997,ENSG00000128245,YWHAH
ENSG00000143190,ENSG00000109471,IL2
ENSG00000185507,ENSG00000171855,IFNB1
ENSG00000172845,ENSG00000116062,MSH6
ENSG00000148737,ENSG00000179915,NRXN1
ENSG00000185591,ENSG00000090339,ICAM1
ENSG00000072310,ENSG00000087237,CETP
ENSG00000182568,ENSG00000153563,CD8A
ENSG00000115415,ENSG00000096968,JAK2
ENSG00000068024,ENSG00000159184,HOXB13
,ENSG00000125347,IRF1
ENSG00000007968,ENSG00000148229,POLE3
ENSG00000130522,ENSG00000104368,PLAT
ENSG00000109320,ENSG00000100985,MMP9
ENSG00000141510,ENSG00000058866,DGKG
ENSG00000140009,ENSG00000146278,PNRC1
ENSG00000205250,ENSG00000203896,LIME1
ENSG00000077092,ENSG00000084676,NCOA1
ENSG00000101412,ENSG00000132950,ZMYM5
ENSG00000175832,ENSG00000149968,MMP3
ENSG00000143190,ENSG00000122861,PLAU
ENSG00000099326,ENSG00000170558,CDH2
ENSG00000196591,ENSG00000120868,APAF1
ENSG00000111087,ENSG00000169710,FASN
ENSG00000140009,ENSG00000082175,PGR
ENSG00000136997,ENSG00000105323,HNRNPUL1
ENSG00000172216,ENSG00000123610,TNFAIP6
ENSG00000179284,ENSG00000132604,TERF2
ENSG00000185591,ENSG00000082175,PGR
ENSG00000135100,ENSG00000136872,ALDOB
ENSG00000185507,ENSG00000128272,ATF4
ENSG00000169016,ENSG00000162521,RBBP4
ENSG00000168066,ENSG00000185231,MC2R
ENSG00000148737,ENSG00000112715,VEGFA
ENSG00000185591,ENSG00000068028,RASSF1
ENSG00000118260,ENSG00000166197,NOLC1
ENSG00000179284,ENSG00000105974,CAV1
ENSG00000125618,,
ENSG00000113580,ENSG00000177189,RPS6KA3
ENSG00000139687,ENSG00000039068,CDH1
ENSG00000184895,ENSG00000104825,NFKBIB
ENSG00000134954,ENSG00000185339,TCN2
ENSG00000066336,ENSG00000116815,CD58
ENSG00000130816,ENSG00000147889,CDKN2A
ENSG00000096717,ENSG00000135766,EGLN1
ENSG00000178860,ENSG00000111537,IFNG
ENSG00000143799,ENSG00000101412,E2F1
ENSG00000103495,ENSG00000136997,MYC
ENSG00000131759,ENSG00000095596,CYP26A1
ENSG00000170581,ENSG00000038945,MSR1
ENSG00000109320,ENSG00000172724,CCL19
ENSG00000171843,ENSG00000135679,MDM2
ENSG00000074047,ENSG00000135047,CTSL
ENSG00000101412,ENSG00000197279,ZNF165
ENSG00000141510,ENSG00000171217,CLDN20
ENSG00000172216,ENSG00000113520,IL4
ENSG00000109320,ENSG00000171791,BCL2
ENSG00000141510,ENSG00000125257,ABCC4
ENSG00000205250,ENSG00000136732,GYPC
ENSG00000169083,ENSG00000141682,PMAIP1
ENSG00000111801,ENSG00000133818,RRAS2
ENSG00000134954,ENSG00000143119,CD53
ENSG00000143190,ENSG00000113520,IL4
ENSG00000131759,ENSG00000114315,HES1
ENSG00000115966,ENSG00000100889,PCK2
ENSG00000068024,ENSG00000177606,JUN
ENSG00000173039,ENSG00000204305,AGER
ENSG00000073861,ENSG00000183134,PTGDR2
ENSG00000025156,ENSG00000065559,MAP2K4
ENSG00000157557,ENSG00000178726,THBD
ENSG00000159184,ENSG00000196628,TCF4
ENSG00000074047,ENSG00000118322,ATP10B
ENSG00000169083,ENSG00000073756,PTGS2
ENSG00000100811,ENSG00000171428,NAT1
ENSG00000179284,ENSG00000103152,MPG
ENSG00000141510,ENSG00000158169,FANCC
ENSG00000177606,ENSG00000165197,VEGFD
ENSG00000132170,ENSG00000175567,UCP2
ENSG00000150907,ENSG00000129757,CDKN1C
ENSG00000147274,ENSG00000265972,TXNIP
ENSG00000118260,ENSG00000080986,NDC80
ENSG00000067066,ENSG00000134954,ETS1
ENSG00000118260,ENSG00000120705,ETF1
ENSG00000177606,ENSG00000171428,NAT1
ENSG00000168214,ENSG00000104921,FCER2
ENSG00000101412,ENSG00000170382,LRRN2
ENSG00000173039,ENSG00000104899,AMH
ENSG00000170515,ENSG00000169083,AR
ENSG00000109320,ENSG00000168906,MAT2A
ENSG00000166888,ENSG00000072858,SIDT1
ENSG00000102974,ENSG00000111704,NANOG
ENSG00000112592,ENSG00000142192,APP
ENSG00000100811,ENSG00000157764,BRAF
ENSG00000112242,ENSG00000292217,TFE3
ENSG00000173039,ENSG00000176387,HSD11B2
ENSG00000186470,ENSG00000099866,MADCAM1
ENSG00000101076,ENSG00000136997,MYC
ENSG00000101076,ENSG00000147155,EBP
ENSG00000101412,ENSG00000142185,TRPM2
ENSG00000173039,ENSG00000137869,CYP19A1
ENSG00000101096,ENSG00000136960,ENPP2
ENSG00000101412,ENSG00000143771,CNIH4
ENSG00000101412,ENSG00000185905,C16orf54
ENSG00000101412,ENSG00000265203,RBP3
ENSG00000169083,ENSG00000187048,CYP4A11
ENSG00000105856,ENSG00000112576,CCND3
ENSG00000136997,ENSG00000132570,PCBD2
ENSG00000101412,ENSG00000241476,SSX2
,,
ENSG00000112033,ENSG00000121691,CAT
ENSG00000118513,ENSG00000029363,BCLAF1
ENSG00000143190,ENSG00000100385,IL2RB
ENSG00000112033,ENSG00000004799,PDK4
ENSG00000100811,ENSG00000121966,CXCR4
ENSG00000117036,ENSG00000109320,NFKB1
ENSG00000130726,ENSG00000112242,E2F3
ENSG00000173039,ENSG00000277632,CCL3
ENSG00000245848,ENSG00000169429,CXCL8
ENSG00000101412,ENSG00000152818,UTRN
ENSG00000132170,ENSG00000167680,SEMA6B
ENSG00000136997,ENSG00000101367,MAPRE1
ENSG00000074047,ENSG00000148154,UGCG
ENSG00000150907,ENSG00000091879,ANGPT2
ENSG00000118260,ENSG00000197632,SERPINB2
ENSG00000185591,ENSG00000242110,AMACR
ENSG00000120837,ENSG00000118971,CCND2
ENSG00000163435,ENSG00000073756,PTGS2
ENSG00000173039,ENSG00000196136,SERPINA3
ENSG00000114861,ENSG00000142515,KLK3
ENSG00000109320,ENSG00000110848,CD69
ENSG00000173039,ENSG00000107859,PITX3
ENSG00000101412,ENSG00000108946,PRKAR1A
ENSG00000107485,ENSG00000100023,PPIL2
ENSG00000135164,ENSG00000141646,SMAD4
ENSG00000007968,ENSG00000112029,FBXO5
ENSG00000105880,ENSG00000146674,IGFBP3
ENSG00000092067,ENSG00000131482,G6PC1
ENSG00000245848,ENSG00000174697,LEP
ENSG00000136997,ENSG00000205362,MT1A
ENSG00000120738,ENSG00000146648,EGFR
ENSG00000101412,ENSG00000180425,C11orf71
ENSG00000007968,ENSG00000075089,ACTR6
ENSG00000113580,ENSG00000113580,NR3C1
ENSG00000109320,ENSG00000185010,F8
ENSG00000127616,ENSG00000039068,CDH1
ENSG00000173039,ENSG00000204520,MICA
ENSG00000068305,ENSG00000166670,MMP10
ENSG00000100811,ENSG00000116731,PRDM2
ENSG00000100644,ENSG00000116285,ERRFI1
ENSG00000148737,ENSG00000118523,CCN2
ENSG00000205250,ENSG00000051180,RAD51
ENSG00000066336,ENSG00000100448,CTSG
ENSG00000175832,ENSG00000103423,DNAJA3
ENSG00000101412,ENSG00000184990,SIVA1
ENSG00000100644,ENSG00000110092,CCND1
ENSG00000111653,ENSG00000073756,PTGS2
ENSG00000185591,ENSG00000182979,MTA1
ENSG00000146592,ENSG00000157601,MX1
ENSG00000125347,ENSG00000165806,CASP7
ENSG00000120738,ENSG00000105825,TFPI2
ENSG00000109320,ENSG00000196498,NCOR2
ENSG00000143190,ENSG00000167900,TK1
ENSG00000075426,ENSG00000196620,UGT2B15
ENSG00000118260,ENSG00000149541,B3GAT3
ENSG00000177606,ENSG00000123685,BATF3
ENSG00000074047,ENSG00000124762,CDKN1A
ENSG00000111087,ENSG00000148053,NTRK2
,ENSG00000135318,NT5E
ENSG00000185591,ENSG00000143164,DCAF6
ENSG00000001167,ENSG00000134324,LPIN1
ENSG00000141905,ENSG00000170525,PFKFB3
ENSG00000172216,ENSG00000112116,IL17F
ENSG00000136997,ENSG00000111640,GAPDH
ENSG00000177606,ENSG00000136271,DDX56
,ENSG00000105325,FZR1
ENSG00000115738,ENSG00000147889,CDKN2A
ENSG00000067082,ENSG00000265972,TXNIP
ENSG00000124813,ENSG00000185669,SNAI3
ENSG00000175832,ENSG00000112576,CCND3
ENSG00000107485,ENSG00000242950,ERVW-1
ENSG00000118260,ENSG00000104341,LAPTM4B
ENSG00000170345,ENSG00000205420,KRT6A
ENSG00000179284,ENSG00000109814,UGDH
ENSG00000087510,ENSG00000087245,MMP2
ENSG00000125813,ENSG00000149452,SLC22A8
,ENSG00000182199,SHMT2
ENSG00000112033,ENSG00000157184,CPT2
ENSG00000113580,ENSG00000120129,DUSP1
ENSG00000067082,ENSG00000100906,NFKBIA
ENSG00000100393,ENSG00000012504,NR1H4
ENSG00000118503,ENSG00000185507,IRF7
ENSG00000173039,ENSG00000185104,FAF1
ENSG00000136603,ENSG00000148848,ADAM12
ENSG00000134954,ENSG00000172465,TCEAL1
ENSG00000179284,ENSG00000151694,ADAM17
ENSG00000139618,ENSG00000189283,FHIT
ENSG00000012048,ENSG00000168610,STAT3
ENSG00000173039,ENSG00000127528,KLF2
ENSG00000102974,ENSG00000142192,APP
ENSG00000109320,ENSG00000117560,FASLG
ENSG00000143437,ENSG00000121053,EPX
ENSG00000141510,ENSG00000140464,PML
ENSG00000100811,ENSG00000007341,ST7L
ENSG00000134852,ENSG00000147465,STAR
ENSG00000136997,ENSG00000206437,LTB
ENSG00000067082,ENSG00000105325,FZR1
ENSG00000245848,ENSG00000139687,RB1
ENSG00000160113,ENSG00000084674,APOB
ENSG00000107485,ENSG00000107485,GATA3
ENSG00000185591,ENSG00000168081,PNOC
ENSG00000140262,ENSG00000105325,FZR1
ENSG00000118217,ENSG00000164211,STARD4
ENSG00000118260,ENSG00000072274,TFRC
ENSG00000170374,ENSG00000204248,COL11A2
ENSG00000141905,ENSG00000126456,IRF3
ENSG00000084093,ENSG00000166863,TAC3
ENSG00000109819,ENSG00000136872,ALDOB
ENSG00000198176,ENSG00000228716,DHFR
ENSG00000109320,ENSG00000050730,TNIP3
ENSG00000139687,ENSG00000080839,RBL1
ENSG00000048052,ENSG00000100644,HIF1A
ENSG00000066336,ENSG00000113916,BCL6
ENSG00000136997,ENSG00000101109,STK4
ENSG00000165462,ENSG00000115297,TLX2
ENSG00000169083,,
,ENSG00000163286,ALPG
ENSG00000136997,ENSG00000185721,DRG1
ENSG00000128016,ENSG00000109471,IL2
ENSG00000257923,ENSG00000140718,FTO
ENSG00000143995,ENSG00000169083,AR
ENSG00000125347,ENSG00000165168,CYBB
ENSG00000141510,ENSG00000159388,BTG2
ENSG00000087510,ENSG00000141736,ERBB2
ENSG00000141646,ENSG00000149922,TBX6
ENSG00000175832,ENSG00000206439,TNF
ENSG00000069399,ENSG00000118513,MYB
ENSG00000182944,ENSG00000152192,POU4F1
ENSG00000109320,ENSG00000114854,TNNC1
ENSG00000109320,ENSG00000139219,COL2A1
ENSG00000163877,ENSG00000136997,MYC
ENSG00000091831,ENSG00000110092,CCND1
ENSG00000233608,ENSG00000170558,CDH2
ENSG00000136997,ENSG00000105397,TYK2
ENSG00000066336,ENSG00000090339,ICAM1
ENSG00000073861,ENSG00000180549,FUT7
ENSG00000165556,ENSG00000168646,AXIN2
ENSG00000169083,ENSG00000124762,CDKN1A
ENSG00000179284,ENSG00000131759,RARA
ENSG00000151461,ENSG00000005007,UPF1
ENSG00000110777,ENSG00000269404,SPIB
ENSG00000162676,ENSG00000061918,GUCY1B1
ENSG00000245848,ENSG00000146678,IGFBP1
ENSG00000122691,ENSG00000196712,NF1
ENSG00000148516,ENSG00000169083,AR
ENSG00000124151,ENSG00000137673,MMP7
ENSG00000132170,ENSG00000125384,PTGER2
ENSG00000101412,ENSG00000196562,SULF2
ENSG00000141905,ENSG00000105825,TFPI2
ENSG00000111206,ENSG00000130203,APOE
ENSG00000185591,ENSG00000206454,POU5F1
ENSG00000141905,ENSG00000108821,COL1A1
ENSG00000185591,ENSG00000197150,ABCB8
ENSG00000118513,ENSG00000117724,CENPF
ENSG00000172845,ENSG00000206449,MICB
ENSG00000172819,ENSG00000115705,TPO
ENSG00000116478,ENSG00000090339,ICAM1
ENSG00000148516,ENSG00000058085,LAMC2
ENSG00000177606,ENSG00000184371,CSF1
ENSG00000100003,ENSG00000240065,PSMB9
ENSG00000077092,ENSG00000102554,KLF5
ENSG00000122877,ENSG00000064703,DDX20
ENSG00000100393,ENSG00000102104,RS1
ENSG00000112033,ENSG00000116717,GADD45A
ENSG00000106459,ENSG00000115339,GALNT3
ENSG00000173039,ENSG00000117707,PROX1
ENSG00000134954,ENSG00000134954,ETS1
ENSG00000125347,ENSG00000141510,TP53
ENSG00000074047,ENSG00000134072,CAMK1
ENSG00000116017,ENSG00000080839,RBL1
ENSG00000064835,ENSG00000185630,PBX1
ENSG00000175197,ENSG00000096717,SIRT1
ENSG00000135100,ENSG00000130649,CYP2E1
ENSG00000100811,ENSG00000112972,HMGCS1
ENSG00000172845,ENSG00000134323,MYCN
ENSG00000131759,ENSG00000215182,MUC5AC
ENSG00000118217,ENSG00000112658,SRF
ENSG00000091831,ENSG00000163485,ADORA1
ENSG00000245848,ENSG00000001167,NFYA
ENSG00000136997,ENSG00000125691,RPL23
ENSG00000172216,ENSG00000091513,TF
ENSG00000130816,ENSG00000112715,VEGFA
ENSG00000101412,ENSG00000120659,TNFSF11
ENSG00000148737,,
ENSG00000073282,ENSG00000124762,CDKN1A
ENSG00000136997,ENSG00000184347,SLIT3
ENSG00000172845,ENSG00000113302,IL12B
ENSG00000091831,ENSG00000012048,BRCA1
ENSG00000120738,ENSG00000142168,SOD1
ENSG00000118513,ENSG00000015285,WAS
ENSG00000150907,ENSG00000011465,DCN
ENSG00000172216,ENSG00000140459,CYP11A1
ENSG00000134954,ENSG00000100292,HMOX1
ENSG00000100811,ENSG00000198898,CAPZA2
ENSG00000118260,,
ENSG00000150907,ENSG00000064995,TAF11
,ENSG00000109743,BST1
ENSG00000165556,ENSG00000176920,FUT2
,ENSG00000137193,PIM1
ENSG00000132170,ENSG00000130066,SAT1
ENSG00000172216,ENSG00000136244,IL6
ENSG00000205250,ENSG00000188313,PLSCR1
ENSG00000125686,ENSG00000111424,VDR
ENSG00000096717,ENSG00000132170,PPARG
ENSG00000170345,ENSG00000107159,CA9
ENSG00000134982,ENSG00000130816,DNMT1
ENSG00000158773,ENSG00000081721,DUSP12
,ENSG00000108821,COL1A1
ENSG00000168214,ENSG00000128917,DLL4
ENSG00000169083,ENSG00000173153,ESRRA
,ENSG00000102265,TIMP1
ENSG00000169083,ENSG00000055118,KCNH2
ENSG00000136997,ENSG00000118181,RPS25
ENSG00000120738,ENSG00000164885,CDK5
ENSG00000141510,ENSG00000121879,PIK3CA
ENSG00000179284,ENSG00000169710,FASN
ENSG00000136997,ENSG00000177464,GPR4
ENSG00000114166,ENSG00000185507,IRF7
ENSG00000136997,ENSG00000135372,NAT10
ENSG00000111653,ENSG00000124762,CDKN1A
ENSG00000136997,ENSG00000152601,MBNL1
ENSG00000100811,ENSG00000213931,HBE1
,ENSG00000136488,CSH1
ENSG00000100811,ENSG00000083720,OXCT1
ENSG00000161298,ENSG00000105810,CDK6
ENSG00000131759,ENSG00000087494,PTHLH
ENSG00000168610,ENSG00000166741,NNMT
ENSG00000179284,ENSG00000186081,KRT5
ENSG00000179284,ENSG00000142515,KLK3
ENSG00000124766,ENSG00000147099,HDAC8
ENSG00000172845,ENSG00000105698,USF2
ENSG00000096717,ENSG00000158941,CCAR2
ENSG00000245848,ENSG00000136997,MYC
ENSG00000074047,ENSG00000169397,RNASE3
ENSG00000112242,ENSG00000166851,PLK1
ENSG00000158796,ENSG00000003402,CFLAR
ENSG00000186350,ENSG00000160868,CYP3A4
ENSG00000105698,ENSG00000245848,CEBPA
ENSG00000172216,ENSG00000064195,DLX3
ENSG00000123268,ENSG00000163209,SPRR3
ENSG00000120738,ENSG00000197408,CYP2B6
ENSG00000109320,ENSG00000113525,IL5
ENSG00000157557,ENSG00000177628,GBA1
ENSG00000185591,ENSG00000145425,RPS3A
ENSG00000164379,ENSG00000119866,BCL11A
ENSG00000179284,ENSG00000176884,GRIN1
ENSG00000150907,ENSG00000127528,KLF2
ENSG00000064835,ENSG00000136487,GH2
ENSG00000007968,ENSG00000144746,ARL6IP5
ENSG00000198911,ENSG00000184381,PLA2G6
ENSG00000179284,ENSG00000187094,CCK
ENSG00000136997,ENSG00000167635,ZNF146
ENSG00000066336,ENSG00000112658,SRF
ENSG00000179284,ENSG00000100311,PDGFB
ENSG00000166888,ENSG00000203859,HSD3B2
,ENSG00000026103,FAS
ENSG00000140009,ENSG00000132170,PPARG
ENSG00000068024,,
ENSG00000175832,ENSG00000105401,CDC37
,ENSG00000027001,MIPEP
ENSG00000168214,ENSG00000129152,MYOD1
ENSG00000185591,ENSG00000105388,CEACAM5
ENSG00000169083,ENSG00000115414,FN1
ENSG00000136997,ENSG00000126088,UROD
ENSG00000143190,ENSG00000116132,PRRX1
ENSG00000091831,ENSG00000105974,CAV1
ENSG00000169714,ENSG00000136997,MYC
ENSG00000182979,ENSG00000142856,ITGB3BP
ENSG00000131408,ENSG00000130203,APOE
ENSG00000152284,ENSG00000166349,RAG1
ENSG00000177606,ENSG00000091409,ITGA6
ENSG00000096717,ENSG00000105325,FZR1
ENSG00000177606,ENSG00000137440,FGFBP1
ENSG00000105698,ENSG00000143365,RORC
ENSG00000162924,ENSG00000142515,KLK3
ENSG00000120798,ENSG00000130427,EPO
ENSG00000173120,ENSG00000181449,SOX2
ENSG00000102145,ENSG00000117400,MPL
ENSG00000172216,ENSG00000100219,XBP1
ENSG00000100823,ENSG00000105641,SLC5A5
ENSG00000007968,ENSG00000150051,MKX
ENSG00000141905,ENSG00000168542,COL3A1
ENSG00000245848,ENSG00000089558,KCNH4
ENSG00000198911,ENSG00000005421,PON1
ENSG00000141905,ENSG00000142168,SOD1
ENSG00000131759,ENSG00000136352,NKX2-1
ENSG00000205250,ENSG00000142856,ITGB3BP
ENSG00000168610,ENSG00000073756,PTGS2
ENSG00000143390,ENSG00000196101,HLA-DRB3
ENSG00000175832,ENSG00000131389,SLC6A6
ENSG00000118260,ENSG00000102755,FLT1
ENSG00000100811,ENSG00000052841,TTC17
ENSG00000173039,ENSG00000168811,IL12A
ENSG00000123268,ENSG00000072274,TFRC
ENSG00000172845,ENSG00000117525,F3
ENSG00000177606,ENSG00000143878,RHOB
ENSG00000096717,ENSG00000164692,COL1A2
ENSG00000120738,ENSG00000168621,GDNF
ENSG00000106462,ENSG00000054598,FOXC1
ENSG00000101412,ENSG00000010704,HFE
ENSG00000102349,ENSG00000100985,MMP9
ENSG00000141510,ENSG00000135587,SMPD2
ENSG00000100393,ENSG00000110092,CCND1
ENSG00000175387,ENSG00000112715,VEGFA
ENSG00000107485,ENSG00000172379,ARNT2
ENSG00000095794,ENSG00000147465,STAR
,ENSG00000165795,NDRG2
ENSG00000187098,ENSG00000121068,TBX2
ENSG00000120690,ENSG00000239732,TLR9
ENSG00000111087,ENSG00000108684,ASIC2
ENSG00000118513,ENSG00000184371,CSF1
ENSG00000007968,ENSG00000100297,MCM5
ENSG00000101412,ENSG00000014138,POLA2
ENSG00000101665,ENSG00000138795,LEF1
ENSG00000061273,ENSG00000166670,MMP10
ENSG00000269404,ENSG00000101017,CD40
ENSG00000169083,ENSG00000101200,AVP
ENSG00000115415,ENSG00000115594,IL1R1
ENSG00000120738,ENSG00000026508,CD44
ENSG00000123268,ENSG00000011422,PLAUR
ENSG00000115966,ENSG00000087245,MMP2
ENSG00000124216,ENSG00000115414,FN1
ENSG00000169083,ENSG00000166949,SMAD3
ENSG00000122691,ENSG00000026508,CD44
ENSG00000118689,ENSG00000105856,HBP1
ENSG00000177606,ENSG00000110448,CD5
ENSG00000074181,ENSG00000198363,ASPH
ENSG00000136997,ENSG00000288859,H2AC19
ENSG00000158773,ENSG00000140465,CYP1A1
ENSG00000172216,ENSG00000127554,GFER
ENSG00000187140,ENSG00000105497,ZNF175
ENSG00000101412,ENSG00000120688,WBP4
ENSG00000157557,ENSG00000132155,RAF1
ENSG00000141646,ENSG00000160973,FOXH1
ENSG00000106462,,
ENSG00000140009,ENSG00000125730,C3
ENSG00000101412,ENSG00000138629,UBL7
ENSG00000084093,ENSG00000131914,LIN28A
ENSG00000179284,ENSG00000144891,AGTR1
ENSG00000109320,ENSG00000164733,CTSB
ENSG00000109320,ENSG00000161031,PGLYRP2
ENSG00000186951,ENSG00000118137,APOA1
ENSG00000134323,ENSG00000112118,MCM3
ENSG00000164683,ENSG00000141448,GATA6
ENSG00000185591,ENSG00000182199,SHMT2
ENSG00000141646,ENSG00000169083,AR
ENSG00000205250,ENSG00000090889,KIF4A
ENSG00000132170,ENSG00000241119,UGT1A9
ENSG00000066379,ENSG00000171791,BCL2
ENSG00000140968,ENSG00000165168,CYBB
ENSG00000100393,ENSG00000012048,BRCA1
ENSG00000074800,ENSG00000073756,PTGS2
ENSG00000100811,ENSG00000125538,IL1B
ENSG00000141510,ENSG00000026103,FAS
ENSG00000129514,ENSG00000084674,APOB
ENSG00000169083,ENSG00000085563,ABCB1
ENSG00000136997,ENSG00000179218,CALR
ENSG00000001167,ENSG00000114026,OGG1
ENSG00000101412,ENSG00000006118,TMEM132A
ENSG00000179284,ENSG00000182871,COL18A1
ENSG00000141510,ENSG00000244005,NFS1
ENSG00000159216,ENSG00000177606,JUN
ENSG00000145741,ENSG00000143322,ABL2
ENSG00000167074,ENSG00000163631,ALB
ENSG00000157554,ENSG00000164867,NOS3
ENSG00000177606,ENSG00000125538,IL1B
ENSG00000169083,ENSG00000135929,CYP27A1
ENSG00000141510,ENSG00000104419,NDRG1
ENSG00000109320,ENSG00000271503,CCL5
ENSG00000181449,ENSG00000054392,HHAT
ENSG00000112242,ENSG00000144354,CDCA7
ENSG00000136997,ENSG00000170634,ACYP2
ENSG00000120738,ENSG00000126767,ELK1
ENSG00000164611,ENSG00000136997,MYC
ENSG00000099326,ENSG00000118513,MYB
ENSG00000158773,ENSG00000106366,SERPINE1
ENSG00000158773,,
ENSG00000115966,ENSG00000173039,RELA
ENSG00000169083,ENSG00000115705,TPO
ENSG00000153563,ENSG00000100985,MMP9
ENSG00000100811,ENSG00000188425,NANOS2
ENSG00000101412,ENSG00000113621,TXNDC15
ENSG00000123268,,
ENSG00000175832,ENSG00000137745,MMP13
ENSG00000101412,ENSG00000179002,TAS1R2
ENSG00000173039,ENSG00000169083,AR
ENSG00000137265,ENSG00000104921,FCER2
ENSG00000123268,ENSG00000140941,MAP1LC3B
ENSG00000177606,ENSG00000188425,NANOS2
ENSG00000170345,ENSG00000054598,FOXC1
ENSG00000245848,ENSG00000188878,FBF1
ENSG00000101412,ENSG00000274750,H3C6
ENSG00000101412,ENSG00000158234,FAIM
ENSG00000113580,ENSG00000105810,CDK6
ENSG00000169083,ENSG00000101981,F9
ENSG00000116478,ENSG00000206454,POU5F1
ENSG00000012504,ENSG00000170231,FABP6
ENSG00000055332,ENSG00000010610,CD4
ENSG00000131759,ENSG00000167772,ANGPTL4
ENSG00000169083,ENSG00000180176,TH
ENSG00000082175,ENSG00000110092,CCND1
ENSG00000187514,ENSG00000131203,IDO1
ENSG00000177606,ENSG00000163975,MELTF
ENSG00000168610,ENSG00000163629,PTPN13
ENSG00000135100,ENSG00000140505,CYP1A2
ENSG00000134954,ENSG00000053438,NNAT
ENSG00000101412,,
ENSG00000135363,ENSG00000148516,ZEB1
ENSG00000101412,ENSG00000100632,ERH
ENSG00000126778,ENSG00000150630,VEGFC
ENSG00000101115,ENSG00000171862,PTEN
ENSG00000169136,ENSG00000118260,CREB1
ENSG00000169083,ENSG00000150991,UBC
ENSG00000173039,ENSG00000122691,TWIST1
ENSG00000111424,ENSG00000124762,CDKN1A
ENSG00000128016,ENSG00000136244,IL6
ENSG00000125347,ENSG00000168310,IRF2
ENSG00000136997,ENSG00000034693,PEX3
ENSG00000173039,ENSG00000139618,BRCA2
,ENSG00000112715,VEGFA
ENSG00000179284,ENSG00000166224,SGPL1
ENSG00000100644,ENSG00000074800,ENO1
ENSG00000130816,,
ENSG00000136997,ENSG00000107984,DKK1
ENSG00000148737,ENSG00000138604,GLCE
ENSG00000141027,ENSG00000091831,ESR1
ENSG00000178860,ENSG00000136634,IL10
ENSG00000198646,ENSG00000160868,CYP3A4
ENSG00000081189,ENSG00000169057,MECP2
ENSG00000169083,ENSG00000167653,PSCA
ENSG00000113580,ENSG00000111319,SCNN1A
ENSG00000141646,ENSG00000100234,TIMP3
ENSG00000136997,ENSG00000023608,SNAPC1
ENSG00000179284,ENSG00000161638,ITGA5
,ENSG00000196154,S100A4
ENSG00000101412,ENSG00000111679,PTPN6
ENSG00000091831,ENSG00000185651,UBE2L3
ENSG00000141905,ENSG00000078401,EDN1
ENSG00000028277,ENSG00000140678,ITGAX
ENSG00000126456,ENSG00000233816,IFNA13
ENSG00000141646,ENSG00000184502,GAST
ENSG00000069667,ENSG00000110243,APOA5
ENSG00000168214,ENSG00000080815,PSEN1
ENSG00000175197,ENSG00000164867,NOS3
ENSG00000141510,ENSG00000124935,SCGB1D2
ENSG00000166949,ENSG00000109321,AREG
ENSG00000205250,ENSG00000106682,EIF4H
ENSG00000141510,ENSG00000171840,NINJ2
ENSG00000131759,ENSG00000104899,AMH
ENSG00000132170,ENSG00000168067,MAP4K2
ENSG00000122592,ENSG00000026025,VIM
ENSG00000169083,ENSG00000116667,C1orf21
ENSG00000185591,ENSG00000120949,TNFRSF8
ENSG00000159216,ENSG00000109320,NFKB1
ENSG00000168610,ENSG00000124762,CDKN1A
ENSG00000074047,ENSG00000106605,BLVRA
,ENSG00000173511,VEGFB
ENSG00000136997,ENSG00000196549,MME
ENSG00000104447,ENSG00000164344,KLKB1
ENSG00000245848,ENSG00000119535,CSF3R
ENSG00000166949,ENSG00000138764,CCNG2
ENSG00000185591,ENSG00000147889,CDKN2A
ENSG00000129514,ENSG00000165029,ABCA1
ENSG00000172845,ENSG00000172270,BSG
ENSG00000143437,ENSG00000107159,CA9
ENSG00000173917,ENSG00000165588,OTX2
ENSG00000185591,ENSG00000109743,BST1
ENSG00000185591,ENSG00000105664,COMP
ENSG00000131759,ENSG00000137869,CYP19A1
ENSG00000120738,ENSG00000109471,IL2
ENSG00000179284,ENSG00000112149,CD83
ENSG00000100644,ENSG00000142515,KLK3
ENSG00000177606,ENSG00000073756,PTGS2
ENSG00000109320,ENSG00000204642,HLA-F
ENSG00000175592,ENSG00000011422,PLAUR
ENSG00000091831,ENSG00000131759,RARA
ENSG00000140009,ENSG00000171105,INSR
ENSG00000185591,ENSG00000171105,INSR
ENSG00000185960,ENSG00000068078,FGFR3
ENSG00000179284,ENSG00000026025,VIM
ENSG00000120738,ENSG00000165731,RET
ENSG00000149948,ENSG00000204248,COL11A2
ENSG00000109320,ENSG00000182393,IFNL1
ENSG00000185591,ENSG00000102265,TIMP1
ENSG00000123268,ENSG00000102755,FLT1
ENSG00000096717,ENSG00000104419,NDRG1
ENSG00000178860,ENSG00000166508,MCM7
ENSG00000169083,ENSG00000140443,IGF1R
ENSG00000245848,ENSG00000157514,TSC22D3
ENSG00000186951,ENSG00000110245,APOC3
ENSG00000120738,ENSG00000122861,PLAU
ENSG00000173757,ENSG00000091831,ESR1
ENSG00000118513,ENSG00000110448,CD5
ENSG00000158773,ENSG00000136244,IL6
,ENSG00000169194,IL13
ENSG00000186350,ENSG00000086696,HSD17B2
ENSG00000007968,ENSG00000004779,NDUFAB1
ENSG00000074047,ENSG00000132646,PCNA
ENSG00000141905,ENSG00000049540,ELN
ENSG00000136997,ENSG00000023228,NDUFS1
ENSG00000089225,ENSG00000144668,ITGA9
ENSG00000185591,ENSG00000103495,MAZ
ENSG00000068305,ENSG00000167941,SOST
ENSG00000118260,ENSG00000215182,MUC5AC
ENSG00000012504,ENSG00000162344,FGF19
ENSG00000130522,ENSG00000164399,IL3
ENSG00000136997,ENSG00000168116,KIAA1586
ENSG00000136997,ENSG00000129084,PSMA1
ENSG00000245848,ENSG00000005381,MPO
ENSG00000172845,ENSG00000149948,HMGA2
ENSG00000066336,ENSG00000166261,ZNF202
ENSG00000111801,ENSG00000133216,EPHB2
ENSG00000107485,ENSG00000148516,ZEB1
ENSG00000118260,ENSG00000119508,NR4A3
ENSG00000140009,ENSG00000147571,CRH
ENSG00000170581,ENSG00000130203,APOE
ENSG00000109320,ENSG00000184916,JAG2
ENSG00000102145,ENSG00000111537,IFNG
ENSG00000166949,ENSG00000007372,PAX6
ENSG00000112242,ENSG00000011422,PLAUR
ENSG00000126767,ENSG00000156113,KCNMA1
ENSG00000095794,ENSG00000159640,ACE
ENSG00000196591,ENSG00000169598,DFFB
ENSG00000136997,ENSG00000132002,DNAJB1
,ENSG00000180914,OXTR
ENSG00000141510,ENSG00000164695,CHMP4C
ENSG00000107485,ENSG00000124164,VAPB
ENSG00000136574,ENSG00000121351,IAPP
ENSG00000141510,ENSG00000112715,VEGFA
ENSG00000005073,ENSG00000253293,HOXA10
ENSG00000185591,ENSG00000184895,SRY
ENSG00000185591,ENSG00000026103,FAS
ENSG00000179284,ENSG00000101213,PTK6
ENSG00000138795,ENSG00000198719,DLL1
ENSG00000064490,ENSG00000204287,HLA-DRA
ENSG00000007968,ENSG00000092969,TGFB2
ENSG00000141510,ENSG00000067560,RHOA
ENSG00000136997,ENSG00000162300,ZFPL1
ENSG00000177606,ENSG00000135047,CTSL
ENSG00000150907,ENSG00000169083,AR
ENSG00000088305,ENSG00000136997,MYC
ENSG00000105866,ENSG00000068078,FGFR3
ENSG00000091831,ENSG00000134308,YWHAQ
ENSG00000185591,ENSG00000137462,TLR2
ENSG00000158773,ENSG00000077498,TYR
ENSG00000101412,ENSG00000134323,MYCN
ENSG00000125347,ENSG00000113580,NR3C1
ENSG00000164093,ENSG00000185630,PBX1
ENSG00000136997,ENSG00000160868,CYP3A4
ENSG00000057657,ENSG00000174500,GCSAM
ENSG00000116478,ENSG00000265972,TXNIP
ENSG00000168610,ENSG00000134460,IL2RA
ENSG00000101412,ENSG00000036828,CASR
ENSG00000168610,ENSG00000112038,OPRM1
ENSG00000143190,ENSG00000075388,FGF4
ENSG00000141905,ENSG00000114115,RBP1
ENSG00000101412,ENSG00000091164,TXNL1
ENSG00000178860,ENSG00000049768,FOXP3
ENSG00000141905,ENSG00000110799,VWF
ENSG00000129514,ENSG00000115263,GCG
ENSG00000118260,ENSG00000197479,PCDHB11
ENSG00000158773,ENSG00000117984,CTSD
ENSG00000136997,ENSG00000102908,NFAT5
ENSG00000126561,ENSG00000116030,SUMO1
ENSG00000106462,ENSG00000165092,ALDH1A1
ENSG00000043355,ENSG00000148737,TCF7L2
ENSG00000120738,ENSG00000100385,IL2RB
ENSG00000168610,ENSG00000073282,TP63
ENSG00000101412,ENSG00000104537,ANXA13
ENSG00000109320,ENSG00000135446,CDK4
ENSG00000101412,ENSG00000128944,KNSTRN
ENSG00000111424,ENSG00000198824,CHAMP1
ENSG00000105392,ENSG00000163914,RHO
ENSG00000185591,ENSG00000256870,SLC5A8
ENSG00000185591,ENSG00000196371,FUT4
ENSG00000118513,ENSG00000134001,EIF2S1
ENSG00000101412,ENSG00000198930,CSAG1
ENSG00000088305,ENSG00000178567,EPM2AIP1
ENSG00000116478,ENSG00000105325,FZR1
ENSG00000136997,ENSG00000160888,IER2
ENSG00000138795,ENSG00000214114,MYCBP
ENSG00000122877,ENSG00000172270,BSG
ENSG00000100906,ENSG00000105854,PON2
ENSG00000233608,ENSG00000118513,MYB
ENSG00000143799,ENSG00000106366,SERPINE1
ENSG00000171223,ENSG00000163207,IVL
ENSG00000136574,ENSG00000164867,NOS3
ENSG00000148843,ENSG00000117560,FASLG
ENSG00000007968,ENSG00000182326,C1S
ENSG00000100644,ENSG00000144891,AGTR1
ENSG00000109320,ENSG00000100097,LGALS1
ENSG00000168610,ENSG00000180104,EXOC3
ENSG00000074047,ENSG00000170606,HSPA4
ENSG00000162772,ENSG00000006831,ADIPOR2
ENSG00000023287,ENSG00000147889,CDKN2A
,ENSG00000166483,WEE1
ENSG00000136997,ENSG00000159640,ACE
ENSG00000141510,ENSG00000204580,DDR1
ENSG00000102349,ENSG00000146477,SLC22A3
ENSG00000141646,ENSG00000147883,CDKN2B
ENSG00000118689,,
ENSG00000152217,ENSG00000125384,PTGER2
ENSG00000136997,ENSG00000213639,PPP1CB
ENSG00000111087,ENSG00000162267,ITIH3
ENSG00000116478,ENSG00000020633,RUNX3
ENSG00000170653,ENSG00000141736,ERBB2
ENSG00000116478,ENSG00000164692,COL1A2
ENSG00000196092,ENSG00000141510,TP53
ENSG00000074047,ENSG00000170312,CDK1
ENSG00000116833,ENSG00000073734,ABCB11
ENSG00000169136,ENSG00000112576,CCND3
ENSG00000103241,ENSG00000105325,FZR1
ENSG00000187098,ENSG00000182742,HOXB4
ENSG00000066336,ENSG00000156738,MS4A1
ENSG00000118513,ENSG00000147601,TERF1
ENSG00000136997,ENSG00000068120,COASY
ENSG00000253293,ENSG00000095752,IL11
ENSG00000140464,ENSG00000118503,TNFAIP3
ENSG00000112282,ENSG00000170498,KISS1
,ENSG00000124882,EREG
ENSG00000092067,ENSG00000115718,PROC
ENSG00000101412,ENSG00000156170,NDUFAF6
ENSG00000175832,ENSG00000180772,AGTR2
ENSG00000179284,ENSG00000122884,P4HA1
ENSG00000150907,ENSG00000100234,TIMP3
ENSG00000128272,ENSG00000057663,ATG5
ENSG00000112033,ENSG00000179639,FCER1A
ENSG00000118513,ENSG00000073756,PTGS2
ENSG00000175387,ENSG00000163295,ALPI
ENSG00000096717,ENSG00000123500,COL10A1
ENSG00000074047,ENSG00000103241,FOXF1
ENSG00000141510,ENSG00000095303,PTGS1
ENSG00000110693,ENSG00000124762,CDKN1A
ENSG00000102145,ENSG00000130427,EPO
ENSG00000118513,ENSG00000184445,KNTC1
ENSG00000131759,ENSG00000173757,STAT5B
ENSG00000143190,ENSG00000111012,CYP27B1
ENSG00000109320,ENSG00000170345,FOS
ENSG00000134323,ENSG00000073111,MCM2
ENSG00000177606,ENSG00000124762,CDKN1A
ENSG00000120738,ENSG00000138685,FGF2
ENSG00000125813,ENSG00000134086,VHL
ENSG00000134954,ENSG00000141510,TP53
ENSG00000091831,ENSG00000168036,CTNNB1
ENSG00000101412,ENSG00000143641,GALNT2
ENSG00000179284,ENSG00000073861,TBX21
ENSG00000101412,,
ENSG00000100811,ENSG00000160201,U2AF1
,ENSG00000187134,AKR1C1
ENSG00000157554,ENSG00000091831,ESR1
ENSG00000169083,ENSG00000170166,HOXD4
ENSG00000120738,ENSG00000106366,SERPINE1
ENSG00000112658,ENSG00000118260,CREB1
ENSG00000101412,ENSG00000136738,STAM
ENSG00000124664,ENSG00000122711,SPINK4
ENSG00000113580,ENSG00000182578,CSF1R
ENSG00000172819,ENSG00000171791,BCL2
ENSG00000007968,ENSG00000148356,LRSAM1
,ENSG00000132965,ALOX5AP
ENSG00000136997,ENSG00000104835,SARS2
ENSG00000101412,ENSG00000163053,SLC16A14
ENSG00000196628,ENSG00000177606,JUN
ENSG00000179284,ENSG00000087245,MMP2
ENSG00000109320,ENSG00000186951,PPARA
ENSG00000141510,ENSG00000134470,IL15RA
ENSG00000166949,ENSG00000090006,LTBP4
ENSG00000152284,ENSG00000010610,CD4
ENSG00000141510,ENSG00000096384,HSP90AB1
,ENSG00000196126,HLA-DRB1
ENSG00000179284,ENSG00000148795,CYP17A1
ENSG00000136997,ENSG00000117632,STMN1
ENSG00000136997,ENSG00000130175,PRKCSH
ENSG00000145741,ENSG00000099866,MADCAM1
,ENSG00000124762,CDKN1A
ENSG00000169083,ENSG00000206075,SERPINB5
ENSG00000107485,ENSG00000121053,EPX
ENSG00000173039,ENSG00000116478,HDAC1
ENSG00000141510,ENSG00000143493,INTS7
ENSG00000100811,ENSG00000094916,CBX5
ENSG00000055118,ENSG00000095627,TDRD1
ENSG00000136997,ENSG00000170515,PA2G4
,ENSG00000113520,IL4
ENSG00000109320,ENSG00000172156,CCL11
ENSG00000136997,ENSG00000259956,RBM15B
ENSG00000151322,ENSG00000128564,VGF
ENSG00000105698,ENSG00000197081,IGF2R
ENSG00000115966,ENSG00000159640,ACE
ENSG00000132170,ENSG00000181856,SLC2A4
ENSG00000175387,ENSG00000105976,MET
ENSG00000109320,ENSG00000105369,CD79A
ENSG00000126767,ENSG00000164442,CITED2
ENSG00000172845,ENSG00000164867,NOS3
ENSG00000196092,ENSG00000087088,BAX
ENSG00000109320,ENSG00000231925,TAPBP
ENSG00000184481,ENSG00000109819,PPARGC1A
ENSG00000141510,ENSG00000187601,MAGEH1
ENSG00000100811,ENSG00000130669,PAK4
ENSG00000166949,,
ENSG00000136997,ENSG00000163468,CCT3
ENSG00000115966,ENSG00000146469,VIP
ENSG00000088305,ENSG00000145423,SFRP2
ENSG00000100888,ENSG00000012048,BRCA1
ENSG00000101412,ENSG00000276043,UHRF1
,ENSG00000165556,CDX2
ENSG00000198791,ENSG00000176894,PXMP2
ENSG00000140009,ENSG00000112715,VEGFA
ENSG00000185591,ENSG00000112715,VEGFA
ENSG00000145908,ENSG00000136244,IL6
ENSG00000078900,,
ENSG00000173039,ENSG00000173432,SAA1
ENSG00000102974,ENSG00000111684,LPCAT3
ENSG00000181163,ENSG00000141867,BRD4
ENSG00000141510,ENSG00000164305,CASP3
ENSG00000185591,ENSG00000108578,BLMH
ENSG00000101412,ENSG00000112118,MCM3
ENSG00000275700,ENSG00000124762,CDKN1A
ENSG00000185591,ENSG00000092330,TINF2
ENSG00000179284,ENSG00000149124,GLYAT
ENSG00000116478,ENSG00000147889,CDKN2A
ENSG00000136997,ENSG00000064651,SLC12A2
ENSG00000169083,,
ENSG00000179284,ENSG00000141736,ERBB2
ENSG00000179348,ENSG00000115602,IL1RL1
ENSG00000084093,ENSG00000104112,SCG3
ENSG00000132170,ENSG00000155368,DBI
ENSG00000118260,ENSG00000167772,ANGPTL4
ENSG00000141905,ENSG00000140465,CYP1A1
ENSG00000118260,ENSG00000248098,BCKDHA
ENSG00000132005,ENSG00000164692,COL1A2
ENSG00000100644,ENSG00000026025,VIM
ENSG00000073282,ENSG00000206075,SERPINB5
ENSG00000179284,ENSG00000173039,RELA
ENSG00000245848,ENSG00000167244,IGF2
ENSG00000078399,ENSG00000062038,CDH3
ENSG00000134323,ENSG00000065328,MCM10
ENSG00000100811,ENSG00000112038,OPRM1
ENSG00000101412,ENSG00000182963,GJC1
ENSG00000213928,ENSG00000067066,SP100
ENSG00000144852,ENSG00000171552,BCL2L1
ENSG00000134954,ENSG00000087088,BAX
ENSG00000100393,ENSG00000142515,KLK3
ENSG00000091831,ENSG00000151623,NR3C2
ENSG00000178573,ENSG00000141510,TP53
ENSG00000109320,ENSG00000102245,CD40LG
ENSG00000136997,ENSG00000248333,CDK11B
ENSG00000109320,ENSG00000111679,PTPN6
ENSG00000185591,ENSG00000173511,VEGFB
ENSG00000138385,ENSG00000101966,XIAP
ENSG00000100644,ENSG00000111640,GAPDH
ENSG00000100906,ENSG00000149968,MMP3
ENSG00000187098,ENSG00000147889,CDKN2A
ENSG00000159216,ENSG00000164399,IL3
ENSG00000177606,ENSG00000112038,OPRM1
,ENSG00000197901,SLC22A6
ENSG00000091831,,
ENSG00000126561,ENSG00000051180,RAD51
ENSG00000185507,ENSG00000121594,CD80
ENSG00000136997,ENSG00000152784,PRDM8
ENSG00000173153,ENSG00000137869,CYP19A1
ENSG00000164330,ENSG00000169136,ATF5
ENSG00000135679,ENSG00000119772,DNMT3A
,ENSG00000110092,CCND1
ENSG00000112033,ENSG00000107798,LIPA
,ENSG00000150281,CTF1
ENSG00000245848,ENSG00000135744,AGT
ENSG00000179284,ENSG00000213859,KCTD11
ENSG00000100906,ENSG00000007171,NOS2
ENSG00000141905,ENSG00000108691,CCL2
ENSG00000150907,ENSG00000172179,PRL
ENSG00000141905,ENSG00000106366,SERPINE1
ENSG00000177606,ENSG00000105855,ITGB8
ENSG00000185591,ENSG00000169194,IL13
ENSG00000171720,ENSG00000160285,LSS
ENSG00000169083,ENSG00000145192,AHSG
ENSG00000118260,ENSG00000101327,PDYN
ENSG00000184486,ENSG00000187098,MITF
ENSG00000136352,ENSG00000185591,SP1
ENSG00000143437,ENSG00000167165,UGT1A6
ENSG00000109320,ENSG00000100739,BDKRB1
ENSG00000100307,ENSG00000105173,CCNE1
ENSG00000205250,ENSG00000197635,DPP4
,ENSG00000131828,PDHA1
ENSG00000120738,ENSG00000136244,IL6
ENSG00000066336,ENSG00000137462,TLR2
ENSG00000118260,ENSG00000164120,HPGD
ENSG00000141510,ENSG00000167986,DDB1
ENSG00000140464,ENSG00000129315,CCNT1
ENSG00000007968,ENSG00000215440,NPEPL1
ENSG00000177606,ENSG00000180104,EXOC3
ENSG00000141510,,
ENSG00000088305,ENSG00000130700,GATA5
ENSG00000136997,ENSG00000112425,EPM2A
ENSG00000101412,ENSG00000181610,MRPS23
ENSG00000118260,ENSG00000137869,CYP19A1
ENSG00000150907,ENSG00000147883,CDKN2B
ENSG00000109320,ENSG00000143575,HAX1
ENSG00000136997,ENSG00000216490,IFI30
ENSG00000185591,ENSG00000180914,OXTR
ENSG00000175756,ENSG00000048649,RSF1
ENSG00000179284,ENSG00000077942,FBLN1
ENSG00000134954,ENSG00000141646,SMAD4
ENSG00000118260,ENSG00000105662,CRTC1
ENSG00000091831,ENSG00000141456,PELP1
ENSG00000143190,ENSG00000163207,IVL
ENSG00000196591,ENSG00000158473,CD1D
ENSG00000169083,ENSG00000143190,POU2F1
ENSG00000131759,ENSG00000069535,MAOB
ENSG00000105698,ENSG00000105388,CEACAM5
ENSG00000169297,ENSG00000188613,NANOS1
ENSG00000100644,ENSG00000110492,MDK
ENSG00000074047,ENSG00000171791,BCL2
ENSG00000028277,ENSG00000254087,LYN
ENSG00000136997,ENSG00000111674,ENO2
ENSG00000206454,ENSG00000154096,THY1
,ENSG00000179344,HLA-DQB1
ENSG00000198728,ENSG00000152284,TCF7L1
ENSG00000185591,ENSG00000175197,DDIT3
ENSG00000118513,ENSG00000080608,PUM3
ENSG00000185591,ENSG00000118523,CCN2
ENSG00000134954,ENSG00000091138,SLC26A3
ENSG00000136997,ENSG00000125870,SNRPB2
ENSG00000123358,ENSG00000135679,MDM2
ENSG00000082175,ENSG00000134308,YWHAQ
ENSG00000117318,ENSG00000147889,CDKN2A
ENSG00000007968,ENSG00000057657,PRDM1
ENSG00000007968,ENSG00000107581,EIF3A
ENSG00000173039,ENSG00000165197,VEGFD
ENSG00000101412,ENSG00000149311,ATM
ENSG00000179284,ENSG00000147465,STAR
ENSG00000172845,ENSG00000122707,RECK
ENSG00000012504,ENSG00000073734,ABCB11
ENSG00000139352,ENSG00000169684,CHRNA5
ENSG00000163132,ENSG00000185559,DLK1
ENSG00000179284,ENSG00000106819,ASPN
ENSG00000179284,ENSG00000138448,ITGAV
ENSG00000007968,ENSG00000166851,PLK1
ENSG00000082175,ENSG00000142515,KLK3
ENSG00000135100,ENSG00000243955,GSTA1
ENSG00000177606,ENSG00000101200,AVP
ENSG00000109320,ENSG00000021355,SERPINB1
ENSG00000101412,ENSG00000171872,KLF17
ENSG00000109320,ENSG00000144935,TRPC1
,ENSG00000198824,CHAMP1
ENSG00000260027,ENSG00000114251,WNT5A
ENSG00000205250,ENSG00000111676,ATN1
ENSG00000129535,ENSG00000265203,RBP3
ENSG00000101412,ENSG00000132874,SLC14A2
ENSG00000162772,ENSG00000141510,TP53
,ENSG00000136931,NR5A1
ENSG00000137309,ENSG00000026508,CD44
ENSG00000055118,ENSG00000118785,SPP1
ENSG00000168610,ENSG00000100644,HIF1A
ENSG00000205250,ENSG00000165029,ABCA1
ENSG00000109320,ENSG00000113302,IL12B
ENSG00000169083,ENSG00000116014,KISS1R
ENSG00000141510,ENSG00000187848,P2RX2
ENSG00000007968,ENSG00000011114,BTBD7
ENSG00000169083,ENSG00000100985,MMP9
ENSG00000175832,ENSG00000091583,APOH
ENSG00000101412,ENSG00000099998,GGT5
ENSG00000173039,ENSG00000117983,MUC5B
ENSG00000090447,ENSG00000111537,IFNG
ENSG00000101412,ENSG00000183801,OLFML1
ENSG00000141905,ENSG00000091513,TF
ENSG00000101412,ENSG00000197616,MYH6
ENSG00000084093,ENSG00000100604,CHGA
ENSG00000007968,ENSG00000146676,PURB
ENSG00000173039,ENSG00000121966,CXCR4
ENSG00000141644,ENSG00000091831,ESR1
ENSG00000101412,ENSG00000162366,PDZK1IP1
ENSG00000172819,ENSG00000130957,FBP2
ENSG00000125812,ENSG00000253293,HOXA10
ENSG00000141905,ENSG00000140459,CYP11A1
ENSG00000131759,ENSG00000169083,AR
,ENSG00000166949,SMAD3
ENSG00000134954,ENSG00000038945,MSR1
ENSG00000177606,ENSG00000085563,ABCB1
ENSG00000125813,ENSG00000189409,MMP23B
ENSG00000067955,ENSG00000124813,RUNX2
ENSG00000177606,ENSG00000140285,FGF7
ENSG00000125952,ENSG00000115758,ODC1
ENSG00000135457,ENSG00000118785,SPP1
ENSG00000148737,ENSG00000174469,CNTNAP2
ENSG00000066336,ENSG00000011600,TYROBP
ENSG00000109320,ENSG00000114378,HYAL1
ENSG00000141905,ENSG00000136244,IL6
ENSG00000178573,ENSG00000139626,ITGB7
ENSG00000179284,ENSG00000023608,SNAPC1
ENSG00000172216,ENSG00000149187,CELF1
ENSG00000136997,ENSG00000134057,CCNB1
ENSG00000101412,ENSG00000133805,AMPD3
ENSG00000185591,ENSG00000164305,CASP3
ENSG00000141905,ENSG00000197971,MBP
ENSG00000105698,ENSG00000182742,HOXB4
,ENSG00000134760,DSG1
ENSG00000127528,ENSG00000132170,PPARG
ENSG00000101412,ENSG00000157540,DYRK1A
ENSG00000118260,ENSG00000160882,CYP11B1
ENSG00000170345,ENSG00000066336,SPI1
ENSG00000179284,ENSG00000001626,CFTR
,ENSG00000198400,NTRK1
ENSG00000007968,ENSG00000132603,NIP7
ENSG00000067369,ENSG00000012048,BRCA1
ENSG00000109320,ENSG00000255346,NOX5
ENSG00000109320,ENSG00000185813,PCYT2
ENSG00000102974,ENSG00000164754,RAD21
ENSG00000169083,ENSG00000171791,BCL2
ENSG00000141510,ENSG00000132274,TRIM22
ENSG00000179284,ENSG00000196549,MME
ENSG00000179284,ENSG00000005421,PON1
,ENSG00000113441,LNPEP
ENSG00000087510,,
ENSG00000141510,,
ENSG00000109320,ENSG00000132109,TRIM21
ENSG00000158773,ENSG00000162896,PIGR
ENSG00000096717,ENSG00000157766,ACAN
ENSG00000101412,ENSG00000090487,SPG21
ENSG00000205250,ENSG00000141510,TP53
ENSG00000175387,ENSG00000041982,TNC
,ENSG00000085563,ABCB1
ENSG00000077092,ENSG00000104368,PLAT
ENSG00000134954,ENSG00000164400,CSF2
ENSG00000168036,ENSG00000169083,AR
,ENSG00000141401,IMPA2
ENSG00000173757,,
ENSG00000141905,ENSG00000101470,TNNC2
ENSG00000163435,ENSG00000100985,MMP9
ENSG00000107485,ENSG00000168769,TET2
ENSG00000185591,ENSG00000130826,DKC1
ENSG00000141646,ENSG00000111087,GLI1
,ENSG00000241674,HLA-DMB
ENSG00000136997,ENSG00000171503,ETFDH
ENSG00000136997,ENSG00000187109,NAP1L1
ENSG00000141510,ENSG00000105976,MET
ENSG00000109320,ENSG00000185507,IRF7
ENSG00000164749,ENSG00000081051,AFP
ENSG00000101412,ENSG00000127445,PIN1
ENSG00000196712,ENSG00000081051,AFP
ENSG00000177606,ENSG00000180176,TH
ENSG00000025434,ENSG00000156515,HK1
ENSG00000170365,ENSG00000081041,CXCL2
ENSG00000100644,ENSG00000087245,MMP2
ENSG00000135100,ENSG00000242366,UGT1A8
ENSG00000126778,ENSG00000039068,CDH1
ENSG00000004848,ENSG00000166407,LMO1
ENSG00000168610,ENSG00000116016,EPAS1
ENSG00000169926,ENSG00000130164,LDLR
ENSG00000165556,ENSG00000196620,UGT2B15
ENSG00000136997,ENSG00000105650,PDE4C
ENSG00000168610,ENSG00000117480,FAAH
ENSG00000105866,ENSG00000107331,ABCA2
ENSG00000157554,ENSG00000082397,EPB41L3
ENSG00000141905,ENSG00000125363,AMELX
ENSG00000143190,ENSG00000110092,CCND1
ENSG00000128272,ENSG00000168209,DDIT4
ENSG00000185591,ENSG00000156886,ITGAD
ENSG00000157557,ENSG00000118513,MYB
ENSG00000187098,ENSG00000142186,SCYL1
ENSG00000169083,ENSG00000175334,BANF1
ENSG00000101076,ENSG00000143921,ABCG8
,ENSG00000067057,PFKP
ENSG00000101412,ENSG00000168807,SNTB2
ENSG00000115415,ENSG00000057252,SOAT1
ENSG00000260027,ENSG00000146648,EGFR
ENSG00000136997,ENSG00000110719,TCIRG1
ENSG00000166478,ENSG00000171320,ESCO2
ENSG00000172216,ENSG00000234127,TRIM26
ENSG00000177606,ENSG00000104689,TNFRSF10A
ENSG00000168310,ENSG00000113580,NR3C1
,ENSG00000079257,LXN
ENSG00000100644,ENSG00000123836,PFKFB2
ENSG00000007968,ENSG00000116396,KCNC4
ENSG00000136997,ENSG00000060688,SNRNP40
ENSG00000111087,ENSG00000128311,TST
ENSG00000166888,ENSG00000185338,SOCS1
ENSG00000109320,ENSG00000154229,PRKCA
ENSG00000185591,ENSG00000134871,COL4A2
ENSG00000177606,ENSG00000035862,TIMP2
ENSG00000074047,ENSG00000204287,HLA-DRA
ENSG00000185591,ENSG00000167986,DDB1
ENSG00000266412,ENSG00000160182,TFF1
ENSG00000185591,,
ENSG00000136997,ENSG00000167618,LAIR2
ENSG00000185591,ENSG00000157766,ACAN
ENSG00000116017,ENSG00000094804,CDC6
ENSG00000136997,ENSG00000001084,GCLC
ENSG00000167182,ENSG00000198682,PAPSS2
ENSG00000122877,ENSG00000131203,IDO1
ENSG00000183072,ENSG00000168036,CTNNB1
ENSG00000113580,ENSG00000107014,RLN2
ENSG00000166949,ENSG00000114270,COL7A1
ENSG00000082641,ENSG00000076351,SLC46A1
ENSG00000136997,ENSG00000077312,SNRPA
ENSG00000101412,ENSG00000100380,ST13
ENSG00000118217,ENSG00000175197,DDIT3
ENSG00000109320,ENSG00000117525,F3
ENSG00000101412,ENSG00000125633,CCDC93
ENSG00000007968,ENSG00000144354,CDCA7
ENSG00000172845,ENSG00000104826,LHB
ENSG00000101412,ENSG00000198021,SPANXA1
ENSG00000141027,ENSG00000019549,SNAI2
ENSG00000111653,ENSG00000171791,BCL2
ENSG00000102034,ENSG00000100985,MMP9
ENSG00000257923,ENSG00000114346,ECT2
ENSG00000205250,ENSG00000123975,CKS2
ENSG00000117036,ENSG00000196611,MMP1
ENSG00000136997,ENSG00000188603,CLN3
ENSG00000172845,ENSG00000091831,ESR1
ENSG00000143190,ENSG00000121807,CCR2
ENSG00000184486,ENSG00000128573,FOXP2
ENSG00000072310,ENSG00000167972,ABCA3
,ENSG00000231924,PSG1
ENSG00000100811,ENSG00000070019,GUCY2C
ENSG00000185591,ENSG00000102003,SYP
ENSG00000184486,ENSG00000140538,NTRK3
ENSG00000107485,ENSG00000130638,ATXN10
ENSG00000104856,ENSG00000104856,RELB
ENSG00000179284,ENSG00000160868,CYP3A4
ENSG00000175832,ENSG00000157227,MMP14
ENSG00000078399,ENSG00000185900,POMK
ENSG00000185591,ENSG00000160179,ABCG1
ENSG00000169083,ENSG00000196498,NCOR2
ENSG00000168610,ENSG00000169689,CENPX
ENSG00000091831,ENSG00000084676,NCOA1
ENSG00000177606,ENSG00000070019,GUCY2C
ENSG00000126767,ENSG00000112658,SRF
ENSG00000101412,ENSG00000113360,DROSHA
ENSG00000120837,ENSG00000129245,FXR2
,ENSG00000186832,KRT16
ENSG00000101412,ENSG00000121351,IAPP
ENSG00000074047,ENSG00000146674,IGFBP3
ENSG00000109906,ENSG00000245848,CEBPA
ENSG00000196092,ENSG00000138795,LEF1
ENSG00000105698,ENSG00000120949,TNFRSF8
ENSG00000205250,ENSG00000166483,WEE1
ENSG00000136997,ENSG00000122565,CBX3
ENSG00000080603,ENSG00000164344,KLKB1
ENSG00000168610,ENSG00000170606,HSPA4
ENSG00000173039,ENSG00000184371,CSF1
ENSG00000186951,ENSG00000198911,SREBF2
,ENSG00000111537,IFNG
ENSG00000175832,ENSG00000177628,GBA1
ENSG00000101412,ENSG00000120068,HOXB8
ENSG00000185591,ENSG00000198087,CD2AP
ENSG00000135100,ENSG00000165376,CLDN2
ENSG00000150907,ENSG00000121966,CXCR4
ENSG00000118260,ENSG00000205268,PDE7A
ENSG00000143437,ENSG00000269858,EGLN2
ENSG00000205250,ENSG00000148229,POLE3
ENSG00000100811,ENSG00000100644,HIF1A
ENSG00000115415,ENSG00000113916,BCL6
ENSG00000105698,ENSG00000135919,SERPINE2
ENSG00000101412,ENSG00000187522,HSPA14
ENSG00000118260,ENSG00000126010,GRPR
ENSG00000169083,ENSG00000135100,HNF1A
,ENSG00000140443,IGF1R
ENSG00000171223,ENSG00000102882,MAPK3
ENSG00000118513,ENSG00000151692,RNF144A
ENSG00000020633,ENSG00000181885,CLDN7
ENSG00000128710,ENSG00000128709,HOXD9
ENSG00000150907,ENSG00000158850,B4GALT3
ENSG00000166949,ENSG00000125798,FOXA2
,ENSG00000099866,MADCAM1
ENSG00000141510,ENSG00000110330,BIRC2
ENSG00000185591,ENSG00000150281,CTF1
ENSG00000185591,ENSG00000104918,RETN
ENSG00000185591,ENSG00000163295,ALPI
ENSG00000166888,ENSG00000170345,FOS
ENSG00000157557,ENSG00000135679,MDM2
ENSG00000123268,ENSG00000135452,TSPAN31
ENSG00000109320,ENSG00000082701,GSK3B
ENSG00000100811,ENSG00000110435,PDHX
ENSG00000136997,ENSG00000116962,NID1
ENSG00000181163,ENSG00000130816,DNMT1
ENSG00000068305,ENSG00000111775,COX6A1
ENSG00000101412,ENSG00000058804,NDC1
ENSG00000115415,ENSG00000090339,ICAM1
ENSG00000101255,ENSG00000128272,ATF4
ENSG00000169083,ENSG00000108528,SLC25A11
ENSG00000185591,ENSG00000115008,IL1A
ENSG00000158773,ENSG00000168066,SF1
ENSG00000118513,ENSG00000174371,EXO1
ENSG00000120149,ENSG00000242252,BGLAP
ENSG00000179284,ENSG00000196743,GM2A
ENSG00000185591,ENSG00000131828,PDHA1
ENSG00000125398,ENSG00000148604,RGR
ENSG00000117318,ENSG00000112715,VEGFA
ENSG00000072310,ENSG00000170231,FABP6
ENSG00000118260,ENSG00000106628,POLD2
ENSG00000179284,ENSG00000062822,POLD1
ENSG00000233608,ENSG00000090339,ICAM1
ENSG00000101412,ENSG00000151025,GPR158
ENSG00000102974,ENSG00000103479,RBL2
ENSG00000091831,ENSG00000114062,UBE3A
ENSG00000148737,ENSG00000142208,AKT1
ENSG00000253293,ENSG00000092621,PHGDH
ENSG00000173039,ENSG00000073792,IGF2BP2
ENSG00000109320,ENSG00000037280,FLT4
ENSG00000101412,ENSG00000164342,TLR3
ENSG00000101412,ENSG00000138792,ENPEP
ENSG00000120738,ENSG00000166886,NAB2
ENSG00000157557,ENSG00000010610,CD4
ENSG00000185591,,
ENSG00000141510,ENSG00000118689,FOXO3
ENSG00000173757,ENSG00000112576,CCND3
ENSG00000112592,ENSG00000113161,HMGCR
ENSG00000101076,ENSG00000084674,APOB
ENSG00000166888,ENSG00000172156,CCL11
ENSG00000100811,ENSG00000132646,PCNA
ENSG00000080298,ENSG00000091181,IL5RA
ENSG00000140009,ENSG00000164109,MAD2L1
ENSG00000123268,ENSG00000160882,CYP11B1
ENSG00000185591,ENSG00000105976,MET
ENSG00000136997,ENSG00000163938,GNL3
ENSG00000185122,ENSG00000196371,FUT4
ENSG00000123358,ENSG00000158019,BABAM2
ENSG00000087903,ENSG00000113578,FGF1
ENSG00000136997,ENSG00000126458,RRAS
ENSG00000179284,ENSG00000127948,POR
ENSG00000172977,ENSG00000109471,IL2
ENSG00000169083,ENSG00000146674,IGFBP3
ENSG00000007968,ENSG00000130032,PRRG3
ENSG00000221869,ENSG00000159176,CSRP1
ENSG00000073282,ENSG00000115738,ID2
ENSG00000101412,ENSG00000065328,MCM10
ENSG00000169083,ENSG00000130957,FBP2
ENSG00000157554,ENSG00000149968,MMP3
ENSG00000172845,ENSG00000113070,HBEGF
ENSG00000100811,ENSG00000116016,EPAS1
ENSG00000177606,ENSG00000107317,PTGDS
ENSG00000118513,ENSG00000104689,TNFRSF10A
ENSG00000179284,ENSG00000106546,AHR
ENSG00000128652,ENSG00000150093,ITGB1
ENSG00000128645,ENSG00000150093,ITGB1
ENSG00000126351,ENSG00000117601,SERPINC1
ENSG00000143390,ENSG00000231389,HLA-DPA1
ENSG00000185591,ENSG00000166147,FBN1
ENSG00000170345,ENSG00000012061,ERCC1
ENSG00000112658,ENSG00000143384,MCL1
ENSG00000125398,ENSG00000204248,COL11A2
ENSG00000077092,ENSG00000177606,JUN
ENSG00000133111,ENSG00000196126,HLA-DRB1
ENSG00000187140,ENSG00000115963,RND3
ENSG00000007968,ENSG00000011422,PLAUR
ENSG00000165556,ENSG00000088386,SLC15A1
ENSG00000179284,ENSG00000163513,TGFBR2
ENSG00000186350,ENSG00000205560,CPT1B
ENSG00000101412,ENSG00000196998,WDR45
ENSG00000168556,ENSG00000165071,TMEM71
ENSG00000120738,ENSG00000085662,AKR1B1
ENSG00000101412,ENSG00000014919,COX15
ENSG00000245848,ENSG00000170458,CD14
ENSG00000168610,ENSG00000143190,POU2F1
ENSG00000124813,ENSG00000131981,LGALS3
ENSG00000172216,ENSG00000162892,IL24
ENSG00000065978,ENSG00000105325,FZR1
ENSG00000172466,ENSG00000102854,MSLN
ENSG00000221869,ENSG00000105173,CCNE1
ENSG00000172845,ENSG00000105329,TGFB1
ENSG00000138795,ENSG00000245848,CEBPA
ENSG00000104365,ENSG00000188425,NANOS2
ENSG00000102145,ENSG00000206172,HBA1
ENSG00000205250,ENSG00000112029,FBXO5
ENSG00000095794,ENSG00000104368,PLAT
ENSG00000102145,ENSG00000169704,GP9
ENSG00000173757,ENSG00000206439,TNF
ENSG00000091831,ENSG00000077942,FBLN1
ENSG00000147274,ENSG00000120738,EGR1
ENSG00000068903,ENSG00000081051,AFP
ENSG00000101412,ENSG00000102978,POLR2C
ENSG00000106546,ENSG00000125538,IL1B
ENSG00000141510,ENSG00000077044,DGKD
ENSG00000172845,ENSG00000174437,ATP2A2
ENSG00000277494,ENSG00000104899,AMH
ENSG00000115415,ENSG00000122420,PTGFR
ENSG00000179284,ENSG00000197122,SRC
ENSG00000104856,ENSG00000137077,CCL21
ENSG00000129071,ENSG00000087586,AURKA
ENSG00000122592,ENSG00000039068,CDH1
ENSG00000185591,ENSG00000128052,KDR
ENSG00000136997,ENSG00000162068,NTN3
ENSG00000118513,ENSG00000140443,IGF1R
ENSG00000111704,ENSG00000141448,GATA6
ENSG00000097007,ENSG00000184371,CSF1
ENSG00000179284,ENSG00000101680,LAMA1
ENSG00000185591,ENSG00000196839,ADA
ENSG00000169554,ENSG00000204371,EHMT2
ENSG00000245848,ENSG00000197561,ELANE
ENSG00000178028,ENSG00000130816,DNMT1
ENSG00000118689,ENSG00000164120,HPGD
ENSG00000127616,ENSG00000084774,CAD
ENSG00000088305,ENSG00000143850,PLEKHA6
ENSG00000130816,ENSG00000164362,TERT
ENSG00000170581,ENSG00000130522,JUND
ENSG00000177606,ENSG00000196344,ADH7
ENSG00000120738,ENSG00000129518,EAPP
ENSG00000179284,ENSG00000075043,KCNQ2
ENSG00000147133,ENSG00000197122,SRC
ENSG00000155090,ENSG00000077782,FGFR1
ENSG00000136997,ENSG00000116251,RPL22
ENSG00000169136,ENSG00000162946,DISC1
ENSG00000073282,,
ENSG00000169083,ENSG00000124225,PMEPA1
ENSG00000111424,ENSG00000146072,TNFRSF21
ENSG00000168610,ENSG00000100985,MMP9
ENSG00000172819,ENSG00000064835,POU1F1
ENSG00000173473,ENSG00000181449,SOX2
ENSG00000171720,ENSG00000168961,LGALS9
ENSG00000096717,ENSG00000118689,FOXO3
ENSG00000069011,ENSG00000260596,DUX4
ENSG00000118260,ENSG00000169083,AR
ENSG00000020633,ENSG00000175104,TRAF6
,ENSG00000120738,EGR1
ENSG00000177606,ENSG00000206075,SERPINB5
ENSG00000179348,ENSG00000149534,MS4A2
ENSG00000131759,ENSG00000133315,MACROD1
ENSG00000169083,ENSG00000168306,ACOX2
,ENSG00000182580,EPHB3
ENSG00000172819,ENSG00000143546,S100A8
ENSG00000105698,ENSG00000142186,SCYL1
ENSG00000136997,ENSG00000066926,FECH
ENSG00000101412,ENSG00000133119,RFC3
ENSG00000177374,ENSG00000096717,SIRT1
,ENSG00000162924,REL
ENSG00000112242,,
ENSG00000131759,ENSG00000090534,THPO
ENSG00000101412,ENSG00000122707,RECK
ENSG00000101412,ENSG00000197056,ZMYM1
ENSG00000074800,ENSG00000203859,HSD3B2
ENSG00000170345,ENSG00000167720,SRR
ENSG00000125813,ENSG00000134853,PDGFRA
ENSG00000187098,ENSG00000185664,PMEL
ENSG00000116478,,
ENSG00000177606,ENSG00000121858,TNFSF10
ENSG00000077092,ENSG00000100030,MAPK1
ENSG00000185591,ENSG00000100811,YY1
ENSG00000179388,ENSG00000110848,CD69
ENSG00000136997,ENSG00000168710,AHCYL1
ENSG00000185591,ENSG00000120802,TMPO
ENSG00000205250,ENSG00000143933,CALM2
ENSG00000123268,ENSG00000270882,H4C14
ENSG00000158773,ENSG00000110092,CCND1
ENSG00000136997,ENSG00000134138,MEIS2
ENSG00000128272,ENSG00000169429,CXCL8
ENSG00000141510,ENSG00000185122,HSF1
ENSG00000126767,ENSG00000163017,ACTG2
ENSG00000108813,ENSG00000244734,HBB
ENSG00000101412,ENSG00000182752,PAPPA
ENSG00000168610,ENSG00000171791,BCL2
ENSG00000118513,ENSG00000171611,PTCRA
ENSG00000141510,ENSG00000111424,VDR
ENSG00000173039,ENSG00000125538,IL1B
ENSG00000089280,ENSG00000164344,KLKB1
ENSG00000007968,ENSG00000087460,GNAS
ENSG00000106462,ENSG00000154734,ADAMTS1
ENSG00000177606,ENSG00000131981,LGALS3
ENSG00000100393,ENSG00000141736,ERBB2
ENSG00000205250,ENSG00000172534,HCFC1
ENSG00000164107,ENSG00000136574,GATA4
ENSG00000089280,ENSG00000135679,MDM2
ENSG00000100393,ENSG00000173039,RELA
ENSG00000172534,ENSG00000132763,MMACHC
ENSG00000111206,ENSG00000167910,CYP7A1
ENSG00000177606,ENSG00000123505,AMD1
ENSG00000084676,ENSG00000130427,EPO
ENSG00000074266,,
ENSG00000101412,ENSG00000155090,KLF10
ENSG00000007968,,
ENSG00000185591,ENSG00000177575,CD163
ENSG00000152284,ENSG00000206454,POU5F1
ENSG00000179284,ENSG00000086696,HSD17B2
ENSG00000173039,ENSG00000188425,NANOS2
ENSG00000101412,ENSG00000064547,LPAR2
ENSG00000133111,ENSG00000179344,HLA-DQB1
ENSG00000118513,ENSG00000132646,PCNA
ENSG00000107485,ENSG00000054598,FOXC1
ENSG00000151090,ENSG00000101412,E2F1
,ENSG00000129514,FOXA1
ENSG00000091831,ENSG00000147862,NFIB
ENSG00000177606,ENSG00000163453,IGFBP7
ENSG00000185591,ENSG00000231924,PSG1
ENSG00000101412,ENSG00000137331,IER3
ENSG00000172845,ENSG00000162551,ALPL
ENSG00000136997,ENSG00000169884,WNT10B
ENSG00000064835,ENSG00000112964,GHR
ENSG00000158773,ENSG00000012048,BRCA1
ENSG00000140009,ENSG00000099875,MKNK2
ENSG00000134954,ENSG00000129562,DAD1
ENSG00000182979,ENSG00000141376,BCAS3
ENSG00000141510,ENSG00000048392,RRM2B
ENSG00000129514,ENSG00000160182,TFF1
ENSG00000185591,ENSG00000099822,HCN2
ENSG00000100811,ENSG00000143375,CGN
ENSG00000012048,ENSG00000135828,RNASEL
ENSG00000136997,ENSG00000087085,ACHE
ENSG00000115641,ENSG00000124762,CDKN1A
ENSG00000185591,ENSG00000186832,KRT16
ENSG00000100644,ENSG00000106633,GCK
ENSG00000112658,ENSG00000108106,UBE2S
ENSG00000134323,ENSG00000125885,MCM8
ENSG00000159388,ENSG00000164344,KLKB1
ENSG00000100644,ENSG00000159640,ACE
ENSG00000173039,ENSG00000120937,NPPB
ENSG00000111801,ENSG00000149311,ATM
,ENSG00000168036,CTNNB1
ENSG00000233608,ENSG00000166333,ILK
,,
ENSG00000066136,ENSG00000260027,HOXB7
ENSG00000164749,ENSG00000198610,AKR1C4
ENSG00000115738,ENSG00000164362,TERT
ENSG00000143390,ENSG00000164692,COL1A2
ENSG00000106462,ENSG00000125618,PAX8
ENSG00000141646,ENSG00000073756,PTGS2
ENSG00000132170,ENSG00000118513,MYB
ENSG00000105991,ENSG00000137331,IER3
ENSG00000136997,ENSG00000009954,BAZ1B
ENSG00000091831,ENSG00000185591,SP1
ENSG00000136997,ENSG00000114268,PFKFB4
ENSG00000141510,ENSG00000120738,EGR1
ENSG00000125968,ENSG00000163848,ZNF148
ENSG00000185591,ENSG00000041982,TNC
ENSG00000156983,ENSG00000163875,MEAF6
ENSG00000115966,ENSG00000104368,PLAT
ENSG00000115966,ENSG00000134138,MEIS2
ENSG00000169136,ENSG00000183918,SH2D1A
ENSG00000169083,ENSG00000067182,TNFRSF1A
ENSG00000144597,ENSG00000105656,ELL
ENSG00000136931,ENSG00000197408,CYP2B6
ENSG00000136997,ENSG00000115816,CEBPZ
ENSG00000101412,ENSG00000197548,ATG7
ENSG00000151702,ENSG00000149968,MMP3
ENSG00000100811,ENSG00000203859,HSD3B2
ENSG00000101412,ENSG00000165023,DIRAS2
ENSG00000185591,ENSG00000099866,MADCAM1
ENSG00000077092,ENSG00000088247,KHSRP
ENSG00000185591,ENSG00000130592,LSP1
ENSG00000134954,ENSG00000120889,TNFRSF10B
ENSG00000115415,ENSG00000117228,GBP1
ENSG00000118513,ENSG00000159216,RUNX1
ENSG00000205250,ENSG00000138778,CENPE
ENSG00000122877,ENSG00000169562,GJB1
ENSG00000136997,ENSG00000149554,CHEK1
ENSG00000101412,ENSG00000137727,ARHGAP20
ENSG00000196628,ENSG00000198178,CLEC4C
ENSG00000100811,ENSG00000184216,IRAK1
ENSG00000102554,ENSG00000160255,ITGB2
ENSG00000134954,ENSG00000140678,ITGAX
ENSG00000245848,ENSG00000084674,APOB
ENSG00000136997,ENSG00000184110,EIF3C
ENSG00000141905,ENSG00000111012,CYP27B1
ENSG00000134954,ENSG00000145936,KCNMB1
ENSG00000065978,ENSG00000026103,FAS
ENSG00000173039,ENSG00000073756,PTGS2
ENSG00000082175,ENSG00000141736,ERBB2
ENSG00000177606,ENSG00000067596,DHX8
ENSG00000096717,ENSG00000185122,HSF1
ENSG00000113916,ENSG00000113916,BCL6
ENSG00000008196,ENSG00000107317,PTGDS
ENSG00000182979,ENSG00000171552,BCL2L1
ENSG00000122691,ENSG00000101132,PFDN4
ENSG00000082175,ENSG00000173039,RELA
ENSG00000166949,ENSG00000206454,POU5F1
ENSG00000169083,ENSG00000143156,NME7
ENSG00000205250,ENSG00000116717,GADD45A
ENSG00000141510,ENSG00000122512,PMS2
ENSG00000257923,ENSG00000114251,WNT5A
ENSG00000130522,ENSG00000136997,MYC
ENSG00000164093,ENSG00000196468,FGF16
ENSG00000102974,ENSG00000241119,UGT1A9
ENSG00000133111,ENSG00000241674,HLA-DMB
ENSG00000116016,ENSG00000126353,CCR7
ENSG00000168610,ENSG00000184500,PROS1
ENSG00000101412,ENSG00000135899,SP110
ENSG00000128272,ENSG00000146678,IGFBP1
ENSG00000134954,ENSG00000173638,SLC19A1
ENSG00000118513,ENSG00000170606,HSPA4
ENSG00000012048,ENSG00000096968,JAK2
ENSG00000185591,ENSG00000179593,ALOX15B
ENSG00000137834,ENSG00000105810,CDK6
ENSG00000109320,ENSG00000164342,TLR3
ENSG00000109320,ENSG00000164867,NOS3
ENSG00000187098,ENSG00000105976,MET
ENSG00000072310,ENSG00000105974,CAV1
ENSG00000136997,ENSG00000213741,RPS29
ENSG00000177606,ENSG00000100985,MMP9
ENSG00000136997,ENSG00000018510,AGPS
ENSG00000179348,ENSG00000106327,TFR2
ENSG00000118513,ENSG00000170312,CDK1
ENSG00000134954,ENSG00000165973,NELL1
ENSG00000111424,ENSG00000146674,IGFBP3
ENSG00000179284,ENSG00000002586,CD99
ENSG00000185591,ENSG00000127951,FGL2
ENSG00000118513,ENSG00000189403,HMGB1
ENSG00000137265,ENSG00000129226,CD68
ENSG00000091831,ENSG00000114861,FOXP1
ENSG00000245848,ENSG00000198189,HSD17B11
ENSG00000124216,ENSG00000271503,CCL5
,ENSG00000135218,CD36
,ENSG00000196639,HRH1
ENSG00000136997,,
ENSG00000143190,ENSG00000165684,SNAPC4
ENSG00000136997,ENSG00000109917,ZPR1
ENSG00000101076,ENSG00000091138,SLC26A3
ENSG00000105856,ENSG00000130816,DNMT1
ENSG00000116833,ENSG00000147465,STAR
ENSG00000148737,ENSG00000026508,CD44
ENSG00000181163,ENSG00000135679,MDM2
ENSG00000136997,ENSG00000136877,FPGS
ENSG00000101412,ENSG00000142192,APP
ENSG00000185591,ENSG00000111424,VDR
ENSG00000179284,ENSG00000001084,GCLC
ENSG00000115966,ENSG00000007908,SELE
ENSG00000157557,ENSG00000090339,ICAM1
ENSG00000134086,ENSG00000155090,KLF10
ENSG00000139687,ENSG00000120690,ELF1
ENSG00000149480,ENSG00000170820,FSHR
ENSG00000120738,ENSG00000203883,SOX18
ENSG00000168610,ENSG00000126581,BECN1
ENSG00000012048,ENSG00000054598,FOXC1
ENSG00000159216,ENSG00000185245,GP1BA
ENSG00000107485,ENSG00000170558,CDH2
ENSG00000179284,ENSG00000203782,LORICRIN
ENSG00000169083,ENSG00000064835,POU1F1
ENSG00000181449,ENSG00000007372,PAX6
,ENSG00000140968,IRF8
ENSG00000170345,ENSG00000198799,LRIG2
ENSG00000185591,ENSG00000185291,IL3RA
ENSG00000172845,ENSG00000004948,CALCR
ENSG00000115415,ENSG00000140464,PML
ENSG00000112242,ENSG00000197442,MAP3K5
ENSG00000169083,ENSG00000122592,HOXA7
ENSG00000136997,ENSG00000073910,FRY
ENSG00000120738,ENSG00000148737,TCF7L2
ENSG00000140464,ENSG00000100393,EP300
ENSG00000109320,ENSG00000166573,GALR1
ENSG00000148737,ENSG00000078401,EDN1
ENSG00000118260,ENSG00000172179,PRL
ENSG00000100644,ENSG00000039068,CDH1
ENSG00000179284,ENSG00000108576,SLC6A4
ENSG00000074047,ENSG00000185338,SOCS1
ENSG00000179284,ENSG00000105894,PTN
ENSG00000185591,ENSG00000130427,EPO
ENSG00000169083,ENSG00000143546,S100A8
ENSG00000136997,ENSG00000177606,JUN
ENSG00000135457,ENSG00000082701,GSK3B
ENSG00000091831,ENSG00000127948,POR
ENSG00000115966,ENSG00000110245,APOC3
ENSG00000172216,ENSG00000100889,PCK2
ENSG00000100429,ENSG00000265972,TXNIP
ENSG00000164379,ENSG00000147655,RSPO2
ENSG00000179284,ENSG00000197471,SPN
ENSG00000205250,ENSG00000100297,MCM5
ENSG00000169083,ENSG00000170917,NUDT6
ENSG00000152284,ENSG00000105325,FZR1
ENSG00000115415,ENSG00000197747,S100A10
ENSG00000136997,ENSG00000172845,SP3
ENSG00000091831,ENSG00000106546,AHR
,ENSG00000171791,BCL2
,ENSG00000102805,CLN5
ENSG00000177606,ENSG00000168906,MAT2A
ENSG00000168610,ENSG00000128422,KRT17
ENSG00000100823,ENSG00000108691,CCL2
ENSG00000169083,ENSG00000198646,NCOA6
ENSG00000114315,ENSG00000078018,MAP2
ENSG00000182944,ENSG00000122877,EGR2
ENSG00000141510,ENSG00000139428,MMAB
ENSG00000066336,ENSG00000102575,ACP5
ENSG00000147274,ENSG00000157404,KIT
ENSG00000118260,ENSG00000109163,GNRHR
ENSG00000196628,ENSG00000134363,FST
ENSG00000173039,ENSG00000163629,PTPN13
ENSG00000084093,ENSG00000128564,VGF
ENSG00000136997,ENSG00000115541,HSPE1
ENSG00000136997,ENSG00000174951,FUT1
ENSG00000118260,ENSG00000109099,PMP22
ENSG00000125952,ENSG00000119383,PTPA
ENSG00000185507,ENSG00000169245,CXCL10
ENSG00000179348,ENSG00000147465,STAR
ENSG00000141644,ENSG00000012779,ALOX5
ENSG00000151702,ENSG00000112576,CCND3
ENSG00000134954,ENSG00000152127,MGAT5
,ENSG00000018280,SLC11A1
ENSG00000141510,ENSG00000007968,E2F2
ENSG00000167034,ENSG00000164344,KLKB1
ENSG00000141646,ENSG00000124762,CDKN1A
ENSG00000185591,ENSG00000120738,EGR1
ENSG00000107859,ENSG00000277400,
ENSG00000173039,ENSG00000102837,OLFM4
ENSG00000132005,ENSG00000223865,HLA-DPB1
ENSG00000074047,ENSG00000178919,FOXE1
ENSG00000177606,ENSG00000110848,CD69
ENSG00000173039,ENSG00000137947,GTF2B
ENSG00000066336,ENSG00000177575,CD163
ENSG00000134954,ENSG00000074370,ATP2A3
ENSG00000185591,ENSG00000162924,REL
ENSG00000118260,ENSG00000133636,NTS
ENSG00000245848,ENSG00000141510,TP53
ENSG00000119138,ENSG00000141682,PMAIP1
ENSG00000168310,ENSG00000067066,SP100
ENSG00000012048,ENSG00000066279,ASPM
ENSG00000136997,ENSG00000111142,METAP2
ENSG00000136997,ENSG00000150753,CCT5
ENSG00000131408,ENSG00000156515,HK1
ENSG00000074047,ENSG00000123095,BHLHE41
ENSG00000105698,ENSG00000177302,TOP3A
ENSG00000091831,ENSG00000197122,SRC
ENSG00000084093,ENSG00000258947,TUBB3
ENSG00000169083,ENSG00000181061,HIGD1A
ENSG00000102974,ENSG00000151693,ASAP2
ENSG00000196591,ENSG00000215182,MUC5AC
ENSG00000187098,ENSG00000102575,ACP5
ENSG00000118513,ENSG00000163563,MNDA
ENSG00000233608,ENSG00000105325,FZR1
ENSG00000177606,ENSG00000206459,PSORS1C2
ENSG00000115415,ENSG00000102524,TNFSF13B
ENSG00000120738,ENSG00000110092,CCND1
,ENSG00000157404,KIT
ENSG00000170345,ENSG00000082175,PGR
ENSG00000173039,ENSG00000124762,CDKN1A
ENSG00000012504,ENSG00000173039,RELA
ENSG00000172845,ENSG00000115159,GPD2
ENSG00000007968,ENSG00000106333,PCOLCE
ENSG00000175197,ENSG00000288505,NANOS3
ENSG00000091831,ENSG00000039068,CDH1
ENSG00000124216,ENSG00000175592,FOSL1
ENSG00000148737,ENSG00000185269,NOTUM
ENSG00000141905,ENSG00000077235,GTF3C1
ENSG00000185591,ENSG00000118971,CCND2
ENSG00000107485,ENSG00000124151,NCOA3
ENSG00000115966,ENSG00000177606,JUN
ENSG00000105856,ENSG00000066336,SPI1
ENSG00000185591,ENSG00000149809,TM7SF2
ENSG00000151923,ENSG00000163737,PF4
ENSG00000112242,ENSG00000257923,CUX1
ENSG00000137273,ENSG00000197461,PDGFA
ENSG00000141510,ENSG00000164362,TERT
ENSG00000111653,ENSG00000118785,SPP1
ENSG00000080298,ENSG00000166963,MAP1A
ENSG00000111704,ENSG00000240563,L1TD1
ENSG00000141905,ENSG00000134574,DDB2
ENSG00000221926,ENSG00000101412,E2F1
ENSG00000157554,ENSG00000148516,ZEB1
ENSG00000186951,ENSG00000163586,FABP1
ENSG00000136997,ENSG00000100030,MAPK1
ENSG00000139687,ENSG00000228716,DHFR
ENSG00000118260,ENSG00000090534,THPO
ENSG00000118260,ENSG00000241106,HLA-DOB
ENSG00000134954,ENSG00000125378,BMP4
ENSG00000075426,ENSG00000120885,CLU
,ENSG00000170525,PFKFB3
ENSG00000115415,ENSG00000203747,FCGR3A
ENSG00000141510,ENSG00000117394,SLC2A1
ENSG00000007968,ENSG00000162385,MAGOH
ENSG00000101076,ENSG00000180432,CYP8B1
ENSG00000129351,ENSG00000134940,ACRV1
ENSG00000082641,ENSG00000117118,SDHB
ENSG00000136997,ENSG00000175063,UBE2C
ENSG00000157554,ENSG00000118432,CNR1
ENSG00000100811,ENSG00000204287,HLA-DRA
ENSG00000196498,ENSG00000073734,ABCB11
ENSG00000179284,ENSG00000122912,SLC25A16
ENSG00000136997,ENSG00000171858,RPS21
ENSG00000172819,ENSG00000163220,S100A9
ENSG00000066336,ENSG00000130592,LSP1
ENSG00000101412,ENSG00000167513,CDT1
ENSG00000132170,ENSG00000245848,CEBPA
ENSG00000178860,ENSG00000164045,CDC25A
ENSG00000135100,ENSG00000241119,UGT1A9
ENSG00000166949,ENSG00000164692,COL1A2
ENSG00000177606,ENSG00000117560,FASLG
ENSG00000109320,ENSG00000137331,IER3
ENSG00000172845,ENSG00000175445,LPL
ENSG00000172845,ENSG00000140939,NOL3
ENSG00000109320,ENSG00000130649,CYP2E1
ENSG00000095794,ENSG00000148400,NOTCH1
ENSG00000260027,ENSG00000138685,FGF2
ENSG00000111087,ENSG00000177606,JUN
ENSG00000126767,ENSG00000196371,FUT4
ENSG00000136997,ENSG00000108561,C1QBP
ENSG00000118513,ENSG00000171791,BCL2
ENSG00000077092,ENSG00000100393,EP300
ENSG00000139687,ENSG00000165392,WRN
ENSG00000077092,ENSG00000111276,CDKN1B
ENSG00000137309,ENSG00000164045,CDC25A
ENSG00000100146,ENSG00000169562,GJB1
ENSG00000153234,ENSG00000169429,CXCL8
ENSG00000008083,ENSG00000106631,MYL7
ENSG00000118689,ENSG00000169083,AR
ENSG00000130816,ENSG00000151012,SLC7A11
,ENSG00000141579,ZNF750
ENSG00000162924,ENSG00000118503,TNFAIP3
ENSG00000205250,ENSG00000137411,VARS2
ENSG00000071564,ENSG00000105810,CDK6
ENSG00000101412,ENSG00000123473,STIL
ENSG00000175197,ENSG00000143384,MCL1
ENSG00000172216,ENSG00000134339,SAA2
ENSG00000123268,ENSG00000142166,IFNAR1
ENSG00000179284,ENSG00000106991,ENG
ENSG00000136997,ENSG00000157653,C9orf43
ENSG00000125347,,
ENSG00000066136,ENSG00000134595,SOX3
ENSG00000141510,ENSG00000183765,CHEK2
ENSG00000141646,ENSG00000276644,DACH1
ENSG00000169083,ENSG00000138640,FAM13A
ENSG00000245848,ENSG00000133661,SFTPD
ENSG00000177606,ENSG00000114854,TNNC1
ENSG00000177606,ENSG00000126581,BECN1
ENSG00000109320,ENSG00000171223,JUNB
ENSG00000007968,ENSG00000185130,H2BC13
ENSG00000141510,,
ENSG00000173039,ENSG00000142453,CARM1
ENSG00000169083,ENSG00000170345,FOS
ENSG00000091831,ENSG00000105464,GRIN2D
,ENSG00000146648,EGFR
ENSG00000205250,ENSG00000198931,APRT
ENSG00000173039,ENSG00000134460,IL2RA
ENSG00000118513,ENSG00000168906,MAT2A
ENSG00000185122,ENSG00000103546,SLC6A2
ENSG00000136997,ENSG00000143799,PARP1
ENSG00000115415,ENSG00000120949,TNFRSF8
ENSG00000082175,ENSG00000163501,IHH
ENSG00000134852,ENSG00000105835,NAMPT
ENSG00000175745,ENSG00000117505,DR1
ENSG00000141510,ENSG00000136235,GPNMB
ENSG00000179284,ENSG00000038274,MAT2B
,ENSG00000115138,POMC
ENSG00000245848,ENSG00000231852,CYP21A2
ENSG00000131759,ENSG00000137440,FGFBP1
ENSG00000115415,ENSG00000137193,PIM1
ENSG00000101412,ENSG00000083093,PALB2
ENSG00000125798,ENSG00000106541,AGR2
,ENSG00000108821,COL1A1
ENSG00000007968,ENSG00000162517,PEF1
ENSG00000100146,ENSG00000080166,DCT
ENSG00000100811,ENSG00000203857,HSD3B1
ENSG00000101412,ENSG00000076248,UNG
ENSG00000134046,ENSG00000122180,MYOG
ENSG00000136997,ENSG00000106397,PLOD3
ENSG00000130816,ENSG00000095002,MSH2
ENSG00000141905,ENSG00000234127,TRIM26
ENSG00000136997,ENSG00000088247,KHSRP
ENSG00000113580,ENSG00000176387,HSD11B2
ENSG00000173039,ENSG00000115414,FN1
ENSG00000115415,ENSG00000102265,TIMP1
ENSG00000185591,ENSG00000108839,ALOX12
ENSG00000066336,ENSG00000105246,EBI3
ENSG00000172845,ENSG00000206439,TNF
ENSG00000105698,ENSG00000110680,CALCA
ENSG00000166888,ENSG00000115415,STAT1
ENSG00000112242,ENSG00000145386,CCNA2
ENSG00000161298,ENSG00000173757,STAT5B
ENSG00000113580,ENSG00000137869,CYP19A1
ENSG00000134323,ENSG00000137309,HMGA1
ENSG00000096717,ENSG00000164362,TERT
ENSG00000107807,ENSG00000119508,NR4A3
ENSG00000001167,ENSG00000112972,HMGCS1
ENSG00000166949,ENSG00000152591,DSPP
ENSG00000158773,ENSG00000169710,FASN
ENSG00000105856,ENSG00000118513,MYB
ENSG00000109320,ENSG00000197919,IFNA1
ENSG00000179284,ENSG00000118137,APOA1
ENSG00000182979,ENSG00000160182,TFF1
ENSG00000135100,ENSG00000091583,APOH
ENSG00000141510,ENSG00000115486,GGCX
ENSG00000066336,ENSG00000185291,IL3RA
ENSG00000101412,ENSG00000125885,MCM8
ENSG00000109320,ENSG00000181634,TNFSF15
ENSG00000100393,ENSG00000157456,CCNB2
ENSG00000136574,ENSG00000288505,NANOS3
ENSG00000153234,ENSG00000196611,MMP1
ENSG00000196092,ENSG00000057657,PRDM1
ENSG00000120093,ENSG00000136352,NKX2-1
ENSG00000112033,ENSG00000167772,ANGPTL4
ENSG00000179284,ENSG00000104368,PLAT
ENSG00000170581,ENSG00000073060,SCARB1
ENSG00000112033,ENSG00000073060,SCARB1
ENSG00000072310,ENSG00000169710,FASN
ENSG00000097007,ENSG00000124762,CDKN1A
ENSG00000172845,ENSG00000153044,CENPH
ENSG00000067082,ENSG00000105825,TFPI2
ENSG00000132170,ENSG00000057252,SOAT1
,ENSG00000046604,DSG2
ENSG00000164736,ENSG00000102908,NFAT5
ENSG00000135100,ENSG00000115850,LCT
ENSG00000150907,ENSG00000124762,CDKN1A
ENSG00000105866,ENSG00000133256,PDE6B
ENSG00000099326,ENSG00000108578,BLMH
ENSG00000136997,ENSG00000072571,HMMR
ENSG00000141510,ENSG00000166508,MCM7
ENSG00000205250,ENSG00000168003,SLC3A2
ENSG00000101412,ENSG00000107077,KDM4C
ENSG00000206454,ENSG00000092421,SEMA6A
ENSG00000124216,ENSG00000170345,FOS
ENSG00000073282,ENSG00000186951,PPARA
ENSG00000158773,ENSG00000170820,FSHR
ENSG00000185591,ENSG00000021826,CPS1
ENSG00000125740,ENSG00000102265,TIMP1
ENSG00000136997,ENSG00000162521,RBBP4
ENSG00000143207,ENSG00000143207,COP1
ENSG00000167182,ENSG00000123560,PLP1
ENSG00000118260,ENSG00000121966,CXCR4
ENSG00000119725,ENSG00000196611,MMP1
ENSG00000134323,ENSG00000234745,HLA-B
ENSG00000205250,ENSG00000104312,RIPK2
ENSG00000141510,ENSG00000142208,AKT1
ENSG00000118513,ENSG00000132297,HHLA1
ENSG00000136997,ENSG00000004478,FKBP4
ENSG00000166949,ENSG00000102265,TIMP1
ENSG00000123268,ENSG00000133636,NTS
ENSG00000115415,ENSG00000026103,FAS
ENSG00000049768,ENSG00000143258,USP21
ENSG00000136997,ENSG00000130707,ASS1
ENSG00000136997,ENSG00000084073,ZMPSTE24
ENSG00000101412,ENSG00000100479,POLE2
ENSG00000110777,ENSG00000167900,TK1
ENSG00000185591,ENSG00000130656,HBZ
ENSG00000198176,ENSG00000141510,TP53
ENSG00000141510,ENSG00000101412,E2F1
ENSG00000100811,ENSG00000113525,IL5
ENSG00000157557,ENSG00000133703,KRAS
ENSG00000115415,ENSG00000137462,TLR2
ENSG00000136997,ENSG00000171311,EXOSC1
ENSG00000140009,ENSG00000164362,TERT
ENSG00000179284,ENSG00000156475,PPP2R2B
,ENSG00000171345,KRT19
ENSG00000185591,ENSG00000164362,TERT
ENSG00000143190,ENSG00000149534,MS4A2
ENSG00000233608,ENSG00000101955,SRPX
ENSG00000245848,ENSG00000038945,MSR1
ENSG00000165556,ENSG00000134982,APC
ENSG00000173039,ENSG00000117152,RGS4
ENSG00000205250,,
,ENSG00000115758,ODC1
ENSG00000177606,ENSG00000113525,IL5
ENSG00000141510,ENSG00000146648,EGFR
ENSG00000073282,ENSG00000154767,XPC
ENSG00000141905,ENSG00000108312,UBTF
ENSG00000101412,ENSG00000034713,GABARAPL2
ENSG00000136997,ENSG00000105173,CCNE1
ENSG00000175832,ENSG00000118513,MYB
,ENSG00000196712,NF1
ENSG00000112033,ENSG00000176387,HSD11B2
ENSG00000186951,ENSG00000146678,IGFBP1
ENSG00000109320,ENSG00000183607,GKN2
ENSG00000066336,ENSG00000162924,REL
ENSG00000136997,ENSG00000118600,RXYLT1
ENSG00000007968,ENSG00000139344,AMDHD1
ENSG00000139687,ENSG00000139687,RB1
ENSG00000078399,ENSG00000076928,ARHGEF1
ENSG00000169083,,
ENSG00000116478,ENSG00000120738,EGR1
ENSG00000099917,ENSG00000116701,NCF2
ENSG00000102038,ENSG00000147889,CDKN2A
ENSG00000136997,,
ENSG00000173039,ENSG00000085563,ABCB1
ENSG00000173039,ENSG00000140285,FGF7
,ENSG00000085117,CD82
ENSG00000148737,ENSG00000108691,CCL2
ENSG00000177606,ENSG00000162783,IER5
ENSG00000164379,ENSG00000105325,FZR1
ENSG00000172845,ENSG00000288505,NANOS3
ENSG00000119950,ENSG00000136997,MYC
ENSG00000169016,ENSG00000126756,UXT
ENSG00000107485,ENSG00000105849,POLR1F
ENSG00000101412,ENSG00000184117,NIPSNAP1
ENSG00000118260,ENSG00000070501,POLB
ENSG00000120837,ENSG00000203883,SOX18
ENSG00000136997,ENSG00000089009,RPL6
ENSG00000136997,ENSG00000112245,PTP4A1
ENSG00000092067,ENSG00000186652,PRG2
ENSG00000173039,ENSG00000106459,NRF1
ENSG00000075426,ENSG00000160182,TFF1
,ENSG00000142168,SOD1
ENSG00000111206,ENSG00000169083,AR
ENSG00000090447,ENSG00000145113,MUC4
ENSG00000101076,ENSG00000180210,F2
ENSG00000205250,ENSG00000119938,PPP1R3C
ENSG00000116478,ENSG00000118971,CCND2
ENSG00000122034,ENSG00000151929,BAG3
ENSG00000141905,ENSG00000138039,LHCGR
ENSG00000132170,ENSG00000090339,ICAM1
ENSG00000102145,ENSG00000187266,EPOR
ENSG00000185591,ENSG00000132182,NUP210
ENSG00000134323,ENSG00000119950,MXI1
ENSG00000116478,ENSG00000164825,DEFB1
ENSG00000109320,ENSG00000113070,HBEGF
ENSG00000245848,ENSG00000105697,HAMP
ENSG00000185591,,
ENSG00000169083,ENSG00000163220,S100A9
ENSG00000132170,ENSG00000143839,REN
ENSG00000148737,ENSG00000204335,SP5
ENSG00000179284,ENSG00000110245,APOC3
ENSG00000113580,ENSG00000115966,ATF2
ENSG00000122180,,
ENSG00000185591,ENSG00000262406,MMP12
ENSG00000179348,ENSG00000140450,ARRDC4
ENSG00000141905,ENSG00000134812,CBLIF
ENSG00000185591,ENSG00000157404,KIT
ENSG00000101412,ENSG00000106236,NPTX2
ENSG00000101412,,
ENSG00000109320,ENSG00000119383,PTPA
ENSG00000057935,ENSG00000105329,TGFB1
ENSG00000136997,ENSG00000134333,LDHA
ENSG00000101412,ENSG00000100296,THOC5
ENSG00000205250,ENSG00000101945,SUV39H1
ENSG00000112658,ENSG00000157227,MMP14
,ENSG00000171867,PRNP
ENSG00000185591,ENSG00000136634,IL10
ENSG00000126767,ENSG00000132676,DAP3
ENSG00000169083,ENSG00000134323,MYCN
ENSG00000141905,ENSG00000206172,HBA1
ENSG00000168214,ENSG00000170558,CDH2
ENSG00000245848,ENSG00000169047,IRS1
ENSG00000173039,ENSG00000104689,TNFRSF10A
ENSG00000115816,ENSG00000060718,COL11A1
ENSG00000205250,ENSG00000184678,H2BC21
ENSG00000186951,ENSG00000136997,MYC
ENSG00000137273,ENSG00000107562,CXCL12
ENSG00000196498,ENSG00000100889,PCK2
ENSG00000162924,ENSG00000007908,SELE
ENSG00000092067,ENSG00000136997,MYC
ENSG00000181449,ENSG00000163914,RHO
ENSG00000109320,ENSG00000105329,TGFB1
ENSG00000007968,,
ENSG00000158773,ENSG00000110243,APOA5
ENSG00000001167,ENSG00000164611,PTTG1
ENSG00000182944,ENSG00000164362,TERT
ENSG00000136997,ENSG00000088205,DDX18
ENSG00000105698,ENSG00000231924,PSG1
ENSG00000105516,ENSG00000073849,ST6GAL1
ENSG00000136997,ENSG00000138376,BARD1
ENSG00000121060,ENSG00000107201,RIGI
ENSG00000175832,ENSG00000156113,KCNMA1
ENSG00000101412,ENSG00000166272,WBP1L
ENSG00000141646,ENSG00000115325,DOK1
ENSG00000157554,ENSG00000111249,CUX2
ENSG00000122691,ENSG00000102882,MAPK3
ENSG00000114166,ENSG00000148516,ZEB1
ENSG00000077092,ENSG00000140945,CDH13
ENSG00000173039,ENSG00000239732,TLR9
,ENSG00000130513,GDF15
ENSG00000111087,ENSG00000157483,MYO1E
ENSG00000101412,ENSG00000107485,GATA3
ENSG00000172216,ENSG00000177455,CD19
ENSG00000072310,ENSG00000110243,APOA5
ENSG00000101412,ENSG00000173846,PLK3
ENSG00000205250,ENSG00000204264,PSMB8
ENSG00000105698,ENSG00000079215,SLC1A3
ENSG00000007968,ENSG00000064995,TAF11
ENSG00000020633,,
ENSG00000106462,ENSG00000105325,FZR1
ENSG00000118689,ENSG00000147883,CDKN2B
ENSG00000185507,ENSG00000233816,IFNA13
ENSG00000168610,ENSG00000185338,SOCS1
ENSG00000179284,ENSG00000136877,FPGS
ENSG00000148737,ENSG00000187098,MITF
ENSG00000205250,,
ENSG00000177606,ENSG00000271503,CCL5
ENSG00000141510,ENSG00000085117,CD82
ENSG00000117139,ENSG00000124212,PTGIS
ENSG00000136931,ENSG00000140459,CYP11A1
ENSG00000109320,ENSG00000148346,LCN2
ENSG00000123268,ENSG00000187555,USP7
ENSG00000101412,ENSG00000171817,ZNF540
ENSG00000171720,ENSG00000100889,PCK2
,ENSG00000178394,HTR1A
ENSG00000168036,ENSG00000073756,PTGS2
ENSG00000136997,ENSG00000112799,LY86
ENSG00000130816,ENSG00000064012,CASP8
ENSG00000101412,ENSG00000086062,B4GALT1
ENSG00000158773,ENSG00000116824,CD2
ENSG00000168610,ENSG00000164808,SPIDR
ENSG00000091831,ENSG00000165841,CYP2C19
ENSG00000185122,ENSG00000171476,HOPX
ENSG00000102974,ENSG00000107331,ABCA2
ENSG00000130522,ENSG00000181019,NQO1
ENSG00000185591,ENSG00000177697,CD151
ENSG00000139687,ENSG00000136997,MYC
ENSG00000106462,ENSG00000020633,RUNX3
ENSG00000168610,ENSG00000135446,CDK4
ENSG00000136997,ENSG00000100804,PSMB5
ENSG00000096717,ENSG00000049768,FOXP3
ENSG00000101412,ENSG00000049541,RFC2
ENSG00000100906,ENSG00000253293,HOXA10
ENSG00000141510,ENSG00000112941,TENT4A
ENSG00000187098,ENSG00000120215,MLANA
ENSG00000082175,ENSG00000086696,HSD17B2
ENSG00000012048,ENSG00000109321,AREG
ENSG00000159216,ENSG00000005381,MPO
ENSG00000185591,ENSG00000101412,E2F1
ENSG00000106546,ENSG00000132646,PCNA
ENSG00000165588,ENSG00000087586,AURKA
ENSG00000136997,ENSG00000031823,RANBP3
ENSG00000178691,ENSG00000122691,TWIST1
ENSG00000105656,ENSG00000101412,E2F1
ENSG00000101412,ENSG00000171405,XAGE5
ENSG00000221869,ENSG00000174697,LEP
ENSG00000100219,ENSG00000178607,ERN1
ENSG00000179284,ENSG00000172845,SP3
ENSG00000007968,ENSG00000152578,GRIA4
ENSG00000100811,ENSG00000112335,SNX3
ENSG00000101412,ENSG00000166035,LIPC
ENSG00000136997,ENSG00000084774,CAD
ENSG00000140009,ENSG00000146648,EGFR
ENSG00000185591,ENSG00000146648,EGFR
ENSG00000136997,,
ENSG00000136997,ENSG00000114395,CYB561D2
,ENSG00000168621,GDNF
ENSG00000126767,ENSG00000197933,ZNF823
ENSG00000136997,ENSG00000100368,CSF2RB
ENSG00000111087,ENSG00000108591,DRG2
ENSG00000066336,ENSG00000105967,TFEC
ENSG00000150907,ENSG00000085563,ABCB1
ENSG00000065978,ENSG00000105976,MET
ENSG00000136997,ENSG00000100393,EP300
ENSG00000136997,ENSG00000111276,CDKN1B
ENSG00000136997,ENSG00000101003,GINS1
ENSG00000101412,ENSG00000170454,KRT75
ENSG00000101412,ENSG00000115159,GPD2
ENSG00000158796,ENSG00000168040,FADD
ENSG00000136997,ENSG00000143801,PSEN2
ENSG00000109320,ENSG00000129152,MYOD1
ENSG00000173039,ENSG00000100644,HIF1A
ENSG00000066336,ENSG00000138760,SCARB2
ENSG00000105856,ENSG00000245848,CEBPA
ENSG00000166949,ENSG00000112715,VEGFA
ENSG00000185591,ENSG00000105825,TFPI2
ENSG00000185591,ENSG00000108821,COL1A1
ENSG00000169083,ENSG00000154229,PRKCA
ENSG00000141510,ENSG00000102034,ELF4
ENSG00000172059,ENSG00000164692,COL1A2
ENSG00000196628,ENSG00000136997,MYC
,ENSG00000277006,DEFB104B
ENSG00000151623,ENSG00000121797,CCRL2
ENSG00000073282,ENSG00000196754,S100A2
ENSG00000143190,ENSG00000288859,H2AC19
ENSG00000141905,ENSG00000125356,NDUFA1
ENSG00000205250,ENSG00000127616,SMARCA4
ENSG00000134954,ENSG00000149541,B3GAT3
ENSG00000151702,ENSG00000113721,PDGFRB
ENSG00000170345,ENSG00000185652,NTF3
ENSG00000126767,ENSG00000116544,DLGAP3
ENSG00000139187,ENSG00000173599,PC
ENSG00000205250,ENSG00000077150,NFKB2
,ENSG00000145113,MUC4
ENSG00000068024,,
ENSG00000111704,ENSG00000165556,CDX2
ENSG00000130024,ENSG00000164305,CASP3
ENSG00000141027,ENSG00000160191,PDE9A
ENSG00000136997,ENSG00000099194,SCD
ENSG00000179284,ENSG00000166311,SMPD1
ENSG00000185591,ENSG00000185615,PDIA2
ENSG00000245848,ENSG00000184557,SOCS3
ENSG00000162924,ENSG00000177606,JUN
ENSG00000106004,ENSG00000180176,TH
ENSG00000245848,ENSG00000116717,GADD45A
ENSG00000101412,ENSG00000177383,MAGEF1
ENSG00000140009,ENSG00000102038,SMARCA1
ENSG00000143365,ENSG00000127318,IL22
ENSG00000185591,ENSG00000102038,SMARCA1
ENSG00000120738,ENSG00000169710,FASN
ENSG00000168610,ENSG00000170345,FOS
ENSG00000177606,ENSG00000064835,POU1F1
ENSG00000136997,ENSG00000185022,MAFF
ENSG00000084093,ENSG00000145888,GLRA1
ENSG00000185591,ENSG00000125965,GDF5
ENSG00000066336,ENSG00000089220,PEBP1
ENSG00000016082,ENSG00000070193,FGF10
ENSG00000185591,ENSG00000244474,UGT1A4
ENSG00000112658,ENSG00000122194,PLG
ENSG00000120738,ENSG00000142515,KLK3
ENSG00000164736,ENSG00000142864,SERBP1
ENSG00000101412,ENSG00000080200,CRYBG3
,ENSG00000067715,SYT1
ENSG00000007968,ENSG00000135144,DTX1
ENSG00000170365,ENSG00000102265,TIMP1
ENSG00000101412,ENSG00000140939,NOL3
ENSG00000187098,ENSG00000104044,OCA2
ENSG00000136997,ENSG00000162607,USP1
ENSG00000163565,ENSG00000012048,BRCA1
ENSG00000109320,ENSG00000095739,BAMBI
ENSG00000116478,ENSG00000164362,TERT
ENSG00000168610,ENSG00000186951,PPARA
ENSG00000123268,ENSG00000070501,POLB
ENSG00000175745,ENSG00000084674,APOB
ENSG00000101412,ENSG00000147027,TMEM47
ENSG00000129535,ENSG00000278570,NR2E3
ENSG00000205250,ENSG00000166851,PLK1
ENSG00000172216,ENSG00000147465,STAR
ENSG00000101412,ENSG00000112576,CCND3
ENSG00000177606,ENSG00000118785,SPP1
ENSG00000166888,ENSG00000130649,CYP2E1
ENSG00000066336,ENSG00000136869,TLR4
ENSG00000091831,ENSG00000166863,TAC3
ENSG00000115415,ENSG00000183255,PTTG1IP
ENSG00000140836,ENSG00000081051,AFP
ENSG00000106462,ENSG00000147889,CDKN2A
ENSG00000177606,ENSG00000175592,FOSL1
ENSG00000179284,ENSG00000109320,NFKB1
ENSG00000007968,ENSG00000148700,ADD3
ENSG00000120738,ENSG00000100311,PDGFB
ENSG00000064490,ENSG00000231021,HLA-DRB4
ENSG00000134954,ENSG00000072274,TFRC
ENSG00000168610,ENSG00000172156,CCL11
ENSG00000136997,ENSG00000140650,PMM2
ENSG00000134954,ENSG00000099250,NRP1
,ENSG00000049540,ELN
ENSG00000157557,ENSG00000147889,CDKN2A
ENSG00000173039,ENSG00000116016,EPAS1
ENSG00000141510,ENSG00000196154,S100A4
ENSG00000131759,,
ENSG00000138795,ENSG00000163599,CTLA4
ENSG00000066336,ENSG00000018280,SLC11A1
ENSG00000134982,,
ENSG00000169083,ENSG00000288702,UGT1A3
ENSG00000179284,ENSG00000101266,CSNK2A1
ENSG00000107485,ENSG00000129910,CDH15
ENSG00000168310,,
ENSG00000163517,ENSG00000117586,TNFSF4
ENSG00000141510,ENSG00000095002,MSH2
ENSG00000179284,ENSG00000173020,GRK2
ENSG00000100811,,
ENSG00000091831,ENSG00000118137,APOA1
ENSG00000100644,ENSG00000114268,PFKFB4
ENSG00000130816,ENSG00000138696,BMPR1B
ENSG00000107485,ENSG00000135679,MDM2
ENSG00000124216,ENSG00000165215,CLDN3
ENSG00000177606,ENSG00000008952,SEC62
ENSG00000118260,ENSG00000154727,GABPA
ENSG00000101412,ENSG00000131652,THOC6
ENSG00000185507,ENSG00000183709,IFNL2
ENSG00000131759,ENSG00000124762,CDKN1A
ENSG00000185591,ENSG00000196712,NF1
ENSG00000118513,ENSG00000175097,RAG2
ENSG00000101412,ENSG00000137309,HMGA1
ENSG00000166888,ENSG00000104921,FCER2
ENSG00000136997,ENSG00000008018,PSMB1
ENSG00000173039,ENSG00000163739,CXCL1
ENSG00000128272,ENSG00000135116,HRK
ENSG00000185129,ENSG00000169083,AR
ENSG00000165556,ENSG00000084207,GSTP1
ENSG00000012048,ENSG00000213928,IRF9
ENSG00000109320,ENSG00000119888,EPCAM
ENSG00000185591,ENSG00000133048,CHI3L1
ENSG00000141510,ENSG00000026508,CD44
ENSG00000168036,,
ENSG00000179284,ENSG00000108561,C1QBP
ENSG00000169083,ENSG00000160221,GATD3
ENSG00000101412,ENSG00000081237,PTPRC
ENSG00000082175,ENSG00000071794,HLTF
,ENSG00000143167,GPA33
ENSG00000245848,,
ENSG00000048052,ENSG00000185630,PBX1
ENSG00000007968,ENSG00000270882,H4C14
ENSG00000074319,ENSG00000134193,REG4
ENSG00000066336,ENSG00000262406,MMP12
ENSG00000179284,ENSG00000106258,CYP3A5
ENSG00000136997,ENSG00000102144,PGK1
ENSG00000136997,ENSG00000115053,NCL
ENSG00000101412,ENSG00000206439,TNF
ENSG00000107485,ENSG00000176692,FOXC2
ENSG00000162924,ENSG00000109320,NFKB1
ENSG00000185591,ENSG00000152661,GJA1
ENSG00000168610,ENSG00000111679,PTPN6
ENSG00000007968,ENSG00000197442,MAP3K5
ENSG00000143190,ENSG00000023608,SNAPC1
ENSG00000107485,ENSG00000075420,FNDC3B
ENSG00000136997,ENSG00000099341,PSMD8
ENSG00000163848,ENSG00000203883,SOX18
ENSG00000172216,ENSG00000242515,UGT1A10
ENSG00000125618,ENSG00000042832,TG
ENSG00000205250,ENSG00000160209,PDXK
ENSG00000179284,ENSG00000188613,NANOS1
ENSG00000188786,ENSG00000122729,ACO1
ENSG00000185591,ENSG00000087237,CETP
ENSG00000012504,ENSG00000005471,ABCB4
ENSG00000179284,ENSG00000213398,LCAT
ENSG00000120738,ENSG00000168036,CTNNB1
ENSG00000118260,ENSG00000125538,IL1B
ENSG00000171421,ENSG00000076242,MLH1
ENSG00000134852,ENSG00000179094,PER1
ENSG00000100811,ENSG00000076351,SLC46A1
ENSG00000185591,ENSG00000142168,SOD1
ENSG00000169554,ENSG00000206454,POU5F1
ENSG00000110693,ENSG00000135446,CDK4
ENSG00000064393,ENSG00000081189,MEF2C
ENSG00000136997,ENSG00000087191,PSMC5
ENSG00000134323,ENSG00000206503,HLA-A
ENSG00000143390,ENSG00000223865,HLA-DPB1
ENSG00000069011,ENSG00000233816,IFNA13
,ENSG00000019549,SNAI2
ENSG00000130816,ENSG00000167526,RPL13
ENSG00000205250,ENSG00000168495,POLR3D
ENSG00000177606,ENSG00000076351,SLC46A1
ENSG00000141510,ENSG00000198830,HMGN2
ENSG00000141510,ENSG00000144749,LRIG1
ENSG00000154767,ENSG00000106144,CASP2
ENSG00000134954,ENSG00000161011,SQSTM1
ENSG00000135100,ENSG00000198610,AKR1C4
ENSG00000158773,ENSG00000122884,P4HA1
ENSG00000077150,ENSG00000173039,RELA
ENSG00000125347,ENSG00000170734,POLH
ENSG00000101412,ENSG00000172955,ADH6
ENSG00000177606,ENSG00000010704,HFE
ENSG00000115415,ENSG00000171855,IFNB1
ENSG00000105698,ENSG00000118971,CCND2
ENSG00000160199,ENSG00000163737,PF4
ENSG00000187098,ENSG00000157404,KIT
ENSG00000107859,ENSG00000135517,MIP
ENSG00000095794,ENSG00000172116,CD8B
ENSG00000187098,ENSG00000136235,GPNMB
ENSG00000100811,ENSG00000151790,TDO2
ENSG00000169083,ENSG00000149311,ATM
ENSG00000196712,ENSG00000168878,SFTPB
ENSG00000185591,ENSG00000171867,PRNP
ENSG00000170345,ENSG00000102265,TIMP1
ENSG00000173039,ENSG00000121858,TNFSF10
ENSG00000177374,ENSG00000168610,STAT3
ENSG00000177606,ENSG00000014138,POLA2
ENSG00000123268,ENSG00000100823,APEX1
ENSG00000126561,ENSG00000171552,BCL2L1
ENSG00000157554,ENSG00000106462,EZH2
ENSG00000185591,ENSG00000102034,ELF4
ENSG00000092067,ENSG00000005381,MPO
ENSG00000205250,ENSG00000080986,NDC80
ENSG00000100644,ENSG00000104884,ERCC2
ENSG00000073282,ENSG00000141579,ZNF750
,ENSG00000111704,NANOG
ENSG00000137309,ENSG00000012048,BRCA1
ENSG00000172216,ENSG00000117594,HSD11B1
ENSG00000196092,ENSG00000183960,KCNH8
ENSG00000118689,ENSG00000263001,GTF2I
ENSG00000169083,ENSG00000143632,ACTA1
ENSG00000158773,ENSG00000073861,TBX21
ENSG00000136997,ENSG00000128050,PAICS
ENSG00000162676,ENSG00000197561,ELANE
ENSG00000166949,ENSG00000197933,ZNF823
ENSG00000091831,ENSG00000007908,SELE
ENSG00000169083,ENSG00000172270,BSG
ENSG00000111424,ENSG00000113302,IL12B
ENSG00000141510,ENSG00000149547,EI24
ENSG00000172216,ENSG00000137496,IL18BP
ENSG00000101412,ENSG00000142867,BCL10
ENSG00000205250,ENSG00000144354,CDCA7
ENSG00000173120,ENSG00000111704,NANOG
ENSG00000143190,ENSG00000185591,SP1
ENSG00000109320,ENSG00000149968,MMP3
ENSG00000141027,ENSG00000155368,DBI
ENSG00000168610,ENSG00000163220,S100A9
ENSG00000100811,ENSG00000170345,FOS
ENSG00000136997,ENSG00000172037,LAMB2
,ENSG00000113520,IL4
ENSG00000169083,ENSG00000197616,MYH6
ENSG00000101665,ENSG00000123124,WWP1
ENSG00000118513,ENSG00000170917,NUDT6
ENSG00000172845,ENSG00000213316,LTC4S
ENSG00000161021,ENSG00000120738,EGR1
ENSG00000125618,ENSG00000141510,TP53
ENSG00000172819,ENSG00000143320,CRABP2
ENSG00000164379,ENSG00000112715,VEGFA
ENSG00000177606,ENSG00000170345,FOS
ENSG00000185507,ENSG00000012504,NR1H4
ENSG00000104365,ENSG00000100985,MMP9
ENSG00000118513,ENSG00000118785,SPP1
ENSG00000116478,ENSG00000101412,E2F1
ENSG00000109320,ENSG00000007171,NOS2
ENSG00000124795,ENSG00000169429,CXCL8
ENSG00000141510,ENSG00000101076,HNF4A
ENSG00000141905,ENSG00000100889,PCK2
ENSG00000138795,ENSG00000083799,CYLD
ENSG00000092067,ENSG00000102145,GATA1
ENSG00000109320,ENSG00000107485,GATA3
ENSG00000135100,ENSG00000241635,UGT1A1
ENSG00000170345,ENSG00000026103,FAS
ENSG00000185122,ENSG00000170315,UBB
ENSG00000173039,ENSG00000049249,TNFRSF9
ENSG00000143799,ENSG00000026025,VIM
ENSG00000175387,ENSG00000106366,SERPINE1
ENSG00000007968,ENSG00000257923,CUX1
ENSG00000141510,ENSG00000003400,CASP10
ENSG00000136997,ENSG00000206284,WDR46
ENSG00000136997,ENSG00000100897,DCAF11
ENSG00000185591,ENSG00000137845,ADAM10
ENSG00000141510,ENSG00000134508,CABLES1
ENSG00000116478,ENSG00000146648,EGFR
ENSG00000111087,ENSG00000107104,KANK1
ENSG00000101412,ENSG00000119950,MXI1
ENSG00000012048,ENSG00000129910,CDH15
ENSG00000169083,ENSG00000124812,CRISP1
ENSG00000168214,ENSG00000066336,SPI1
ENSG00000118260,ENSG00000073756,PTGS2
ENSG00000177606,ENSG00000186951,PPARA
ENSG00000185591,ENSG00000156970,BUB1B
ENSG00000136352,ENSG00000118046,STK11
ENSG00000012048,ENSG00000135679,MDM2
ENSG00000148737,ENSG00000101057,MYBL2
ENSG00000101412,ENSG00000267855,NDUFA7
,ENSG00000169418,NPR1
ENSG00000141510,ENSG00000125968,ID1
ENSG00000029153,ENSG00000106366,SERPINE1
ENSG00000134046,ENSG00000084207,GSTP1
ENSG00000136997,ENSG00000239672,NME1
ENSG00000101412,ENSG00000025796,SEC63
,ENSG00000054983,GALC
ENSG00000112561,ENSG00000077498,TYR
ENSG00000007968,ENSG00000139597,N4BP2L1
ENSG00000118513,ENSG00000008952,SEC62
ENSG00000126561,,
ENSG00000169083,ENSG00000171345,KRT19
ENSG00000134954,ENSG00000102755,FLT1
ENSG00000140464,ENSG00000101336,HCK
ENSG00000141510,ENSG00000109471,IL2
ENSG00000245848,ENSG00000140678,ITGAX
,ENSG00000100385,IL2RB
ENSG00000134954,ENSG00000175832,ETV4
ENSG00000179284,ENSG00000117479,SLC19A2
ENSG00000166211,ENSG00000113520,IL4
ENSG00000141510,ENSG00000095752,IL11
ENSG00000111704,ENSG00000079257,LXN
ENSG00000158773,ENSG00000173039,RELA
ENSG00000126561,ENSG00000150337,FCGR1A
ENSG00000134323,ENSG00000104738,MCM4
ENSG00000177606,ENSG00000105369,CD79A
ENSG00000051180,ENSG00000179284,DAND5
ENSG00000169083,ENSG00000127445,PIN1
ENSG00000107485,ENSG00000128918,ALDH1A2
ENSG00000162924,ENSG00000159176,CSRP1
ENSG00000179284,,
ENSG00000106462,ENSG00000156804,FBXO32
ENSG00000141510,ENSG00000081721,DUSP12
ENSG00000136997,ENSG00000047410,TPR
ENSG00000132170,ENSG00000265972,TXNIP
ENSG00000012048,ENSG00000176692,FOXC2
ENSG00000168610,ENSG00000255346,NOX5
ENSG00000100811,ENSG00000103549,RNF40
,ENSG00000114353,GNAI2
ENSG00000136997,ENSG00000168646,AXIN2
ENSG00000141905,ENSG00000182871,COL18A1
ENSG00000179284,ENSG00000108591,DRG2
ENSG00000185591,ENSG00000026508,CD44
ENSG00000176165,ENSG00000124762,CDKN1A
ENSG00000167034,ENSG00000163017,ACTG2
ENSG00000143190,ENSG00000146469,VIP
ENSG00000143190,ENSG00000275410,HNF1B
ENSG00000141510,ENSG00000134480,CCNH
ENSG00000123268,ENSG00000154727,GABPA
ENSG00000177551,,
ENSG00000102974,ENSG00000007372,PAX6
ENSG00000124664,ENSG00000142515,KLK3
ENSG00000185591,ENSG00000145113,MUC4
ENSG00000168610,ENSG00000122025,FLT3
ENSG00000074800,ENSG00000134323,MYCN
ENSG00000245848,ENSG00000164171,ITGA2
ENSG00000186951,ENSG00000079435,LIPE
ENSG00000161021,ENSG00000006327,TNFRSF12A
ENSG00000071564,ENSG00000070031,SCT
ENSG00000048052,ENSG00000091831,ESR1
ENSG00000182979,ENSG00000171862,PTEN
ENSG00000126351,ENSG00000127948,POR
ENSG00000101412,ENSG00000133026,MYH10
ENSG00000007372,ENSG00000105976,MET
,ENSG00000167900,TK1
ENSG00000101412,ENSG00000143384,MCL1
ENSG00000141510,ENSG00000064012,CASP8
ENSG00000091831,ENSG00000177606,JUN
ENSG00000152192,ENSG00000080824,HSP90AA1
ENSG00000135547,ENSG00000136574,GATA4
ENSG00000172819,ENSG00000196208,GREB1
ENSG00000151623,ENSG00000146648,EGFR
ENSG00000141510,ENSG00000113520,IL4
ENSG00000066136,ENSG00000134324,LPIN1
ENSG00000106459,ENSG00000181019,NQO1
ENSG00000173039,ENSG00000125735,TNFSF14
ENSG00000127616,ENSG00000118777,ABCG2
ENSG00000163132,ENSG00000107984,DKK1
ENSG00000205250,ENSG00000072274,TFRC
ENSG00000134954,ENSG00000249992,TMEM158
ENSG00000131759,ENSG00000085563,ABCB1
ENSG00000091831,ENSG00000172845,SP3
ENSG00000172845,ENSG00000278540,ACACA
ENSG00000171720,ENSG00000087245,MMP2
ENSG00000169297,ENSG00000089250,NOS1
ENSG00000109320,ENSG00000103423,DNAJA3
ENSG00000153234,ENSG00000231974,APOM
ENSG00000143390,ENSG00000111537,IFNG
ENSG00000179284,ENSG00000134333,LDHA
ENSG00000150907,ENSG00000121858,TNFSF10
ENSG00000136997,ENSG00000126453,BCL2L12
ENSG00000144852,ENSG00000186350,RXRA
ENSG00000150907,ENSG00000170312,CDK1
ENSG00000169554,ENSG00000105325,FZR1
ENSG00000177606,ENSG00000181195,PENK
ENSG00000100811,ENSG00000100739,BDKRB1
,ENSG00000129245,FXR2
ENSG00000196591,ENSG00000122691,TWIST1
ENSG00000048052,ENSG00000142192,APP
ENSG00000123268,ENSG00000125538,IL1B
ENSG00000173039,ENSG00000100985,MMP9
ENSG00000169083,ENSG00000063978,RNF4
ENSG00000185591,ENSG00000138061,CYP1B1
ENSG00000185591,ENSG00000126767,ELK1
ENSG00000113722,ENSG00000112592,TBP
ENSG00000101412,ENSG00000148516,ZEB1
ENSG00000141646,ENSG00000171791,BCL2
ENSG00000166949,ENSG00000163295,ALPI
ENSG00000109320,ENSG00000173391,OLR1
ENSG00000109320,ENSG00000175445,LPL
ENSG00000118513,ENSG00000014138,POLA2
ENSG00000131759,ENSG00000115705,TPO
ENSG00000109320,ENSG00000140939,NOL3
ENSG00000066336,ENSG00000133048,CHI3L1
ENSG00000245848,ENSG00000100652,SLC10A1
ENSG00000115415,ENSG00000105976,MET
ENSG00000136997,ENSG00000083635,NUFIP1
ENSG00000177606,ENSG00000100739,BDKRB1
ENSG00000133794,ENSG00000132326,PER2
ENSG00000179284,ENSG00000108786,HSD17B1
ENSG00000061273,ENSG00000116604,MEF2D
,ENSG00000106366,SERPINE1
ENSG00000179284,ENSG00000164399,IL3
ENSG00000120738,ENSG00000206437,LTB
ENSG00000105698,ENSG00000164362,TERT
ENSG00000120149,ENSG00000170558,CDH2
ENSG00000101412,ENSG00000187742,SECISBP2
ENSG00000109320,ENSG00000012779,ALOX5
,ENSG00000106366,SERPINE1
ENSG00000160113,ENSG00000137869,CYP19A1
ENSG00000185591,ENSG00000072310,SREBF1
ENSG00000141510,ENSG00000130766,SESN2
ENSG00000118513,ENSG00000070961,ATP2B1
ENSG00000141905,ENSG00000161638,ITGA5
ENSG00000173039,ENSG00000172724,CCL19
ENSG00000007968,ENSG00000115310,RTN4
ENSG00000196132,ENSG00000122729,ACO1
ENSG00000116478,ENSG00000085117,CD82
ENSG00000012048,ENSG00000017427,IGF1
ENSG00000078900,ENSG00000141682,PMAIP1
ENSG00000173039,ENSG00000171791,BCL2
ENSG00000136997,ENSG00000103197,TSC2
ENSG00000136997,ENSG00000099949,LZTR1
ENSG00000179284,ENSG00000137090,DMRT1
ENSG00000134532,ENSG00000077327,SPAG6
ENSG00000120837,ENSG00000169710,FASN
ENSG00000186951,ENSG00000123416,TUBA1B
ENSG00000067082,ENSG00000108691,CCL2
ENSG00000101412,ENSG00000162408,NOL9
ENSG00000175832,ENSG00000135766,EGLN1
ENSG00000169016,ENSG00000120868,APAF1
ENSG00000055118,ENSG00000082397,EPB41L3
ENSG00000178919,ENSG00000163132,MSX1
ENSG00000166949,ENSG00000105976,MET
ENSG00000157557,ENSG00000159593,NAE1
ENSG00000136997,ENSG00000067992,PDK3
ENSG00000136997,ENSG00000143753,DEGS1
ENSG00000151702,ENSG00000158161,EYA3
ENSG00000185591,ENSG00000101076,HNF4A
ENSG00000182979,ENSG00000142627,EPHA2
ENSG00000205250,ENSG00000087510,TFAP2C
ENSG00000186350,ENSG00000101336,HCK
ENSG00000166261,ENSG00000242110,AMACR
ENSG00000173039,ENSG00000168906,MAT2A
ENSG00000101412,ENSG00000198668,CALM1
ENSG00000077092,ENSG00000254647,INS
ENSG00000172845,ENSG00000036530,CYP46A1
ENSG00000245848,ENSG00000171560,FGA
ENSG00000185591,ENSG00000142619,PADI3
ENSG00000141510,ENSG00000167900,TK1
ENSG00000109320,ENSG00000206439,TNF
ENSG00000205250,ENSG00000119929,CUTC
ENSG00000158773,ENSG00000023608,SNAPC1
ENSG00000185591,ENSG00000114115,RBP1
ENSG00000105229,,
ENSG00000177606,ENSG00000113302,IL12B
ENSG00000169083,ENSG00000158859,ADAMTS4
ENSG00000101412,ENSG00000149308,NPAT
ENSG00000102145,ENSG00000196188,CTSE
ENSG00000148737,ENSG00000035664,DAPK2
ENSG00000120094,ENSG00000165588,OTX2
ENSG00000179284,ENSG00000118046,STK11
ENSG00000179284,ENSG00000111276,CDKN1B
ENSG00000185591,ENSG00000109471,IL2
ENSG00000141510,ENSG00000047849,MAP4
ENSG00000001167,ENSG00000085563,ABCB1
ENSG00000136997,ENSG00000179094,PER1
ENSG00000075426,ENSG00000011422,PLAUR
ENSG00000129514,ENSG00000136352,NKX2-1
ENSG00000132170,ENSG00000025434,NR1H3
ENSG00000128272,ENSG00000162772,ATF3
ENSG00000100644,ENSG00000121067,SPOP
ENSG00000141510,ENSG00000138685,FGF2
ENSG00000123268,ENSG00000073756,PTGS2
ENSG00000078399,ENSG00000185960,SHOX
,ENSG00000215328,HSPA1A
ENSG00000080839,ENSG00000198176,TFDP1
ENSG00000149480,ENSG00000039068,CDH1
ENSG00000173039,ENSG00000110848,CD69
ENSG00000138378,ENSG00000134460,IL2RA
,ENSG00000134323,MYCN
ENSG00000169083,ENSG00000143320,CRABP2
ENSG00000171223,ENSG00000203782,LORICRIN
ENSG00000118260,ENSG00000170836,PPM1D
ENSG00000141510,ENSG00000156787,TBC1D31
ENSG00000136997,ENSG00000102898,NUTF2
ENSG00000185591,ENSG00000122861,PLAU
,ENSG00000140459,CYP11A1
ENSG00000141510,ENSG00000106366,SERPINE1
ENSG00000136997,ENSG00000140416,TPM1
ENSG00000077092,ENSG00000136997,MYC
ENSG00000205250,ENSG00000087460,GNAS
ENSG00000007968,ENSG00000148606,POLR3A
ENSG00000173039,ENSG00000185010,F8
ENSG00000126561,ENSG00000170835,CEL
ENSG00000179284,ENSG00000092820,EZR
ENSG00000177606,ENSG00000255346,NOX5
ENSG00000126561,ENSG00000140009,ESR2
ENSG00000205250,ENSG00000116761,CTH
ENSG00000101412,ENSG00000185880,TRIM69
ENSG00000173039,ENSG00000196498,NCOR2
ENSG00000102349,ENSG00000133106,EPSTI1
ENSG00000185591,ENSG00000101654,RNMT
ENSG00000100811,ENSG00000185507,IRF7
ENSG00000100644,ENSG00000130707,ASS1
ENSG00000118513,ENSG00000159263,SIM2
ENSG00000143799,ENSG00000173039,RELA
ENSG00000135100,ENSG00000184999,SLC22A10
ENSG00000124766,ENSG00000092847,AGO1
ENSG00000157514,ENSG00000124762,CDKN1A
ENSG00000136997,ENSG00000165392,WRN
ENSG00000177606,,
ENSG00000179284,ENSG00000100604,CHGA
ENSG00000169083,ENSG00000170421,KRT8
ENSG00000186951,ENSG00000168515,SCGB1D1
ENSG00000148737,ENSG00000164816,DEFA5
ENSG00000141510,ENSG00000019186,CYP24A1
ENSG00000100811,,
ENSG00000158773,ENSG00000185591,SP1
ENSG00000106459,ENSG00000025772,TOMM34
ENSG00000170345,ENSG00000180914,OXTR
ENSG00000109320,ENSG00000142867,BCL10
ENSG00000140396,ENSG00000169083,AR
ENSG00000095794,ENSG00000185231,MC2R
ENSG00000122691,ENSG00000087245,MMP2
ENSG00000185591,ENSG00000010671,BTK
ENSG00000205250,ENSG00000165280,VCP
ENSG00000162367,ENSG00000091879,ANGPT2
ENSG00000186951,ENSG00000099860,GADD45B
ENSG00000172845,ENSG00000068078,FGFR3
ENSG00000118260,ENSG00000196352,CD55
ENSG00000170345,ENSG00000175197,DDIT3
ENSG00000172845,ENSG00000107159,CA9
ENSG00000143190,ENSG00000163106,HPGDS
ENSG00000186350,ENSG00000108846,ABCC3
ENSG00000134954,ENSG00000087494,PTHLH
ENSG00000136997,ENSG00000196235,SUPT5H
ENSG00000136997,ENSG00000003056,M6PR
ENSG00000101412,ENSG00000171051,FPR1
ENSG00000120738,ENSG00000177455,CD19
ENSG00000138795,,
ENSG00000118689,ENSG00000284194,SCO2
ENSG00000173039,ENSG00000117560,FASLG
ENSG00000105497,ENSG00000185652,NTF3
ENSG00000141646,ENSG00000114854,TNNC1
ENSG00000177606,,
ENSG00000136997,ENSG00000004142,POLDIP2
ENSG00000158773,ENSG00000160868,CYP3A4
ENSG00000077092,ENSG00000005339,CREBBP
ENSG00000097007,ENSG00000171791,BCL2
ENSG00000109320,ENSG00000169248,CXCL11
ENSG00000260027,ENSG00000110092,CCND1
ENSG00000066336,ENSG00000141655,TNFRSF11A
ENSG00000109320,ENSG00000288505,NANOS3
ENSG00000139687,ENSG00000119772,DNMT3A
ENSG00000136997,ENSG00000138029,HADHB
ENSG00000007968,ENSG00000204406,MBD5
ENSG00000106459,ENSG00000126432,PRDX5
ENSG00000134954,ENSG00000148290,SURF1
ENSG00000173039,ENSG00000050730,TNIP3
ENSG00000120738,ENSG00000149124,GLYAT
ENSG00000185591,ENSG00000100385,IL2RB
ENSG00000141510,ENSG00000124251,TP53TG5
ENSG00000100811,ENSG00000137133,HINT2
ENSG00000116478,ENSG00000026508,CD44
ENSG00000173039,ENSG00000160683,CXCR5
ENSG00000136997,ENSG00000104915,STX10
,ENSG00000117984,CTSD
ENSG00000185591,ENSG00000136425,CIB2
ENSG00000169083,ENSG00000196208,GREB1
ENSG00000007968,ENSG00000196876,SCN8A
ENSG00000118260,ENSG00000115414,FN1
ENSG00000115415,ENSG00000111537,IFNG
ENSG00000025434,ENSG00000158571,PFKFB1
ENSG00000177606,ENSG00000117525,F3
,ENSG00000291237,SOD2
ENSG00000100811,ENSG00000162616,DNAJB4
ENSG00000120738,ENSG00000173039,RELA
ENSG00000182742,ENSG00000140939,NOL3
ENSG00000118513,ENSG00000163220,S100A9
ENSG00000101412,ENSG00000125384,PTGER2
ENSG00000173039,ENSG00000139219,COL2A1
ENSG00000157554,ENSG00000109906,ZBTB16
ENSG00000078900,ENSG00000124762,CDKN1A
ENSG00000136997,ENSG00000112200,ZNF451
ENSG00000141510,ENSG00000136244,IL6
ENSG00000111424,ENSG00000165949,IFI27
ENSG00000126767,ENSG00000120738,EGR1
ENSG00000158773,ENSG00000106633,GCK
ENSG00000074047,ENSG00000171223,JUNB
ENSG00000185591,ENSG00000062038,CDH3
ENSG00000164442,ENSG00000137745,MMP13
ENSG00000134954,ENSG00000070770,CSNK2A2
ENSG00000136997,ENSG00000184009,ACTG1
ENSG00000100811,ENSG00000180329,CCDC43
ENSG00000101412,ENSG00000117318,ID3
ENSG00000100644,ENSG00000134333,LDHA
ENSG00000172845,ENSG00000088305,DNMT3B
ENSG00000125347,ENSG00000168811,IL12A
ENSG00000109320,ENSG00000141968,VAV1
ENSG00000182979,ENSG00000101665,SMAD7
ENSG00000100393,ENSG00000109320,NFKB1
ENSG00000082175,ENSG00000177606,JUN
ENSG00000185591,ENSG00000140465,CYP1A1
ENSG00000185591,ENSG00000167900,TK1
ENSG00000101412,ENSG00000122299,ZC3H7A
ENSG00000118260,ENSG00000136931,NR5A1
ENSG00000198911,ENSG00000147155,EBP
ENSG00000158773,,
ENSG00000185591,ENSG00000074660,SCARF1
ENSG00000109320,ENSG00000114013,CD86
ENSG00000138795,ENSG00000108688,CCL7
ENSG00000136997,ENSG00000196415,PRTN3
ENSG00000162676,ENSG00000087088,BAX
,ENSG00000075275,CELSR1
ENSG00000109320,ENSG00000143384,MCL1
ENSG00000141905,ENSG00000148795,CYP17A1
ENSG00000166949,ENSG00000041982,TNC
ENSG00000136997,ENSG00000120697,ALG5
ENSG00000005339,ENSG00000073756,PTGS2
ENSG00000087510,ENSG00000136997,MYC
ENSG00000169083,ENSG00000211896,IGHG1
ENSG00000150907,ENSG00000162552,WNT4
ENSG00000136997,ENSG00000135535,CD164
,ENSG00000198502,HLA-DRB5
ENSG00000048540,ENSG00000139352,ASCL1
ENSG00000139618,ENSG00000091831,ESR1
ENSG00000172845,ENSG00000123146,ADGRE5
ENSG00000136997,ENSG00000137801,THBS1
ENSG00000137947,ENSG00000100739,BDKRB1
ENSG00000185591,ENSG00000129245,FXR2
ENSG00000172977,ENSG00000112406,HECA
ENSG00000082641,ENSG00000165672,PRDX3
ENSG00000089280,ENSG00000175197,DDIT3
ENSG00000102145,ENSG00000067955,CBFB
ENSG00000109320,ENSG00000149295,DRD2
ENSG00000028277,ENSG00000241106,HLA-DOB
ENSG00000141510,ENSG00000077498,TYR
ENSG00000131759,ENSG00000170166,HOXD4
ENSG00000185591,ENSG00000108691,CCL2
ENSG00000140009,ENSG00000106366,SERPINE1
ENSG00000245848,ENSG00000163631,ALB
ENSG00000172845,ENSG00000018236,CNTN1
ENSG00000185591,ENSG00000106366,SERPINE1
ENSG00000134954,ENSG00000091879,ANGPT2
ENSG00000185591,,
ENSG00000168610,ENSG00000115415,STAT1
ENSG00000101412,ENSG00000107719,PALD1
ENSG00000066336,ENSG00000088833,NSFL1C
,ENSG00000072210,ALDH3A2
ENSG00000104964,ENSG00000138795,LEF1
ENSG00000100644,ENSG00000160180,TFF3
ENSG00000124813,ENSG00000170374,SP7
ENSG00000159216,ENSG00000197561,ELANE
ENSG00000122691,ENSG00000065361,ERBB3
ENSG00000172005,ENSG00000101335,MYL9
ENSG00000007968,ENSG00000164093,PITX2
ENSG00000185591,ENSG00000171132,PRKCE
ENSG00000101412,ENSG00000023909,GCLM
ENSG00000136997,ENSG00000128564,VGF
ENSG00000091831,ENSG00000170956,CEACAM3
ENSG00000141510,ENSG00000117984,CTSD
ENSG00000100644,ENSG00000149925,ALDOA
ENSG00000101412,ENSG00000073050,XRCC1
,ENSG00000133019,CHRM3
,ENSG00000075673,ATP12A
ENSG00000100811,ENSG00000173456,RNF26
ENSG00000169083,,
ENSG00000185591,ENSG00000174748,RPL15
ENSG00000185591,ENSG00000187266,EPOR
ENSG00000136944,ENSG00000071564,TCF3
ENSG00000118260,ENSG00000174607,UGT8
ENSG00000245848,ENSG00000110169,HPX
ENSG00000091831,ENSG00000105971,CAV2
,ENSG00000140538,NTRK3
ENSG00000118260,ENSG00000174371,EXO1
ENSG00000100393,ENSG00000143799,PARP1
ENSG00000118260,ENSG00000115705,TPO
ENSG00000179284,ENSG00000006634,DBF4
ENSG00000148516,ENSG00000182393,IFNL1
ENSG00000124782,ENSG00000164344,KLKB1
ENSG00000143437,ENSG00000112715,VEGFA
ENSG00000100146,ENSG00000136160,EDNRB
ENSG00000078399,ENSG00000173039,RELA
ENSG00000136997,ENSG00000132581,SDF2
ENSG00000179284,ENSG00000163735,CXCL5
ENSG00000118260,ENSG00000106459,NRF1
ENSG00000136997,ENSG00000116711,PLA2G4A
ENSG00000109320,ENSG00000137745,MMP13
ENSG00000101412,ENSG00000100714,MTHFD1
ENSG00000185122,ENSG00000182187,CRYGB
ENSG00000100644,ENSG00000100393,EP300
ENSG00000158773,ENSG00000079385,CEACAM1
ENSG00000169083,ENSG00000120053,GOT1
ENSG00000100644,ENSG00000111276,CDKN1B
ENSG00000132170,ENSG00000112715,VEGFA
ENSG00000118513,ENSG00000134184,GSTM1
ENSG00000101665,ENSG00000147883,CDKN2B
ENSG00000069399,ENSG00000146648,EGFR
ENSG00000169083,ENSG00000136504,KAT7
ENSG00000109320,ENSG00000112115,IL17A
ENSG00000100644,ENSG00000143801,PSEN2
ENSG00000118513,,
ENSG00000116478,ENSG00000109471,IL2
ENSG00000148737,ENSG00000110092,CCND1
ENSG00000186951,ENSG00000110090,CPT1A
ENSG00000118260,ENSG00000180176,TH
ENSG00000179284,ENSG00000170498,KISS1
ENSG00000106459,ENSG00000126247,CAPNS1
ENSG00000109320,ENSG00000105221,AKT2
ENSG00000068024,ENSG00000141646,SMAD4
ENSG00000136997,ENSG00000113273,ARSB
ENSG00000186951,ENSG00000100292,HMOX1
ENSG00000118513,ENSG00000115364,MRPL19
ENSG00000122691,ENSG00000107984,DKK1
ENSG00000256463,ENSG00000048052,HDAC9
ENSG00000134317,ENSG00000140459,CYP11A1
ENSG00000120738,ENSG00000164056,SPRY1
ENSG00000266412,ENSG00000169083,AR
ENSG00000166949,ENSG00000111424,VDR
ENSG00000105856,ENSG00000184357,H1-5
ENSG00000177606,ENSG00000143632,ACTA1
ENSG00000118513,ENSG00000117525,F3
ENSG00000170581,ENSG00000153933,DGKE
ENSG00000169083,ENSG00000104826,LHB
ENSG00000134954,ENSG00000005961,ITGA2B
ENSG00000177606,ENSG00000135346,CGA
ENSG00000101412,ENSG00000104131,EIF3J
ENSG00000101412,ENSG00000134253,TRIM45
ENSG00000065029,ENSG00000177156,TALDO1
ENSG00000100811,ENSG00000159251,ACTC1
ENSG00000169083,ENSG00000091831,ESR1
ENSG00000108840,ENSG00000181856,SLC2A4
ENSG00000123405,ENSG00000006638,TBXA2R
ENSG00000177606,ENSG00000124107,SLPI
ENSG00000109819,ENSG00000103150,MLYCD
ENSG00000138795,ENSG00000196839,ADA
ENSG00000115966,ENSG00000139687,RB1
ENSG00000101412,ENSG00000143815,LBR
ENSG00000185591,ENSG00000091513,TF
ENSG00000074047,ENSG00000120708,TGFBI
ENSG00000136997,ENSG00000014641,MDH1
ENSG00000166949,ENSG00000130427,EPO
ENSG00000169083,ENSG00000118217,ATF6
ENSG00000185591,ENSG00000140459,CYP11A1
ENSG00000066336,ENSG00000010671,BTK
ENSG00000167074,ENSG00000120937,NPPB
ENSG00000169083,ENSG00000084093,REST
ENSG00000185591,ENSG00000117475,BLZF1
ENSG00000118260,ENSG00000157064,NMNAT2
ENSG00000162924,ENSG00000140945,CDH13
ENSG00000118513,ENSG00000112118,MCM3
ENSG00000141510,ENSG00000240972,MIF
ENSG00000136997,ENSG00000120742,SERP1
ENSG00000143190,,
ENSG00000118260,ENSG00000239732,TLR9
ENSG00000185591,ENSG00000136244,IL6
ENSG00000136997,ENSG00000115233,PSMD14
ENSG00000175832,ENSG00000182199,SHMT2
ENSG00000170345,ENSG00000115008,IL1A
ENSG00000136997,ENSG00000178105,DDX10
ENSG00000134954,ENSG00000164120,HPGD
ENSG00000007968,ENSG00000102924,CBLN1
ENSG00000170345,ENSG00000131828,PDHA1
ENSG00000168610,ENSG00000164867,NOS3
ENSG00000100644,ENSG00000176171,BNIP3
ENSG00000123268,ENSG00000180104,EXOC3
ENSG00000168610,ENSG00000184719,RNLS
ENSG00000077092,ENSG00000141027,NCOR1
ENSG00000159692,ENSG00000139618,BRCA2
ENSG00000099326,ENSG00000164362,TERT
ENSG00000136997,ENSG00000167613,LAIR1
ENSG00000136997,ENSG00000078900,TP73
ENSG00000133937,ENSG00000063515,GSC2
ENSG00000167034,ENSG00000112715,VEGFA
ENSG00000136997,ENSG00000148296,SURF6
ENSG00000101412,ENSG00000124357,NAGK
ENSG00000091831,ENSG00000084774,CAD
ENSG00000166949,ENSG00000135862,LAMC1
ENSG00000115966,ENSG00000116711,PLA2G4A
ENSG00000101412,ENSG00000005844,ITGAL
ENSG00000102974,ENSG00000134070,IRAK2
ENSG00000186951,ENSG00000123689,G0S2
ENSG00000136997,ENSG00000136997,MYC
ENSG00000101412,ENSG00000205420,KRT6A
ENSG00000175832,ENSG00000141434,MEP1B
ENSG00000102554,ENSG00000147883,CDKN2B
ENSG00000105705,ENSG00000125538,IL1B
ENSG00000179284,ENSG00000132915,PDE6A
ENSG00000101412,ENSG00000126790,L3HYPDH
ENSG00000100393,ENSG00000105173,CCNE1
ENSG00000065978,ENSG00000101412,E2F1
ENSG00000091831,ENSG00000111276,CDKN1B
ENSG00000132170,ENSG00000159346,ADIPOR1
ENSG00000151702,ENSG00000163737,PF4
ENSG00000134954,ENSG00000277632,CCL3
ENSG00000173039,ENSG00000164733,CTSB
ENSG00000005339,ENSG00000124762,CDKN1A
ENSG00000136997,ENSG00000100784,RPS6KA5
ENSG00000157557,ENSG00000198400,NTRK1
ENSG00000179284,ENSG00000122585,NPY
ENSG00000065978,ENSG00000146648,EGFR
ENSG00000101412,ENSG00000137807,KIF23
ENSG00000105856,ENSG00000147889,CDKN2A
ENSG00000071564,ENSG00000117322,CR2
,ENSG00000136158,SPRY2
ENSG00000206454,ENSG00000075388,FGF4
ENSG00000143437,ENSG00000134107,BHLHE40
ENSG00000205250,ENSG00000148672,GLUD1
ENSG00000169083,ENSG00000124664,SPDEF
ENSG00000109320,ENSG00000112062,MAPK14
ENSG00000100393,,
ENSG00000277494,ENSG00000124762,CDKN1A
ENSG00000118513,ENSG00000108064,TFAM
ENSG00000118689,ENSG00000162434,JAK1
ENSG00000136574,ENSG00000072694,FCGR2B
ENSG00000101412,ENSG00000070087,PFN2
ENSG00000135363,ENSG00000105325,FZR1
ENSG00000066336,ENSG00000119917,IFIT3
ENSG00000108312,ENSG00000115750,TAF1B
ENSG00000173039,ENSG00000271503,CCL5
ENSG00000175792,ENSG00000141510,TP53
ENSG00000123268,ENSG00000101200,AVP
ENSG00000205250,ENSG00000189308,LIN54
,ENSG00000115758,ODC1
ENSG00000141905,ENSG00000023608,SNAPC1
ENSG00000100644,ENSG00000102144,PGK1
ENSG00000179284,ENSG00000138722,MMRN1
ENSG00000118689,ENSG00000124762,CDKN1A
ENSG00000112242,ENSG00000124762,CDKN1A
ENSG00000107485,ENSG00000132170,PPARG
ENSG00000115966,ENSG00000254647,INS
ENSG00000109320,ENSG00000121053,EPX
ENSG00000101076,ENSG00000095596,CYP26A1
ENSG00000100644,ENSG00000068796,KIF2A
ENSG00000140968,ENSG00000168811,IL12A
ENSG00000182568,ENSG00000148773,MKI67
ENSG00000166949,ENSG00000118971,CCND2
ENSG00000111424,ENSG00000185630,PBX1
ENSG00000177606,ENSG00000115415,STAT1
ENSG00000158773,ENSG00000142864,SERBP1
ENSG00000140009,ENSG00000117984,CTSD
ENSG00000130522,ENSG00000133661,SFTPD
ENSG00000185591,ENSG00000117984,CTSD
ENSG00000140009,ENSG00000147654,EBAG9
ENSG00000136997,ENSG00000089558,KCNH4
ENSG00000130816,ENSG00000189056,RELN
ENSG00000141905,ENSG00000005421,PON1
ENSG00000185591,ENSG00000291237,SOD2
ENSG00000233608,ENSG00000151632,AKR1C2
ENSG00000171720,ENSG00000039068,CDH1
ENSG00000136997,ENSG00000145494,NDUFS6
ENSG00000109819,ENSG00000036473,OTC
ENSG00000116833,ENSG00000105173,CCNE1
ENSG00000179284,ENSG00000185133,INPP5J
ENSG00000179284,ENSG00000171873,ADRA1D
ENSG00000065978,ENSG00000250506,CDK3
ENSG00000136997,ENSG00000101310,SEC23B
ENSG00000135625,ENSG00000206439,TNF
ENSG00000168610,ENSG00000113790,EHHADH
ENSG00000136997,ENSG00000005339,CREBBP
ENSG00000134323,ENSG00000173114,LRRN3
ENSG00000182944,ENSG00000187098,MITF
ENSG00000169083,,
ENSG00000095794,ENSG00000160211,G6PD
ENSG00000141905,ENSG00000118520,ARG1
ENSG00000101412,ENSG00000162951,LRRTM1
ENSG00000102974,ENSG00000113916,BCL6
ENSG00000118513,ENSG00000164136,IL15
ENSG00000012504,ENSG00000109320,NFKB1
ENSG00000185591,ENSG00000017260,ATP2C1
ENSG00000007968,ENSG00000179943,FIZ1
ENSG00000158773,ENSG00000134057,CCNB1
ENSG00000123268,ENSG00000174607,UGT8
ENSG00000169083,ENSG00000129437,KLK14
ENSG00000066336,ENSG00000108691,CCL2
ENSG00000115415,ENSG00000125347,IRF1
ENSG00000175832,ENSG00000109743,BST1
ENSG00000120738,ENSG00000159640,ACE
ENSG00000157557,ENSG00000177575,CD163
ENSG00000131759,ENSG00000171791,BCL2
ENSG00000132170,ENSG00000164305,CASP3
ENSG00000066336,,
ENSG00000172845,ENSG00000170558,CDH2
ENSG00000205250,ENSG00000167325,RRM1
ENSG00000169083,ENSG00000105329,TGFB1
ENSG00000131910,ENSG00000180432,CYP8B1
ENSG00000168610,ENSG00000196208,GREB1
ENSG00000179348,ENSG00000187758,ADH1A
ENSG00000101412,ENSG00000072062,PRKACA
ENSG00000120094,ENSG00000196628,TCF4
ENSG00000101412,ENSG00000196470,SIAH1
ENSG00000101412,ENSG00000059804,SLC2A3
ENSG00000101412,ENSG00000138594,TMOD3
ENSG00000175832,ENSG00000102265,TIMP1
ENSG00000102145,ENSG00000206172,HBA1
ENSG00000136997,ENSG00000116679,IVNS1ABP
ENSG00000136997,ENSG00000118113,MMP8
ENSG00000141510,ENSG00000003402,CFLAR
ENSG00000136997,ENSG00000105327,BBC3
ENSG00000170345,ENSG00000132906,CASP9
ENSG00000169083,ENSG00000174437,ATP2A2
ENSG00000169083,ENSG00000109424,UCP1
ENSG00000185591,ENSG00000092621,PHGDH
ENSG00000118513,ENSG00000066136,NFYC
ENSG00000185591,ENSG00000127554,GFER
ENSG00000123268,ENSG00000180176,TH
ENSG00000140836,ENSG00000118513,MYB
ENSG00000134954,ENSG00000105497,ZNF175
ENSG00000186951,ENSG00000130222,GADD45G
ENSG00000172845,ENSG00000107331,ABCA2
,ENSG00000171298,GAA
ENSG00000136997,ENSG00000108559,NUP88
ENSG00000109320,ENSG00000213316,LTC4S
ENSG00000107485,ENSG00000105325,FZR1
ENSG00000122859,ENSG00000162992,NEUROD1
ENSG00000118689,ENSG00000196352,CD55
ENSG00000124216,ENSG00000113070,HBEGF
ENSG00000127528,ENSG00000188404,SELL
ENSG00000132170,ENSG00000126368,NR1D1
ENSG00000169083,ENSG00000134240,HMGCS2
ENSG00000173039,ENSG00000204642,HLA-F
ENSG00000109320,ENSG00000023445,BIRC3
ENSG00000245848,ENSG00000160255,ITGB2
ENSG00000111087,ENSG00000136997,MYC
ENSG00000179348,,
ENSG00000136997,ENSG00000206312,NOTCH4
ENSG00000157557,ENSG00000041982,TNC
ENSG00000173039,ENSG00000182393,IFNL1
ENSG00000169083,ENSG00000107140,TESK1
ENSG00000185591,ENSG00000240972,MIF
ENSG00000120738,ENSG00000127948,POR
ENSG00000163848,ENSG00000026025,VIM
ENSG00000136997,ENSG00000116337,AMPD2
ENSG00000186951,ENSG00000006831,ADIPOR2
ENSG00000179284,ENSG00000165392,WRN
ENSG00000143799,ENSG00000039068,CDH1
ENSG00000109320,ENSG00000140379,BCL2A1
ENSG00000100906,ENSG00000116815,CD58
ENSG00000186951,ENSG00000151726,ACSL1
ENSG00000074047,ENSG00000013441,CLK1
ENSG00000100644,ENSG00000140945,CDH13
ENSG00000118260,ENSG00000159216,RUNX1
ENSG00000116539,ENSG00000102265,TIMP1
ENSG00000132170,ENSG00000274211,SOCS7
ENSG00000118513,ENSG00000115758,ODC1
ENSG00000120738,ENSG00000117632,STMN1
ENSG00000087510,ENSG00000150893,FREM2
ENSG00000177606,ENSG00000164867,NOS3
ENSG00000135903,,
ENSG00000159216,ENSG00000197208,SLC22A4
ENSG00000135100,ENSG00000169908,TM4SF1
ENSG00000100219,ENSG00000178764,ZHX2
ENSG00000185960,ENSG00000157766,ACAN
ENSG00000019549,ENSG00000154639,CXADR
ENSG00000221869,ENSG00000115009,CCL20
ENSG00000169083,ENSG00000156345,CDK20
ENSG00000120738,ENSG00000163513,TGFBR2
ENSG00000149311,ENSG00000111206,FOXM1
ENSG00000101412,ENSG00000183780,SLC35F3
ENSG00000111704,ENSG00000135346,CGA
ENSG00000131759,ENSG00000196498,NCOR2
ENSG00000172845,,
ENSG00000065978,ENSG00000101773,RBBP8
ENSG00000169083,ENSG00000084623,EIF3I
ENSG00000148677,ENSG00000175206,NPPA
ENSG00000104856,ENSG00000124762,CDKN1A
ENSG00000163435,ENSG00000181885,CLDN7
ENSG00000112658,ENSG00000115641,FHL2
ENSG00000166888,ENSG00000198712,MT-CO2
ENSG00000168610,ENSG00000111704,NANOG
ENSG00000172845,ENSG00000025708,TYMP
ENSG00000066336,ENSG00000117475,BLZF1
ENSG00000129514,ENSG00000197888,UGT2B17
ENSG00000109685,ENSG00000125968,ID1
ENSG00000067082,ENSG00000035664,DAPK2
ENSG00000185591,ENSG00000136868,SLC31A1
ENSG00000245848,ENSG00000160870,CYP3A7
ENSG00000134982,ENSG00000142208,AKT1
ENSG00000006468,ENSG00000149124,GLYAT
ENSG00000136997,ENSG00000151247,EIF4E
ENSG00000170345,ENSG00000186832,KRT16
ENSG00000168066,ENSG00000063244,U2AF2
ENSG00000019549,ENSG00000198598,MMP17
ENSG00000102145,ENSG00000115602,IL1RL1
ENSG00000168610,ENSG00000171223,JUNB
ENSG00000136997,ENSG00000183032,SLC25A21
ENSG00000118217,ENSG00000100219,XBP1
ENSG00000185507,ENSG00000233816,IFNA13
ENSG00000109320,ENSG00000102962,CCL22
ENSG00000055118,ENSG00000148516,ZEB1
ENSG00000101412,ENSG00000157227,MMP14
ENSG00000141905,ENSG00000062822,POLD1
ENSG00000096717,ENSG00000003402,CFLAR
ENSG00000112242,ENSG00000156509,FBXO43
ENSG00000131759,ENSG00000135100,HNF1A
ENSG00000101412,ENSG00000122694,GLIPR2
ENSG00000168610,ENSG00000185483,ROR1
ENSG00000132005,,
ENSG00000101412,ENSG00000184260,H2AC20
ENSG00000205250,ENSG00000164120,HPGD
ENSG00000102554,ENSG00000121966,CXCR4
ENSG00000179284,ENSG00000174697,LEP
ENSG00000106546,ENSG00000170345,FOS
ENSG00000178860,ENSG00000087245,MMP2
ENSG00000033800,ENSG00000126457,PRMT1
ENSG00000105698,ENSG00000081721,DUSP12
ENSG00000125618,ENSG00000165409,TSHR
ENSG00000166949,ENSG00000164362,TERT
ENSG00000134954,ENSG00000126010,GRPR
ENSG00000133740,ENSG00000170820,FSHR
ENSG00000122691,ENSG00000039068,CDH1
ENSG00000101412,ENSG00000161267,BDH1
ENSG00000141510,ENSG00000180447,GAS1
ENSG00000185591,ENSG00000142945,KIF2C
,ENSG00000169083,AR
ENSG00000172845,ENSG00000203760,CENPW
ENSG00000106462,ENSG00000111424,VDR
ENSG00000179284,ENSG00000204248,COL11A2
ENSG00000105866,,
ENSG00000173039,ENSG00000135446,CDK4
ENSG00000186951,ENSG00000084674,APOB
ENSG00000169083,ENSG00000168610,STAT3
ENSG00000028277,ENSG00000110777,POU2AF1
ENSG00000092067,ENSG00000084674,APOB
ENSG00000185591,ENSG00000143570,SLC39A1
ENSG00000132170,ENSG00000104918,RETN
ENSG00000185591,ENSG00000164045,CDC25A
ENSG00000170345,ENSG00000132693,CRP
ENSG00000141027,ENSG00000017427,IGF1
ENSG00000107485,ENSG00000147889,CDKN2A
ENSG00000101412,ENSG00000136816,TOR1B
ENSG00000126767,ENSG00000127831,VIL1
ENSG00000136997,ENSG00000089289,IGBP1
ENSG00000067955,ENSG00000159216,RUNX1
ENSG00000131759,ENSG00000160683,CXCR5
ENSG00000118260,ENSG00000198900,TOP1
ENSG00000179284,ENSG00000137364,TPMT
ENSG00000177606,ENSG00000113790,EHHADH
ENSG00000101412,ENSG00000132664,POLR3F
,ENSG00000149452,SLC22A8
ENSG00000136574,ENSG00000162747,FCGR3B
,ENSG00000114812,VIPR1
ENSG00000136997,ENSG00000004700,RECQL
ENSG00000185591,ENSG00000101057,MYBL2
ENSG00000165030,ENSG00000164399,IL3
ENSG00000109320,ENSG00000178726,THBD
ENSG00000132170,ENSG00000131828,PDHA1
ENSG00000069011,ENSG00000167034,NKX3-1
ENSG00000162924,ENSG00000169429,CXCL8
ENSG00000136997,ENSG00000110148,CCKBR
ENSG00000100644,ENSG00000129521,EGLN3
ENSG00000136997,ENSG00000005381,MPO
ENSG00000146592,ENSG00000115415,STAT1
ENSG00000109320,ENSG00000075618,FSCN1
ENSG00000141905,ENSG00000117632,STMN1
ENSG00000185591,ENSG00000166886,NAB2
ENSG00000166888,ENSG00000118432,CNR1
ENSG00000129071,ENSG00000169083,AR
ENSG00000168610,ENSG00000091831,ESR1
ENSG00000133111,ENSG00000198502,HLA-DRB5
ENSG00000141510,ENSG00000112592,TBP
ENSG00000169057,ENSG00000189056,RELN
ENSG00000156273,ENSG00000196611,MMP1
ENSG00000115415,ENSG00000136634,IL10
ENSG00000245848,,
ENSG00000134086,ENSG00000107159,CA9
ENSG00000072736,ENSG00000160182,TFF1
ENSG00000057657,ENSG00000148773,MKI67
ENSG00000169083,ENSG00000161203,AP2M1
ENSG00000184481,ENSG00000118046,STK11
ENSG00000169083,ENSG00000175564,UCP3
ENSG00000177606,ENSG00000196208,GREB1
ENSG00000245848,ENSG00000183960,KCNH8
ENSG00000131759,ENSG00000130957,FBP2
ENSG00000091831,ENSG00000168646,AXIN2
ENSG00000185591,ENSG00000136158,SPRY2
ENSG00000150907,ENSG00000155380,SLC16A1
ENSG00000136997,ENSG00000176974,SHMT1
ENSG00000172819,ENSG00000242252,BGLAP
ENSG00000148737,ENSG00000112406,HECA
ENSG00000127528,ENSG00000109471,IL2
ENSG00000173757,ENSG00000017427,IGF1
ENSG00000136997,ENSG00000104332,SFRP1
ENSG00000133895,ENSG00000164362,TERT
ENSG00000181690,ENSG00000091262,ABCC6
ENSG00000186951,ENSG00000170323,FABP4
ENSG00000100393,ENSG00000059377,TBXAS1
ENSG00000101412,ENSG00000101464,PIGU
ENSG00000136997,ENSG00000102145,GATA1
ENSG00000187098,ENSG00000077498,TYR
ENSG00000113916,ENSG00000118971,CCND2
ENSG00000132005,ENSG00000241674,HLA-DMB
ENSG00000157557,ENSG00000120738,EGR1
ENSG00000179284,ENSG00000135124,P2RX4
ENSG00000185591,ENSG00000143437,ARNT
ENSG00000073861,ENSG00000183813,CCR4
ENSG00000185591,ENSG00000085662,AKR1B1
ENSG00000170581,ENSG00000188425,NANOS2
ENSG00000122034,ENSG00000089280,FUS
ENSG00000082175,ENSG00000122133,PAEP
ENSG00000109320,ENSG00000162692,VCAM1
,ENSG00000164128,NPY1R
ENSG00000139187,ENSG00000254647,INS
ENSG00000170345,ENSG00000111424,VDR
ENSG00000168610,ENSG00000119630,PGF
ENSG00000136997,ENSG00000144747,TMF1
ENSG00000182568,ENSG00000172116,CD8B
ENSG00000143190,ENSG00000196092,PAX5
ENSG00000082175,ENSG00000100604,CHGA
ENSG00000136997,ENSG00000027697,IFNGR1
ENSG00000120738,ENSG00000129682,FGF13
ENSG00000173039,ENSG00000186951,PPARA
ENSG00000177425,ENSG00000136999,CCN3
ENSG00000185122,ENSG00000122008,POLK
ENSG00000102054,ENSG00000039068,CDH1
ENSG00000099956,ENSG00000147889,CDKN2A
ENSG00000136997,ENSG00000157557,ETS2
ENSG00000179284,ENSG00000146678,IGFBP1
ENSG00000173039,ENSG00000172156,CCL11
ENSG00000131408,ENSG00000158571,PFKFB1
ENSG00000126561,,
ENSG00000100906,ENSG00000090339,ICAM1
ENSG00000126767,ENSG00000064205,CCN5
ENSG00000104884,ENSG00000101412,E2F1
ENSG00000173039,ENSG00000231925,TAPBP
ENSG00000187098,ENSG00000128731,HERC2
ENSG00000007968,ENSG00000168010,ATG16L2
ENSG00000109819,ENSG00000138109,CYP2C9
ENSG00000078900,ENSG00000170312,CDK1
ENSG00000123405,ENSG00000213931,HBE1
ENSG00000141510,ENSG00000172977,KAT5
ENSG00000100906,ENSG00000177508,IRX3
ENSG00000126767,ENSG00000142168,SOD1
ENSG00000136997,ENSG00000032219,ARID4A
ENSG00000124813,ENSG00000091831,ESR1
ENSG00000101412,ENSG00000130254,SAFB2
ENSG00000102908,ENSG00000196154,S100A4
ENSG00000185122,ENSG00000106366,SERPINE1
ENSG00000205250,ENSG00000172137,CALB2
ENSG00000115415,ENSG00000146648,EGFR
ENSG00000185591,ENSG00000129518,EAPP
ENSG00000136931,ENSG00000170820,FSHR
ENSG00000125398,ENSG00000275013,PRAME
ENSG00000091831,ENSG00000163520,FBLN2
ENSG00000177606,ENSG00000113083,LOX
ENSG00000138385,ENSG00000100823,APEX1
ENSG00000091831,ENSG00000116833,NR5A2
,ENSG00000161270,NPHS1
ENSG00000136997,ENSG00000204632,HLA-G
ENSG00000187140,ENSG00000118785,SPP1
ENSG00000130522,ENSG00000116717,GADD45A
ENSG00000111424,ENSG00000105329,TGFB1
ENSG00000136997,ENSG00000051180,RAD51
,ENSG00000166828,SCNN1G
ENSG00000117707,ENSG00000129757,CDKN1C
ENSG00000205250,ENSG00000178999,AURKB
ENSG00000178951,ENSG00000067057,PFKP
ENSG00000116560,ENSG00000185736,ADARB2
ENSG00000172845,ENSG00000129355,CDKN2D
ENSG00000175832,ENSG00000169194,IL13
ENSG00000136997,ENSG00000171497,PPID
ENSG00000184895,ENSG00000196363,WDR5
ENSG00000169057,ENSG00000110092,CCND1
ENSG00000118513,ENSG00000174059,CD34
ENSG00000177606,ENSG00000121552,CSTA
ENSG00000111424,ENSG00000109424,UCP1
ENSG00000221869,ENSG00000130222,GADD45G
ENSG00000132170,ENSG00000145217,SLC26A1
ENSG00000173039,ENSG00000102245,CD40LG
ENSG00000173039,ENSG00000111679,PTPN6
ENSG00000177606,ENSG00000134716,CYP2J2
ENSG00000169083,ENSG00000168539,CHRM1
ENSG00000141510,ENSG00000115685,PPP1R7
ENSG00000170581,ENSG00000073756,PTGS2
ENSG00000136997,ENSG00000004468,CD38
ENSG00000115415,ENSG00000049768,FOXP3
ENSG00000165891,ENSG00000129173,E2F8
ENSG00000124795,ENSG00000126432,PRDX5
ENSG00000064835,ENSG00000143839,REN
ENSG00000105698,ENSG00000106366,SERPINE1
ENSG00000169083,ENSG00000107485,GATA3
ENSG00000169083,ENSG00000156096,UGT2B4
ENSG00000118260,ENSG00000171791,BCL2
,ENSG00000178913,TAF7
ENSG00000123268,ENSG00000170312,CDK1
ENSG00000136997,ENSG00000162961,DPY30
ENSG00000019549,ENSG00000164120,HPGD
ENSG00000104856,ENSG00000085563,ABCB1
ENSG00000136997,ENSG00000221838,AP4M1
ENSG00000140009,ENSG00000111012,CYP27B1
ENSG00000007968,ENSG00000117543,DPH5
ENSG00000185591,ENSG00000111012,CYP27B1
ENSG00000134323,ENSG00000138764,CCNG2
ENSG00000162613,ENSG00000124762,CDKN1A
ENSG00000168610,ENSG00000105329,TGFB1
ENSG00000091831,ENSG00000082641,NFE2L1
ENSG00000205250,ENSG00000213246,SUPT4H1
ENSG00000178860,ENSG00000107984,DKK1
ENSG00000205250,ENSG00000124181,PLCG1
ENSG00000139687,ENSG00000077782,FGFR1
ENSG00000101412,ENSG00000100109,TFIP11
,ENSG00000171223,JUNB
ENSG00000166949,ENSG00000108821,COL1A1
ENSG00000105866,ENSG00000128052,KDR
ENSG00000134954,ENSG00000139618,BRCA2
ENSG00000205250,ENSG00000168496,FEN1
ENSG00000179284,ENSG00000136997,MYC
ENSG00000141510,ENSG00000069399,BCL3
ENSG00000173039,ENSG00000100739,BDKRB1
ENSG00000245848,ENSG00000185697,MYBL1
ENSG00000118058,ENSG00000122592,HOXA7
ENSG00000112033,ENSG00000187048,CYP4A11
ENSG00000185513,ENSG00000159216,RUNX1
ENSG00000141510,ENSG00000148737,TCF7L2
ENSG00000159216,ENSG00000164400,CSF2
ENSG00000116044,ENSG00000244734,HBB
ENSG00000178860,ENSG00000226979,LTA
ENSG00000101412,ENSG00000196367,TRRAP
ENSG00000141510,ENSG00000134574,DDB2
ENSG00000106459,ENSG00000141646,SMAD4
ENSG00000111087,ENSG00000104332,SFRP1
ENSG00000185591,ENSG00000035664,DAPK2
ENSG00000012504,ENSG00000118046,STK11
ENSG00000048052,ENSG00000137745,MMP13
ENSG00000117707,ENSG00000167910,CYP7A1
ENSG00000148737,ENSG00000168036,CTNNB1
ENSG00000048052,ENSG00000131016,AKAP12
ENSG00000280529,ENSG00000170653,ATF7
ENSG00000166949,ENSG00000049768,FOXP3
ENSG00000116044,ENSG00000117118,SDHB
ENSG00000177606,ENSG00000181634,TNFSF15
ENSG00000111424,ENSG00000167085,PHB1
ENSG00000123268,ENSG00000198900,TOP1
ENSG00000185591,ENSG00000185187,SIGIRR
ENSG00000138795,ENSG00000104044,OCA2
ENSG00000162772,ENSG00000130164,LDLR
ENSG00000101076,ENSG00000167910,CYP7A1
ENSG00000067082,ENSG00000110092,CCND1
ENSG00000147133,ENSG00000124614,RPS10
ENSG00000170485,ENSG00000132326,PER2
ENSG00000172845,ENSG00000165140,FBP1
ENSG00000177606,ENSG00000091831,ESR1
ENSG00000102554,ENSG00000133392,MYH11
ENSG00000105516,ENSG00000136872,ALDOB
ENSG00000136997,ENSG00000129071,MBD4
ENSG00000119772,ENSG00000173801,JUP
ENSG00000170345,ENSG00000129514,FOXA1
ENSG00000179284,ENSG00000111057,KRT18
ENSG00000137265,ENSG00000113916,BCL6
ENSG00000007968,ENSG00000073756,PTGS2
ENSG00000115966,ENSG00000204632,HLA-G
ENSG00000064393,ENSG00000124762,CDKN1A
ENSG00000100644,ENSG00000171940,ZNF217
ENSG00000007968,ENSG00000131471,AOC3
ENSG00000121068,ENSG00000124762,CDKN1A
ENSG00000137273,ENSG00000221878,PSG7
ENSG00000115966,ENSG00000095015,MAP3K1
ENSG00000124664,ENSG00000039068,CDH1
ENSG00000100644,ENSG00000174697,LEP
ENSG00000130522,ENSG00000120885,CLU
ENSG00000205250,ENSG00000197442,MAP3K5
ENSG00000158773,ENSG00000112769,LAMA4
ENSG00000159184,ENSG00000169083,AR
ENSG00000187140,ENSG00000055163,CYFIP2
ENSG00000123358,ENSG00000101412,E2F1
ENSG00000162924,ENSG00000136997,MYC
ENSG00000169083,ENSG00000019549,SNAI2
ENSG00000105866,ENSG00000100811,YY1
ENSG00000177606,ENSG00000110321,EIF4G2
ENSG00000109320,ENSG00000125845,BMP2
ENSG00000102554,ENSG00000137440,FGFBP1
ENSG00000095794,ENSG00000275302,CCL4
ENSG00000157557,ENSG00000105967,TFEC
ENSG00000168610,ENSG00000167085,PHB1
ENSG00000233608,ENSG00000196712,NF1
ENSG00000177606,ENSG00000142192,APP
ENSG00000113580,ENSG00000124762,CDKN1A
ENSG00000205250,ENSG00000198053,SIRPA
ENSG00000141510,ENSG00000167553,TUBA1C
ENSG00000173039,ENSG00000021355,SERPINB1
ENSG00000173039,ENSG00000144935,TRPC1
ENSG00000179284,ENSG00000108846,ABCC3
ENSG00000169016,ENSG00000164647,STEAP1
,ENSG00000160200,CBS
ENSG00000101412,ENSG00000156222,SLC28A1
ENSG00000118260,ENSG00000169252,ADRB2
ENSG00000074047,ENSG00000133104,SPART
ENSG00000205250,ENSG00000106628,POLD2
ENSG00000171223,ENSG00000164399,IL3
ENSG00000136997,ENSG00000169372,CRADD
ENSG00000114315,ENSG00000178394,HTR1A
ENSG00000109320,ENSG00000157227,MMP14
ENSG00000173757,ENSG00000113916,BCL6
ENSG00000141905,ENSG00000172482,AGXT
ENSG00000278570,ENSG00000091831,ESR1
ENSG00000126767,ENSG00000145113,MUC4
ENSG00000260027,ENSG00000186340,THBS2
ENSG00000173039,ENSG00000113302,IL12B
ENSG00000101412,ENSG00000124659,TBCC
,ENSG00000108312,UBTF
ENSG00000101412,ENSG00000100433,KCNK10
ENSG00000169083,ENSG00000175445,LPL
ENSG00000141510,ENSG00000110092,CCND1
ENSG00000025434,ENSG00000172350,ABCG4
ENSG00000169083,ENSG00000140939,NOL3
ENSG00000185591,ENSG00000170231,FABP6
ENSG00000101412,ENSG00000171045,TSNARE1
ENSG00000118260,ENSG00000175344,CHRNA7
ENSG00000106462,ENSG00000089220,PEBP1
ENSG00000109320,ENSG00000018236,CNTN1
ENSG00000100823,ENSG00000177455,CD19
ENSG00000103495,ENSG00000174775,HRAS
ENSG00000131759,ENSG00000013588,GPRC5A
ENSG00000109132,ENSG00000115297,TLX2
ENSG00000137309,ENSG00000185591,SP1
ENSG00000205250,ENSG00000213699,SLC35F6
ENSG00000120837,ENSG00000157456,CCNB2
ENSG00000157557,ENSG00000164362,TERT
ENSG00000176887,ENSG00000258947,TUBB3
ENSG00000147862,ENSG00000197971,MBP
ENSG00000173039,ENSG00000114378,HYAL1
ENSG00000157554,ENSG00000154734,ADAMTS1
ENSG00000141510,ENSG00000234127,TRIM26
ENSG00000158773,ENSG00000110245,APOC3
ENSG00000091831,ENSG00000169429,CXCL8
ENSG00000136997,ENSG00000170348,TMED10
ENSG00000136997,ENSG00000122852,SFTPA1
ENSG00000101412,ENSG00000180530,NRIP1
ENSG00000169083,ENSG00000140396,NCOA2
ENSG00000101412,ENSG00000021488,SLC7A9
ENSG00000114315,ENSG00000010610,CD4
,ENSG00000103275,UBE2I
ENSG00000173039,ENSG00000255346,NOX5
ENSG00000173039,ENSG00000185813,PCYT2
ENSG00000139687,ENSG00000133661,SFTPD
ENSG00000118260,ENSG00000204287,HLA-DRA
ENSG00000100823,ENSG00000173039,RELA
ENSG00000172845,ENSG00000083312,TNPO1
ENSG00000132170,ENSG00000105641,SLC5A5
ENSG00000173039,ENSG00000132109,TRIM21
,ENSG00000154146,NRGN
ENSG00000113916,ENSG00000121594,CD80
ENSG00000118260,ENSG00000115738,ID2
ENSG00000166949,ENSG00000168542,COL3A1
ENSG00000162992,ENSG00000115457,IGFBP2
ENSG00000109320,ENSG00000131095,GFAP
ENSG00000131788,ENSG00000091831,ESR1
ENSG00000113722,ENSG00000133110,POSTN
ENSG00000141905,ENSG00000168484,SFTPC
ENSG00000088305,ENSG00000136574,GATA4
ENSG00000185591,ENSG00000163207,IVL
ENSG00000173039,ENSG00000185507,IRF7
ENSG00000101412,ENSG00000166152,C16orf78
ENSG00000172216,ENSG00000159176,CSRP1
ENSG00000141510,ENSG00000012048,BRCA1
ENSG00000175197,ENSG00000245848,CEBPA
ENSG00000100811,ENSG00000119383,PTPA
ENSG00000109320,ENSG00000153234,NR4A2
ENSG00000205250,ENSG00000257923,CUX1
ENSG00000136997,ENSG00000149182,ARFGAP2
,ENSG00000138039,LHCGR
ENSG00000154832,ENSG00000124762,CDKN1A
ENSG00000101412,ENSG00000124151,NCOA3
ENSG00000118513,ENSG00000120053,GOT1
ENSG00000149311,ENSG00000087088,BAX
ENSG00000119772,ENSG00000120057,SFRP5
ENSG00000169083,ENSG00000164761,TNFRSF11B
ENSG00000179284,ENSG00000141753,IGFBP4
ENSG00000101412,ENSG00000165092,ALDH1A1
ENSG00000100644,ENSG00000258947,TUBB3
ENSG00000111801,ENSG00000172987,HPSE2
ENSG00000100644,ENSG00000146678,IGFBP1
ENSG00000172216,ENSG00000187758,ADH1A
ENSG00000128573,ENSG00000011422,PLAUR
ENSG00000115415,ENSG00000075239,ACAT1
,ENSG00000103152,MPG
,ENSG00000134812,CBLIF
ENSG00000126561,ENSG00000196365,LONP1
ENSG00000105698,ENSG00000117984,CTSD
ENSG00000178951,ENSG00000170345,FOS
ENSG00000188283,ENSG00000177606,JUN
ENSG00000196712,ENSG00000167986,DDB1
ENSG00000136997,ENSG00000129691,ASH2L
ENSG00000118689,ENSG00000121858,TNFSF10
ENSG00000077092,ENSG00000163283,ALPP
ENSG00000066336,ENSG00000077420,APBB1IP
ENSG00000118260,ENSG00000104903,LYL1
ENSG00000112242,ENSG00000170312,CDK1
ENSG00000148737,ENSG00000026025,VIM
ENSG00000185591,ENSG00000072832,CRMP1
ENSG00000116833,ENSG00000116833,NR5A2
ENSG00000118260,ENSG00000125398,SOX9
,ENSG00000113070,HBEGF
ENSG00000131759,ENSG00000064835,POU1F1
ENSG00000132170,ENSG00000198814,GK
ENSG00000101412,ENSG00000105717,PBX4
ENSG00000166888,ENSG00000161905,ALOX15
ENSG00000123268,ENSG00000171791,BCL2
ENSG00000177606,ENSG00000140505,CYP1A2
ENSG00000131759,ENSG00000122592,HOXA7
ENSG00000141905,ENSG00000087842,PIR
ENSG00000177606,ENSG00000105329,TGFB1
ENSG00000075426,ENSG00000183813,CCR4
ENSG00000028277,ENSG00000137947,GTF2B
ENSG00000101412,ENSG00000138434,ITPRID2
ENSG00000185591,ENSG00000134574,DDB2
ENSG00000196712,ENSG00000147437,GNRH1
ENSG00000025156,ENSG00000100644,HIF1A
ENSG00000117713,ENSG00000124762,CDKN1A
ENSG00000134954,ENSG00000172179,PRL
ENSG00000065978,ENSG00000053900,ANAPC4
ENSG00000169016,ENSG00000198626,RYR2
ENSG00000131759,ENSG00000143546,S100A8
ENSG00000143437,ENSG00000130427,EPO
ENSG00000185591,ENSG00000181092,ADIPOQ
ENSG00000177606,ENSG00000174437,ATP2A2
ENSG00000118513,ENSG00000105610,KLF1
ENSG00000100811,ENSG00000197619,ZNF615
ENSG00000118495,ENSG00000117118,SDHB
ENSG00000101096,ENSG00000135446,CDK4
ENSG00000185591,ENSG00000067955,CBFB
ENSG00000033800,ENSG00000115415,STAT1
ENSG00000173039,ENSG00000117525,F3
ENSG00000136997,ENSG00000142856,ITGB3BP
ENSG00000096717,ENSG00000110092,CCND1
ENSG00000125347,ENSG00000107201,RIGI
ENSG00000101412,ENSG00000086475,SEPHS1
ENSG00000179284,ENSG00000185950,IRS2
ENSG00000205250,ENSG00000169083,AR
ENSG00000158773,ENSG00000172845,SP3
ENSG00000260027,ENSG00000087245,MMP2
,ENSG00000105329,TGFB1
ENSG00000143390,ENSG00000196126,HLA-DRB1
ENSG00000012048,ENSG00000112715,VEGFA
ENSG00000134982,ENSG00000118515,SGK1
ENSG00000101412,ENSG00000093009,CDC45
ENSG00000101412,ENSG00000101868,POLA1
ENSG00000185591,ENSG00000110195,FOLR1
ENSG00000100811,ENSG00000105568,PPP2R1A
ENSG00000138795,ENSG00000101412,E2F1
ENSG00000143190,ENSG00000113594,LIFR
ENSG00000196591,ENSG00000124762,CDKN1A
ENSG00000163517,ENSG00000206439,TNF
ENSG00000141510,ENSG00000105974,CAV1
ENSG00000172845,ENSG00000164344,KLKB1
ENSG00000166949,ENSG00000142156,COL6A1
ENSG00000213928,ENSG00000124762,CDKN1A
ENSG00000020633,ENSG00000162734,PEA15
ENSG00000185591,ENSG00000166828,SCNN1G
ENSG00000171720,ENSG00000110245,APOC3
ENSG00000101665,ENSG00000137776,SLTM
ENSG00000124216,ENSG00000206439,TNF
ENSG00000164093,ENSG00000158296,SLC13A3
ENSG00000124496,ENSG00000121594,CD80
ENSG00000066336,ENSG00000196188,CTSE
ENSG00000186951,ENSG00000004799,PDK4
ENSG00000066336,ENSG00000035664,DAPK2
ENSG00000185591,ENSG00000137055,PLAA
ENSG00000115415,ENSG00000145113,MUC4
ENSG00000172845,ENSG00000117971,CHRNB4
ENSG00000196591,ENSG00000164082,GRM2
ENSG00000136997,ENSG00000184787,UBE2G2
ENSG00000136997,ENSG00000196531,NACA
ENSG00000134954,ENSG00000006638,TBXA2R
ENSG00000128272,ENSG00000147955,SIGMAR1
ENSG00000233608,ENSG00000026508,CD44
ENSG00000196588,ENSG00000100985,MMP9
ENSG00000185591,ENSG00000188778,ADRB3
ENSG00000115415,ENSG00000197272,IL27
ENSG00000134323,ENSG00000135679,MDM2
ENSG00000115415,ENSG00000078401,EDN1
ENSG00000168066,ENSG00000104899,AMH
ENSG00000064393,ENSG00000085563,ABCB1
ENSG00000185591,ENSG00000178913,TAF7
ENSG00000169926,ENSG00000271503,CCL5
ENSG00000120738,ENSG00000118137,APOA1
ENSG00000170365,ENSG00000108821,COL1A1
ENSG00000179284,ENSG00000118777,ABCG2
ENSG00000101412,ENSG00000130816,DNMT1
ENSG00000205250,ENSG00000145386,CCNA2
ENSG00000185591,ENSG00000110092,CCND1
ENSG00000128272,ENSG00000120889,TNFRSF10B
ENSG00000179284,ENSG00000005381,MPO
ENSG00000111087,ENSG00000182253,SYNM
ENSG00000157554,ENSG00000090339,ICAM1
ENSG00000141510,ENSG00000172667,ZMAT3
ENSG00000166478,ENSG00000161217,PCYT1A
ENSG00000124766,ENSG00000100697,DICER1
ENSG00000168610,ENSG00000149968,MMP3
ENSG00000172216,ENSG00000164399,IL3
ENSG00000100644,ENSG00000182255,KCNA4
ENSG00000205250,ENSG00000055211,GINM1
ENSG00000101412,ENSG00000105011,ASF1B
ENSG00000135111,ENSG00000147889,CDKN2A
ENSG00000132170,ENSG00000118971,CCND2
ENSG00000143190,ENSG00000164399,IL3
ENSG00000100393,ENSG00000169429,CXCL8
ENSG00000120837,ENSG00000134057,CCNB1
ENSG00000158773,ENSG00000109320,NFKB1
ENSG00000173039,ENSG00000037280,FLT4
ENSG00000066336,ENSG00000101017,CD40
ENSG00000168610,ENSG00000007171,NOS2
ENSG00000166949,ENSG00000078401,EDN1
ENSG00000125798,ENSG00000007372,PAX6
ENSG00000007968,ENSG00000109736,MFSD10
ENSG00000136997,ENSG00000136810,TXN
,ENSG00000185651,UBE2L3
ENSG00000102908,ENSG00000108691,CCL2
ENSG00000179284,ENSG00000196620,UGT2B15
ENSG00000173039,ENSG00000096717,SIRT1
ENSG00000112182,ENSG00000171791,BCL2
ENSG00000077092,ENSG00000133321,PLAAT4
ENSG00000140009,ENSG00000163485,ADORA1
ENSG00000141510,ENSG00000198625,MDM4
ENSG00000109320,ENSG00000166200,COPS2
ENSG00000172216,ENSG00000160180,TFF3
ENSG00000169083,ENSG00000124253,PCK1
ENSG00000057935,ENSG00000170558,CDH2
ENSG00000120690,ENSG00000129226,CD68
ENSG00000171720,ENSG00000177606,JUN
ENSG00000182759,ENSG00000173599,PC
ENSG00000137309,ENSG00000039068,CDH1
ENSG00000118513,ENSG00000119383,PTPA
ENSG00000148516,ENSG00000169031,COL4A3
ENSG00000185591,ENSG00000012048,BRCA1
ENSG00000152977,ENSG00000130522,JUND
ENSG00000100644,ENSG00000005339,CREBBP
ENSG00000172845,ENSG00000172817,CYP7B1
ENSG00000012048,ENSG00000175197,DDIT3
ENSG00000134852,,
ENSG00000119138,,
ENSG00000178585,ENSG00000104435,STMN2
ENSG00000067082,ENSG00000204941,PSG5
ENSG00000136997,ENSG00000089280,FUS
,ENSG00000178726,THBD
ENSG00000101412,ENSG00000135801,TAF5L
ENSG00000136717,ENSG00000136997,MYC
ENSG00000123268,ENSG00000115738,ID2
ENSG00000185697,ENSG00000171791,BCL2
ENSG00000074047,ENSG00000134853,PDGFRA
ENSG00000196591,ENSG00000073282,TP63
ENSG00000276043,ENSG00000085563,ABCB1
ENSG00000185591,ENSG00000163810,TGM4
ENSG00000118260,ENSG00000108654,DDX5
ENSG00000084676,ENSG00000073734,ABCB11
ENSG00000179284,ENSG00000027697,IFNGR1
ENSG00000120738,ENSG00000087085,ACHE
ENSG00000168310,ENSG00000121966,CXCR4
ENSG00000074047,ENSG00000137745,MMP13
ENSG00000198911,ENSG00000143921,ABCG8
ENSG00000091831,ENSG00000136997,MYC
ENSG00000007968,ENSG00000145087,STXBP5L
ENSG00000134046,ENSG00000196730,DAPK1
ENSG00000101412,ENSG00000152348,ATG10
ENSG00000179284,ENSG00000089250,NOS1
ENSG00000132005,ENSG00000125726,CD70
ENSG00000204103,ENSG00000152377,SPOCK1
ENSG00000130816,ENSG00000086289,EPDR1
ENSG00000025156,ENSG00000170606,HSPA4
ENSG00000136997,ENSG00000100292,HMOX1
ENSG00000143390,ENSG00000179344,HLA-DQB1
ENSG00000132326,ENSG00000019549,SNAI2
ENSG00000101665,ENSG00000124762,CDKN1A
ENSG00000102038,ENSG00000026508,CD44
ENSG00000185591,ENSG00000160200,CBS
ENSG00000129993,ENSG00000140262,TCF12
ENSG00000185591,ENSG00000164985,PSIP1
ENSG00000140464,ENSG00000141510,TP53
ENSG00000221869,ENSG00000133661,SFTPD
ENSG00000134982,ENSG00000075711,DLG1
ENSG00000123095,ENSG00000076242,MLH1
ENSG00000007968,ENSG00000151348,EXT2
ENSG00000101096,ENSG00000102245,CD40LG
ENSG00000136997,ENSG00000152556,PFKM
ENSG00000185591,ENSG00000108312,UBTF
ENSG00000196628,ENSG00000075651,PLD1
ENSG00000007968,ENSG00000019144,PHLDB1
ENSG00000141510,ENSG00000109819,PPARGC1A
ENSG00000134954,ENSG00000163507,CIP2A
ENSG00000136352,ENSG00000122852,SFTPA1
ENSG00000136997,ENSG00000106682,EIF4H
ENSG00000136931,ENSG00000148795,CYP17A1
ENSG00000179284,ENSG00000172201,ID4
,ENSG00000086548,CEACAM6
ENSG00000134086,ENSG00000153071,DAB2
ENSG00000116478,ENSG00000104067,TJP1
ENSG00000111424,ENSG00000242252,BGLAP
ENSG00000141905,ENSG00000104368,PLAT
ENSG00000117713,ENSG00000166949,SMAD3
ENSG00000179284,ENSG00000204632,HLA-G
ENSG00000095564,ENSG00000117505,DR1
ENSG00000157554,ENSG00000152192,POU4F1
ENSG00000117318,ENSG00000152284,TCF7L1
ENSG00000109320,ENSG00000145692,BHMT
ENSG00000101412,ENSG00000117748,RPA2
ENSG00000136997,ENSG00000169567,HINT1
ENSG00000131788,ENSG00000123268,ATF1
ENSG00000111424,ENSG00000012779,ALOX5
ENSG00000166949,ENSG00000101076,HNF4A
ENSG00000128272,ENSG00000130203,APOE
ENSG00000007968,ENSG00000156509,FBXO43
ENSG00000179284,ENSG00000168447,SCNN1B
ENSG00000185591,ENSG00000132604,TERF2
ENSG00000067082,ENSG00000196337,CGB7
ENSG00000077092,ENSG00000197894,ADH5
ENSG00000151623,ENSG00000101017,CD40
ENSG00000115415,ENSG00000122861,PLAU
ENSG00000170365,ENSG00000168542,COL3A1
ENSG00000177606,ENSG00000112033,PPARD
ENSG00000185591,ENSG00000105974,CAV1
ENSG00000143190,ENSG00000188690,UROS
ENSG00000116478,ENSG00000189056,RELN
ENSG00000168610,ENSG00000137764,MAP2K5
ENSG00000136997,ENSG00000137713,PPP2R1B
ENSG00000186951,ENSG00000116717,GADD45A
ENSG00000143621,ENSG00000109471,IL2
,ENSG00000141510,TP53
ENSG00000141027,ENSG00000132170,PPARG
ENSG00000118260,ENSG00000271503,CCL5
ENSG00000172845,ENSG00000104081,BMF
ENSG00000136997,ENSG00000126756,UXT
,ENSG00000169710,FASN
ENSG00000141510,ENSG00000185651,UBE2L3
ENSG00000179284,ENSG00000138798,EGF
ENSG00000185591,ENSG00000154146,NRGN
ENSG00000221869,ENSG00000110944,IL23A
ENSG00000143799,ENSG00000177606,JUN
ENSG00000166949,ENSG00000125968,ID1
ENSG00000101076,ENSG00000130164,LDLR
ENSG00000100219,ENSG00000188425,NANOS2
ENSG00000115507,ENSG00000167995,BEST1
ENSG00000134852,ENSG00000008405,CRY1
ENSG00000168610,ENSG00000140939,NOL3
ENSG00000126767,ENSG00000131408,NR1H2
ENSG00000134954,ENSG00000065057,NTHL1
ENSG00000115415,ENSG00000101654,RNMT
,ENSG00000186081,KRT5
ENSG00000064393,ENSG00000100644,HIF1A
ENSG00000157514,ENSG00000184481,FOXO4
ENSG00000077092,ENSG00000042832,TG
ENSG00000169083,ENSG00000175567,UCP2
ENSG00000057935,ENSG00000124151,NCOA3
ENSG00000159216,ENSG00000140678,ITGAX
ENSG00000101412,ENSG00000154380,ENAH
ENSG00000169083,ENSG00000137745,MMP13
ENSG00000185591,ENSG00000138039,LHCGR
ENSG00000131788,ENSG00000168610,STAT3
ENSG00000168610,ENSG00000112576,CCND3
ENSG00000140464,ENSG00000087088,BAX
ENSG00000134954,ENSG00000120656,TAF12
ENSG00000101412,ENSG00000124383,MPHOSPH10
ENSG00000010030,ENSG00000139083,ETV6
ENSG00000115816,ENSG00000164692,COL1A2
ENSG00000106459,ENSG00000102081,FMR1
ENSG00000123268,ENSG00000135318,NT5E
ENSG00000132170,ENSG00000135218,CD36
ENSG00000134954,ENSG00000121966,CXCR4
ENSG00000185591,ENSG00000103152,MPG
ENSG00000100811,ENSG00000007933,FMO3
ENSG00000143390,ENSG00000241674,HLA-DMB
ENSG00000120837,ENSG00000159140,SON
ENSG00000134852,ENSG00000121671,CRY2
ENSG00000186350,ENSG00000165029,ABCA1
ENSG00000123268,ENSG00000172269,DPAGT1
ENSG00000172845,ENSG00000152804,HHEX
ENSG00000100219,ENSG00000120937,NPPB
ENSG00000198176,ENSG00000167325,RRM1
ENSG00000136997,ENSG00000143333,RGS16
ENSG00000136997,ENSG00000162772,ATF3
ENSG00000066336,ENSG00000110195,FOLR1
ENSG00000134954,ENSG00000015285,WAS
ENSG00000175832,ENSG00000231924,PSG1
ENSG00000109320,ENSG00000282608,ADORA3
ENSG00000087077,ENSG00000105810,CDK6
ENSG00000168610,ENSG00000170893,TRH
ENSG00000173757,ENSG00000132170,PPARG
ENSG00000169083,ENSG00000167680,SEMA6B
ENSG00000106462,ENSG00000108424,KPNB1
ENSG00000172845,ENSG00000168878,SFTPB
ENSG00000084093,ENSG00000165973,NELL1
ENSG00000136997,,
ENSG00000177606,ENSG00000149968,MMP3
ENSG00000111424,ENSG00000133112,TPT1
ENSG00000185129,ENSG00000132646,PCNA
ENSG00000169083,ENSG00000149308,NPAT
ENSG00000124813,ENSG00000019549,SNAI2
ENSG00000173039,ENSG00000115415,STAT1
ENSG00000146592,ENSG00000154589,LY96
ENSG00000007968,ENSG00000180176,TH
ENSG00000102349,ENSG00000157227,MMP14
ENSG00000100811,ENSG00000007171,NOS2
ENSG00000100811,ENSG00000179271,GADD45GIP1
ENSG00000066336,ENSG00000136689,IL1RN
ENSG00000136997,ENSG00000135677,GNS
ENSG00000101412,ENSG00000116774,OLFML3
ENSG00000107485,ENSG00000164574,GALNT10
ENSG00000100811,ENSG00000165672,PRDX3
,ENSG00000087088,BAX
ENSG00000182979,ENSG00000116478,HDAC1
ENSG00000164379,ENSG00000154342,WNT3A
ENSG00000120738,ENSG00000177606,JUN
ENSG00000131759,,
ENSG00000077092,ENSG00000077782,FGFR1
ENSG00000177606,ENSG00000007171,NOS2
ENSG00000069011,ENSG00000177606,JUN
ENSG00000102145,ENSG00000170365,SMAD1
ENSG00000124782,ENSG00000141873,SLC39A3
ENSG00000168610,ENSG00000206439,TNF
ENSG00000163517,ENSG00000112115,IL17A
ENSG00000078399,ENSG00000007908,SELE
ENSG00000101412,ENSG00000184613,NELL2
ENSG00000115415,ENSG00000172936,MYD88
ENSG00000179284,ENSG00000197386,HTT
ENSG00000136997,ENSG00000111206,FOXM1
ENSG00000118260,ENSG00000129167,TPH1
ENSG00000157554,ENSG00000166333,ILK
ENSG00000205250,ENSG00000119718,EIF2B2
ENSG00000105698,ENSG00000162896,PIGR
ENSG00000007968,ENSG00000104689,TNFRSF10A
ENSG00000115415,ENSG00000117500,TMED5
ENSG00000179284,ENSG00000167244,IGF2
ENSG00000179284,ENSG00000088386,SLC15A1
ENSG00000100393,ENSG00000078900,TP73
ENSG00000175832,ENSG00000099866,MADCAM1
ENSG00000148737,ENSG00000065361,ERBB3
ENSG00000124813,ENSG00000242252,BGLAP
ENSG00000101412,ENSG00000118513,MYB
ENSG00000149311,ENSG00000120129,DUSP1
ENSG00000143799,ENSG00000109320,NFKB1
ENSG00000149311,ENSG00000116717,GADD45A
ENSG00000141510,ENSG00000030110,BAK1
ENSG00000115415,ENSG00000119917,IFIT3
ENSG00000141510,ENSG00000169710,FASN
ENSG00000118689,ENSG00000117560,FASLG
ENSG00000104856,ENSG00000172724,CCL19
ENSG00000100393,ENSG00000136997,MYC
,ENSG00000168036,CTNNB1
ENSG00000116478,ENSG00000110092,CCND1
ENSG00000109320,ENSG00000148344,PTGES
ENSG00000136931,ENSG00000147465,STAR
ENSG00000141510,ENSG00000115163,CENPA
ENSG00000141510,ENSG00000142515,KLK3
ENSG00000158773,ENSG00000160181,TFF2
ENSG00000136997,ENSG00000139190,VAMP1
ENSG00000082175,ENSG00000146678,IGFBP1
ENSG00000136997,ENSG00000113384,GOLPH3
ENSG00000118260,ENSG00000118785,SPP1
ENSG00000091831,ENSG00000145708,CRHBP
ENSG00000101412,ENSG00000103021,CFAP263
ENSG00000118260,ENSG00000175592,FOSL1
ENSG00000177606,ENSG00000165025,SYK
ENSG00000101412,ENSG00000167139,TBC1D21
ENSG00000115415,ENSG00000169245,CXCL10
ENSG00000118513,ENSG00000119888,EPCAM
ENSG00000179284,ENSG00000185339,TCN2
ENSG00000172534,ENSG00000205250,E2F4
ENSG00000131759,ENSG00000163220,S100A9
ENSG00000054598,ENSG00000150907,FOXO1
ENSG00000109320,ENSG00000186318,BACE1
ENSG00000179284,ENSG00000135744,AGT
ENSG00000115966,ENSG00000162772,ATF3
ENSG00000007372,ENSG00000175426,PCSK1
ENSG00000137265,ENSG00000156738,MS4A1
ENSG00000140968,ENSG00000125538,IL1B
ENSG00000069667,ENSG00000123416,TUBA1B
ENSG00000119772,ENSG00000124762,CDKN1A
ENSG00000109320,ENSG00000115594,IL1R1
ENSG00000185591,ENSG00000109814,UGDH
ENSG00000162772,ENSG00000070669,ASNS
ENSG00000112242,ENSG00000126581,BECN1
ENSG00000136997,ENSG00000141013,GAS8
ENSG00000172819,ENSG00000178726,THBD
ENSG00000100906,ENSG00000026103,FAS
ENSG00000136997,ENSG00000213930,GALT
ENSG00000133895,ENSG00000064012,CASP8
ENSG00000131759,ENSG00000134323,MYCN
ENSG00000136997,ENSG00000012983,MAP4K5
ENSG00000185591,ENSG00000151694,ADAM17
ENSG00000170345,ENSG00000164885,CDK5
ENSG00000117707,ENSG00000122691,TWIST1
ENSG00000115415,ENSG00000138685,FGF2
ENSG00000148737,ENSG00000107984,DKK1
ENSG00000170365,ENSG00000078401,EDN1
ENSG00000139352,ENSG00000129167,TPH1
ENSG00000101412,ENSG00000163781,TOPBP1
ENSG00000179284,ENSG00000119772,DNMT3A
ENSG00000115415,ENSG00000108691,CCL2
ENSG00000136997,ENSG00000109971,HSPA8
ENSG00000115415,,
ENSG00000101412,ENSG00000133858,ZFC3H1
ENSG00000118260,ENSG00000125508,SRMS
ENSG00000158773,ENSG00000164399,IL3
ENSG00000185591,ENSG00000102882,MAPK3
ENSG00000150907,ENSG00000171345,KRT19
ENSG00000100811,ENSG00000103423,DNAJA3
ENSG00000205250,ENSG00000115268,RPS15
ENSG00000120738,ENSG00000109320,NFKB1
ENSG00000151623,ENSG00000112486,CCR6
ENSG00000100644,ENSG00000114023,FAM162A
ENSG00000185591,ENSG00000185651,UBE2L3
ENSG00000115415,ENSG00000171132,PRKCE
ENSG00000100393,ENSG00000005339,CREBBP
ENSG00000122691,ENSG00000100030,MAPK1
ENSG00000141905,ENSG00000177606,JUN
ENSG00000141510,ENSG00000065357,DGKA
ENSG00000179348,ENSG00000186652,PRG2
ENSG00000125347,ENSG00000124762,CDKN1A
ENSG00000198911,ENSG00000165029,ABCA1
ENSG00000111087,ENSG00000143333,RGS16
ENSG00000177606,ENSG00000103423,DNAJA3
ENSG00000117505,ENSG00000144852,NR1I2
ENSG00000173039,ENSG00000164342,TLR3
ENSG00000173039,ENSG00000164867,NOS3
ENSG00000118260,ENSG00000152944,MED21
ENSG00000136997,ENSG00000165494,PCF11
ENSG00000012048,ENSG00000164109,MAD2L1
,ENSG00000151623,NR3C2
ENSG00000091831,ENSG00000157514,TSC22D3
ENSG00000151702,ENSG00000152192,POU4F1
ENSG00000180535,ENSG00000167964,RAB26
ENSG00000169083,ENSG00000125384,PTGER2
ENSG00000116016,ENSG00000102755,FLT1
ENSG00000091831,ENSG00000118777,ABCG2
ENSG00000151702,ENSG00000112658,SRF
,ENSG00000019549,SNAI2
ENSG00000123268,ENSG00000271503,CCL5
ENSG00000101412,ENSG00000012061,ERCC1
ENSG00000146592,ENSG00000137710,RDX
ENSG00000078900,ENSG00000064393,HIPK2
ENSG00000116478,ENSG00000164985,PSIP1
ENSG00000177606,ENSG00000140939,NOL3
ENSG00000101412,ENSG00000146085,MMUT
ENSG00000245848,ENSG00000120837,NFYB
ENSG00000205250,ENSG00000176890,TYMS
ENSG00000172216,ENSG00000140945,CDH13
ENSG00000140009,ENSG00000131759,RARA
ENSG00000185591,ENSG00000131759,RARA
ENSG00000118260,ENSG00000117036,ETV3
ENSG00000138378,ENSG00000170345,FOS
ENSG00000082175,ENSG00000136997,MYC
ENSG00000136997,ENSG00000065978,YBX1
ENSG00000221926,ENSG00000026025,VIM
ENSG00000138668,ENSG00000127528,KLF2
ENSG00000101412,ENSG00000135679,MDM2
ENSG00000166949,ENSG00000108691,CCL2
ENSG00000172845,ENSG00000082175,PGR
ENSG00000141510,ENSG00000168036,CTNNB1
ENSG00000166949,ENSG00000106366,SERPINE1
ENSG00000007968,ENSG00000106605,BLVRA
ENSG00000172845,ENSG00000068028,RASSF1
ENSG00000136997,ENSG00000106305,AIMP2
ENSG00000101412,ENSG00000090612,ZNF268
ENSG00000132170,ENSG00000142208,AKT1
ENSG00000075426,ENSG00000124766,SOX4
ENSG00000109320,ENSG00000107175,CREB3
ENSG00000118260,ENSG00000010704,HFE
ENSG00000109320,ENSG00000109321,AREG
ENSG00000007372,ENSG00000187098,MITF
,ENSG00000140939,NOL3
ENSG00000141905,ENSG00000115718,PROC
ENSG00000077092,ENSG00000084207,GSTP1
ENSG00000205250,ENSG00000162413,KLHL21
ENSG00000091831,ENSG00000141027,NCOR1
,ENSG00000149923,PPP4C
ENSG00000131759,ENSG00000265190,ANXA8
ENSG00000106546,ENSG00000133119,RFC3
ENSG00000107485,ENSG00000111537,IFNG
ENSG00000128573,ENSG00000136352,NKX2-1
ENSG00000101412,ENSG00000051108,HERPUD1
ENSG00000057657,ENSG00000136997,MYC
ENSG00000169083,ENSG00000102172,SMS
ENSG00000105722,ENSG00000157557,ETS2
ENSG00000136997,ENSG00000128714,HOXD13
ENSG00000159263,ENSG00000164305,CASP3
ENSG00000115966,ENSG00000179142,CYP11B2
ENSG00000158773,ENSG00000084774,CAD
ENSG00000091831,ENSG00000196620,UGT2B15
ENSG00000101412,ENSG00000132768,DPH2
ENSG00000173039,ENSG00000166573,GALR1
ENSG00000105698,ENSG00000168066,SF1
ENSG00000169083,ENSG00000130066,SAT1
ENSG00000136997,ENSG00000134982,APC
ENSG00000118513,ENSG00000135363,LMO2
ENSG00000165556,ENSG00000115616,SLC9A2
ENSG00000118513,ENSG00000107485,GATA3
ENSG00000118513,ENSG00000181163,NPM1
ENSG00000132170,ENSG00000146648,EGFR
ENSG00000100644,ENSG00000126353,CCR7
,ENSG00000205362,MT1A
ENSG00000170608,ENSG00000160870,CYP3A7
ENSG00000057935,ENSG00000105849,POLR1F
ENSG00000139515,ENSG00000106633,GCK
ENSG00000101412,ENSG00000166546,BEAN1
ENSG00000131759,ENSG00000154229,PRKCA
ENSG00000245848,ENSG00000130164,LDLR
ENSG00000141510,ENSG00000182871,COL18A1
ENSG00000131408,ENSG00000172350,ABCG4
ENSG00000001167,ENSG00000185129,PURA
ENSG00000109320,ENSG00000274286,ADRA2B
ENSG00000101412,ENSG00000104872,PIH1D1
ENSG00000173757,ENSG00000137193,PIM1
ENSG00000169083,ENSG00000111249,CUX2
ENSG00000138073,ENSG00000172179,PRL
ENSG00000168610,ENSG00000143384,MCL1
ENSG00000177606,ENSG00000206439,TNF
ENSG00000135100,ENSG00000112715,VEGFA
ENSG00000169083,ENSG00000123427,EEF1AKMT3
ENSG00000118260,ENSG00000170345,FOS
ENSG00000187079,ENSG00000112658,SRF
ENSG00000109320,ENSG00000178562,CD28
ENSG00000185591,ENSG00000169710,FASN
ENSG00000115415,ENSG00000136244,IL6
ENSG00000139618,ENSG00000108344,PSMD3
ENSG00000141027,ENSG00000104419,NDRG1
ENSG00000074047,ENSG00000206013,IFITM5
ENSG00000141510,ENSG00000109991,P2RX3
ENSG00000185591,ENSG00000186081,KRT5
ENSG00000185591,ENSG00000142515,KLK3
ENSG00000140044,ENSG00000175197,DDIT3
,ENSG00000114554,PLXNA1
ENSG00000141905,ENSG00000101266,CSNK2A1
ENSG00000109320,ENSG00000165140,FBP1
ENSG00000078399,ENSG00000109320,NFKB1
ENSG00000130726,ENSG00000205250,E2F4
ENSG00000175832,ENSG00000118971,CCND2
ENSG00000072310,ENSG00000099194,SCD
ENSG00000007968,ENSG00000141506,PIK3R5
ENSG00000179284,ENSG00000042980,ADAM28
ENSG00000123358,ENSG00000106366,SERPINE1
ENSG00000134954,ENSG00000137440,FGFBP1
ENSG00000118260,ENSG00000186951,PPARA
ENSG00000135547,ENSG00000107796,ACTA2
ENSG00000101412,ENSG00000094796,KRT31
ENSG00000158773,ENSG00000100604,CHGA
ENSG00000128016,ENSG00000066044,ELAVL1
ENSG00000087510,ENSG00000109193,SULT1E1
ENSG00000185591,ENSG00000176884,GRIN1
ENSG00000101412,ENSG00000150907,FOXO1
ENSG00000131914,ENSG00000164045,CDC25A
ENSG00000185591,ENSG00000187094,CCK
ENSG00000134954,ENSG00000103222,ABCC1
ENSG00000185591,ENSG00000100311,PDGFB
ENSG00000123268,ENSG00000175592,FOSL1
ENSG00000157557,ENSG00000110799,VWF
ENSG00000102349,ENSG00000170558,CDH2
ENSG00000170322,ENSG00000177606,JUN
ENSG00000096717,ENSG00000168036,CTNNB1
ENSG00000143190,ENSG00000175084,DES
ENSG00000102974,ENSG00000143845,ETNK2
ENSG00000157557,ENSG00000109471,IL2
ENSG00000149311,ENSG00000120889,TNFRSF10B
ENSG00000143257,ENSG00000105398,SULT2A1
ENSG00000100811,ENSG00000164091,WDR82
ENSG00000126767,ENSG00000085276,MECOM
ENSG00000170345,ENSG00000049540,ELN
ENSG00000012504,ENSG00000254647,INS
ENSG00000102145,ENSG00000143224,PPOX
ENSG00000118260,ENSG00000154767,XPC
ENSG00000148737,ENSG00000113645,WWC1
ENSG00000136997,ENSG00000161960,EIF4A1
ENSG00000118689,ENSG00000184481,FOXO4
ENSG00000168610,ENSG00000170989,S1PR1
ENSG00000069011,ENSG00000071575,TRIB2
ENSG00000168610,ENSG00000175567,UCP2
ENSG00000091831,ENSG00000138798,EGF
ENSG00000141510,ENSG00000127824,TUBA4A
ENSG00000168610,ENSG00000121022,COPS5
ENSG00000168610,ENSG00000131016,AKAP12
ENSG00000157557,ENSG00000122861,PLAU
ENSG00000134954,ENSG00000154727,GABPA
ENSG00000100811,ENSG00000136861,CDK5RAP2
ENSG00000100811,ENSG00000179059,ZFP42
ENSG00000111145,ENSG00000170345,FOS
ENSG00000091831,ENSG00000157554,ERG
ENSG00000177606,ENSG00000137409,MTCH1
ENSG00000138795,ENSG00000158813,EDA
ENSG00000136997,ENSG00000166484,MAPK7
ENSG00000158773,ENSG00000171557,FGG
ENSG00000134954,ENSG00000110448,CD5
ENSG00000136997,ENSG00000130675,MNX1
ENSG00000118513,ENSG00000140939,NOL3
ENSG00000131759,ENSG00000160221,GATD3
ENSG00000175197,ENSG00000068903,SIRT2
ENSG00000132170,ENSG00000002330,BAD
ENSG00000107485,ENSG00000130427,EPO
ENSG00000156273,ENSG00000100292,HMOX1
ENSG00000128272,ENSG00000080986,NDC80
ENSG00000118513,ENSG00000012779,ALOX5
ENSG00000136535,ENSG00000189056,RELN
ENSG00000138795,ENSG00000096696,DSP
ENSG00000159216,ENSG00000182578,CSF1R
ENSG00000196591,ENSG00000121858,TNFSF10
ENSG00000120738,,
ENSG00000136997,ENSG00000137492,THAP12
ENSG00000173039,ENSG00000137331,IER3
ENSG00000177606,ENSG00000165376,CLDN2
ENSG00000123268,ENSG00000152944,MED21
ENSG00000074047,ENSG00000164930,FZD6
ENSG00000141510,ENSG00000197381,ADARB1
ENSG00000143190,ENSG00000125931,CITED1
ENSG00000177606,ENSG00000288505,NANOS3
ENSG00000100811,ENSG00000124795,DEK
ENSG00000007968,ENSG00000175591,P2RY2
ENSG00000173039,ENSG00000130649,CYP2E1
ENSG00000101412,ENSG00000178460,MCMDC2
ENSG00000118260,ENSG00000181195,PENK
ENSG00000141510,ENSG00000177595,PIDD1
ENSG00000159216,ENSG00000171608,PIK3CD
ENSG00000109320,ENSG00000118513,MYB
ENSG00000101412,ENSG00000146285,SCML4
ENSG00000186350,ENSG00000075651,PLD1
ENSG00000135100,ENSG00000111700,SLCO1B3
ENSG00000141905,ENSG00000061918,GUCY1B1
ENSG00000088305,ENSG00000106483,SFRP4
ENSG00000205250,,
ENSG00000074047,ENSG00000176678,FOXL1
ENSG00000173039,ENSG00000185303,SFTPA2
ENSG00000175756,ENSG00000106546,AHR
ENSG00000110711,ENSG00000160182,TFF1
ENSG00000177606,ENSG00000177000,MTHFR
ENSG00000125347,ENSG00000123374,CDK2
ENSG00000118260,ENSG00000100739,BDKRB1
ENSG00000123358,ENSG00000140459,CYP11A1
ENSG00000111087,ENSG00000170873,MTSS1
ENSG00000120738,ENSG00000112245,PTP4A1
ENSG00000101412,ENSG00000154734,ADAMTS1
ENSG00000260027,ENSG00000129682,FGF13
ENSG00000007968,ENSG00000160298,C21orf58
ENSG00000066336,ENSG00000078589,P2RY10
ENSG00000170345,ENSG00000109471,IL2
ENSG00000082175,ENSG00000185950,IRS2
ENSG00000102554,ENSG00000100644,HIF1A
ENSG00000136997,ENSG00000141510,TP53
ENSG00000096717,ENSG00000196482,ESRRG
ENSG00000245848,ENSG00000051128,HOMER3
ENSG00000185591,ENSG00000144891,AGTR1
ENSG00000187098,ENSG00000109819,PPARGC1A
ENSG00000173039,ENSG00000171223,JUNB
ENSG00000183072,ENSG00000197380,DACT3
ENSG00000170515,ENSG00000106541,AGR2
ENSG00000074047,ENSG00000072062,PRKACA
ENSG00000125618,ENSG00000136352,NKX2-1
ENSG00000118513,ENSG00000081237,PTPRC
ENSG00000205250,ENSG00000184371,CSF1
ENSG00000172201,ENSG00000012048,BRCA1
ENSG00000127616,ENSG00000169598,DFFB
ENSG00000182944,ENSG00000187094,CCK
ENSG00000109320,ENSG00000081041,CXCL2
ENSG00000072310,ENSG00000151365,THRSP
ENSG00000185591,ENSG00000182871,COL18A1
ENSG00000170345,ENSG00000122861,PLAU
ENSG00000179348,ENSG00000115129,TP53I3
ENSG00000134574,ENSG00000171791,BCL2
ENSG00000124813,ENSG00000137745,MMP13
ENSG00000151623,ENSG00000099991,CABIN1
ENSG00000130522,ENSG00000011422,PLAUR
ENSG00000152804,ENSG00000105641,SLC5A5
ENSG00000181163,ENSG00000102034,ELF4
ENSG00000177606,ENSG00000141968,VAV1
ENSG00000157554,ENSG00000137193,PIM1
ENSG00000048540,ENSG00000114315,HES1
ENSG00000172845,ENSG00000206454,POU5F1
ENSG00000091831,ENSG00000181019,NQO1
ENSG00000149311,ENSG00000188786,MTF1
ENSG00000177606,ENSG00000176749,CDK5R1
ENSG00000141646,ENSG00000091831,ESR1
ENSG00000170345,ENSG00000123610,TNFAIP6
ENSG00000150907,ENSG00000185630,PBX1
ENSG00000158773,ENSG00000143627,PKLR
ENSG00000132170,ENSG00000090020,SLC9A1
ENSG00000168556,ENSG00000171791,BCL2
ENSG00000100888,ENSG00000136997,MYC
,ENSG00000184845,DRD1
,ENSG00000150630,VEGFC
ENSG00000185591,ENSG00000123080,CDKN2C
ENSG00000120738,ENSG00000164399,IL3
ENSG00000105698,ENSG00000012048,BRCA1
ENSG00000131759,ENSG00000197616,MYH6
,ENSG00000087245,MMP2
ENSG00000173039,ENSG00000197919,IFNA1
ENSG00000145908,ENSG00000111276,CDKN1B
,ENSG00000131389,SLC6A6
ENSG00000007968,ENSG00000155367,PPM1J
ENSG00000186951,ENSG00000179639,FCER1A
ENSG00000091831,ENSG00000134250,NOTCH2
ENSG00000185591,ENSG00000105639,JAK3
ENSG00000082175,ENSG00000118777,ABCG2
ENSG00000109320,ENSG00000115523,GNLY
ENSG00000185591,ENSG00000151623,NR3C2
ENSG00000048052,ENSG00000166670,MMP10
ENSG00000019549,ENSG00000121966,CXCR4
ENSG00000123268,ENSG00000170345,FOS
ENSG00000205250,ENSG00000128951,DUT
ENSG00000126767,ENSG00000247596,TWF2
ENSG00000170365,ENSG00000106366,SERPINE1
ENSG00000169083,ENSG00000080546,SESN1
ENSG00000132170,ENSG00000075239,ACAT1
ENSG00000170581,ENSG00000016402,IL20RA
ENSG00000175832,ENSG00000164362,TERT
ENSG00000179284,ENSG00000165527,ARF6
ENSG00000057935,ENSG00000135679,MDM2
ENSG00000141905,,
ENSG00000146592,ENSG00000164761,TNFRSF11B
ENSG00000130522,ENSG00000124588,NQO2
ENSG00000120738,ENSG00000137090,DMRT1
ENSG00000129351,,
ENSG00000169083,ENSG00000125651,GTF2F1
ENSG00000136997,ENSG00000123975,CKS2
ENSG00000109320,ENSG00000164344,KLKB1
ENSG00000105698,ENSG00000160200,CBS
ENSG00000136997,ENSG00000087088,BAX
ENSG00000100393,ENSG00000051180,RAD51
ENSG00000179284,ENSG00000170458,CD14
ENSG00000172819,ENSG00000054598,FOXC1
ENSG00000134954,ENSG00000073756,PTGS2
ENSG00000185591,ENSG00000166224,SGPL1
ENSG00000172216,ENSG00000169429,CXCL8
ENSG00000109320,ENSG00000156113,KCNMA1
ENSG00000088305,ENSG00000198755,RPL10A
ENSG00000131759,ENSG00000171345,KRT19
ENSG00000143190,ENSG00000169429,CXCL8
ENSG00000134852,ENSG00000113580,NR3C1
ENSG00000169083,ENSG00000168067,MAP4K2
ENSG00000172819,ENSG00000080503,SMARCA2
ENSG00000115415,ENSG00000115386,REG1A
ENSG00000007968,ENSG00000137100,DCTN3
ENSG00000115415,ENSG00000007952,NOX1
ENSG00000101665,ENSG00000170312,CDK1
,ENSG00000141736,ERBB2
ENSG00000157554,ENSG00000104419,NDRG1
ENSG00000196092,ENSG00000137776,SLTM
ENSG00000185591,ENSG00000161638,ITGA5
ENSG00000106462,,
ENSG00000101412,ENSG00000125798,FOXA2
ENSG00000172216,ENSG00000174697,LEP
ENSG00000101412,ENSG00000127585,FBXL16
ENSG00000144852,ENSG00000085563,ABCB1
ENSG00000179284,ENSG00000111206,FOXM1
ENSG00000175832,ENSG00000018280,SLC11A1
ENSG00000257923,ENSG00000001626,CFTR
ENSG00000101412,ENSG00000165506,DNAAF2
ENSG00000100906,ENSG00000171855,IFNB1
ENSG00000091831,ENSG00000099860,GADD45B
ENSG00000253293,,
ENSG00000140009,ENSG00000141456,PELP1
ENSG00000166888,ENSG00000115594,IL1R1
ENSG00000143190,ENSG00000160791,CCR5
ENSG00000177606,ENSG00000137745,MMP13
ENSG00000120738,ENSG00000100393,EP300
ENSG00000136997,ENSG00000148229,POLE3
ENSG00000173039,ENSG00000183607,GKN2
ENSG00000115415,ENSG00000104870,FCGRT
ENSG00000185591,ENSG00000112149,CD83
ENSG00000172216,ENSG00000108702,CCL1
ENSG00000205250,ENSG00000241945,PWP2
ENSG00000120738,ENSG00000143801,PSEN2
ENSG00000151702,ENSG00000164692,COL1A2
ENSG00000179348,ENSG00000102145,GATA1
ENSG00000136997,ENSG00000084207,GSTP1
ENSG00000106546,ENSG00000140505,CYP1A2
ENSG00000124496,ENSG00000186818,LILRB4
ENSG00000125398,ENSG00000114315,HES1
ENSG00000185591,ENSG00000026025,VIM
ENSG00000179284,ENSG00000197446,CYP2F1
ENSG00000143190,ENSG00000163754,GYG1
ENSG00000151090,ENSG00000127948,POR
ENSG00000139083,ENSG00000115461,IGFBP5
ENSG00000111087,ENSG00000141510,TP53
ENSG00000168610,ENSG00000163191,S100A11
ENSG00000101412,ENSG00000185811,IKZF1
ENSG00000164683,ENSG00000125845,BMP2
ENSG00000177606,ENSG00000168685,IL7R
ENSG00000141510,ENSG00000145632,PLK2
ENSG00000118513,ENSG00000124795,DEK
ENSG00000001167,ENSG00000244734,HBB
ENSG00000101412,ENSG00000182952,HMGN4
ENSG00000175832,ENSG00000262406,MMP12
ENSG00000113580,ENSG00000117560,FASLG
ENSG00000109320,ENSG00000164308,ERAP2
ENSG00000160199,ENSG00000102003,SYP
ENSG00000092067,ENSG00000130508,PXDN
ENSG00000198807,ENSG00000117139,KDM5B
ENSG00000141510,ENSG00000087245,MMP2
ENSG00000101412,ENSG00000133135,RNF128
ENSG00000138795,ENSG00000187098,MITF
ENSG00000132170,ENSG00000078401,EDN1
ENSG00000101412,ENSG00000165699,TSC1
ENSG00000168036,ENSG00000074047,GLI2
ENSG00000141510,ENSG00000126549,STATH
ENSG00000181449,ENSG00000092421,SEMA6A
ENSG00000112592,ENSG00000132693,CRP
ENSG00000172216,ENSG00000196611,MMP1
ENSG00000136492,ENSG00000138376,BARD1
ENSG00000012048,ENSG00000120738,EGR1
ENSG00000168610,ENSG00000023445,BIRC3
ENSG00000016082,ENSG00000115263,GCG
ENSG00000066336,ENSG00000180871,CXCR2
ENSG00000148516,ENSG00000119888,EPCAM
ENSG00000205250,ENSG00000292210,PIM2
ENSG00000102974,ENSG00000144724,PTPRG
ENSG00000007968,ENSG00000135776,ABCB10
ENSG00000205250,ENSG00000143867,OSR1
ENSG00000105392,ENSG00000102104,RS1
ENSG00000110435,ENSG00000168067,MAP4K2
ENSG00000143437,ENSG00000138061,CYP1B1
ENSG00000101412,ENSG00000165626,BEND7
ENSG00000118217,ENSG00000044574,HSPA5
ENSG00000179284,ENSG00000162337,LRP5
ENSG00000169083,ENSG00000160191,PDE9A
ENSG00000138795,ENSG00000007047,MARK4
,ENSG00000077942,FBLN1
ENSG00000173039,ENSG00000113070,HBEGF
ENSG00000120738,ENSG00000100604,CHGA
ENSG00000186951,ENSG00000107798,LIPA
ENSG00000141646,ENSG00000105329,TGFB1
ENSG00000205250,ENSG00000154727,GABPA
ENSG00000101412,ENSG00000125144,MT1G
ENSG00000118513,ENSG00000182866,LCK
ENSG00000118513,ENSG00000141968,VAV1
ENSG00000126767,ENSG00000112592,TBP
ENSG00000128272,ENSG00000140941,MAP1LC3B
ENSG00000109320,ENSG00000204267,TAP2
ENSG00000146592,ENSG00000114738,MAPKAPK3
ENSG00000118260,ENSG00000117525,F3
ENSG00000185591,ENSG00000101213,PTK6
ENSG00000143190,ENSG00000168959,GRM5
ENSG00000136997,ENSG00000132952,USPL1
ENSG00000175745,ENSG00000137869,CYP19A1
ENSG00000141905,ENSG00000149925,ALDOA
ENSG00000168610,ENSG00000128016,ZFP36
ENSG00000173757,ENSG00000183255,PTTG1IP
ENSG00000245848,ENSG00000172179,PRL
ENSG00000205250,ENSG00000242612,DECR2
ENSG00000105991,ENSG00000143839,REN
ENSG00000126561,ENSG00000100234,TIMP3
ENSG00000028277,,
ENSG00000158711,ENSG00000170345,FOS
ENSG00000141510,ENSG00000164938,TP53INP1
ENSG00000141510,ENSG00000141736,ERBB2
ENSG00000082175,ENSG00000138798,EGF
ENSG00000136997,ENSG00000166326,TRIM44
ENSG00000074047,ENSG00000101144,BMP7
ENSG00000136997,ENSG00000125388,GRK4
ENSG00000141510,ENSG00000133639,BTG1
ENSG00000141510,ENSG00000173039,RELA
ENSG00000162367,ENSG00000055118,KCNH2
ENSG00000154767,ENSG00000108582,CPD
ENSG00000101412,ENSG00000186638,KIF24
ENSG00000101412,ENSG00000110786,PTPN5
ENSG00000007968,ENSG00000073849,ST6GAL1
ENSG00000150907,ENSG00000104826,LHB
ENSG00000136997,ENSG00000064933,PMS1
ENSG00000157557,ENSG00000140459,CYP11A1
ENSG00000100644,ENSG00000100292,HMOX1
ENSG00000206454,ENSG00000107984,DKK1
ENSG00000007968,ENSG00000088387,DOCK9
ENSG00000100811,ENSG00000160752,FDPS
ENSG00000205250,ENSG00000164611,PTTG1
ENSG00000136997,ENSG00000137834,SMAD6
ENSG00000020633,ENSG00000102265,TIMP1
ENSG00000101412,ENSG00000123349,PFDN5
ENSG00000101412,ENSG00000097033,SH3GLB1
ENSG00000109320,ENSG00000107562,CXCL12
ENSG00000205250,ENSG00000106399,RPA3
ENSG00000196092,ENSG00000124762,CDKN1A
ENSG00000136997,ENSG00000067191,CACNB1
ENSG00000245848,ENSG00000109163,GNRHR
ENSG00000143390,ENSG00000196591,HDAC2
ENSG00000184486,ENSG00000107165,TYRP1
ENSG00000182979,ENSG00000188425,NANOS2
ENSG00000084093,ENSG00000099250,NRP1
ENSG00000179348,ENSG00000167074,TEF
ENSG00000110711,ENSG00000077150,NFKB2
,ENSG00000034693,PEX3
ENSG00000166888,ENSG00000274286,ADRA2B
ENSG00000136997,ENSG00000154277,UCHL1
ENSG00000177606,ENSG00000113721,PDGFRB
ENSG00000196233,ENSG00000039068,CDH1
ENSG00000101412,ENSG00000077380,DYNC1I2
ENSG00000005339,ENSG00000186951,PPARA
ENSG00000101412,ENSG00000133884,DPF2
ENSG00000008083,ENSG00000197616,MYH6
ENSG00000159216,ENSG00000160255,ITGB2
ENSG00000173039,ENSG00000148346,LCN2
ENSG00000101412,ENSG00000103313,MEFV
ENSG00000109320,ENSG00000116815,CD58
ENSG00000118260,ENSG00000082701,GSK3B
ENSG00000141905,ENSG00000099194,SCD
ENSG00000179284,ENSG00000080293,SCTR
ENSG00000085224,ENSG00000206172,HBA1
ENSG00000135457,ENSG00000007372,PAX6
ENSG00000136997,ENSG00000168310,IRF2
ENSG00000141905,ENSG00000188690,UROS
ENSG00000134954,ENSG00000124762,CDKN1A
ENSG00000172216,ENSG00000186652,PRG2
ENSG00000113916,ENSG00000100219,XBP1
ENSG00000166949,ENSG00000085662,AKR1B1
ENSG00000158773,ENSG00000125931,CITED1
ENSG00000125398,ENSG00000132688,NES
ENSG00000100603,,
ENSG00000143190,ENSG00000196290,NIF3L1
ENSG00000025156,ENSG00000120659,TNFSF11
ENSG00000012504,ENSG00000172059,KLF11
ENSG00000116478,ENSG00000044574,HSPA5
ENSG00000172819,ENSG00000092295,TGM1
,ENSG00000001626,CFTR
ENSG00000179284,ENSG00000171219,CDC42BPG
ENSG00000172977,ENSG00000140287,HDC
ENSG00000143190,ENSG00000254647,INS
ENSG00000138795,ENSG00000128731,HERC2
ENSG00000116044,ENSG00000243955,GSTA1
ENSG00000143190,ENSG00000196139,AKR1C3
ENSG00000101412,ENSG00000105186,ANKRD27
ENSG00000177606,ENSG00000101405,OXT
ENSG00000131759,ENSG00000143320,CRABP2
ENSG00000141510,ENSG00000077942,FBLN1
ENSG00000186470,ENSG00000109320,NFKB1
ENSG00000111087,ENSG00000141646,SMAD4
ENSG00000169083,ENSG00000034510,TMSB10
ENSG00000179284,ENSG00000128604,IRF5
ENSG00000101412,ENSG00000142556,ZNF614
ENSG00000185591,ENSG00000122884,P4HA1
ENSG00000138795,ENSG00000123364,HOXC13
ENSG00000077150,ENSG00000169429,CXCL8
ENSG00000245848,ENSG00000173432,SAA1
ENSG00000185630,ENSG00000120094,HOXB1
ENSG00000101412,ENSG00000102970,CCL17
ENSG00000168610,ENSG00000075618,FSCN1
ENSG00000028277,ENSG00000204287,HLA-DRA
ENSG00000074047,ENSG00000184144,CNTN2
ENSG00000141510,ENSG00000154640,BTG3
ENSG00000169083,ENSG00000147224,PRPS1
ENSG00000130816,ENSG00000039068,CDH1
ENSG00000165556,ENSG00000197888,UGT2B17
ENSG00000028277,ENSG00000115738,ID2
ENSG00000100811,ENSG00000128585,MKLN1
ENSG00000168214,ENSG00000179348,GATA2
ENSG00000132005,ENSG00000091181,IL5RA
ENSG00000196482,ENSG00000169297,NR0B1
ENSG00000185591,ENSG00000073861,TBX21
ENSG00000158773,ENSG00000143603,KCNN3
ENSG00000128016,ENSG00000169429,CXCL8
ENSG00000143190,ENSG00000136997,MYC
ENSG00000141646,ENSG00000095739,BAMBI
ENSG00000185591,ENSG00000184845,DRD1
ENSG00000169083,ENSG00000080503,SMARCA2
ENSG00000096717,ENSG00000149428,HYOU1
ENSG00000179284,ENSG00000232119,MCTS1
ENSG00000107485,ENSG00000136634,IL10
ENSG00000169083,ENSG00000121769,FABP3
ENSG00000109320,ENSG00000114270,COL7A1
ENSG00000185591,ENSG00000087245,MMP2
ENSG00000205250,ENSG00000073756,PTGS2
ENSG00000134954,ENSG00000055118,KCNH2
ENSG00000125347,ENSG00000121858,TNFSF10
ENSG00000185591,ENSG00000148795,CYP17A1
ENSG00000007968,ENSG00000126581,BECN1
ENSG00000125347,ENSG00000170312,CDK1
,ENSG00000185591,SP1
ENSG00000102554,ENSG00000100985,MMP9
ENSG00000166949,ENSG00000124587,PEX6
ENSG00000102974,ENSG00000118849,RARRES1
ENSG00000109906,ENSG00000166426,CRABP1
ENSG00000179284,ENSG00000198189,HSD17B11
ENSG00000139687,ENSG00000105856,HBP1
ENSG00000172845,ENSG00000147889,CDKN2A
ENSG00000179284,ENSG00000019991,HGF
ENSG00000075426,ENSG00000188425,NANOS2
ENSG00000007968,ENSG00000146674,IGFBP3
ENSG00000139083,ENSG00000105327,BBC3
ENSG00000172819,ENSG00000124151,NCOA3
ENSG00000136997,ENSG00000115902,SLC1A4
ENSG00000109320,ENSG00000186431,FCAR
ENSG00000064490,ENSG00000196101,HLA-DRB3
ENSG00000141510,ENSG00000107984,DKK1
ENSG00000068305,ENSG00000068305,MEF2A
ENSG00000131914,ENSG00000110092,CCND1
ENSG00000118260,ENSG00000135346,CGA
ENSG00000185591,ENSG00000177455,CD19
ENSG00000141905,ENSG00000102144,PGK1
ENSG00000163565,,
ENSG00000095794,ENSG00000120129,DUSP1
ENSG00000117139,ENSG00000124664,SPDEF
ENSG00000126561,ENSG00000147883,CDKN2B
ENSG00000173039,ENSG00000168610,STAT3
ENSG00000169083,ENSG00000155368,DBI
ENSG00000134323,ENSG00000108947,EFNB3
ENSG00000102034,ENSG00000223609,HBD
ENSG00000175387,ENSG00000106546,AHR
ENSG00000169083,ENSG00000136999,CCN3
ENSG00000172845,ENSG00000102265,TIMP1
ENSG00000177606,ENSG00000180772,AGTR2
ENSG00000141510,ENSG00000181790,ADGRB1
ENSG00000101076,ENSG00000143819,EPHX1
ENSG00000111087,ENSG00000142871,CCN1
ENSG00000115415,ENSG00000012504,NR1H4
,ENSG00000160868,CYP3A4
ENSG00000185591,ENSG00000149124,GLYAT
ENSG00000088305,ENSG00000100234,TIMP3
ENSG00000101412,ENSG00000163541,SUCLG1
ENSG00000120738,ENSG00000140945,CDH13
ENSG00000177606,ENSG00000082212,ME2
ENSG00000185591,ENSG00000141736,ERBB2
ENSG00000134954,ENSG00000123496,IL13RA2
ENSG00000131759,ENSG00000196208,GREB1
ENSG00000111206,ENSG00000136492,BRIP1
ENSG00000163909,ENSG00000169083,AR
ENSG00000163435,ENSG00000170477,KRT4
ENSG00000078403,ENSG00000087088,BAX
ENSG00000185591,ENSG00000173039,RELA
ENSG00000074047,ENSG00000166670,MMP10
ENSG00000179284,ENSG00000165029,ABCA1
ENSG00000141510,ENSG00000163743,RCHY1
ENSG00000184486,ENSG00000140945,CDH13
ENSG00000206454,ENSG00000146469,VIP
ENSG00000144852,ENSG00000067082,KLF6
ENSG00000152977,ENSG00000167695,TLCD3A
,ENSG00000065609,SNAP91
ENSG00000169136,ENSG00000120738,EGR1
ENSG00000175832,ENSG00000087237,CETP
ENSG00000115415,ENSG00000101017,CD40
ENSG00000196591,,
ENSG00000001167,ENSG00000255974,CYP2A6
ENSG00000186350,ENSG00000125787,GNRH2
ENSG00000125347,ENSG00000055332,EIF2AK2
ENSG00000158773,ENSG00000197956,S100A6
ENSG00000101412,ENSG00000132819,RBM38
ENSG00000107485,ENSG00000146648,EGFR
ENSG00000136997,ENSG00000000419,DPM1
ENSG00000126456,ENSG00000128604,IRF5
ENSG00000104365,ENSG00000007171,NOS2
ENSG00000141570,ENSG00000124762,CDKN1A
ENSG00000173039,ENSG00000119888,EPCAM
ENSG00000155508,ENSG00000263639,MSMB
ENSG00000172845,ENSG00000027001,MIPEP
ENSG00000101412,ENSG00000204256,BRD2
ENSG00000179284,ENSG00000077782,FGFR1
ENSG00000118260,ENSG00000115758,ODC1
ENSG00000185591,ENSG00000213859,KCTD11
ENSG00000143437,ENSG00000140465,CYP1A1
ENSG00000109320,ENSG00000167207,NOD2
ENSG00000111424,ENSG00000151693,ASAP2
ENSG00000141510,ENSG00000105699,LSR
ENSG00000172845,ENSG00000137462,TLR2
ENSG00000141905,ENSG00000143627,PKLR
ENSG00000125686,ENSG00000175063,UBE2C
ENSG00000101412,ENSG00000049167,ERCC8
ENSG00000131910,ENSG00000167910,CYP7A1
ENSG00000071564,ENSG00000124762,CDKN1A
,ENSG00000196743,GM2A
ENSG00000118513,ENSG00000140105,WARS1
ENSG00000141510,ENSG00000115380,EFEMP1
,ENSG00000087191,PSMC5
ENSG00000136997,ENSG00000120129,DUSP1
ENSG00000101412,ENSG00000187741,FANCA
ENSG00000173039,ENSG00000112033,PPARD
ENSG00000124664,ENSG00000163515,RETNLB
ENSG00000136997,ENSG00000116717,GADD45A
ENSG00000171476,ENSG00000203782,LORICRIN
ENSG00000028277,ENSG00000113525,IL5
ENSG00000168610,ENSG00000243649,CFB
ENSG00000233608,ENSG00000101132,PFDN4
ENSG00000134323,ENSG00000104419,NDRG1
,ENSG00000062822,POLD1
ENSG00000025156,ENSG00000170345,FOS
ENSG00000111145,ENSG00000197616,MYH6
ENSG00000112242,ENSG00000134323,MYCN
ENSG00000166888,,
ENSG00000105698,ENSG00000170820,FSHR
ENSG00000101412,ENSG00000120875,DUSP4
ENSG00000178860,ENSG00000094804,CDC6
ENSG00000109320,ENSG00000090339,ICAM1
ENSG00000152192,ENSG00000173083,HPSE
ENSG00000154727,ENSG00000122386,ZNF205
ENSG00000185591,ENSG00000077942,FBLN1
ENSG00000158773,ENSG00000137801,THBS1
ENSG00000101412,ENSG00000062716,VMP1
ENSG00000136997,ENSG00000144746,ARL6IP5
ENSG00000141905,ENSG00000123843,C4BPB
ENSG00000074047,ENSG00000241635,UGT1A1
ENSG00000049768,ENSG00000111537,IFNG
ENSG00000169083,ENSG00000170558,CDH2
ENSG00000115415,ENSG00000163207,IVL
ENSG00000173757,ENSG00000105976,MET
ENSG00000120837,ENSG00000118046,STK11
ENSG00000136997,ENSG00000116741,RGS2
ENSG00000132170,ENSG00000106366,SERPINE1
ENSG00000120837,ENSG00000111276,CDKN1B
ENSG00000135100,ENSG00000132693,CRP
ENSG00000118689,ENSG00000077463,SIRT6
ENSG00000132170,,
ENSG00000120738,ENSG00000166145,SPINT1
ENSG00000172216,ENSG00000188878,FBF1
ENSG00000112658,ENSG00000205571,SMN2
ENSG00000101076,ENSG00000244122,UGT1A7
ENSG00000185591,ENSG00000147465,STAR
ENSG00000105698,ENSG00000180871,CXCR2
ENSG00000116044,ENSG00000177000,MTHFR
ENSG00000007968,ENSG00000142185,TRPM2
ENSG00000141905,ENSG00000239672,NME1
ENSG00000186951,ENSG00000147872,PLIN2
ENSG00000101412,ENSG00000103034,NDRG4
ENSG00000111424,ENSG00000100084,HIRA
ENSG00000141027,ENSG00000157214,STEAP2
ENSG00000134954,ENSG00000085563,ABCB1
ENSG00000181472,ENSG00000173039,RELA
ENSG00000185591,ENSG00000106819,ASPN
ENSG00000169083,ENSG00000065154,OAT
ENSG00000185591,ENSG00000138448,ITGAV
ENSG00000103479,ENSG00000205250,E2F4
ENSG00000205250,ENSG00000267680,ZNF224
ENSG00000169083,ENSG00000109906,ZBTB16
ENSG00000125347,ENSG00000100985,MMP9
ENSG00000221869,ENSG00000110169,HPX
ENSG00000168214,ENSG00000135547,HEY2
ENSG00000169083,ENSG00000092295,TGM1
ENSG00000136997,ENSG00000018625,ATP1A2
ENSG00000091831,ENSG00000130222,GADD45G
ENSG00000125798,ENSG00000105325,FZR1
ENSG00000134954,ENSG00000174607,UGT8
ENSG00000136997,ENSG00000102393,GLA
,ENSG00000170515,PA2G4
ENSG00000007968,ENSG00000152818,UTRN
ENSG00000173039,ENSG00000149968,MMP3
ENSG00000109381,ENSG00000167286,CD3D
ENSG00000186350,ENSG00000077092,RARB
ENSG00000169083,ENSG00000171564,FGB
ENSG00000077150,ENSG00000136997,MYC
ENSG00000068024,ENSG00000124813,RUNX2
ENSG00000101412,ENSG00000132170,PPARG
ENSG00000179284,ENSG00000087088,BAX
ENSG00000077092,ENSG00000077092,RARB
ENSG00000043355,ENSG00000196628,TCF4
ENSG00000179284,ENSG00000120907,ADRA1A
ENSG00000115966,ENSG00000120129,DUSP1
ENSG00000173039,ENSG00000007171,NOS2
ENSG00000173039,ENSG00000107485,GATA3
ENSG00000123268,ENSG00000149311,ATM
,ENSG00000197122,SRC
ENSG00000171223,ENSG00000231974,APOM
ENSG00000125347,ENSG00000171791,BCL2
ENSG00000136997,ENSG00000100297,MCM5
ENSG00000134954,ENSG00000110955,ATP5F1B
ENSG00000111424,ENSG00000253293,HOXA10
ENSG00000136997,ENSG00000138030,KHK
ENSG00000115112,ENSG00000140459,CYP11A1
ENSG00000124216,ENSG00000170558,CDH2
ENSG00000185591,ENSG00000023608,SNAPC1
ENSG00000111642,ENSG00000105369,CD79A
ENSG00000122877,ENSG00000026103,FAS
ENSG00000113722,ENSG00000168264,IRF2BP2
ENSG00000177606,ENSG00000162692,VCAM1
ENSG00000168610,ENSG00000157227,MMP14
ENSG00000111206,ENSG00000101224,CDC25B
ENSG00000109320,ENSG00000120899,PTK2B
ENSG00000100823,ENSG00000109320,NFKB1
ENSG00000169083,ENSG00000180530,NRIP1
ENSG00000168610,ENSG00000257017,HP
ENSG00000141510,ENSG00000062822,POLD1
ENSG00000172216,ENSG00000119535,CSF3R
ENSG00000196712,ENSG00000095002,MSH2
ENSG00000168610,ENSG00000204103,MAFB
ENSG00000186350,ENSG00000225921,NOL7
ENSG00000123268,ENSG00000135346,CGA
ENSG00000205250,ENSG00000112242,E2F3
ENSG00000185591,ENSG00000001626,CFTR
ENSG00000100811,ENSG00000130638,ATXN10
ENSG00000113580,ENSG00000118785,SPP1
ENSG00000205250,ENSG00000129173,E2F8
ENSG00000131759,ENSG00000091831,ESR1
ENSG00000120738,ENSG00000173083,HPSE
,ENSG00000039068,CDH1
ENSG00000103495,ENSG00000186510,CLCNKA
ENSG00000134954,ENSG00000104689,TNFRSF10A
ENSG00000206454,ENSG00000241186,CRIPTO
ENSG00000177606,ENSG00000138735,PDE5A
ENSG00000169083,ENSG00000241635,UGT1A1
ENSG00000074047,ENSG00000093009,CDC45
ENSG00000179284,ENSG00000120868,APAF1
ENSG00000130816,ENSG00000105894,PTN
ENSG00000109320,ENSG00000122420,PTGFR
ENSG00000187079,ENSG00000112715,VEGFA
ENSG00000185591,ENSG00000196549,MME
ENSG00000205250,ENSG00000094916,CBX5
ENSG00000185591,ENSG00000005421,PON1
ENSG00000118260,ENSG00000166974,MAPRE2
ENSG00000196628,ENSG00000171862,PTEN
ENSG00000136997,ENSG00000112699,GMDS
,,
ENSG00000175832,ENSG00000145113,MUC4
ENSG00000100644,ENSG00000233608,TWIST2
ENSG00000066336,ENSG00000087245,MMP2
ENSG00000158773,ENSG00000254647,INS
ENSG00000185591,ENSG00000102554,KLF5
ENSG00000204231,ENSG00000123384,LRP1
ENSG00000012048,ENSG00000146648,EGFR
ENSG00000179284,ENSG00000084207,GSTP1
ENSG00000074047,ENSG00000134245,WNT2B
ENSG00000066136,ENSG00000085563,ABCB1
ENSG00000171634,ENSG00000037965,HOXC8
ENSG00000074047,ENSG00000086548,CEACAM6
ENSG00000136997,ENSG00000102081,FMR1
ENSG00000182759,ENSG00000254647,INS
ENSG00000169083,ENSG00000124151,NCOA3
ENSG00000198176,ENSG00000176890,TYMS
ENSG00000125618,ENSG00000181104,F2R
ENSG00000205250,ENSG00000011426,ANLN
ENSG00000143190,ENSG00000157514,TSC22D3
ENSG00000067082,ENSG00000101680,LAMA1
ENSG00000141510,ENSG00000081377,CDC14B
ENSG00000141905,ENSG00000122585,NPY
ENSG00000164916,ENSG00000120656,TAF12
ENSG00000157557,ENSG00000247596,TWF2
ENSG00000115966,ENSG00000153802,TMPRSS11D
ENSG00000151702,ENSG00000118523,CCN2
ENSG00000101412,ENSG00000162595,DIRAS3
ENSG00000162924,ENSG00000019582,CD74
ENSG00000151702,ENSG00000155926,SLA
ENSG00000172845,ENSG00000112715,VEGFA
ENSG00000136997,ENSG00000135486,HNRNPA1
ENSG00000205250,ENSG00000076242,MLH1
ENSG00000168610,ENSG00000096968,JAK2
ENSG00000105698,ENSG00000110243,APOA5
ENSG00000132170,ENSG00000136244,IL6
ENSG00000067082,ENSG00000039068,CDH1
ENSG00000180535,ENSG00000105514,RAB3D
,ENSG00000078018,MAP2
ENSG00000245848,ENSG00000184371,CSF1
ENSG00000140262,ENSG00000039068,CDH1
ENSG00000205250,ENSG00000163918,RFC4
ENSG00000020633,,
ENSG00000141510,ENSG00000117632,STMN1
ENSG00000168610,ENSG00000131095,GFAP
ENSG00000197063,ENSG00000181019,NQO1
ENSG00000145908,ENSG00000169429,CXCL8
ENSG00000087510,ENSG00000160182,TFF1
ENSG00000100906,ENSG00000105246,EBI3
ENSG00000205250,ENSG00000134460,IL2RA
ENSG00000118260,ENSG00000256525,POLG2
ENSG00000001167,ENSG00000171223,JUNB
ENSG00000164093,ENSG00000147437,GNRH1
ENSG00000177463,ENSG00000101405,OXT
ENSG00000185591,ENSG00000115380,EFEMP1
ENSG00000141646,ENSG00000242252,BGLAP
ENSG00000158773,ENSG00000136997,MYC
ENSG00000118217,ENSG00000179218,CALR
ENSG00000135903,ENSG00000134954,ETS1
ENSG00000184486,ENSG00000143603,KCNN3
ENSG00000103479,ENSG00000088305,DNMT3B
ENSG00000171223,ENSG00000181019,NQO1
ENSG00000141510,ENSG00000157456,CCNB2
ENSG00000020633,ENSG00000164305,CASP3
ENSG00000245848,ENSG00000112972,HMGCS1
ENSG00000109320,ENSG00000028277,POU2F2
ENSG00000177606,ENSG00000106462,EZH2
,ENSG00000086696,HSD17B2
ENSG00000105698,ENSG00000116824,CD2
ENSG00000143190,ENSG00000102145,GATA1
ENSG00000245848,ENSG00000198848,CES1
ENSG00000077092,ENSG00000132386,SERPINF1
ENSG00000113580,ENSG00000135446,CDK4
ENSG00000125398,ENSG00000104899,AMH
ENSG00000135547,ENSG00000141448,GATA6
ENSG00000118260,ENSG00000149452,SLC22A8
ENSG00000061273,ENSG00000068305,MEF2A
ENSG00000112033,ENSG00000214274,ANG
ENSG00000173039,ENSG00000173391,OLR1
ENSG00000173039,ENSG00000175445,LPL
ENSG00000169083,ENSG00000181690,PLAG1
ENSG00000112658,ENSG00000120738,EGR1
ENSG00000173039,ENSG00000140939,NOL3
,ENSG00000163106,HPGDS
ENSG00000136997,ENSG00000147955,SIGMAR1
ENSG00000144852,ENSG00000171791,BCL2
,ENSG00000044012,GUCA2B
ENSG00000055118,ENSG00000154734,ADAMTS1
ENSG00000185591,ENSG00000160868,CYP3A4
ENSG00000132170,ENSG00000023318,ERP44
ENSG00000109320,ENSG00000107968,MAP3K8
ENSG00000102974,ENSG00000164362,TERT
ENSG00000064835,ENSG00000111424,VDR
ENSG00000111087,ENSG00000170430,MGMT
ENSG00000176046,ENSG00000188895,MSL1
ENSG00000126767,ENSG00000198625,MDM4
ENSG00000170345,ENSG00000143437,ARNT
ENSG00000143437,ENSG00000117984,CTSD
ENSG00000185591,ENSG00000135423,GLS2
ENSG00000173039,ENSG00000012779,ALOX5
,ENSG00000105388,CEACAM5
ENSG00000149311,ENSG00000168078,PBK
ENSG00000138795,ENSG00000152284,TCF7L1
ENSG00000136997,ENSG00000120889,TNFRSF10B
ENSG00000065978,ENSG00000169710,FASN
ENSG00000120690,ENSG00000066336,SPI1
ENSG00000143190,ENSG00000157557,ETS2
ENSG00000245848,ENSG00000213931,HBE1
ENSG00000157557,ENSG00000148291,SURF2
ENSG00000120738,ENSG00000169429,CXCL8
ENSG00000169297,ENSG00000164047,CAMP
ENSG00000135363,ENSG00000126767,ELK1
ENSG00000141646,ENSG00000164761,TNFRSF11B
ENSG00000071564,ENSG00000174371,EXO1
ENSG00000173757,ENSG00000111537,IFNG
ENSG00000162992,ENSG00000254647,INS
ENSG00000205927,ENSG00000139292,LGR5
ENSG00000115041,ENSG00000042832,TG
ENSG00000205250,ENSG00000186297,GABRA5
ENSG00000106462,ENSG00000182568,SATB1
ENSG00000125347,ENSG00000117560,FASLG
ENSG00000130522,ENSG00000124813,RUNX2
ENSG00000169083,ENSG00000115594,IL1R1
ENSG00000168610,ENSG00000049323,LTBP1
ENSG00000118689,ENSG00000096717,SIRT1
ENSG00000119772,ENSG00000146674,IGFBP3
ENSG00000133794,ENSG00000179094,PER1
ENSG00000100644,ENSG00000141510,TP53
ENSG00000136997,ENSG00000124222,STX16
ENSG00000141510,ENSG00000167034,NKX3-1
ENSG00000135100,ENSG00000171234,UGT2B7
ENSG00000118260,ENSG00000185630,PBX1
ENSG00000113580,ENSG00000163993,S100P
ENSG00000074047,ENSG00000138764,CCNG2
ENSG00000081189,ENSG00000167941,SOST
ENSG00000165556,ENSG00000103342,GSPT1
ENSG00000125347,ENSG00000051341,POLQ
ENSG00000028277,ENSG00000118785,SPP1
ENSG00000138795,ENSG00000175065,DSG4
,ENSG00000134057,CCNB1
ENSG00000205250,ENSG00000263465,SRSF8
ENSG00000205250,ENSG00000196584,XRCC2
ENSG00000131759,ENSG00000105329,TGFB1
ENSG00000136997,ENSG00000173638,SLC19A1
ENSG00000109320,ENSG00000159958,TNFRSF13C
ENSG00000112592,ENSG00000101412,E2F1
ENSG00000101412,ENSG00000106290,TAF6
ENSG00000156983,ENSG00000168395,ING5
ENSG00000116833,ENSG00000143921,ABCG8
ENSG00000185591,ENSG00000196743,GM2A
ENSG00000179284,ENSG00000121691,CAT
ENSG00000182979,ENSG00000151692,RNF144A
ENSG00000072310,ENSG00000117461,PIK3R3
ENSG00000185591,ENSG00000112164,GLP1R
ENSG00000140464,ENSG00000123358,NR4A1
ENSG00000136997,ENSG00000256269,HMBS
ENSG00000245848,ENSG00000137440,FGFBP1
ENSG00000173039,ENSG00000206439,TNF
ENSG00000109320,ENSG00000105483,CARD8
ENSG00000185591,ENSG00000062822,POLD1
ENSG00000137270,ENSG00000119630,PGF
ENSG00000136997,ENSG00000169598,DFFB
ENSG00000153879,ENSG00000244734,HBB
ENSG00000101412,ENSG00000147889,CDKN2A
ENSG00000206454,ENSG00000243709,LEFTY1
ENSG00000141510,ENSG00000132703,APCS
ENSG00000171720,ENSG00000136997,MYC
,ENSG00000157193,LRP8
ENSG00000205250,ENSG00000123374,CDK2
ENSG00000111704,ENSG00000091136,LAMB1
ENSG00000177374,ENSG00000144476,ACKR3
ENSG00000245848,ENSG00000103222,ABCC1
ENSG00000204371,ENSG00000124762,CDKN1A
ENSG00000112658,ENSG00000020577,SAMD4A
ENSG00000205250,ENSG00000140285,FGF7
ENSG00000107485,ENSG00000078401,EDN1
ENSG00000148737,ENSG00000177606,JUN
ENSG00000109320,ENSG00000205403,CFI
ENSG00000109320,ENSG00000106809,OGN
ENSG00000091831,ENSG00000272398,CD24
ENSG00000162924,ENSG00000164400,CSF2
ENSG00000120738,ENSG00000137801,THBS1
ENSG00000189120,ENSG00000163513,TGFBR2
ENSG00000105516,ENSG00000213088,ACKR1
ENSG00000101412,ENSG00000102265,TIMP1
ENSG00000177606,ENSG00000018236,CNTN1
ENSG00000126767,ENSG00000102882,MAPK3
ENSG00000137310,ENSG00000105173,CCNE1
ENSG00000102145,ENSG00000156273,BACH1
ENSG00000185591,ENSG00000127948,POR
ENSG00000122691,ENSG00000196611,MMP1
ENSG00000132005,ENSG00000166963,MAP1A
ENSG00000177606,ENSG00000177628,GBA1
ENSG00000157554,ENSG00000120833,SOCS2
ENSG00000136997,ENSG00000092969,TGFB2
ENSG00000175832,ENSG00000113520,IL4
ENSG00000136997,ENSG00000101843,PSMD10
ENSG00000073282,,
,ENSG00000123146,ADGRE5
ENSG00000185591,ENSG00000106546,AHR
ENSG00000112033,ENSG00000111371,SLC38A1
ENSG00000136997,ENSG00000105810,CDK6
ENSG00000078043,,
ENSG00000175832,ENSG00000010671,BTK
ENSG00000118260,ENSG00000136487,GH2
ENSG00000137309,ENSG00000133116,KL
ENSG00000120738,ENSG00000139687,RB1
ENSG00000100644,ENSG00000087088,BAX
ENSG00000136997,ENSG00000158793,NIT1
ENSG00000169083,ENSG00000109321,AREG
,ENSG00000043591,ADRB1
ENSG00000096717,ENSG00000039068,CDH1
ENSG00000133895,ENSG00000012048,BRCA1
ENSG00000128272,ENSG00000164120,HPGD
ENSG00000134954,ENSG00000159216,RUNX1
ENSG00000169083,ENSG00000138764,CCNG2
ENSG00000091831,ENSG00000141510,TP53
ENSG00000184486,ENSG00000168959,GRM5
ENSG00000091831,ENSG00000116791,CRYZ
,ENSG00000001084,GCLC
ENSG00000185591,ENSG00000163513,TGFBR2
ENSG00000101412,ENSG00000085999,RAD54L
,ENSG00000251493,FOXD1
ENSG00000118513,ENSG00000106462,EZH2
ENSG00000066336,ENSG00000196549,MME
ENSG00000068305,ENSG00000109819,PPARGC1A
ENSG00000172845,ENSG00000130826,DKC1
,ENSG00000253293,HOXA10
ENSG00000118260,ENSG00000185303,SFTPA2
ENSG00000173039,ENSG00000142867,BCL10
ENSG00000136931,ENSG00000114554,PLXNA1
ENSG00000048052,ENSG00000164442,CITED2
ENSG00000101412,ENSG00000027001,MIPEP
ENSG00000168610,ENSG00000166670,MMP10
ENSG00000182568,ENSG00000165168,CYBB
ENSG00000141510,ENSG00000118495,PLAGL1
ENSG00000185591,ENSG00000131143,COX4I1
ENSG00000198911,ENSG00000123384,LRP1
ENSG00000101412,ENSG00000184486,POU3F2
ENSG00000123268,ENSG00000256525,POLG2
,ENSG00000108576,SLC6A4
ENSG00000155090,ENSG00000124762,CDKN1A
ENSG00000141510,ENSG00000134057,CCNB1
ENSG00000134323,ENSG00000134317,GRHL1
ENSG00000111087,ENSG00000120889,TNFRSF10B
ENSG00000101412,ENSG00000256683,ZNF350
ENSG00000100603,ENSG00000111424,VDR
ENSG00000173153,ENSG00000175745,NR2F1
ENSG00000099956,ENSG00000026508,CD44
ENSG00000124496,ENSG00000101017,CD40
ENSG00000185591,ENSG00000197122,SRC
ENSG00000150907,ENSG00000147027,TMEM47
ENSG00000134954,ENSG00000206075,SERPINB5
ENSG00000101412,ENSG00000241343,RPL36A
ENSG00000172845,ENSG00000156886,ITGAD
ENSG00000057935,ENSG00000124216,SNAI1
ENSG00000115415,ENSG00000163823,CCR1
ENSG00000084093,ENSG00000159248,GJD2
ENSG00000055118,ENSG00000090339,ICAM1
ENSG00000109320,ENSG00000138398,PPIG
ENSG00000172216,ENSG00000167244,IGF2
ENSG00000136997,ENSG00000115944,COX7A2L
ENSG00000141510,ENSG00000249437,NAIP
ENSG00000138795,ENSG00000148737,TCF7L2
ENSG00000141905,ENSG00000212866,HSPA1B
,ENSG00000142173,COL6A2
ENSG00000169083,ENSG00000006757,PNPLA4
ENSG00000104447,ENSG00000142515,KLK3
ENSG00000185591,ENSG00000101680,LAMA1
ENSG00000074047,ENSG00000213928,IRF9
ENSG00000136574,ENSG00000163295,ALPI
ENSG00000132170,ENSG00000101384,JAG1
ENSG00000145908,ENSG00000136997,MYC
ENSG00000129535,ENSG00000163914,RHO
ENSG00000118689,ENSG00000165949,IFI27
ENSG00000177606,ENSG00000054598,FOXC1
ENSG00000151702,ENSG00000117400,MPL
ENSG00000173039,ENSG00000169248,CXCL11
ENSG00000112592,ENSG00000196712,NF1
ENSG00000109320,ENSG00000124216,SNAI1
ENSG00000136997,ENSG00000077092,RARB
ENSG00000113580,ENSG00000143153,ATP1B1
ENSG00000173039,ENSG00000288505,NANOS3
ENSG00000185591,ENSG00000075043,KCNQ2
ENSG00000129535,ENSG00000133256,PDE6B
ENSG00000072310,ENSG00000185950,IRS2
ENSG00000105698,ENSG00000122884,P4HA1
ENSG00000123268,ENSG00000149452,SLC22A8
ENSG00000172845,,
ENSG00000118260,ENSG00000136504,KAT7
ENSG00000111087,ENSG00000173638,SLC19A1
ENSG00000101076,ENSG00000124762,CDKN1A
ENSG00000131759,ENSG00000168610,STAT3
ENSG00000115966,ENSG00000092969,TGFB2
ENSG00000118260,ENSG00000175745,NR2F1
ENSG00000007968,ENSG00000138629,UBL7
ENSG00000107485,ENSG00000170011,MYRIP
ENSG00000109320,ENSG00000159388,BTG2
ENSG00000183770,ENSG00000137869,CYP19A1
ENSG00000146592,ENSG00000243649,CFB
ENSG00000179284,ENSG00000178127,NDUFV2
ENSG00000120738,ENSG00000148677,ANKRD1
ENSG00000134323,ENSG00000167986,DDB1
ENSG00000136492,ENSG00000196611,MMP1
ENSG00000101412,ENSG00000186197,EDARADD
ENSG00000157554,ENSG00000041982,TNC
ENSG00000158773,ENSG00000130700,GATA5
ENSG00000101412,ENSG00000066382,MPPED2
,ENSG00000116962,NID1
ENSG00000134323,,
ENSG00000157554,ENSG00000094631,HDAC6
ENSG00000141510,ENSG00000151657,KIN
ENSG00000101412,ENSG00000112312,GMNN
ENSG00000116478,ENSG00000185591,SP1
ENSG00000102145,ENSG00000088053,GP6
ENSG00000118513,ENSG00000129596,CDO1
ENSG00000109320,ENSG00000100906,NFKBIA
ENSG00000118513,ENSG00000198554,WDHD1
ENSG00000136997,ENSG00000225921,NOL7
ENSG00000111704,ENSG00000081051,AFP
ENSG00000143190,ENSG00000122852,SFTPA1
ENSG00000136997,ENSG00000125378,BMP4
ENSG00000100811,ENSG00000145050,MANF
ENSG00000100811,ENSG00000159377,PSMB4
ENSG00000167074,ENSG00000143632,ACTA1
ENSG00000109320,ENSG00000120088,CRHR1
ENSG00000179284,ENSG00000118898,PPL
ENSG00000159216,ENSG00000005961,ITGA2B
ENSG00000129514,ENSG00000171791,BCL2
ENSG00000148737,ENSG00000137673,MMP7
ENSG00000120738,ENSG00000078900,TP73
ENSG00000091831,ENSG00000116128,BCL9
ENSG00000185122,ENSG00000173039,RELA
ENSG00000109320,ENSG00000105325,FZR1
ENSG00000126767,ENSG00000100311,PDGFB
ENSG00000173039,ENSG00000114013,CD86
ENSG00000028277,ENSG00000105369,CD79A
ENSG00000120738,ENSG00000136997,MYC
ENSG00000100644,ENSG00000113739,STC2
ENSG00000182944,ENSG00000163513,TGFBR2
ENSG00000071564,ENSG00000227565,NFKBIL1
ENSG00000118513,ENSG00000159131,GART
ENSG00000138795,ENSG00000110092,CCND1
ENSG00000116478,ENSG00000160868,CYP3A4
ENSG00000132170,ENSG00000003402,CFLAR
ENSG00000172845,ENSG00000198087,CD2AP
ENSG00000136997,ENSG00000184678,H2BC21
ENSG00000101412,ENSG00000134899,ERCC5
ENSG00000173039,ENSG00000143384,MCL1
ENSG00000167074,ENSG00000197616,MYH6
ENSG00000100393,ENSG00000165168,CYBB
ENSG00000185591,ENSG00000086696,HSD17B2
ENSG00000135100,ENSG00000145384,FABP2
,ENSG00000136999,CCN3
ENSG00000109320,ENSG00000102524,TNFSF13B
ENSG00000101076,ENSG00000197901,SLC22A6
ENSG00000169083,ENSG00000108175,ZMIZ1
ENSG00000007968,ENSG00000100632,ERH
ENSG00000245848,ENSG00000073756,PTGS2
ENSG00000113580,ENSG00000113302,IL12B
ENSG00000074047,ENSG00000133858,ZFC3H1
ENSG00000169083,ENSG00000183010,PYCR1
ENSG00000109320,ENSG00000164692,COL1A2
ENSG00000107485,ENSG00000113520,IL4
ENSG00000140009,ENSG00000105464,GRIN2D
ENSG00000136997,ENSG00000213024,NUP62
ENSG00000012048,ENSG00000138061,CYP1B1
ENSG00000012048,ENSG00000126767,ELK1
ENSG00000091831,ENSG00000141646,SMAD4
ENSG00000141510,ENSG00000107643,MAPK8
ENSG00000090447,ENSG00000156475,PPP2R2B
ENSG00000082641,ENSG00000111775,COX6A1
ENSG00000136997,ENSG00000196976,LAGE3
ENSG00000173039,ENSG00000149295,DRD2
ENSG00000125618,ENSG00000090534,THPO
ENSG00000119508,ENSG00000132170,PPARG
,ENSG00000115339,GALNT3
ENSG00000169083,ENSG00000118513,MYB
ENSG00000136997,,
ENSG00000133111,ENSG00000196735,HLA-DQA1
ENSG00000118260,ENSG00000103275,UBE2I
ENSG00000109320,ENSG00000203747,FCGR3A
ENSG00000141646,ENSG00000175567,UCP2
ENSG00000136997,ENSG00000108518,PFN1
ENSG00000106462,ENSG00000110092,CCND1
ENSG00000102974,ENSG00000196712,NF1
ENSG00000136997,ENSG00000196419,XRCC6
ENSG00000143365,ENSG00000105398,SULT2A1
ENSG00000008441,ENSG00000124762,CDKN1A
ENSG00000101412,ENSG00000183549,ACSM5
ENSG00000136997,ENSG00000204525,HLA-C
ENSG00000179284,ENSG00000170430,MGMT
ENSG00000001167,ENSG00000125885,MCM8
ENSG00000166949,ENSG00000204262,COL5A2
ENSG00000162924,ENSG00000171552,BCL2L1
ENSG00000135363,ENSG00000138685,FGF2
ENSG00000159216,ENSG00000277632,CCL3
ENSG00000141905,ENSG00000186652,PRG2
ENSG00000157557,ENSG00000110092,CCND1
ENSG00000134954,ENSG00000163563,MNDA
ENSG00000205250,ENSG00000132646,PCNA
ENSG00000109906,ENSG00000162676,GFI1
ENSG00000120738,ENSG00000089558,KCNH4
ENSG00000158773,ENSG00000166710,B2M
ENSG00000172845,,
ENSG00000059728,ENSG00000171862,PTEN
ENSG00000168036,ENSG00000112033,PPARD
ENSG00000125347,ENSG00000271503,CCL5
ENSG00000245848,ENSG00000160883,HK3
ENSG00000253293,ENSG00000146678,IGFBP1
ENSG00000123268,ENSG00000136487,GH2
ENSG00000111087,ENSG00000143556,S100A7
ENSG00000136997,ENSG00000172172,MRPL13
ENSG00000152804,ENSG00000101076,HNF4A
ENSG00000172977,ENSG00000078399,HOXA9
ENSG00000130816,ENSG00000196465,MYL6B
ENSG00000138795,ENSG00000078403,MLLT10
ENSG00000134954,ENSG00000125735,TNFSF14
ENSG00000101412,ENSG00000112715,VEGFA
ENSG00000061273,ENSG00000161021,MAML1
,ENSG00000106991,ENG
ENSG00000125968,ENSG00000147889,CDKN2A
ENSG00000130522,ENSG00000183813,CCR4
ENSG00000172845,ENSG00000105976,MET
ENSG00000117139,ENSG00000122863,CHST3
ENSG00000049768,ENSG00000136634,IL10
ENSG00000169554,ENSG00000057935,MTA3
ENSG00000166888,ENSG00000102970,CCL17
ENSG00000185591,ENSG00000134057,CCNB1
ENSG00000173039,ENSG00000137745,MMP13
ENSG00000197933,ENSG00000112715,VEGFA
ENSG00000136997,ENSG00000136521,NDUFB5
ENSG00000183434,ENSG00000101412,E2F1
ENSG00000256463,ENSG00000119772,DNMT3A
ENSG00000108840,ENSG00000145147,SLIT2
ENSG00000196092,ENSG00000171791,BCL2
ENSG00000163848,ENSG00000163735,CXCL5
ENSG00000141510,,
ENSG00000158773,ENSG00000172201,ID4
ENSG00000145741,ENSG00000109320,NFKB1
ENSG00000245848,ENSG00000240247,DEFA1B
ENSG00000134954,ENSG00000100985,MMP9
ENSG00000160973,ENSG00000102974,CTCF
ENSG00000179348,ENSG00000127863,TNFRSF19
ENSG00000118260,ENSG00000123405,NFE2
ENSG00000107187,ENSG00000131808,FSHB
ENSG00000173039,ENSG00000112115,IL17A
ENSG00000129152,ENSG00000115616,SLC9A2
ENSG00000179284,ENSG00000260027,HOXB7
ENSG00000074047,ENSG00000176692,FOXC2
ENSG00000125798,ENSG00000111700,SLCO1B3
ENSG00000112242,ENSG00000065328,MCM10
ENSG00000196498,ENSG00000196620,UGT2B15
ENSG00000109320,ENSG00000128271,ADORA2A
ENSG00000173039,ENSG00000105221,AKT2
ENSG00000106462,ENSG00000012048,BRCA1
ENSG00000107485,ENSG00000062038,CDH3
ENSG00000185697,ENSG00000174059,CD34
ENSG00000158773,ENSG00000079435,LIPE
ENSG00000100811,ENSG00000072694,FCGR2B
ENSG00000141905,ENSG00000136997,MYC
ENSG00000091831,ENSG00000142871,CCN1
ENSG00000157557,ENSG00000012048,BRCA1
ENSG00000185591,ENSG00000157193,LRP8
ENSG00000136997,ENSG00000111726,CMAS
ENSG00000088305,ENSG00000120057,SFRP5
ENSG00000179284,ENSG00000102081,FMR1
ENSG00000169136,ENSG00000197408,CYP2B6
ENSG00000066336,ENSG00000163513,TGFBR2
ENSG00000181449,ENSG00000140538,NTRK3
ENSG00000168610,ENSG00000130816,DNMT1
ENSG00000175832,ENSG00000123342,MMP19
ENSG00000185591,ENSG00000172482,AGXT
ENSG00000115415,ENSG00000169710,FASN
ENSG00000132170,ENSG00000074211,PPP2R2C
ENSG00000109320,ENSG00000109743,BST1
ENSG00000116731,,
ENSG00000144791,ENSG00000100644,HIF1A
ENSG00000117707,ENSG00000117152,RGS4
ENSG00000134954,ENSG00000171791,BCL2
ENSG00000102145,ENSG00000094804,CDC6
ENSG00000118260,ENSG00000105329,TGFB1
ENSG00000177606,ENSG00000160213,CSTB
ENSG00000186951,ENSG00000167910,CYP7A1
ENSG00000179348,ENSG00000165168,CYBB
ENSG00000105516,ENSG00000196616,ADH1B
ENSG00000169083,ENSG00000164344,KLKB1
ENSG00000158773,ENSG00000139515,PDX1
ENSG00000196712,ENSG00000197971,MBP
ENSG00000055118,ENSG00000166333,ILK
,ENSG00000104368,PLAT
ENSG00000170345,ENSG00000110092,CCND1
ENSG00000172845,ENSG00000128052,KDR
ENSG00000141510,ENSG00000090061,CCNK
ENSG00000185591,ENSG00000002586,CD99
ENSG00000134954,ENSG00000105371,ICAM4
ENSG00000169554,ENSG00000165474,GJB2
ENSG00000109320,ENSG00000102265,TIMP1
ENSG00000118260,ENSG00000109424,UCP1
ENSG00000172819,ENSG00000168878,SFTPB
ENSG00000260027,ENSG00000111276,CDKN1B
ENSG00000102145,,
ENSG00000136997,ENSG00000102678,FGF9
ENSG00000185591,ENSG00000043591,ADRB1
ENSG00000141510,ENSG00000024526,DEPDC1
ENSG00000152284,ENSG00000091181,IL5RA
ENSG00000007968,ENSG00000134323,MYCN
ENSG00000181449,ENSG00000101384,JAG1
ENSG00000072310,ENSG00000139515,PDX1
ENSG00000100811,ENSG00000088682,COQ9
ENSG00000125398,ENSG00000169083,AR
ENSG00000161298,ENSG00000149948,HMGA2
ENSG00000007968,ENSG00000036828,CASR
ENSG00000100644,ENSG00000114480,GBE1
ENSG00000141510,ENSG00000101916,TLR8
ENSG00000170581,ENSG00000185507,IRF7
ENSG00000185591,ENSG00000001084,GCLC
ENSG00000101412,ENSG00000180914,OXTR
ENSG00000109320,ENSG00000137275,RIPK1
ENSG00000196591,ENSG00000134323,MYCN
ENSG00000114166,ENSG00000100811,YY1
ENSG00000136997,ENSG00000122566,HNRNPA2B1
ENSG00000001167,ENSG00000075624,ACTB
ENSG00000101412,ENSG00000108443,RPS6KB1
ENSG00000125347,ENSG00000182393,IFNL1
ENSG00000185591,ENSG00000203782,LORICRIN
ENSG00000102908,ENSG00000206437,LTB
ENSG00000134323,ENSG00000198400,NTRK1
ENSG00000151702,ENSG00000041982,TNC
ENSG00000112592,ENSG00000126767,ELK1
ENSG00000136997,ENSG00000106263,EIF3B
,ENSG00000115457,IGFBP2
ENSG00000100644,ENSG00000113580,NR3C1
ENSG00000186951,ENSG00000213030,CGB8
ENSG00000205250,ENSG00000170312,CDK1
ENSG00000134954,,
ENSG00000186951,ENSG00000167772,ANGPTL4
ENSG00000101412,ENSG00000175197,DDIT3
ENSG00000101076,ENSG00000135929,CYP27A1
ENSG00000141646,ENSG00000121053,EPX
ENSG00000169083,ENSG00000010610,CD4
ENSG00000007968,ENSG00000128944,KNSTRN
ENSG00000101412,ENSG00000095303,PTGS1
ENSG00000084093,ENSG00000089199,CHGB
ENSG00000185591,ENSG00000108576,SLC6A4
ENSG00000205250,ENSG00000189403,HMGB1
ENSG00000187098,ENSG00000101850,GPR143
ENSG00000116478,ENSG00000039068,CDH1
ENSG00000107485,ENSG00000187266,EPOR
ENSG00000069399,ENSG00000173039,RELA
ENSG00000134954,,
ENSG00000136997,ENSG00000151665,PIGF
ENSG00000116833,ENSG00000125255,SLC10A2
ENSG00000185591,ENSG00000105894,PTN
ENSG00000143190,ENSG00000134954,ETS1
ENSG00000101412,ENSG00000174628,IQCK
ENSG00000109320,ENSG00000026103,FAS
ENSG00000136997,ENSG00000071082,RPL31
ENSG00000091831,ENSG00000070748,CHAT
ENSG00000245848,ENSG00000124762,CDKN1A
ENSG00000108840,ENSG00000100811,YY1
ENSG00000185591,ENSG00000197471,SPN
ENSG00000136997,ENSG00000120457,KCNJ5
ENSG00000100811,ENSG00000048544,MRPS10
ENSG00000124216,ENSG00000012061,ERCC1
ENSG00000172845,ENSG00000100811,YY1
ENSG00000137270,ENSG00000242950,ERVW-1
,ENSG00000087085,ACHE
ENSG00000105698,ENSG00000001626,CFTR
ENSG00000109320,ENSG00000137462,TLR2
ENSG00000179284,ENSG00000120889,TNFRSF10B
ENSG00000170581,,
ENSG00000100811,ENSG00000105726,ATP13A1
ENSG00000149948,ENSG00000073792,IGF2BP2
ENSG00000150907,ENSG00000118432,CNR1
,ENSG00000112715,VEGFA
ENSG00000105856,ENSG00000240972,MIF
ENSG00000084093,ENSG00000104783,KCNN4
ENSG00000179284,ENSG00000140678,ITGAX
ENSG00000111704,ENSG00000176105,YES1
ENSG00000116017,ENSG00000117322,CR2
ENSG00000177606,ENSG00000134815,DHX34
ENSG00000173039,ENSG00000206503,HLA-A
ENSG00000136997,ENSG00000168374,ARF4
ENSG00000205250,ENSG00000198900,TOP1
ENSG00000103241,ENSG00000039068,CDH1
ENSG00000100644,ENSG00000076321,KLHL20
ENSG00000106459,ENSG00000128739,SNRPN
ENSG00000136997,ENSG00000006116,CACNG3
ENSG00000132170,ENSG00000101017,CD40
ENSG00000141052,ENSG00000163017,ACTG2
ENSG00000136997,ENSG00000105750,ZNF85
ENSG00000104964,ENSG00000115963,RND3
ENSG00000112658,ENSG00000101335,MYL9
ENSG00000108854,ENSG00000102554,KLF5
ENSG00000134086,ENSG00000112715,VEGFA
ENSG00000091831,ENSG00000101040,ZMYND8
ENSG00000141510,ENSG00000163565,IFI16
ENSG00000143190,ENSG00000123983,ACSL3
ENSG00000065978,ENSG00000087245,MMP2
,ENSG00000005339,CREBBP
ENSG00000169083,ENSG00000172817,CYP7B1
ENSG00000136997,ENSG00000152795,HNRNPDL
ENSG00000123268,ENSG00000103275,UBE2I
ENSG00000115415,ENSG00000233816,IFNA13
ENSG00000118260,ENSG00000080166,DCT
ENSG00000280529,ENSG00000124762,CDKN1A
ENSG00000066336,ENSG00000005471,ABCB4
ENSG00000136997,ENSG00000114503,NCBP2
ENSG00000213928,ENSG00000185507,IRF7
ENSG00000179284,ENSG00000173638,SLC19A1
ENSG00000101076,ENSG00000167780,SOAT2
ENSG00000158773,ENSG00000185339,TCN2
ENSG00000125347,ENSG00000185338,SOCS1
ENSG00000137309,ENSG00000104760,FGL1
ENSG00000158773,ENSG00000135744,AGT
ENSG00000101412,ENSG00000271303,SRXN1
ENSG00000179284,ENSG00000164171,ITGA2
ENSG00000074047,ENSG00000143365,RORC
ENSG00000181449,ENSG00000256713,PGA5
ENSG00000136997,ENSG00000105856,HBP1
ENSG00000069011,ENSG00000131808,FSHB
ENSG00000012048,ENSG00000062038,CDH3
ENSG00000131759,ENSG00000140396,NCOA2
ENSG00000120837,ENSG00000146678,IGFBP1
ENSG00000172845,ENSG00000079215,SLC1A3
ENSG00000179284,ENSG00000112759,SLC29A1
ENSG00000170345,ENSG00000171056,SOX7
ENSG00000172845,ENSG00000186832,KRT16
ENSG00000102034,ENSG00000135679,MDM2
ENSG00000105698,ENSG00000185591,SP1
ENSG00000125347,ENSG00000135446,CDK4
ENSG00000120738,ENSG00000110148,CCKBR
ENSG00000118260,ENSG00000168610,STAT3
ENSG00000012048,ENSG00000140465,CYP1A1
ENSG00000205250,ENSG00000100321,SYNGR1
ENSG00000136997,ENSG00000147065,MSN
ENSG00000118513,ENSG00000204856,FAM216A
ENSG00000169083,ENSG00000017427,IGF1
ENSG00000166949,ENSG00000168036,CTNNB1
ENSG00000134954,ENSG00000117560,FASLG
ENSG00000178951,ENSG00000067225,PKM
ENSG00000181449,ENSG00000075388,FGF4
ENSG00000064490,ENSG00000231389,HLA-DPA1
ENSG00000073861,ENSG00000140835,CHST4
ENSG00000065978,ENSG00000141736,ERBB2
ENSG00000136997,ENSG00000120705,ETF1
ENSG00000172819,ENSG00000090339,ICAM1
,ENSG00000009413,REV3L
ENSG00000141510,ENSG00000198901,PRC1
ENSG00000061273,ENSG00000112406,HECA
ENSG00000172845,ENSG00000041982,TNC
ENSG00000172819,ENSG00000146278,PNRC1
ENSG00000167074,ENSG00000105516,DBP
ENSG00000130522,ENSG00000184502,GAST
ENSG00000134323,ENSG00000111537,IFNG
ENSG00000137265,ENSG00000126456,IRF3
ENSG00000173039,ENSG00000213316,LTC4S
ENSG00000101076,ENSG00000070019,GUCY2C
ENSG00000168036,ENSG00000140396,NCOA2
ENSG00000136997,ENSG00000144354,CDCA7
ENSG00000012048,ENSG00000137337,MDC1
ENSG00000100644,ENSG00000159399,HK2
ENSG00000179284,ENSG00000105810,CDK6
ENSG00000144852,ENSG00000175592,FOSL1
ENSG00000179284,ENSG00000168003,SLC3A2
ENSG00000136997,ENSG00000009307,CSDE1
ENSG00000123268,ENSG00000119383,PTPA
ENSG00000172216,ENSG00000162772,ATF3
ENSG00000115415,ENSG00000105639,JAK3
ENSG00000185591,ENSG00000122912,SLC25A16
ENSG00000141646,ENSG00000128016,ZFP36
ENSG00000141510,ENSG00000104765,BNIP3L
ENSG00000134954,ENSG00000114854,TNNC1
ENSG00000141905,ENSG00000185950,IRS2
ENSG00000159388,ENSG00000110092,CCND1
ENSG00000169297,ENSG00000104899,AMH
ENSG00000173039,ENSG00000023445,BIRC3
ENSG00000101412,ENSG00000132965,ALOX5AP
ENSG00000182979,ENSG00000100985,MMP9
ENSG00000169083,ENSG00000164442,CITED2
ENSG00000091831,ENSG00000184557,SOCS3
ENSG00000172216,ENSG00000170458,CD14
ENSG00000205250,ENSG00000187498,COL4A1
ENSG00000245848,ENSG00000115414,FN1
ENSG00000169083,ENSG00000104081,BMF
ENSG00000169083,ENSG00000197576,HOXA4
ENSG00000007372,ENSG00000161638,ITGA5
ENSG00000143390,ENSG00000198502,HLA-DRB5
ENSG00000091831,ENSG00000116717,GADD45A
ENSG00000169297,ENSG00000137869,CYP19A1
ENSG00000139687,,
ENSG00000109320,ENSG00000083799,CYLD
ENSG00000157557,ENSG00000166825,ANPEP
ENSG00000101412,,
ENSG00000179284,ENSG00000130203,APOE
ENSG00000136997,ENSG00000138821,SLC39A8
ENSG00000074047,ENSG00000139329,LUM
ENSG00000173039,ENSG00000140379,BCL2A1
ENSG00000152284,ENSG00000111732,AICDA
ENSG00000179284,ENSG00000101966,XIAP
ENSG00000112658,ENSG00000108424,KPNB1
ENSG00000168610,ENSG00000213928,IRF9
ENSG00000100811,ENSG00000162747,FCGR3B
ENSG00000123268,ENSG00000109424,UCP1
ENSG00000112658,ENSG00000114030,KPNA1
ENSG00000169136,ENSG00000125968,ID1
ENSG00000132170,ENSG00000181092,ADIPOQ
ENSG00000141510,ENSG00000149554,CHEK1
ENSG00000134086,ENSG00000134107,BHLHE40
ENSG00000176678,ENSG00000125378,BMP4
ENSG00000115415,ENSG00000183696,UPP1
ENSG00000136997,ENSG00000145592,RPL37
ENSG00000170365,ENSG00000029559,IBSP
,ENSG00000177606,JUN
ENSG00000118260,ENSG00000176697,BDNF
ENSG00000185591,ENSG00000106991,ENG
ENSG00000136997,ENSG00000183207,RUVBL2
ENSG00000245848,ENSG00000136931,NR5A1
ENSG00000101412,ENSG00000178921,PFAS
ENSG00000129518,ENSG00000147889,CDKN2A
ENSG00000118217,ENSG00000182759,MAFA
ENSG00000109320,ENSG00000112715,VEGFA
ENSG00000105698,,
ENSG00000121022,ENSG00000112715,VEGFA
ENSG00000179284,ENSG00000170961,HAS2
ENSG00000118689,ENSG00000091831,ESR1
ENSG00000074047,ENSG00000125798,FOXA2
ENSG00000173757,ENSG00000146648,EGFR
ENSG00000179284,ENSG00000074370,ATP2A3
ENSG00000065978,ENSG00000065361,ERBB3
ENSG00000136944,ENSG00000116218,NPHS2
ENSG00000169083,ENSG00000168878,SFTPB
ENSG00000179284,ENSG00000164707,SLC13A4
ENSG00000109320,ENSG00000092330,TINF2
ENSG00000185591,ENSG00000038274,MAT2B
ENSG00000170365,ENSG00000183072,NKX2-5
ENSG00000037965,ENSG00000164761,TNFRSF11B
ENSG00000169083,ENSG00000140937,CDH11
ENSG00000169083,ENSG00000115641,FHL2
ENSG00000158773,ENSG00000152254,G6PC2
ENSG00000099326,ENSG00000087245,MMP2
ENSG00000125347,ENSG00000231925,TAPBP
ENSG00000008441,ENSG00000170214,ADRA1B
ENSG00000101412,ENSG00000198087,CD2AP
ENSG00000120738,ENSG00000051180,RAD51
ENSG00000104365,ENSG00000162692,VCAM1
ENSG00000141905,ENSG00000157765,SLC34A2
ENSG00000151702,ENSG00000118971,CCND2
ENSG00000102349,ENSG00000105325,FZR1
ENSG00000163565,ENSG00000136997,MYC
ENSG00000119772,ENSG00000113361,CDH6
ENSG00000179284,ENSG00000134595,SOX3
ENSG00000173039,ENSG00000102962,CCL22
ENSG00000172216,ENSG00000130222,GADD45G
ENSG00000166164,ENSG00000204256,BRD2
ENSG00000169083,ENSG00000172819,RARG
ENSG00000169083,ENSG00000134070,IRAK2
ENSG00000136574,ENSG00000118971,CCND2
,ENSG00000166311,SMPD1
ENSG00000074047,ENSG00000113916,BCL6
ENSG00000136997,ENSG00000007062,PROM1
ENSG00000185591,ENSG00000118137,APOA1
ENSG00000109320,ENSG00000241794,SPRR2A
ENSG00000165556,ENSG00000073756,PTGS2
ENSG00000113580,ENSG00000115415,STAT1
ENSG00000118260,ENSG00000080815,PSEN1
ENSG00000179284,ENSG00000224389,C4B
ENSG00000166888,ENSG00000164692,COL1A2
ENSG00000121774,ENSG00000174697,LEP
ENSG00000186470,ENSG00000072952,IRAG1
ENSG00000179284,ENSG00000225921,NOL7
ENSG00000118513,ENSG00000259207,ITGB3
ENSG00000181163,ENSG00000110092,CCND1
ENSG00000245848,ENSG00000123374,CDK2
ENSG00000168214,ENSG00000076003,MCM6
ENSG00000136997,ENSG00000072274,TFRC
ENSG00000185591,ENSG00000104368,PLAT
ENSG00000101412,ENSG00000115008,IL1A
ENSG00000245848,ENSG00000085563,ABCB1
ENSG00000169083,ENSG00000158019,BABAM2
ENSG00000134954,ENSG00000113525,IL5
ENSG00000112658,ENSG00000100281,HMGXB4
ENSG00000179284,ENSG00000160957,RECQL4
ENSG00000136997,ENSG00000171862,PTEN
ENSG00000169083,ENSG00000116260,QSOX1
ENSG00000132170,ENSG00000110092,CCND1
ENSG00000133895,ENSG00000123080,CDKN2C
ENSG00000102145,ENSG00000162367,TAL1
ENSG00000169083,ENSG00000213281,NRAS
ENSG00000143190,ENSG00000139974,SLC38A6
ENSG00000168066,ENSG00000070019,GUCY2C
ENSG00000198911,ENSG00000097021,ACOT7
ENSG00000134954,ENSG00000092098,RNF31
ENSG00000126561,ENSG00000134460,IL2RA
ENSG00000084093,ENSG00000169083,AR
ENSG00000177606,ENSG00000066336,SPI1
ENSG00000169083,ENSG00000064655,EYA2
ENSG00000106462,ENSG00000139874,SSTR1
ENSG00000136997,ENSG00000143995,MEIS1
ENSG00000091831,ENSG00000116977,LGALS8
ENSG00000173039,ENSG00000178726,THBD
ENSG00000186350,ENSG00000104856,RELB
ENSG00000143190,ENSG00000151726,ACSL1
ENSG00000141510,ENSG00000196092,PAX5
ENSG00000139687,ENSG00000115966,ATF2
ENSG00000179284,ENSG00000261701,HPR
ENSG00000141905,ENSG00000089250,NOS1
ENSG00000141510,ENSG00000131747,TOP2A
ENSG00000205250,ENSG00000242173,ARHGDIG
ENSG00000168036,ENSG00000165376,CLDN2
ENSG00000096717,ENSG00000007908,SELE
ENSG00000028277,ENSG00000244734,HBB
ENSG00000105698,ENSG00000079385,CEACAM1
ENSG00000131759,ENSG00000124253,PCK1
ENSG00000185591,ENSG00000115457,IGFBP2
ENSG00000245848,ENSG00000101981,F9
ENSG00000185591,ENSG00000156475,PPP2R2B
ENSG00000082175,ENSG00000075651,PLD1
ENSG00000143437,ENSG00000012048,BRCA1
ENSG00000134954,ENSG00000162783,IER5
ENSG00000111087,ENSG00000102804,TSC22D1
ENSG00000104856,ENSG00000169896,ITGAM
ENSG00000092067,ENSG00000129951,PLPPR3
ENSG00000080603,ENSG00000142515,KLK3
,,
ENSG00000123268,ENSG00000168610,STAT3
ENSG00000126561,ENSG00000180104,EXOC3
ENSG00000048052,ENSG00000166888,STAT6
ENSG00000126767,ENSG00000141736,ERBB2
ENSG00000141905,ENSG00000032219,ARID4A
ENSG00000177606,ENSG00000140992,PDPK1
ENSG00000141510,ENSG00000205560,CPT1B
ENSG00000132170,ENSG00000005882,PDK2
ENSG00000007968,ENSG00000174482,LINGO2
ENSG00000101076,ENSG00000187486,KCNJ11
ENSG00000233608,ENSG00000133110,POSTN
ENSG00000120738,ENSG00000196628,TCF4
ENSG00000134086,ENSG00000134871,COL4A2
ENSG00000109320,ENSG00000095303,PTGS1
ENSG00000206454,ENSG00000136630,HLX
ENSG00000130816,ENSG00000164399,IL3
ENSG00000245848,ENSG00000158125,XDH
ENSG00000007968,ENSG00000144730,IL17RD
ENSG00000173153,ENSG00000019549,SNAI2
ENSG00000130522,ENSG00000133636,NTS
ENSG00000095794,,
ENSG00000177374,ENSG00000112715,VEGFA
ENSG00000055118,ENSG00000137193,PIM1
ENSG00000111704,ENSG00000182968,SOX1
ENSG00000049768,ENSG00000174123,TLR10
ENSG00000007968,ENSG00000133805,AMPD3
ENSG00000105866,ENSG00000110092,CCND1
ENSG00000136997,ENSG00000125835,SNRPB
ENSG00000101412,ENSG00000137101,CD72
ENSG00000170581,ENSG00000115415,STAT1
,ENSG00000105325,FZR1
,ENSG00000137673,MMP7
ENSG00000101412,ENSG00000151893,CACUL1
ENSG00000101412,ENSG00000064607,SUGP2
ENSG00000148737,ENSG00000198178,CLEC4C
ENSG00000186951,ENSG00000184730,APOBR
ENSG00000167034,ENSG00000110092,CCND1
ENSG00000245848,ENSG00000035862,TIMP2
ENSG00000136997,ENSG00000121060,TRIM25
ENSG00000136997,,
ENSG00000158773,ENSG00000100292,HMOX1
ENSG00000131196,ENSG00000113525,IL5
ENSG00000115415,ENSG00000080824,HSP90AA1
ENSG00000101412,ENSG00000175414,ARL10
ENSG00000101665,ENSG00000106799,TGFBR1
ENSG00000120738,ENSG00000167244,IGF2
ENSG00000173039,ENSG00000162692,VCAM1
ENSG00000125347,ENSG00000116701,NCF2
ENSG00000178573,ENSG00000113525,IL5
ENSG00000141510,ENSG00000166311,SMPD1
ENSG00000136997,ENSG00000161011,SQSTM1
ENSG00000020633,ENSG00000135218,CD36
ENSG00000012048,ENSG00000117984,CTSD
ENSG00000169083,ENSG00000165699,TSC1
ENSG00000196092,ENSG00000175097,RAG2
ENSG00000106546,ENSG00000107159,CA9
ENSG00000143190,ENSG00000134982,APC
ENSG00000169083,ENSG00000090339,ICAM1
ENSG00000140009,ENSG00000007908,SELE
ENSG00000245848,ENSG00000239732,TLR9
ENSG00000120149,ENSG00000142168,SOD1
ENSG00000136997,ENSG00000168078,PBK
ENSG00000101412,ENSG00000151748,SAV1
ENSG00000128573,ENSG00000137776,SLTM
ENSG00000100644,ENSG00000112759,SLC29A1
ENSG00000072310,ENSG00000100292,HMOX1
ENSG00000118689,ENSG00000105329,TGFB1
ENSG00000048052,ENSG00000162595,DIRAS3
ENSG00000169083,ENSG00000146278,PNRC1
ENSG00000164093,ENSG00000114251,WNT5A
ENSG00000130522,ENSG00000124766,SOX4
ENSG00000109320,,
ENSG00000101412,ENSG00000128052,KDR
ENSG00000118260,ENSG00000019549,SNAI2
ENSG00000101412,ENSG00000197162,ZNF785
ENSG00000019549,ENSG00000100985,MMP9
ENSG00000221869,ENSG00000137869,CYP19A1
,ENSG00000143799,PARP1
ENSG00000101412,ENSG00000196839,ADA
ENSG00000007968,ENSG00000103449,SALL1
ENSG00000116604,ENSG00000149311,ATM
ENSG00000175832,ENSG00000243137,PSG4
ENSG00000134954,ENSG00000164733,CTSB
ENSG00000101412,ENSG00000172575,RASGRP1
ENSG00000138795,ENSG00000168036,CTNNB1
ENSG00000175832,ENSG00000165474,GJB2
ENSG00000185122,ENSG00000044012,GUCA2B
ENSG00000139687,ENSG00000197442,MAP3K5
ENSG00000205250,,
,ENSG00000197461,PDGFA
ENSG00000143207,ENSG00000122861,PLAU
ENSG00000205250,ENSG00000159147,DONSON
ENSG00000141232,ENSG00000109471,IL2
ENSG00000141568,ENSG00000109471,IL2
,ENSG00000204632,HLA-G
ENSG00000204103,ENSG00000057657,PRDM1
ENSG00000007968,ENSG00000168807,SNTB2
ENSG00000185591,ENSG00000110245,APOC3
ENSG00000077092,ENSG00000087494,PTHLH
ENSG00000245848,ENSG00000070019,GUCY2C
ENSG00000109320,ENSG00000164305,CASP3
ENSG00000168269,ENSG00000091137,SLC26A4
ENSG00000136997,ENSG00000136574,GATA4
ENSG00000125347,ENSG00000113302,IL12B
ENSG00000111206,ENSG00000091831,ESR1
ENSG00000129351,ENSG00000109471,IL2
ENSG00000080603,ENSG00000100889,PCK2
ENSG00000196628,ENSG00000145604,SKP2
ENSG00000136997,ENSG00000214021,TTLL3
ENSG00000007372,ENSG00000087245,MMP2
ENSG00000001167,ENSG00000124795,DEK
ENSG00000179284,ENSG00000158473,CD1D
ENSG00000185591,ENSG00000110717,NDUFS8
ENSG00000141510,ENSG00000109320,NFKB1
ENSG00000112242,ENSG00000167513,CDT1
ENSG00000117139,ENSG00000107719,PALD1
ENSG00000124813,ENSG00000164344,KLKB1
ENSG00000141510,ENSG00000100030,MAPK1
ENSG00000177606,ENSG00000118513,MYB
ENSG00000179284,ENSG00000077150,NFKB2
ENSG00000132170,ENSG00000105974,CAV1
ENSG00000175832,ENSG00000148291,SURF2
ENSG00000165588,ENSG00000167995,BEST1
ENSG00000074047,ENSG00000102970,CCL17
ENSG00000101412,ENSG00000156467,UQCRB
ENSG00000205250,ENSG00000126581,BECN1
ENSG00000170345,ENSG00000169710,FASN
ENSG00000113580,ENSG00000255974,CYP2A6
ENSG00000096717,ENSG00000131914,LIN28A
ENSG00000101412,ENSG00000120833,SOCS2
ENSG00000129351,ENSG00000122861,PLAU
ENSG00000100393,ENSG00000170430,MGMT
ENSG00000020633,ENSG00000151923,TIAL1
ENSG00000166888,ENSG00000114737,CISH
ENSG00000115415,ENSG00000073861,TBX21
ENSG00000167548,ENSG00000197757,HOXC6
ENSG00000205250,ENSG00000124207,CSE1L
ENSG00000151702,ENSG00000164362,TERT
ENSG00000109320,ENSG00000171855,IFNB1
ENSG00000136997,ENSG00000183960,KCNH8
ENSG00000135457,ENSG00000184895,SRY
ENSG00000112592,ENSG00000136244,IL6
ENSG00000101412,ENSG00000100811,YY1
ENSG00000126767,ENSG00000149591,TAGLN
ENSG00000171223,ENSG00000133661,SFTPD
ENSG00000136997,ENSG00000133895,MEN1
,ENSG00000118513,MYB
ENSG00000165556,ENSG00000124762,CDKN1A
ENSG00000169083,ENSG00000115904,SOS1
ENSG00000088305,ENSG00000076242,MLH1
ENSG00000136997,ENSG00000114315,HES1
ENSG00000173039,ENSG00000081051,AFP
ENSG00000091831,ENSG00000164171,ITGA2
ENSG00000082175,ENSG00000120129,DUSP1
ENSG00000170345,ENSG00000187094,CCK
ENSG00000146592,ENSG00000152689,RASGRP3
ENSG00000129351,ENSG00000196126,HLA-DRB1
ENSG00000148737,ENSG00000168646,AXIN2
ENSG00000118260,ENSG00000170893,TRH
ENSG00000186834,ENSG00000112715,VEGFA
ENSG00000215021,ENSG00000159388,BTG2
ENSG00000109320,ENSG00000187134,AKR1C1
ENSG00000185591,ENSG00000136877,FPGS
ENSG00000136997,ENSG00000165280,VCP
ENSG00000141510,ENSG00000189067,LITAF
ENSG00000126456,ENSG00000067066,SP100
ENSG00000168610,ENSG00000017427,IGF1
ENSG00000233608,ENSG00000087245,MMP2
ENSG00000196092,ENSG00000136573,BLK
ENSG00000101412,ENSG00000103544,VPS35L
ENSG00000125347,ENSG00000185507,IRF7
ENSG00000091831,ENSG00000169598,DFFB
ENSG00000109320,ENSG00000132965,ALOX5AP
ENSG00000077092,ENSG00000136352,NKX2-1
ENSG00000049768,ENSG00000109471,IL2
ENSG00000082175,ENSG00000171552,BCL2L1
ENSG00000100219,ENSG00000215328,HSPA1A
ENSG00000100811,ENSG00000030066,NUP160
,ENSG00000176170,SPHK1
ENSG00000118513,ENSG00000168748,CA7
ENSG00000171223,ENSG00000141646,SMAD4
ENSG00000100888,ENSG00000175305,CCNE2
ENSG00000101412,ENSG00000070950,RAD18
ENSG00000172845,ENSG00000108839,ALOX12
ENSG00000205250,ENSG00000171388,APLN
ENSG00000109320,,
ENSG00000112658,ENSG00000122861,PLAU
ENSG00000125398,ENSG00000100146,SOX10
ENSG00000109320,ENSG00000136940,PDCL
ENSG00000185122,ENSG00000168439,STIP1
ENSG00000148737,ENSG00000134363,FST
ENSG00000135100,ENSG00000150527,MIA2
ENSG00000101412,ENSG00000204611,ZNF616
ENSG00000140009,ENSG00000177606,JUN
ENSG00000185591,ENSG00000177606,JUN
ENSG00000177606,ENSG00000115523,GNLY
ENSG00000103495,ENSG00000100985,MMP9
ENSG00000118260,ENSG00000206439,TNF
,ENSG00000079112,CDH17
ENSG00000107485,ENSG00000070476,ZXDC
ENSG00000105698,ENSG00000134057,CCNB1
ENSG00000101412,ENSG00000141485,SLC13A5
ENSG00000112561,ENSG00000107165,TYRP1
ENSG00000166949,ENSG00000148795,CYP17A1
ENSG00000064961,ENSG00000139618,BRCA2
ENSG00000245848,ENSG00000132646,PCNA
ENSG00000136574,ENSG00000145384,FABP2
ENSG00000185591,ENSG00000172845,SP3
ENSG00000141905,ENSG00000135744,AGT
ENSG00000136997,ENSG00000104763,ASAH1
ENSG00000105866,ENSG00000109158,GABRA4
ENSG00000111087,ENSG00000136327,NKX2-8
ENSG00000164611,ENSG00000035862,TIMP2
ENSG00000091831,ENSG00000160182,TFF1
ENSG00000168610,ENSG00000104081,BMF
ENSG00000181449,ENSG00000110092,CCND1
ENSG00000109132,ENSG00000165462,PHOX2A
ENSG00000177606,ENSG00000012061,ERCC1
ENSG00000100906,ENSG00000128652,HOXD3
ENSG00000136997,ENSG00000101361,NOP56
ENSG00000170345,ENSG00000100889,PCK2
ENSG00000007968,ENSG00000058804,NDC1
ENSG00000257923,ENSG00000111276,CDKN1B
ENSG00000134954,ENSG00000012223,LTF
ENSG00000109320,ENSG00000160179,ABCG1
ENSG00000134954,ENSG00000090382,LYZ
ENSG00000147133,ENSG00000071082,RPL31
ENSG00000100644,ENSG00000119938,PPP1R3C
ENSG00000185591,ENSG00000118271,TTR
ENSG00000120068,ENSG00000149294,NCAM1
ENSG00000100811,ENSG00000164105,SAP30
ENSG00000168214,ENSG00000136244,IL6
ENSG00000141646,ENSG00000257017,HP
ENSG00000048052,ENSG00000147889,CDKN2A
ENSG00000177606,ENSG00000135679,MDM2
ENSG00000157557,ENSG00000105639,JAK3
ENSG00000169083,ENSG00000143164,DCAF6
ENSG00000135903,ENSG00000171552,BCL2L1
ENSG00000151702,ENSG00000136634,IL10
ENSG00000186350,ENSG00000167910,CYP7A1
ENSG00000183072,ENSG00000164488,DACT2
ENSG00000091831,ENSG00000130203,APOE
ENSG00000173039,ENSG00000125845,BMP2
ENSG00000007968,ENSG00000164032,H2AZ1
ENSG00000107249,ENSG00000254647,INS
ENSG00000170485,ENSG00000179094,PER1
ENSG00000134954,ENSG00000118785,SPP1
ENSG00000185591,ENSG00000115718,PROC
ENSG00000091831,ENSG00000140836,ZFHX3
ENSG00000091831,ENSG00000106211,HSPB1
ENSG00000134954,ENSG00000175592,FOSL1
ENSG00000181220,ENSG00000131482,G6PC1
ENSG00000185591,ENSG00000166311,SMPD1
,ENSG00000164344,KLKB1
ENSG00000074047,ENSG00000204256,BRD2
ENSG00000089280,ENSG00000142515,KLK3
ENSG00000100644,ENSG00000131238,PPT1
ENSG00000170949,ENSG00000136869,TLR4
ENSG00000179284,ENSG00000069667,RORA
ENSG00000108840,ENSG00000117394,SLC2A1
ENSG00000141027,ENSG00000072310,SREBF1
ENSG00000173039,ENSG00000157227,MMP14
ENSG00000136997,ENSG00000170653,ATF7
ENSG00000128272,ENSG00000070669,ASNS
ENSG00000138795,ENSG00000026025,VIM
ENSG00000134954,ENSG00000184916,JAG2
ENSG00000134954,ENSG00000213341,CHUK
ENSG00000028277,ENSG00000180596,H2BC4
ENSG00000143995,ENSG00000163737,PF4
ENSG00000007968,ENSG00000065328,MCM10
ENSG00000132170,ENSG00000109819,PPARGC1A
ENSG00000114315,ENSG00000101412,E2F1
ENSG00000100811,ENSG00000173171,MTX1
ENSG00000020633,ENSG00000144381,HSPD1
ENSG00000107485,ENSG00000153563,CD8A
ENSG00000136997,ENSG00000136930,PSMB7
ENSG00000109320,ENSG00000115008,IL1A
ENSG00000100811,ENSG00000068745,IP6K2
ENSG00000118513,ENSG00000118513,MYB
ENSG00000186350,ENSG00000213030,CGB8
ENSG00000101412,ENSG00000114686,MRPL3
ENSG00000275700,ENSG00000164344,KLKB1
ENSG00000137273,ENSG00000158195,WASF2
ENSG00000186951,ENSG00000134824,FADS2
ENSG00000123358,ENSG00000087245,MMP2
ENSG00000136997,ENSG00000167792,NDUFV1
ENSG00000123358,ENSG00000148795,CYP17A1
ENSG00000157557,ENSG00000167889,MGAT5B
ENSG00000179284,ENSG00000123358,NR4A1
ENSG00000185591,ENSG00000109320,NFKB1
ENSG00000100644,ENSG00000172315,TP53RK
,ENSG00000108786,HSD17B1
ENSG00000100644,ENSG00000176358,TAC4
ENSG00000088305,ENSG00000092841,MYL6
,ENSG00000186868,MAPT
ENSG00000005339,ENSG00000118260,CREB1
,ENSG00000164399,IL3
ENSG00000012048,ENSG00000169016,E2F6
ENSG00000186350,ENSG00000186350,RXRA
ENSG00000170345,ENSG00000277586,NEFL
ENSG00000065978,ENSG00000039068,CDH1
ENSG00000109320,,
ENSG00000141510,ENSG00000105173,CCNE1
ENSG00000136997,ENSG00000140259,MFAP1
ENSG00000140968,ENSG00000116701,NCF2
ENSG00000233608,ENSG00000065361,ERBB3
ENSG00000185591,ENSG00000101266,CSNK2A1
ENSG00000137265,ENSG00000003400,CASP10
ENSG00000134954,ENSG00000185338,SOCS1
ENSG00000118513,ENSG00000117395,EBNA1BP2
ENSG00000245848,ENSG00000170606,HSPA4
ENSG00000100146,ENSG00000176894,PXMP2
ENSG00000185591,ENSG00000173020,GRK2
ENSG00000159388,ENSG00000142515,KLK3
ENSG00000162772,ENSG00000271503,CCL5
ENSG00000143207,ENSG00000204397,CARD16
ENSG00000150455,ENSG00000101335,MYL9
,ENSG00000171786,NHLH1
ENSG00000109320,ENSG00000105976,MET
ENSG00000177606,ENSG00000100503,NIN
ENSG00000173039,ENSG00000131095,GFAP
ENSG00000136997,ENSG00000141480,ARRB2
ENSG00000101412,ENSG00000041357,PSMA4
ENSG00000168066,ENSG00000203859,HSD3B2
ENSG00000169083,ENSG00000137868,STRA6
ENSG00000167182,ENSG00000079385,CEACAM1
ENSG00000116560,ENSG00000169429,CXCL8
ENSG00000178919,ENSG00000115705,TPO
ENSG00000169083,ENSG00000206454,POU5F1
ENSG00000172845,,
ENSG00000075426,ENSG00000113525,IL5
ENSG00000125798,ENSG00000149021,SCGB1A1
ENSG00000118260,ENSG00000105401,CDC37
ENSG00000141510,,
ENSG00000166888,ENSG00000067560,RHOA
ENSG00000105856,ENSG00000110092,CCND1
ENSG00000263001,ENSG00000044574,HSPA5
ENSG00000179284,ENSG00000138821,SLC39A8
ENSG00000245848,ENSG00000189403,HMGB1
ENSG00000185591,ENSG00000108561,C1QBP
ENSG00000126767,ENSG00000160888,IER2
ENSG00000151702,ENSG00000108821,COL1A1
ENSG00000196712,ENSG00000134574,DDB2
ENSG00000185591,ENSG00000106258,CYP3A5
ENSG00000178585,ENSG00000074047,GLI2
ENSG00000141510,ENSG00000175274,TP53I11
ENSG00000170365,ENSG00000163877,SNIP1
ENSG00000012048,ENSG00000085662,AKR1B1
ENSG00000118260,ENSG00000124253,PCK1
ENSG00000077092,ENSG00000104899,AMH
ENSG00000179284,ENSG00000127666,TICAM1
ENSG00000101412,ENSG00000114346,ECT2
ENSG00000143190,ENSG00000124145,SDC4
ENSG00000091831,ENSG00000198125,MB
ENSG00000101412,ENSG00000173598,NUDT4
ENSG00000172216,ENSG00000133661,SFTPD
ENSG00000166949,ENSG00000123612,ACVR1C
ENSG00000096717,ENSG00000148400,NOTCH1
ENSG00000177606,ENSG00000017427,IGF1
ENSG00000185591,ENSG00000188613,NANOS1
ENSG00000001167,ENSG00000160752,FDPS
ENSG00000185591,ENSG00000213398,LCAT
ENSG00000136997,ENSG00000163935,SFMBT1
ENSG00000079246,ENSG00000161905,ALOX15
ENSG00000151702,ENSG00000169704,GP9
ENSG00000116478,ENSG00000110245,APOC3
,ENSG00000204713,TRIM27
ENSG00000170345,ENSG00000161638,ITGA5
ENSG00000112658,ENSG00000106366,SERPINE1
ENSG00000116016,ENSG00000106278,PTPRZ1
ENSG00000233608,ENSG00000107984,DKK1
ENSG00000158773,ENSG00000134982,APC
ENSG00000175832,ENSG00000166828,SCNN1G
ENSG00000112658,ENSG00000165060,FXN
ENSG00000115415,ENSG00000001626,CFTR
ENSG00000106462,ENSG00000101109,STK4
ENSG00000165556,ENSG00000085563,ABCB1
ENSG00000163435,ENSG00000206454,POU5F1
ENSG00000169083,ENSG00000131732,ZCCHC9
ENSG00000170345,ENSG00000205362,MT1A
ENSG00000100811,ENSG00000167130,DOLPP1
ENSG00000205250,ENSG00000007541,PIGQ
ENSG00000118260,ENSG00000133026,MYH10
ENSG00000163508,ENSG00000111537,IFNG
ENSG00000168610,ENSG00000113916,BCL6
ENSG00000141027,ENSG00000114650,SCAP
ENSG00000168610,ENSG00000242372,EIF6
ENSG00000172216,ENSG00000141646,SMAD4
ENSG00000118513,ENSG00000156113,KCNMA1
ENSG00000106546,ENSG00000167165,UGT1A6
,ENSG00000017427,IGF1
ENSG00000166888,ENSG00000169194,IL13
ENSG00000074047,ENSG00000110852,CLEC2B
ENSG00000118513,ENSG00000099901,RANBP1
ENSG00000163848,ENSG00000185950,IRS2
ENSG00000123268,ENSG00000206439,TNF
ENSG00000007968,ENSG00000182752,PAPPA
ENSG00000111801,ENSG00000143322,ABL2
ENSG00000112242,ENSG00000173846,PLK3
ENSG00000100811,ENSG00000127184,COX7C
ENSG00000118260,ENSG00000119699,TGFB3
ENSG00000134954,ENSG00000170345,FOS
ENSG00000196092,ENSG00000105369,CD79A
ENSG00000168610,ENSG00000090339,ICAM1
ENSG00000125347,ENSG00000124107,SLPI
ENSG00000169083,ENSG00000139531,SUOX
ENSG00000136997,ENSG00000263002,ZNF234
ENSG00000179284,ENSG00000007062,PROM1
ENSG00000101412,ENSG00000120738,EGR1
ENSG00000198176,ENSG00000132646,PCNA
ENSG00000136997,ENSG00000014257,ACP3
ENSG00000172845,ENSG00000126456,IRF3
ENSG00000101076,ENSG00000135100,HNF1A
ENSG00000134323,ENSG00000166508,MCM7
ENSG00000136997,ENSG00000174080,CTSF
ENSG00000095794,ENSG00000198821,CD247
ENSG00000109787,ENSG00000104879,CKM
ENSG00000109320,ENSG00000132906,CASP9
ENSG00000123268,ENSG00000172379,ARNT2
ENSG00000136944,ENSG00000187498,COL4A1
ENSG00000148737,ENSG00000169429,CXCL8
ENSG00000172845,ENSG00000101412,E2F1
ENSG00000136997,ENSG00000160049,DFFA
ENSG00000189120,ENSG00000176170,SPHK1
ENSG00000173757,ENSG00000101654,RNMT
,ENSG00000147403,RPL10
ENSG00000187098,ENSG00000170909,OSCAR
ENSG00000179284,ENSG00000171862,PTEN
ENSG00000118513,ENSG00000010610,CD4
ENSG00000141510,ENSG00000102606,ARHGEF7
ENSG00000101412,ENSG00000124496,TRERF1
ENSG00000171223,ENSG00000113580,NR3C1
ENSG00000179284,ENSG00000160255,ITGB2
ENSG00000074047,ENSG00000105325,FZR1
ENSG00000136997,ENSG00000162385,MAGOH
ENSG00000167182,ENSG00000086696,HSD17B2
ENSG00000178951,ENSG00000059804,SLC2A3
ENSG00000100811,ENSG00000067369,TP53BP1
,ENSG00000112715,VEGFA
ENSG00000143621,ENSG00000129351,ILF3
,ENSG00000100604,CHGA
ENSG00000169083,ENSG00000132170,PPARG
ENSG00000123358,ENSG00000147465,STAR
ENSG00000091831,ENSG00000154764,WNT7A
ENSG00000109320,ENSG00000110330,BIRC2
ENSG00000109320,ENSG00000100811,YY1
ENSG00000136997,ENSG00000103035,PSMD7
ENSG00000078043,ENSG00000169083,AR
ENSG00000115415,ENSG00000137496,IL18BP
ENSG00000136997,ENSG00000071894,CPSF1
ENSG00000118260,ENSG00000204655,MOG
ENSG00000109320,ENSG00000102575,ACP5
ENSG00000179284,ENSG00000011422,PLAUR
ENSG00000169083,ENSG00000140464,PML
ENSG00000065978,ENSG00000134057,CCNB1
ENSG00000139352,ENSG00000080644,CHRNA3
ENSG00000136997,ENSG00000148290,SURF1
ENSG00000165556,ENSG00000167780,SOAT2
ENSG00000129514,ENSG00000215328,HSPA1A
ENSG00000171720,ENSG00000111981,ULBP1
ENSG00000118260,ENSG00000105722,ERF
ENSG00000172845,ENSG00000108821,COL1A1
ENSG00000169083,ENSG00000124216,SNAI1
ENSG00000175832,ENSG00000012048,BRCA1
ENSG00000141905,ENSG00000100292,HMOX1
ENSG00000120738,ENSG00000162772,ATF3
ENSG00000136931,ENSG00000185231,MC2R
ENSG00000141510,ENSG00000148773,MKI67
ENSG00000074047,ENSG00000176444,CLK2
ENSG00000278570,ENSG00000163914,RHO
ENSG00000170581,ENSG00000197919,IFNA1
ENSG00000136492,ENSG00000100292,HMOX1
ENSG00000170365,ENSG00000129988,LBP
ENSG00000162367,ENSG00000134323,MYCN
ENSG00000172845,ENSG00000049768,FOXP3
ENSG00000169083,ENSG00000159388,BTG2
ENSG00000164611,ENSG00000170312,CDK1
ENSG00000007372,ENSG00000106633,GCK
ENSG00000168610,ENSG00000115904,SOS1
ENSG00000177606,ENSG00000172819,RARG
ENSG00000109320,ENSG00000118689,FOXO3
ENSG00000141510,ENSG00000111276,CDKN1B
,ENSG00000104325,DECR1
ENSG00000179284,ENSG00000070031,SCT
ENSG00000107485,ENSG00000148737,TCF7L2
ENSG00000117139,ENSG00000079335,CDC14A
ENSG00000101082,ENSG00000110848,CD69
ENSG00000172845,ENSG00000125965,GDF5
ENSG00000066136,ENSG00000170345,FOS
ENSG00000185591,ENSG00000117479,SLC19A2
ENSG00000069399,ENSG00000087842,PIR
ENSG00000138795,ENSG00000101115,SALL4
ENSG00000101412,ENSG00000113810,SMC4
ENSG00000158773,ENSG00000165029,ABCA1
ENSG00000091831,ENSG00000131187,F12
ENSG00000109320,ENSG00000123240,OPTN
ENSG00000131759,ENSG00000178726,THBD
ENSG00000150907,ENSG00000124406,ATP8A1
ENSG00000169016,ENSG00000094916,CBX5
ENSG00000148737,ENSG00000196611,MMP1
ENSG00000179284,ENSG00000160870,CYP3A7
ENSG00000169083,ENSG00000100906,NFKBIA
ENSG00000101076,ENSG00000120437,ACAT2
ENSG00000179284,ENSG00000124588,NQO2
ENSG00000185591,,
ENSG00000167034,ENSG00000142515,KLK3
ENSG00000173757,ENSG00000172936,MYD88
ENSG00000162599,ENSG00000100889,PCK2
ENSG00000106462,ENSG00000087245,MMP2
ENSG00000143190,ENSG00000164400,CSF2
ENSG00000165556,ENSG00000070019,GUCY2C
,ENSG00000140479,PCSK6
ENSG00000101076,ENSG00000100197,CYP2D6
ENSG00000125347,ENSG00000115415,STAT1
,ENSG00000115053,NCL
ENSG00000100644,ENSG00000069667,RORA
ENSG00000161298,ENSG00000168610,STAT3
ENSG00000177606,ENSG00000213281,NRAS
ENSG00000109320,ENSG00000108342,CSF3
ENSG00000133740,ENSG00000136997,MYC
ENSG00000157557,ENSG00000087245,MMP2
ENSG00000179284,ENSG00000135917,SLC19A3
,ENSG00000059377,TBXAS1
,ENSG00000135517,MIP
ENSG00000100811,ENSG00000198799,LRIG2
ENSG00000130522,ENSG00000137440,FGFBP1
ENSG00000185591,ENSG00000108591,DRG2
,ENSG00000068796,KIF2A
ENSG00000179284,ENSG00000161011,SQSTM1
ENSG00000075891,ENSG00000137845,ADAM10
ENSG00000169083,ENSG00000105325,FZR1
ENSG00000111087,ENSG00000215182,MUC5AC
ENSG00000118513,ENSG00000017427,IGF1
ENSG00000106546,ENSG00000241635,UGT1A1
ENSG00000109320,ENSG00000111537,IFNG
ENSG00000169083,ENSG00000182742,HOXB4
ENSG00000138378,ENSG00000171051,FPR1
ENSG00000124216,ENSG00000124216,SNAI1
ENSG00000115415,ENSG00000146469,VIP
ENSG00000112242,ENSG00000112576,CCND3
ENSG00000245848,ENSG00000171791,BCL2
ENSG00000107485,ENSG00000197321,SVIL
ENSG00000204209,ENSG00000160224,AIRE
ENSG00000066336,ENSG00000100030,MAPK1
ENSG00000101412,ENSG00000164176,EDIL3
,ENSG00000146457,WTAP
ENSG00000109320,ENSG00000041982,TNC
ENSG00000168610,ENSG00000131788,PIAS3
ENSG00000137265,,
ENSG00000139515,ENSG00000254647,INS
ENSG00000089225,ENSG00000197616,MYH6
ENSG00000198176,ENSG00000170312,CDK1
ENSG00000141510,ENSG00000100604,CHGA
ENSG00000118513,ENSG00000245848,CEBPA
ENSG00000112658,ENSG00000116132,PRRX1
ENSG00000100644,ENSG00000123358,NR4A1
,ENSG00000147257,GPC3
ENSG00000158773,ENSG00000141510,TP53
,ENSG00000204252,HLA-DOA
ENSG00000109320,ENSG00000099866,MADCAM1
ENSG00000116478,ENSG00000109320,NFKB1
ENSG00000068024,ENSG00000073756,PTGS2
ENSG00000109320,ENSG00000132693,CRP
ENSG00000175832,ENSG00000154146,NRGN
ENSG00000157554,ENSG00000110799,VWF
ENSG00000134954,ENSG00000100453,GZMB
ENSG00000065978,ENSG00000108576,SLC6A4
ENSG00000134046,ENSG00000129451,KLK10
ENSG00000196092,ENSG00000134323,MYCN
ENSG00000172216,ENSG00000070748,CHAT
ENSG00000185591,ENSG00000134333,LDHA
ENSG00000101412,ENSG00000160014,CALM3
ENSG00000245848,ENSG00000168906,MAT2A
ENSG00000179284,ENSG00000125148,MT2A
ENSG00000205250,ENSG00000152944,MED21
ENSG00000172845,ENSG00000133048,CHI3L1
ENSG00000160973,ENSG00000169083,AR
ENSG00000131910,ENSG00000073756,PTGS2
ENSG00000175104,ENSG00000112715,VEGFA
ENSG00000173039,ENSG00000145692,BHMT
ENSG00000085224,ENSG00000206172,HBA1
ENSG00000166949,ENSG00000146469,VIP
ENSG00000071564,ENSG00000170345,FOS
ENSG00000083168,ENSG00000122592,HOXA7
ENSG00000169083,ENSG00000163286,ALPG
ENSG00000185591,ENSG00000108786,HSD17B1
ENSG00000141510,ENSG00000107165,TYRP1
ENSG00000157554,ENSG00000122861,PLAU
ENSG00000171223,ENSG00000120885,CLU
ENSG00000185591,ENSG00000164399,IL3
ENSG00000123268,ENSG00000133026,MYH10
ENSG00000170345,ENSG00000076258,FMO4
ENSG00000124216,ENSG00000105325,FZR1
ENSG00000172845,ENSG00000087237,CETP
ENSG00000136997,ENSG00000150093,ITGB1
ENSG00000143190,ENSG00000172534,HCFC1
ENSG00000074047,ENSG00000103495,MAZ
ENSG00000075426,ENSG00000175592,FOSL1
ENSG00000170345,ENSG00000087245,MMP2
ENSG00000105698,ENSG00000112769,LAMA4
ENSG00000066336,ENSG00000163736,PPBP
ENSG00000177606,ENSG00000090339,ICAM1
ENSG00000205250,ENSG00000100097,LGALS1
ENSG00000102145,ENSG00000186652,PRG2
ENSG00000168066,ENSG00000125398,SOX9
ENSG00000125952,ENSG00000164362,TERT
,ENSG00000171604,CXXC5
ENSG00000101412,ENSG00000123684,LPGAT1
ENSG00000106459,ENSG00000121966,CXCR4
ENSG00000177606,ENSG00000143839,REN
ENSG00000101412,ENSG00000104044,OCA2
ENSG00000163435,ENSG00000169474,SPRR1A
ENSG00000136997,ENSG00000121057,AKAP1
ENSG00000118513,ENSG00000152804,HHEX
ENSG00000136997,ENSG00000138385,SSB
ENSG00000185591,ENSG00000137090,DMRT1
ENSG00000134954,ENSG00000113302,IL12B
ENSG00000245848,ENSG00000185010,F8
ENSG00000205250,ENSG00000014138,POLA2
ENSG00000152284,ENSG00000039068,CDH1
ENSG00000136997,ENSG00000248098,BCKDHA
ENSG00000136997,ENSG00000073060,SCARB1
ENSG00000118689,ENSG00000147162,OGT
ENSG00000141510,ENSG00000059377,TBXAS1
ENSG00000136997,ENSG00000132361,CLUH
ENSG00000177606,ENSG00000082175,PGR
ENSG00000091831,ENSG00000148300,REXO4
ENSG00000136997,ENSG00000125375,DMAC2L
ENSG00000166949,ENSG00000127948,POR
ENSG00000118260,,
,ENSG00000163735,CXCL5
ENSG00000132170,ENSG00000266412,NCOA4
ENSG00000118260,ENSG00000120693,SMAD9
ENSG00000169016,ENSG00000166164,BRD7
ENSG00000101412,ENSG00000130656,HBZ
ENSG00000185591,ENSG00000149925,ALDOA
ENSG00000115415,ENSG00000115419,GLS
ENSG00000122691,ENSG00000065978,YBX1
ENSG00000074047,ENSG00000026103,FAS
ENSG00000130522,ENSG00000188425,NANOS2
ENSG00000166949,ENSG00000106546,AHR
ENSG00000125520,ENSG00000181856,SLC2A4
ENSG00000109320,ENSG00000105246,EBI3
ENSG00000165588,ENSG00000265203,RBP3
,ENSG00000123454,DBH
ENSG00000101412,ENSG00000164362,TERT
ENSG00000173039,ENSG00000282608,ADORA3
ENSG00000159216,ENSG00000184371,CSF1
ENSG00000125618,ENSG00000115705,TPO
,ENSG00000170498,KISS1
ENSG00000081189,ENSG00000112715,VEGFA
ENSG00000136997,ENSG00000144713,RPL32
ENSG00000012048,ENSG00000134574,DDB2
ENSG00000163132,ENSG00000074181,NOTCH3
ENSG00000169083,ENSG00000025434,NR1H3
ENSG00000148737,ENSG00000136997,MYC
ENSG00000185591,ENSG00000084774,CAD
ENSG00000186951,ENSG00000157326,DHRS4
ENSG00000118513,ENSG00000186431,FCAR
ENSG00000168214,ENSG00000185559,DLK1
ENSG00000205250,ENSG00000112294,ALDH5A1
ENSG00000185591,ENSG00000118046,STK11
ENSG00000109320,ENSG00000130427,EPO
ENSG00000048052,ENSG00000116604,MEF2D
ENSG00000185591,ENSG00000111276,CDKN1B
ENSG00000101412,ENSG00000123737,EXOSC9
ENSG00000169083,ENSG00000107018,RLN1
ENSG00000118513,ENSG00000100448,CTSG
ENSG00000179348,ENSG00000179639,FCER1A
ENSG00000105698,ENSG00000110245,APOC3
ENSG00000126561,ENSG00000171791,BCL2
ENSG00000100393,ENSG00000053747,LAMA3
ENSG00000168610,ENSG00000172216,CEBPB
ENSG00000170515,ENSG00000164344,KLKB1
ENSG00000100811,ENSG00000111775,COX6A1
ENSG00000118513,ENSG00000213281,NRAS
ENSG00000136997,ENSG00000176387,HSD11B2
ENSG00000169554,ENSG00000161638,ITGA5
ENSG00000179284,ENSG00000068024,HDAC4
ENSG00000100644,ENSG00000072274,TFRC
ENSG00000205250,ENSG00000184270,H2AC21
ENSG00000132170,ENSG00000112149,CD83
ENSG00000233608,ENSG00000039068,CDH1
ENSG00000118260,ENSG00000213316,LTC4S
ENSG00000101412,ENSG00000182858,ALG12
ENSG00000100644,ENSG00000160255,ITGB2
ENSG00000172216,ENSG00000120129,DUSP1
ENSG00000170365,ENSG00000196924,FLNA
ENSG00000145741,ENSG00000072952,IRAG1
ENSG00000100811,ENSG00000102390,PBDC1
ENSG00000109320,ENSG00000048392,RRM2B
ENSG00000134954,,
ENSG00000221926,ENSG00000175084,DES
ENSG00000185591,ENSG00000092820,EZR
ENSG00000102145,ENSG00000183625,CCR3
ENSG00000102974,ENSG00000160202,CRYAA
ENSG00000121774,ENSG00000167244,IGF2
,,
ENSG00000205250,ENSG00000274750,H3C6
ENSG00000162676,ENSG00000124762,CDKN1A
ENSG00000143190,ENSG00000116717,GADD45A
ENSG00000169083,ENSG00000147571,CRH
ENSG00000101076,ENSG00000138823,MTTP
ENSG00000136997,ENSG00000102226,USP11
ENSG00000205250,ENSG00000053371,AKR7A2
ENSG00000173039,ENSG00000148344,PTGES
ENSG00000100644,ENSG00000147872,PLIN2
ENSG00000172216,ENSG00000171552,BCL2L1
ENSG00000136997,ENSG00000170854,RIOX2
ENSG00000136997,ENSG00000071539,TRIP13
ENSG00000101412,ENSG00000183765,CHEK2
ENSG00000169554,ENSG00000026025,VIM
ENSG00000185122,ENSG00000177606,JUN
ENSG00000109320,ENSG00000120738,EGR1
ENSG00000162772,ENSG00000181195,PENK
ENSG00000185591,ENSG00000122133,PAEP
ENSG00000130522,ENSG00000073756,PTGS2
ENSG00000138795,ENSG00000149294,NCAM1
ENSG00000109320,ENSG00000162924,REL
ENSG00000112242,ENSG00000124795,DEK
ENSG00000185591,ENSG00000100604,CHGA
ENSG00000111801,ENSG00000099866,MADCAM1
ENSG00000162924,ENSG00000137265,IRF4
ENSG00000141510,ENSG00000159055,MIS18A
ENSG00000173039,ENSG00000186318,BACE1
ENSG00000118260,ENSG00000082212,ME2
ENSG00000179284,ENSG00000122729,ACO1
ENSG00000068024,ENSG00000124762,CDKN1A
ENSG00000179284,ENSG00000167792,NDUFV1
ENSG00000007968,ENSG00000167513,CDT1
ENSG00000158711,ENSG00000143384,MCL1
ENSG00000101115,ENSG00000148516,ZEB1
ENSG00000012048,ENSG00000110092,CCND1
ENSG00000008196,ENSG00000134070,IRAK2
ENSG00000169083,ENSG00000104419,NDRG1
ENSG00000221869,ENSG00000172179,PRL
ENSG00000172273,ENSG00000134046,MBD2
ENSG00000173039,ENSG00000115594,IL1R1
ENSG00000141510,ENSG00000168398,BDKRB2
ENSG00000179284,ENSG00000185697,MYBL1
ENSG00000101412,ENSG00000136634,IL10
ENSG00000100811,ENSG00000115760,BIRC6
ENSG00000118513,ENSG00000113916,BCL6
ENSG00000141510,ENSG00000140945,CDH13
ENSG00000178691,ENSG00000019549,SNAI2
ENSG00000141510,ENSG00000239672,NME1
ENSG00000001167,ENSG00000134690,CDCA8
ENSG00000141510,ENSG00000168209,DDIT4
ENSG00000157554,ENSG00000138685,FGF2
ENSG00000106546,ENSG00000138764,CCNG2
ENSG00000126767,ENSG00000108576,SLC6A4
ENSG00000019549,ENSG00000198910,L1CAM
ENSG00000109320,ENSG00000118971,CCND2
ENSG00000170345,ENSG00000147465,STAR
ENSG00000169083,ENSG00000183665,TRMT12
ENSG00000172845,ENSG00000145113,MUC4
ENSG00000181690,ENSG00000167244,IGF2
ENSG00000170345,ENSG00000153560,UBP1
ENSG00000184939,ENSG00000111537,IFNG
ENSG00000100644,,
ENSG00000134323,ENSG00000026508,CD44
ENSG00000179348,ENSG00000130508,PXDN
ENSG00000115966,ENSG00000178035,IMPDH2
ENSG00000118513,ENSG00000090339,ICAM1
ENSG00000136997,ENSG00000100316,RPL3
ENSG00000115415,ENSG00000180644,PRF1
ENSG00000101412,ENSG00000144233,AMMECR1L
ENSG00000105698,ENSG00000172845,SP3
ENSG00000164107,ENSG00000165462,PHOX2A
ENSG00000114166,ENSG00000138061,CYP1B1
ENSG00000168036,ENSG00000084090,STARD7
ENSG00000082175,ENSG00000163631,ALB
ENSG00000172216,ENSG00000164741,DLC1
ENSG00000111424,ENSG00000021461,CYP3A43
,ENSG00000163295,ALPI
ENSG00000130816,ENSG00000139687,RB1
ENSG00000198911,ENSG00000130164,LDLR
ENSG00000196591,ENSG00000167085,PHB1
ENSG00000185591,ENSG00000162367,TAL1
ENSG00000101412,ENSG00000166508,MCM7
ENSG00000196419,ENSG00000101017,CD40
ENSG00000141646,ENSG00000109321,AREG
,ENSG00000171873,ADRA1D
ENSG00000143257,ENSG00000241635,UGT1A1
ENSG00000168036,ENSG00000157227,MMP14
ENSG00000136997,ENSG00000166441,RPL27A
ENSG00000185591,ENSG00000140479,PCSK6
ENSG00000118260,ENSG00000278540,ACACA
ENSG00000109320,ENSG00000113810,SMC4
ENSG00000010818,ENSG00000136997,MYC
ENSG00000141646,ENSG00000138764,CCNG2
ENSG00000109320,ENSG00000166819,PLIN1
ENSG00000064490,ENSG00000223865,HLA-DPB1
ENSG00000020633,ENSG00000064012,CASP8
ENSG00000185591,ENSG00000135517,MIP
ENSG00000100811,ENSG00000186908,ZDHHC17
ENSG00000182979,ENSG00000188612,SUMO2
ENSG00000185591,ENSG00000068796,KIF2A
ENSG00000151702,ENSG00000168002,POLR2G
ENSG00000101412,ENSG00000126456,IRF3
ENSG00000007968,ENSG00000083093,PALB2
ENSG00000136997,ENSG00000008513,ST3GAL1
ENSG00000141510,ENSG00000116017,ARID3A
ENSG00000118513,ENSG00000178104,PDE4DIP
ENSG00000100219,ENSG00000128683,GAD1
ENSG00000185122,ENSG00000109320,NFKB1
ENSG00000136997,ENSG00000120265,PCMT1
ENSG00000205250,ENSG00000100142,POLR2F
ENSG00000111424,ENSG00000105325,FZR1
ENSG00000101412,ENSG00000101412,E2F1
ENSG00000101412,ENSG00000144381,HSPD1
,ENSG00000125931,CITED1
ENSG00000128272,ENSG00000073756,PTGS2
ENSG00000100811,ENSG00000083168,KAT6A
ENSG00000165588,ENSG00000064835,POU1F1
ENSG00000173039,ENSG00000107175,CREB3
ENSG00000066336,ENSG00000164399,IL3
ENSG00000118260,ENSG00000116649,SRM
ENSG00000043355,ENSG00000164707,SLC13A4
ENSG00000141510,ENSG00000101210,EEF1A2
ENSG00000173039,ENSG00000109321,AREG
ENSG00000179284,ENSG00000215182,MUC5AC
ENSG00000101412,ENSG00000146648,EGFR
ENSG00000120837,ENSG00000155660,PDIA4
ENSG00000180806,ENSG00000120068,HOXB8
ENSG00000131759,ENSG00000034510,TMSB10
ENSG00000123268,ENSG00000101405,OXT
ENSG00000245848,ENSG00000113525,IL5
ENSG00000112033,ENSG00000175564,UCP3
ENSG00000082641,ENSG00000021574,SPAST
ENSG00000146592,ENSG00000113732,ATP6V0E1
ENSG00000162924,ENSG00000163734,CXCL3
ENSG00000185591,ENSG00000147257,GPC3
ENSG00000164104,ENSG00000206439,TNF
ENSG00000105991,ENSG00000126456,IRF3
ENSG00000119919,ENSG00000120738,EGR1
ENSG00000120738,ENSG00000141510,TP53
ENSG00000168610,ENSG00000162595,DIRAS3
ENSG00000101412,ENSG00000002016,RAD52
ENSG00000101665,ENSG00000105329,TGFB1
ENSG00000109320,ENSG00000125347,IRF1
ENSG00000133794,ENSG00000008405,CRY1
ENSG00000129514,ENSG00000165949,IFI27
ENSG00000141510,ENSG00000173535,TNFRSF10C
ENSG00000141510,ENSG00000168394,TAP1
ENSG00000101412,ENSG00000055957,ITIH1
ENSG00000141905,ENSG00000019991,HGF
ENSG00000165556,ENSG00000102890,ELMO3
ENSG00000136997,ENSG00000131469,RPL27
ENSG00000141510,ENSG00000005156,LIG3
ENSG00000074047,ENSG00000241794,SPRR2A
ENSG00000136997,ENSG00000110514,MADD
ENSG00000131759,ENSG00000054598,FOXC1
ENSG00000168610,ENSG00000105325,FZR1
ENSG00000091831,ENSG00000087510,TFAP2C
ENSG00000100644,ENSG00000145358,DDIT4L
ENSG00000205250,ENSG00000134323,MYCN
ENSG00000198911,ENSG00000131473,ACLY
ENSG00000102145,ENSG00000163346,PBXIP1
ENSG00000125398,ENSG00000124762,CDKN1A
ENSG00000141510,ENSG00000163520,FBLN2
ENSG00000131759,ENSG00000080503,SMARCA2
ENSG00000118260,ENSG00000144136,SLC20A1
ENSG00000100644,ENSG00000102755,FLT1
ENSG00000100811,ENSG00000117228,GBP1
ENSG00000172845,ENSG00000136110,CNMD
ENSG00000101412,ENSG00000176273,SLC35G1
ENSG00000007968,ENSG00000196655,TRAPPC4
ENSG00000179284,ENSG00000154639,CXADR
ENSG00000007968,ENSG00000100479,POLE2
ENSG00000172845,ENSG00000142619,PADI3
ENSG00000072310,ENSG00000180432,CYP8B1
ENSG00000140968,ENSG00000164342,TLR3
ENSG00000141510,ENSG00000103197,TSC2
ENSG00000115966,ENSG00000160882,CYP11B1
ENSG00000179284,ENSG00000087494,PTHLH
ENSG00000074047,ENSG00000169194,IL13
ENSG00000173039,ENSG00000178562,CD28
ENSG00000133794,ENSG00000121671,CRY2
ENSG00000143365,ENSG00000112115,IL17A
ENSG00000123268,ENSG00000213316,LTC4S
,ENSG00000176887,SOX11
ENSG00000186951,ENSG00000112972,HMGCS1
ENSG00000179284,ENSG00000119125,GDA
ENSG00000084093,ENSG00000196557,CACNA1H
ENSG00000150907,ENSG00000166349,RAG1
ENSG00000119772,ENSG00000091831,ESR1
ENSG00000120738,ENSG00000115263,GCG
ENSG00000173039,ENSG00000165140,FBP1
ENSG00000130522,ENSG00000124762,CDKN1A
ENSG00000169083,ENSG00000112715,VEGFA
,ENSG00000105392,CRX
ENSG00000185591,ENSG00000006634,DBF4
ENSG00000112242,ENSG00000149308,NPAT
ENSG00000170365,ENSG00000106546,AHR
ENSG00000172845,ENSG00000165731,RET
ENSG00000101412,ENSG00000069943,PIGB
ENSG00000185591,ENSG00000163735,CXCL5
ENSG00000091831,ENSG00000196427,NBPF4
ENSG00000130816,ENSG00000136997,MYC
ENSG00000077150,ENSG00000171552,BCL2L1
ENSG00000136997,ENSG00000130741,EIF2S3
ENSG00000185591,ENSG00000168398,BDKRB2
ENSG00000136997,ENSG00000270882,H4C14
ENSG00000125347,ENSG00000197919,IFNA1
ENSG00000181449,ENSG00000026025,VIM
ENSG00000118260,ENSG00000158480,SPATA2
ENSG00000120738,ENSG00000087088,BAX
ENSG00000064835,ENSG00000173404,INSM1
ENSG00000166949,ENSG00000243709,LEFTY1
ENSG00000206454,ENSG00000163508,EOMES
ENSG00000115966,ENSG00000115966,ATF2
ENSG00000185591,ENSG00000123454,DBH
ENSG00000136997,ENSG00000197442,MAP3K5
ENSG00000185591,ENSG00000168209,DDIT4
ENSG00000102145,ENSG00000151702,FLI1
ENSG00000164379,ENSG00000039068,CDH1
ENSG00000101412,ENSG00000073417,PDE8A
ENSG00000132170,ENSG00000149124,GLYAT
ENSG00000185591,ENSG00000170498,KISS1
,ENSG00000133835,HSD17B4
ENSG00000117713,,
ENSG00000136997,ENSG00000114316,USP4
ENSG00000143190,ENSG00000140678,ITGAX
ENSG00000172845,ENSG00000101654,RNMT
ENSG00000179284,ENSG00000145431,PDGFC
,ENSG00000169429,CXCL8
ENSG00000109320,ENSG00000164362,TERT
ENSG00000179284,ENSG00000136352,NKX2-1
ENSG00000178764,ENSG00000105173,CCNE1
ENSG00000166949,ENSG00000001084,GCLC
ENSG00000020633,,
ENSG00000141905,ENSG00000141510,TP53
ENSG00000101412,,
ENSG00000175197,ENSG00000091513,TF
ENSG00000170581,ENSG00000007171,NOS2
ENSG00000134954,ENSG00000124491,F13A1
ENSG00000179284,ENSG00000065833,ME1
ENSG00000172216,ENSG00000173638,SLC19A1
ENSG00000091831,ENSG00000102755,FLT1
ENSG00000157554,ENSG00000185442,FAM174B
ENSG00000130816,ENSG00000178567,EPM2AIP1
ENSG00000136997,ENSG00000106628,POLD2
ENSG00000172845,ENSG00000010671,BTK
ENSG00000120738,ENSG00000167323,STIM1
ENSG00000101412,ENSG00000000003,TSPAN6
ENSG00000049768,ENSG00000182568,SATB1
ENSG00000185122,ENSG00000004478,FKBP4
ENSG00000245848,ENSG00000271503,CCL5
ENSG00000205250,,
ENSG00000175197,ENSG00000136244,IL6
ENSG00000205250,ENSG00000096264,NCR2
ENSG00000101412,ENSG00000065183,WDR3
ENSG00000137265,ENSG00000003402,CFLAR
ENSG00000101412,ENSG00000189266,PNRC2
ENSG00000205250,ENSG00000136738,STAM
ENSG00000157557,ENSG00000163513,TGFBR2
ENSG00000102145,ENSG00000102145,GATA1
ENSG00000141510,ENSG00000198300,PEG3
ENSG00000129071,ENSG00000105398,SULT2A1
ENSG00000067082,ENSG00000169429,CXCL8
ENSG00000166949,ENSG00000142173,COL6A2
ENSG00000101412,ENSG00000087237,CETP
ENSG00000073861,ENSG00000113300,CNOT6
ENSG00000175832,ENSG00000144891,AGTR1
ENSG00000132170,ENSG00000213859,KCTD11
ENSG00000170345,ENSG00000146469,VIP
ENSG00000150907,ENSG00000129355,CDKN2D
,ENSG00000212866,HSPA1B
ENSG00000134323,ENSG00000076003,MCM6
ENSG00000168610,ENSG00000120949,TNFRSF8
ENSG00000074047,ENSG00000137501,SYTL2
,ENSG00000163754,GYG1
ENSG00000100811,ENSG00000104381,GDAP1
ENSG00000109320,ENSG00000018280,SLC11A1
ENSG00000113580,ENSG00000242252,BGLAP
ENSG00000126767,ENSG00000104368,PLAT
ENSG00000141510,ENSG00000165392,WRN
ENSG00000136997,ENSG00000108298,RPL19
ENSG00000205250,ENSG00000117525,F3
ENSG00000131910,ENSG00000135929,CYP27A1
ENSG00000150907,ENSG00000138764,CCNG2
ENSG00000169083,ENSG00000159346,ADIPOR1
,ENSG00000167580,AQP2
ENSG00000168610,ENSG00000137193,PIM1
ENSG00000158773,ENSG00000120129,DUSP1
ENSG00000163435,ENSG00000241794,SPRR2A
ENSG00000253293,ENSG00000141510,TP53
ENSG00000140968,ENSG00000148935,GAS2
ENSG00000066136,ENSG00000244734,HBB
ENSG00000133111,ENSG00000204252,HLA-DOA
ENSG00000113580,ENSG00000112576,CCND3
ENSG00000179284,ENSG00000115616,SLC9A2
ENSG00000175387,ENSG00000148677,ANKRD1
ENSG00000087510,ENSG00000143369,ECM1
ENSG00000102974,ENSG00000110092,CCND1
ENSG00000143190,ENSG00000114200,BCHE
ENSG00000065978,ENSG00000131747,TOP2A
ENSG00000168610,ENSG00000102265,TIMP1
ENSG00000105866,ENSG00000141736,ERBB2
ENSG00000069399,ENSG00000109320,NFKB1
ENSG00000136997,ENSG00000204231,RXRB
ENSG00000257923,ENSG00000136997,MYC
ENSG00000185591,ENSG00000132915,PDE6A
ENSG00000136997,ENSG00000105372,RPS19
ENSG00000146592,ENSG00000058866,DGKG
ENSG00000172216,ENSG00000100652,SLC10A1
ENSG00000179284,ENSG00000167910,CYP7A1
ENSG00000136997,ENSG00000148730,EIF4EBP2
ENSG00000105866,ENSG00000173039,RELA
ENSG00000136997,ENSG00000114383,TUSC2
ENSG00000109320,ENSG00000121594,CD80
ENSG00000169083,ENSG00000095303,PTGS1
ENSG00000007968,ENSG00000107485,GATA3
ENSG00000106462,ENSG00000039068,CDH1
ENSG00000137309,ENSG00000109846,CRYAB
ENSG00000141510,ENSG00000137393,RNF144B
ENSG00000007968,ENSG00000173846,PLK3
ENSG00000100219,ENSG00000091831,ESR1
ENSG00000181449,ENSG00000091262,ABCC6
ENSG00000186951,ENSG00000161533,ACOX1
ENSG00000205250,ENSG00000112118,MCM3
ENSG00000179284,ENSG00000184956,MUC6
ENSG00000101076,ENSG00000186951,PPARA
ENSG00000185591,ENSG00000122585,NPY
ENSG00000109320,ENSG00000145777,TSLP
ENSG00000141027,ENSG00000163932,PRKCD
ENSG00000186951,ENSG00000115361,ACADL
ENSG00000125398,ENSG00000136931,NR5A1
ENSG00000172819,ENSG00000116745,RPE65
ENSG00000101412,ENSG00000102034,ELF4
ENSG00000072310,ENSG00000171552,BCL2L1
ENSG00000173039,ENSG00000081041,CXCL2
ENSG00000175832,ENSG00000151623,NR3C2
ENSG00000100644,ENSG00000130037,KCNA5
ENSG00000173473,ENSG00000164692,COL1A2
ENSG00000136997,ENSG00000105383,CD33
ENSG00000141646,,
ENSG00000066336,ENSG00000059377,TBXAS1
ENSG00000162924,ENSG00000117322,CR2
ENSG00000109320,ENSG00000136634,IL10
ENSG00000168610,ENSG00000114737,CISH
ENSG00000131759,ENSG00000092295,TGM1
ENSG00000141510,ENSG00000169429,CXCL8
ENSG00000187098,ENSG00000107165,TYRP1
ENSG00000185591,ENSG00000138722,MMRN1
ENSG00000128604,ENSG00000197919,IFNA1
ENSG00000172845,ENSG00000140465,CYP1A1
ENSG00000205250,ENSG00000198034,RPS4X
ENSG00000168610,ENSG00000164690,SHH
ENSG00000096717,ENSG00000179094,PER1
ENSG00000084093,ENSG00000184156,KCNQ3
ENSG00000122034,ENSG00000148926,ADM
ENSG00000100906,ENSG00000101017,CD40
ENSG00000168610,ENSG00000026103,FAS
ENSG00000143190,ENSG00000109107,ALDOC
ENSG00000245848,ENSG00000129167,TPH1
ENSG00000102974,ENSG00000012048,BRCA1
ENSG00000136997,ENSG00000113569,NUP155
ENSG00000100811,ENSG00000164692,COL1A2
ENSG00000137309,ENSG00000136936,XPA
ENSG00000136997,ENSG00000135966,TGFBRAP1
ENSG00000073282,ENSG00000134107,BHLHE40
ENSG00000141510,ENSG00000163508,EOMES
ENSG00000007968,ENSG00000175077,RTP1
ENSG00000245848,ENSG00000012223,LTF
ENSG00000123268,ENSG00000144136,SLC20A1
ENSG00000118260,ENSG00000113448,PDE4D
ENSG00000095794,ENSG00000145386,CCNA2
ENSG00000112033,ENSG00000175445,LPL
ENSG00000185591,ENSG00000185133,INPP5J
ENSG00000168610,ENSG00000137462,TLR2
ENSG00000112033,ENSG00000140939,NOL3
,ENSG00000115461,IGFBP5
,ENSG00000116711,PLA2G4A
ENSG00000082175,ENSG00000107014,RLN2
ENSG00000205250,ENSG00000108064,TFAM
ENSG00000185591,ENSG00000171873,ADRA1D
ENSG00000130816,ENSG00000145423,SFRP2
ENSG00000108840,ENSG00000138685,FGF2
ENSG00000077092,ENSG00000116478,HDAC1
ENSG00000162367,ENSG00000174059,CD34
,ENSG00000105325,FZR1
ENSG00000185122,ENSG00000134333,LDHA
ENSG00000153560,ENSG00000140459,CYP11A1
ENSG00000109787,ENSG00000213931,HBE1
ENSG00000177606,ENSG00000169474,SPRR1A
ENSG00000169083,ENSG00000164305,CASP3
ENSG00000072310,ENSG00000159399,HK2
ENSG00000158773,,
ENSG00000141510,ENSG00000212866,HSPA1B
ENSG00000118689,ENSG00000130066,SAT1
ENSG00000245848,ENSG00000118785,SPP1
ENSG00000177606,ENSG00000141434,MEP1B
ENSG00000105698,ENSG00000160181,TFF2
ENSG00000175832,ENSG00000167889,MGAT5B
ENSG00000131759,ENSG00000180530,NRIP1
ENSG00000074047,ENSG00000185149,NPY2R
,ENSG00000113273,ARSB
ENSG00000136997,ENSG00000169083,AR
ENSG00000150907,ENSG00000155508,CNOT8
ENSG00000173039,ENSG00000164344,KLKB1
ENSG00000109320,ENSG00000135222,CSN2
ENSG00000109320,ENSG00000142208,AKT1
ENSG00000167034,ENSG00000184302,SIX6
ENSG00000213999,ENSG00000113916,BCL6
ENSG00000136997,ENSG00000013573,DDX11
ENSG00000096717,ENSG00000165392,WRN
ENSG00000111704,ENSG00000206454,POU5F1
ENSG00000150907,ENSG00000197461,PDGFA
ENSG00000101412,ENSG00000095002,MSH2
ENSG00000158773,ENSG00000260027,HOXB7
ENSG00000069011,ENSG00000168310,IRF2
ENSG00000170345,ENSG00000039068,CDH1
ENSG00000102038,ENSG00000164778,EN2
ENSG00000109320,ENSG00000101412,E2F1
ENSG00000175832,ENSG00000026025,VIM
ENSG00000175197,ENSG00000101255,TRIB3
ENSG00000196591,ENSG00000019549,SNAI2
ENSG00000125618,ENSG00000138079,SLC3A1
ENSG00000132170,ENSG00000242515,UGT1A10
ENSG00000134323,,
ENSG00000077092,ENSG00000090534,THPO
ENSG00000129514,ENSG00000196208,GREB1
ENSG00000179284,ENSG00000104899,AMH
ENSG00000172216,ENSG00000248144,ADH1C
ENSG00000134852,ENSG00000131910,NR0B2
ENSG00000141510,ENSG00000137801,THBS1
ENSG00000120738,ENSG00000121691,CAT
ENSG00000185591,ENSG00000228716,DHFR
ENSG00000163884,ENSG00000162337,LRP5
ENSG00000179284,ENSG00000178035,IMPDH2
ENSG00000141510,ENSG00000196611,MMP1
ENSG00000179284,ENSG00000176387,HSD11B2
ENSG00000106571,ENSG00000117425,PTCH2
ENSG00000169083,ENSG00000126368,NR1D1
ENSG00000131759,ENSG00000124151,NCOA3
ENSG00000101412,ENSG00000235194,PPP1R3E
ENSG00000118513,ENSG00000104432,IL7
,ENSG00000101336,HCK
ENSG00000109320,ENSG00000146648,EGFR
ENSG00000102145,ENSG00000103145,HCFC1R1
ENSG00000066336,ENSG00000198223,CSF2RA
ENSG00000165556,ENSG00000146674,IGFBP3
ENSG00000179284,ENSG00000137869,CYP19A1
ENSG00000122882,ENSG00000215644,GCGR
ENSG00000179284,ENSG00000174775,HRAS
ENSG00000158773,ENSG00000102081,FMR1
ENSG00000028277,ENSG00000140939,NOL3
ENSG00000136997,ENSG00000139618,BRCA2
ENSG00000205250,ENSG00000149311,ATM
ENSG00000134954,ENSG00000164867,NOS3
ENSG00000166886,ENSG00000103479,RBL2
ENSG00000136997,ENSG00000114388,NPRL2
ENSG00000090447,ENSG00000165821,SALL2
ENSG00000141510,ENSG00000139687,RB1
ENSG00000126456,ENSG00000088888,MAVS
ENSG00000100811,ENSG00000128271,ADORA2A
ENSG00000105698,ENSG00000164399,IL3
ENSG00000101412,ENSG00000145113,MUC4
ENSG00000109320,ENSG00000105825,TFPI2
ENSG00000136997,ENSG00000099804,CDC34
ENSG00000007968,ENSG00000112576,CCND3
ENSG00000198911,ENSG00000186115,CYP4F2
ENSG00000005339,ENSG00000161905,ALOX15
ENSG00000109320,ENSG00000108821,COL1A1
,ENSG00000111424,VDR
ENSG00000136997,ENSG00000145386,CCNA2
ENSG00000100811,ENSG00000128815,WDFY4
ENSG00000118260,ENSG00000153234,NR4A2
ENSG00000165556,ENSG00000120437,ACAT2
ENSG00000205250,ENSG00000143632,ACTA1
ENSG00000141510,ENSG00000135124,P2RX4
,ENSG00000078900,TP73
ENSG00000101412,ENSG00000078401,EDN1
ENSG00000169083,ENSG00000111859,NEDD9
ENSG00000136997,ENSG00000204592,HLA-E
ENSG00000066336,ENSG00000140945,CDH13
ENSG00000196591,ENSG00000012779,ALOX5
ENSG00000101412,ENSG00000131100,ATP6V1E1
,ENSG00000091138,SLC26A3
ENSG00000100811,ENSG00000025434,NR1H3
ENSG00000109320,ENSG00000049768,FOXP3
ENSG00000111653,ENSG00000164305,CASP3
ENSG00000185591,ENSG00000165392,WRN
ENSG00000130816,ENSG00000130700,GATA5
ENSG00000118513,ENSG00000159388,BTG2
,ENSG00000136997,MYC
ENSG00000205250,ENSG00000112167,SAYSD1
ENSG00000173039,ENSG00000164308,ERAP2
ENSG00000221869,ENSG00000112972,HMGCS1
ENSG00000143190,ENSG00000184678,H2BC21
ENSG00000165556,,
ENSG00000113916,ENSG00000048052,HDAC9
ENSG00000179284,ENSG00000204520,MICA
ENSG00000177606,ENSG00000120949,TNFRSF8
ENSG00000245848,ENSG00000164808,SPIDR
ENSG00000012048,ENSG00000186081,KRT5
ENSG00000159692,ENSG00000181885,CLDN7
ENSG00000101412,ENSG00000142731,PLK4
ENSG00000010818,ENSG00000204632,HLA-G
ENSG00000186951,ENSG00000073756,PTGS2
ENSG00000169083,ENSG00000196396,PTPN1
ENSG00000136997,ENSG00000110080,ST3GAL4
ENSG00000120738,ENSG00000115902,SLC1A4
ENSG00000177606,ENSG00000102265,TIMP1
ENSG00000172845,ENSG00000140459,CYP11A1
ENSG00000173757,ENSG00000099985,OSM
ENSG00000123388,ENSG00000160307,S100B
ENSG00000141510,ENSG00000100442,FKBP3
ENSG00000074047,ENSG00000164109,MAD2L1
ENSG00000148516,ENSG00000113916,BCL6
ENSG00000179284,ENSG00000128739,SNRPN
ENSG00000107485,ENSG00000168421,RHOH
ENSG00000185591,ENSG00000008226,DLEC1
ENSG00000078900,ENSG00000124635,H2BC11
ENSG00000173039,ENSG00000204267,TAP2
ENSG00000105698,ENSG00000084774,CAD
ENSG00000185591,ENSG00000133835,HSD17B4
ENSG00000205250,ENSG00000171345,KRT19
ENSG00000186951,ENSG00000187048,CYP4A11
ENSG00000151702,ENSG00000198574,SH2D1B
ENSG00000173473,ENSG00000104419,NDRG1
ENSG00000101412,ENSG00000166407,LMO1
ENSG00000183072,ENSG00000136574,GATA4
ENSG00000118513,ENSG00000104635,SLC39A14
ENSG00000077150,ENSG00000105810,CDK6
ENSG00000130816,ENSG00000104332,SFRP1
ENSG00000141510,ENSG00000148677,ANKRD1
ENSG00000168610,ENSG00000112715,VEGFA
ENSG00000084093,ENSG00000112038,OPRM1
ENSG00000100811,ENSG00000026103,FAS
ENSG00000118513,ENSG00000164692,COL1A2
ENSG00000177374,ENSG00000101412,E2F1
ENSG00000163565,ENSG00000141510,TP53
ENSG00000173039,ENSG00000107562,CXCL12
ENSG00000169083,ENSG00000104918,RETN
ENSG00000016082,ENSG00000081189,MEF2C
ENSG00000141027,ENSG00000140263,SORD
ENSG00000185591,ENSG00000174697,LEP
ENSG00000197905,ENSG00000112715,VEGFA
ENSG00000173757,ENSG00000101017,CD40
ENSG00000166888,ENSG00000125347,IRF1
ENSG00000134954,ENSG00000185630,PBX1
ENSG00000101412,ENSG00000101460,MAP1LC3A
ENSG00000177606,ENSG00000026103,FAS
ENSG00000115966,ENSG00000204592,HLA-E
ENSG00000185591,ENSG00000204248,COL11A2
ENSG00000109132,ENSG00000171094,ALK
ENSG00000188786,ENSG00000119630,PGF
ENSG00000080298,ENSG00000113578,FGF1
ENSG00000101076,ENSG00000183840,GPR39
ENSG00000100644,ENSG00000158578,ALAS2
ENSG00000132170,ENSG00000106633,GCK
ENSG00000101412,ENSG00000003400,CASP10
ENSG00000169083,ENSG00000131828,PDHA1
ENSG00000169083,ENSG00000116745,RPE65
ENSG00000158773,ENSG00000173638,SLC19A1
ENSG00000141510,ENSG00000078900,TP73
ENSG00000091831,ENSG00000113140,SPARC
ENSG00000141510,ENSG00000006210,CX3CL1
,ENSG00000168310,IRF2
ENSG00000168610,ENSG00000173511,VEGFB
ENSG00000109320,ENSG00000124391,IL17C
ENSG00000169083,ENSG00000109332,UBE2D3
ENSG00000106689,ENSG00000134200,TSHB
,ENSG00000091831,ESR1
ENSG00000185591,ENSG00000137364,TPMT
ENSG00000166888,ENSG00000108839,ALOX12
ENSG00000141510,ENSG00000136997,MYC
ENSG00000175832,ENSG00000117298,ECE1
ENSG00000075426,ENSG00000113300,CNOT6
ENSG00000120837,ENSG00000123975,CKS2
ENSG00000173039,ENSG00000116815,CD58
ENSG00000179284,ENSG00000115966,ATF2
,ENSG00000184895,SRY
ENSG00000101412,ENSG00000102921,N4BP1
ENSG00000149311,ENSG00000147601,TERF1
ENSG00000149311,ENSG00000141682,PMAIP1
ENSG00000068305,ENSG00000177606,JUN
ENSG00000105698,ENSG00000100604,CHGA
ENSG00000158773,ENSG00000169598,DFFB
ENSG00000007968,ENSG00000118680,MYL12B
ENSG00000109320,ENSG00000142168,SOD1
ENSG00000049768,ENSG00000012048,BRCA1
ENSG00000101076,ENSG00000169385,RNASE2
ENSG00000162772,ENSG00000130513,GDF15
ENSG00000129514,ENSG00000091831,ESR1
ENSG00000100146,ENSG00000165731,RET
ENSG00000136997,ENSG00000142166,IFNAR1
ENSG00000197933,ENSG00000109471,IL2
ENSG00000179284,ENSG00000143013,LMO4
ENSG00000020633,ENSG00000101384,JAG1
ENSG00000172216,ENSG00000163631,ALB
ENSG00000143190,ENSG00000254087,LYN
ENSG00000126767,ENSG00000100030,MAPK1
ENSG00000115415,ENSG00000009413,REV3L
ENSG00000172216,ENSG00000057657,PRDM1
ENSG00000101412,ENSG00000122861,PLAU
ENSG00000169083,ENSG00000103546,SLC6A2
ENSG00000106459,ENSG00000119912,IDE
ENSG00000100823,ENSG00000152266,PTH
ENSG00000143190,ENSG00000163631,ALB
ENSG00000134323,ENSG00000117984,CTSD
ENSG00000111424,ENSG00000134107,BHLHE40
ENSG00000164683,ENSG00000128052,KDR
ENSG00000175832,ENSG00000087245,MMP2
ENSG00000100219,ENSG00000109501,WFS1
ENSG00000143437,ENSG00000106546,AHR
ENSG00000141646,ENSG00000114270,COL7A1
ENSG00000158773,ENSG00000092969,TGFB2
ENSG00000012048,ENSG00000044574,HSPA5
ENSG00000109320,ENSG00000188257,PLA2G2A
ENSG00000181449,ENSG00000107984,DKK1
ENSG00000131759,ENSG00000109321,AREG
ENSG00000124813,ENSG00000123500,COL10A1
ENSG00000124813,ENSG00000112715,VEGFA
ENSG00000198791,ENSG00000263639,MSMB
ENSG00000128272,ENSG00000087074,PPP1R15A
ENSG00000084093,ENSG00000101200,AVP
ENSG00000166949,ENSG00000110245,APOC3
ENSG00000168610,ENSG00000180914,OXTR
ENSG00000007968,ENSG00000119950,MXI1
ENSG00000172819,ENSG00000105641,SLC5A5
ENSG00000179284,ENSG00000145604,SKP2
ENSG00000182568,ENSG00000113140,SPARC
ENSG00000185591,ENSG00000135124,P2RX4
ENSG00000175592,ENSG00000106462,EZH2
ENSG00000172216,ENSG00000110169,HPX
ENSG00000007968,ENSG00000267855,NDUFA7
ENSG00000101412,ENSG00000114902,SPCS1
ENSG00000101412,ENSG00000110060,PUS3
ENSG00000122877,ENSG00000136244,IL6
ENSG00000168610,ENSG00000183255,PTTG1IP
ENSG00000141905,ENSG00000113580,NR3C1
ENSG00000118260,ENSG00000113575,PPP2CA
ENSG00000196092,ENSG00000104921,FCER2
ENSG00000136997,ENSG00000111716,LDHB
ENSG00000168610,ENSG00000175197,DDIT3
ENSG00000168610,ENSG00000118523,CCN2
ENSG00000141510,ENSG00000108846,ABCC3
ENSG00000100811,ENSG00000134899,ERCC5
ENSG00000005339,ENSG00000106462,EZH2
ENSG00000164611,ENSG00000100097,LGALS1
ENSG00000101412,ENSG00000088808,PPP1R13B
ENSG00000158773,ENSG00000130203,APOE
ENSG00000101412,ENSG00000106330,MOSPD3
ENSG00000101412,ENSG00000076003,MCM6
ENSG00000173039,ENSG00000114270,COL7A1
ENSG00000136997,ENSG00000147883,CDKN2B
ENSG00000141510,ENSG00000128342,LIF
ENSG00000169083,ENSG00000157214,STEAP2
ENSG00000175832,ENSG00000141736,ERBB2
ENSG00000168556,ENSG00000137745,MMP13
ENSG00000020633,ENSG00000013725,CD6
ENSG00000221869,ENSG00000125538,IL1B
ENSG00000185591,ENSG00000146678,IGFBP1
ENSG00000179284,ENSG00000270882,H4C14
ENSG00000115415,ENSG00000177606,JUN
ENSG00000166888,ENSG00000136869,TLR4
ENSG00000100823,ENSG00000179142,CYP11B2
ENSG00000100644,ENSG00000104899,AMH
ENSG00000136997,ENSG00000149150,SLC43A1
ENSG00000137309,ENSG00000141510,TP53
ENSG00000111087,ENSG00000091536,MYO15A
ENSG00000020633,ENSG00000003402,CFLAR
ENSG00000096717,ENSG00000078900,TP73
ENSG00000179284,ENSG00000103257,SLC7A5
ENSG00000101412,ENSG00000054983,GALC
ENSG00000168610,ENSG00000096384,HSP90AB1
ENSG00000205250,ENSG00000164032,H2AZ1
ENSG00000091831,ENSG00000150093,ITGB1
ENSG00000100811,ENSG00000165934,CPSF2
ENSG00000173153,ENSG00000180530,NRIP1
ENSG00000158773,ENSG00000171560,FGA
ENSG00000147133,ENSG00000109475,RPL34
ENSG00000141510,ENSG00000105327,BBC3
ENSG00000100644,ENSG00000156515,HK1
,ENSG00000183032,SLC25A21
ENSG00000096717,ENSG00000136997,MYC
ENSG00000125398,ENSG00000261857,MIA
ENSG00000117505,ENSG00000112592,TBP
ENSG00000182568,ENSG00000117322,CR2
ENSG00000148737,,
ENSG00000091831,ENSG00000167772,ANGPTL4
ENSG00000118513,ENSG00000182004,SNRPE
ENSG00000179284,ENSG00000106628,POLD2
ENSG00000084093,ENSG00000180176,TH
ENSG00000112033,ENSG00000175567,UCP2
ENSG00000179284,ENSG00000130164,LDLR
ENSG00000109320,ENSG00000168621,GDNF
ENSG00000118513,ENSG00000026103,FAS
ENSG00000131196,ENSG00000119919,NKX2-3
ENSG00000072736,ENSG00000160683,CXCR5
ENSG00000205250,ENSG00000065328,MCM10
ENSG00000139687,ENSG00000124762,CDKN1A
ENSG00000126456,ENSG00000023839,ABCC2
ENSG00000166949,ENSG00000177606,JUN
ENSG00000169016,ENSG00000126581,BECN1
ENSG00000107485,ENSG00000135333,EPHA7
ENSG00000183770,ENSG00000070019,GUCY2C
ENSG00000101412,ENSG00000163539,CLASP2
ENSG00000117139,ENSG00000169067,ACTBL2
ENSG00000074047,ENSG00000041982,TNC
ENSG00000169554,ENSG00000039068,CDH1
ENSG00000186350,ENSG00000143819,EPHX1
ENSG00000177606,ENSG00000112715,VEGFA
ENSG00000131196,ENSG00000130649,CYP2E1
ENSG00000107485,ENSG00000166619,BLCAP
ENSG00000101412,ENSG00000159618,ADGRG5
ENSG00000136997,ENSG00000100412,ACO2
ENSG00000100644,ENSG00000204520,MICA
ENSG00000168610,ENSG00000197933,ZNF823
,ENSG00000273079,GRIN2B
ENSG00000245848,ENSG00000163220,S100A9
ENSG00000131759,ENSG00000141564,RPTOR
ENSG00000105698,ENSG00000143627,PKLR
ENSG00000074047,ENSG00000007306,CEACAM7
ENSG00000185668,ENSG00000142166,IFNAR1
ENSG00000091831,ENSG00000160691,SHC1
ENSG00000118217,ENSG00000239779,WBP1
ENSG00000136997,ENSG00000120694,HSPH1
ENSG00000109320,ENSG00000277006,DEFB104B
ENSG00000141905,ENSG00000142910,TINAGL1
ENSG00000065978,ENSG00000020426,MNAT1
ENSG00000150907,ENSG00000164442,CITED2
ENSG00000101412,ENSG00000167900,TK1
ENSG00000101412,ENSG00000188994,ZNF292
,ENSG00000151702,FLI1
ENSG00000185591,ENSG00000078900,TP73
ENSG00000101412,ENSG00000074660,SCARF1
ENSG00000173039,ENSG00000167207,NOD2
ENSG00000173757,ENSG00000110092,CCND1
ENSG00000152804,ENSG00000196781,TLE1
ENSG00000112033,ENSG00000167680,SEMA6B
ENSG00000100811,ENSG00000173511,VEGFB
ENSG00000185591,ENSG00000136997,MYC
,ENSG00000112715,VEGFA
ENSG00000101412,ENSG00000117650,NEK2
ENSG00000139687,ENSG00000112242,E2F3
ENSG00000074319,ENSG00000138180,CEP55
ENSG00000109320,ENSG00000078401,EDN1
ENSG00000023287,ENSG00000139687,RB1
ENSG00000136997,ENSG00000090447,TFAP4
ENSG00000111653,ENSG00000198400,NTRK1
ENSG00000136997,ENSG00000162104,ADCY9
ENSG00000245848,ENSG00000113302,IL12B
ENSG00000120690,ENSG00000167286,CD3D
ENSG00000091831,ENSG00000104899,AMH
ENSG00000177606,ENSG00000241794,SPRR2A
ENSG00000091831,ENSG00000124813,RUNX2
ENSG00000109320,ENSG00000181374,CCL13
ENSG00000125398,ENSG00000167995,BEST1
ENSG00000221869,ENSG00000073756,PTGS2
ENSG00000171634,ENSG00000141646,SMAD4
ENSG00000179284,ENSG00000069535,MAOB
ENSG00000136603,ENSG00000101665,SMAD7
ENSG00000149311,ENSG00000124762,CDKN1A
ENSG00000136997,ENSG00000115268,RPS15
ENSG00000091831,ENSG00000137869,CYP19A1
ENSG00000158773,ENSG00000179639,FCER1A
ENSG00000173039,ENSG00000090339,ICAM1
ENSG00000148516,ENSG00000206454,POU5F1
ENSG00000141510,ENSG00000115129,TP53I3
ENSG00000007968,ENSG00000162408,NOL9
ENSG00000116478,ENSG00000169429,CXCL8
ENSG00000101412,ENSG00000106366,SERPINE1
ENSG00000113658,ENSG00000164683,HEY1
ENSG00000185591,ENSG00000111057,KRT18
ENSG00000185591,ENSG00000108602,ALDH3A1
ENSG00000141510,ENSG00000137752,CASP1
ENSG00000005339,ENSG00000253293,HOXA10
ENSG00000109320,ENSG00000126767,ELK1
ENSG00000100219,ENSG00000007171,NOS2
ENSG00000136997,ENSG00000122779,TRIM24
,ENSG00000173511,VEGFB
ENSG00000168610,,
ENSG00000196132,ENSG00000119630,PGF
ENSG00000143190,ENSG00000105205,CLC
ENSG00000173039,ENSG00000082175,PGR
ENSG00000136997,ENSG00000183527,PSMG1
ENSG00000066336,ENSG00000158517,NCF1
ENSG00000185122,ENSG00000151929,BAG3
ENSG00000136997,ENSG00000176890,TYMS
,ENSG00000150893,FREM2
ENSG00000101096,ENSG00000135679,MDM2
ENSG00000158773,ENSG00000196419,XRCC6
ENSG00000185591,ENSG00000089558,KCNH4
ENSG00000107485,ENSG00000167748,KLK1
,ENSG00000027697,IFNGR1
ENSG00000136997,ENSG00000130177,CDC16
ENSG00000107485,ENSG00000069702,TGFBR3
ENSG00000066336,ENSG00000196415,PRTN3
ENSG00000127616,ENSG00000124762,CDKN1A
ENSG00000134954,ENSG00000196954,CASP4
ENSG00000118503,ENSG00000182568,SATB1
,ENSG00000089250,NOS1
ENSG00000177606,ENSG00000180914,OXTR
ENSG00000198728,ENSG00000071564,TCF3
ENSG00000143190,ENSG00000163209,SPRR3
ENSG00000179284,ENSG00000181104,F2R
ENSG00000143257,ENSG00000138109,CYP2C9
ENSG00000149948,ENSG00000064835,POU1F1
ENSG00000107485,ENSG00000276497,APBA1
ENSG00000007968,ENSG00000149308,NPAT
ENSG00000205250,ENSG00000133119,RFC3
ENSG00000074047,ENSG00000111424,VDR
ENSG00000118260,ENSG00000181690,PLAG1
ENSG00000185591,ENSG00000108846,ABCC3
ENSG00000134323,ENSG00000101057,MYBL2
,ENSG00000157557,ETS2
ENSG00000140009,ENSG00000005339,CREBBP
ENSG00000100393,ENSG00000115616,SLC9A2
ENSG00000118260,ENSG00000148344,PTGES
ENSG00000107485,ENSG00000173039,RELA
ENSG00000109320,ENSG00000022556,NLRP2
ENSG00000177606,ENSG00000175197,DDIT3
ENSG00000177606,ENSG00000118523,CCN2
ENSG00000245848,,
ENSG00000169083,ENSG00000136167,LCP1
ENSG00000118513,ENSG00000095370,SH2D3C
ENSG00000179284,ENSG00000134817,APLNR
ENSG00000179284,ENSG00000169083,AR
ENSG00000177606,ENSG00000095303,PTGS1
ENSG00000169083,ENSG00000204590,GNL1
ENSG00000245848,ENSG00000169385,RNASE2
ENSG00000141905,ENSG00000135486,HNRNPA1
ENSG00000166888,ENSG00000108821,COL1A1
ENSG00000169083,ENSG00000277897,GSTT2
ENSG00000136997,ENSG00000155287,SLC25A28
ENSG00000124151,ENSG00000171791,BCL2
ENSG00000130816,ENSG00000143850,PLEKHA6
ENSG00000205250,ENSG00000196132,MYT1
ENSG00000118689,ENSG00000124406,ATP8A1
ENSG00000061273,ENSG00000140287,HDC
ENSG00000136997,ENSG00000065057,NTHL1
ENSG00000172845,ENSG00000143437,ARNT
ENSG00000136997,ENSG00000184428,TOP1MT
ENSG00000072310,ENSG00000123384,LRP1
ENSG00000169083,ENSG00000105641,SLC5A5
ENSG00000006468,ENSG00000121691,CAT
ENSG00000205250,ENSG00000155090,KLF10
ENSG00000147133,ENSG00000169083,AR
ENSG00000134954,ENSG00000119383,PTPA
,ENSG00000118523,CCN2
ENSG00000115415,ENSG00000134352,IL6ST
,ENSG00000118922,KLF12
ENSG00000109320,ENSG00000125968,ID1
ENSG00000185591,ENSG00000180228,PRKRA
ENSG00000173039,ENSG00000103313,MEFV
ENSG00000113916,ENSG00000149554,CHEK1
ENSG00000109320,ENSG00000110799,VWF
,ENSG00000139352,ASCL1
ENSG00000136997,ENSG00000131845,ZNF304
ENSG00000100146,ENSG00000187098,MITF
ENSG00000173039,ENSG00000122420,PTGFR
ENSG00000245848,ENSG00000117525,F3
ENSG00000109320,ENSG00000109471,IL2
ENSG00000136997,ENSG00000121966,CXCR4
ENSG00000136997,ENSG00000187122,SLIT1
ENSG00000074047,ENSG00000097046,CDC7
ENSG00000151623,ENSG00000160791,CCR5
ENSG00000101412,ENSG00000167291,TBC1D16
ENSG00000172216,ENSG00000160255,ITGB2
ENSG00000175745,ENSG00000138823,MTTP
ENSG00000179284,ENSG00000145386,CCNA2
ENSG00000116833,ENSG00000167910,CYP7A1
ENSG00000245848,ENSG00000276043,UHRF1
ENSG00000109320,ENSG00000122861,PLAU
ENSG00000100146,ENSG00000197971,MBP
ENSG00000120837,ENSG00000155304,HSPA13
ENSG00000179348,ENSG00000127533,F2RL3
ENSG00000169297,ENSG00000198824,CHAMP1
ENSG00000158773,ENSG00000163631,ALB
ENSG00000097007,ENSG00000113916,BCL6
ENSG00000169297,ENSG00000136931,NR5A1
ENSG00000197933,ENSG00000136244,IL6
ENSG00000205250,ENSG00000182934,SRPRA
ENSG00000185591,ENSG00000141753,IGFBP4
ENSG00000177606,ENSG00000116604,MEF2D
ENSG00000172845,ENSG00000129518,EAPP
ENSG00000177606,ENSG00000007038,PRSS21
ENSG00000124782,ENSG00000142515,KLK3
ENSG00000100811,ENSG00000130826,DKC1
ENSG00000109320,ENSG00000101654,RNMT
ENSG00000095794,ENSG00000115085,ZAP70
ENSG00000100811,ENSG00000171855,IFNB1
ENSG00000101665,ENSG00000186847,KRT14
ENSG00000141510,ENSG00000157557,ETS2
ENSG00000101412,ENSG00000137707,BTG4
ENSG00000136997,ENSG00000091137,SLC26A4
ENSG00000179284,ENSG00000100234,TIMP3
ENSG00000069399,ENSG00000140945,CDH13
ENSG00000102145,ENSG00000136929,HEMGN
ENSG00000100811,ENSG00000173273,TNKS
ENSG00000177606,ENSG00000171855,IFNB1
ENSG00000066336,ENSG00000186652,PRG2
ENSG00000112033,ENSG00000130066,SAT1
ENSG00000109320,ENSG00000113520,IL4
ENSG00000179284,ENSG00000184502,GAST
ENSG00000179348,ENSG00000091879,ANGPT2
ENSG00000125798,ENSG00000127554,GFER
ENSG00000140009,ENSG00000145708,CRHBP
ENSG00000066336,ENSG00000101336,HCK
ENSG00000064835,ENSG00000259384,GH1
ENSG00000106004,ENSG00000082175,PGR
ENSG00000141027,ENSG00000073734,ABCB11
ENSG00000118260,ENSG00000109321,AREG
ENSG00000179284,ENSG00000182240,BACE2
ENSG00000173039,ENSG00000028277,POU2F2
ENSG00000245848,ENSG00000082701,GSK3B
ENSG00000100811,ENSG00000177302,TOP3A
ENSG00000132005,ENSG00000102854,MSLN
ENSG00000129514,ENSG00000106541,AGR2
ENSG00000118495,ENSG00000132170,PPARG
ENSG00000073282,ENSG00000111424,VDR
ENSG00000105698,ENSG00000125931,CITED1
ENSG00000136997,ENSG00000168283,BMI1
ENSG00000185591,ENSG00000185950,IRS2
ENSG00000118513,ENSG00000159593,NAE1
ENSG00000136997,ENSG00000070501,POLB
ENSG00000119138,ENSG00000082175,PGR
ENSG00000115415,ENSG00000240065,PSMB9
ENSG00000182979,ENSG00000091831,ESR1
ENSG00000151702,ENSG00000168066,SF1
ENSG00000141510,ENSG00000051180,RAD51
ENSG00000136931,ENSG00000179142,CYP11B2
ENSG00000148516,ENSG00000105325,FZR1
ENSG00000126767,ENSG00000111276,CDKN1B
,ENSG00000197386,HTT
ENSG00000106462,ENSG00000159184,HOXB13
ENSG00000184486,ENSG00000132437,DDC
,ENSG00000206172,HBA1
ENSG00000124216,ENSG00000111424,VDR
ENSG00000136997,ENSG00000156973,PDE6D
,ENSG00000167244,IGF2
ENSG00000153563,ENSG00000101335,MYL9
ENSG00000104903,ENSG00000117632,STMN1
ENSG00000100811,ENSG00000213066,CEP43
ENSG00000101412,ENSG00000144034,TPRKB
,ENSG00000181019,NQO1
ENSG00000141448,ENSG00000105398,SULT2A1
ENSG00000176046,ENSG00000100393,EP300
ENSG00000100906,ENSG00000169710,FASN
ENSG00000118513,ENSG00000132676,DAP3
ENSG00000101076,ENSG00000105398,SULT2A1
ENSG00000082175,ENSG00000085465,OVGP1
ENSG00000196628,ENSG00000085563,ABCB1
ENSG00000169083,ENSG00000157110,RBPMS
ENSG00000177606,ENSG00000147437,GNRH1
ENSG00000172216,ENSG00000196730,DAPK1
ENSG00000101412,ENSG00000054277,OPN3
ENSG00000111087,ENSG00000187555,USP7
ENSG00000118513,ENSG00000095303,PTGS1
ENSG00000101412,ENSG00000138316,ADAMTS14
ENSG00000109819,ENSG00000116688,MFN2
ENSG00000116833,ENSG00000137869,CYP19A1
,ENSG00000185339,TCN2
ENSG00000020633,ENSG00000148737,TCF7L2
ENSG00000128016,ENSG00000197632,SERPINB2
ENSG00000169083,ENSG00000101558,VAPA
ENSG00000084093,ENSG00000166206,GABRB3
ENSG00000185591,ENSG00000118777,ABCG2
ENSG00000165556,ENSG00000134755,DSC2
ENSG00000125398,ENSG00000187323,DCC
ENSG00000185591,ENSG00000151702,FLI1
ENSG00000007968,ENSG00000107719,PALD1
ENSG00000169083,ENSG00000118971,CCND2
ENSG00000111087,ENSG00000121966,CXCR4
ENSG00000128272,ENSG00000176046,NUPR1
ENSG00000185591,ENSG00000005381,MPO
ENSG00000143190,ENSG00000130522,JUND
ENSG00000128604,ENSG00000206439,TNF
ENSG00000157557,ENSG00000177606,JUN
ENSG00000172534,ENSG00000101412,E2F1
ENSG00000173039,ENSG00000159958,TNFRSF13C
ENSG00000143799,ENSG00000132386,SERPINF1
ENSG00000077092,ENSG00000073756,PTGS2
ENSG00000109320,ENSG00000140465,CYP1A1
ENSG00000109320,ENSG00000169245,CXCL10
ENSG00000111424,ENSG00000170367,CST5
ENSG00000148737,ENSG00000101188,NTSR1
ENSG00000109854,ENSG00000118785,SPP1
ENSG00000136997,ENSG00000221988,PPT2
ENSG00000159216,ENSG00000131981,LGALS3
ENSG00000118513,ENSG00000143493,INTS7
ENSG00000138073,ENSG00000185630,PBX1
ENSG00000179284,ENSG00000152684,PELO
ENSG00000170485,ENSG00000008405,CRY1
ENSG00000141510,ENSG00000109920,FNBP4
ENSG00000169083,ENSG00000129514,FOXA1
ENSG00000141510,ENSG00000129071,MBD4
ENSG00000173039,ENSG00000105483,CARD8
ENSG00000136997,ENSG00000143819,EPHX1
ENSG00000068024,,
ENSG00000082175,ENSG00000137869,CYP19A1
ENSG00000115966,ENSG00000070501,POLB
ENSG00000177606,ENSG00000108688,CCL7
ENSG00000185591,ENSG00000136732,GYPC
ENSG00000120837,ENSG00000260027,HOXB7
ENSG00000140464,ENSG00000124762,CDKN1A
ENSG00000245848,ENSG00000066136,NFYC
ENSG00000101076,ENSG00000255974,CYP2A6
ENSG00000179284,ENSG00000095794,CREM
ENSG00000019549,ENSG00000064547,LPAR2
ENSG00000185591,ENSG00000196620,UGT2B15
ENSG00000101412,ENSG00000139547,RDH16
ENSG00000173039,ENSG00000205403,CFI
ENSG00000175832,ENSG00000163513,TGFBR2
ENSG00000179094,ENSG00000087088,BAX
ENSG00000131759,ENSG00000197576,HOXA4
ENSG00000177606,ENSG00000115008,IL1A
ENSG00000141510,ENSG00000197386,HTT
ENSG00000120149,ENSG00000029559,IBSP
ENSG00000170485,ENSG00000121671,CRY2
ENSG00000100811,ENSG00000171720,HDAC3
ENSG00000109320,ENSG00000108691,CCL2
ENSG00000185122,ENSG00000212866,HSPA1B
ENSG00000109320,ENSG00000106366,SERPINE1
ENSG00000177606,ENSG00000131828,PDHA1
ENSG00000256683,ENSG00000149948,HMGA2
ENSG00000113916,ENSG00000109320,NFKB1
ENSG00000141510,ENSG00000167244,IGF2
ENSG00000108840,ENSG00000068305,MEF2A
ENSG00000101076,ENSG00000197249,SERPINA1
ENSG00000101412,ENSG00000033030,ZCCHC8
ENSG00000143320,ENSG00000131759,RARA
ENSG00000136997,ENSG00000100823,APEX1
ENSG00000100644,ENSG00000169083,AR
ENSG00000179284,ENSG00000163235,TGFA
ENSG00000106689,ENSG00000172179,PRL
ENSG00000185591,ENSG00000027697,IFNGR1
ENSG00000118513,ENSG00000130826,DKC1
ENSG00000169297,ENSG00000070019,GUCY2C
ENSG00000179284,ENSG00000147883,CDKN2B
,ENSG00000142168,SOD1
ENSG00000173757,ENSG00000131759,RARA
ENSG00000136997,ENSG00000205339,IPO7
ENSG00000185591,ENSG00000089250,NOS1
ENSG00000020633,ENSG00000110092,CCND1
,ENSG00000012124,CD22
ENSG00000068024,ENSG00000113525,IL5
ENSG00000165030,ENSG00000164120,HPGD
ENSG00000185591,ENSG00000157557,ETS2
,ENSG00000124762,CDKN1A
ENSG00000012504,ENSG00000167910,CYP7A1
,ENSG00000083857,FAT1
ENSG00000101412,ENSG00000174917,MICOS13
ENSG00000118260,ENSG00000163399,ATP1A1
ENSG00000177606,ENSG00000105976,MET
ENSG00000116833,ENSG00000160882,CYP11B1
ENSG00000134323,ENSG00000196591,HDAC2
ENSG00000184939,ENSG00000109471,IL2
ENSG00000118513,ENSG00000269404,SPIB
ENSG00000117707,ENSG00000138083,SIX3
ENSG00000205581,ENSG00000160182,TFF1
ENSG00000205250,ENSG00000138669,PRKG2
ENSG00000141027,ENSG00000169710,FASN
ENSG00000007968,ENSG00000143815,LBR
ENSG00000172216,ENSG00000137265,IRF4
ENSG00000168066,ENSG00000105398,SULT2A1
ENSG00000125398,ENSG00000139219,COL2A1
ENSG00000132005,ENSG00000136997,MYC
ENSG00000185591,ENSG00000032219,ARID4A
ENSG00000106571,ENSG00000125798,FOXA2
ENSG00000100644,ENSG00000122691,TWIST1
ENSG00000138795,ENSG00000137673,MMP7
ENSG00000119772,ENSG00000112115,IL17A
ENSG00000170345,ENSG00000172845,SP3
ENSG00000177606,ENSG00000103546,SLC6A2
ENSG00000101412,ENSG00000182919,C11orf54
ENSG00000168610,ENSG00000111537,IFNG
ENSG00000131759,ENSG00000168878,SFTPB
ENSG00000149311,ENSG00000140443,IGF1R
ENSG00000141027,ENSG00000142515,KLK3
ENSG00000185591,ENSG00000172201,ID4
ENSG00000179284,ENSG00000006638,TBXA2R
ENSG00000113916,ENSG00000189067,LITAF
ENSG00000143390,ENSG00000196735,HLA-DQA1
ENSG00000151702,ENSG00000110092,CCND1
ENSG00000101412,ENSG00000198393,ZNF26
ENSG00000025434,ENSG00000165140,FBP1
ENSG00000185591,ENSG00000204632,HLA-G
ENSG00000173039,ENSG00000138398,PPIG
ENSG00000123268,ENSG00000167996,FTH1
ENSG00000143578,ENSG00000108176,DNAJC12
ENSG00000197757,ENSG00000196549,MME
ENSG00000185591,ENSG00000079435,LIPE
ENSG00000172845,ENSG00000203883,SOX18
ENSG00000136997,ENSG00000091409,ITGA6
ENSG00000111087,ENSG00000173801,JUP
ENSG00000131759,ENSG00000172819,RARG
ENSG00000185591,ENSG00000168447,SCNN1B
ENSG00000148737,ENSG00000112081,SRSF3
ENSG00000105698,ENSG00000137801,THBS1
ENSG00000272333,ENSG00000197757,HOXC6
ENSG00000168610,ENSG00000132693,CRP
ENSG00000185591,ENSG00000171522,PTGER4
ENSG00000012504,ENSG00000073060,SCARB1
ENSG00000141510,ENSG00000180616,SSTR2
ENSG00000173039,ENSG00000124216,SNAI1
ENSG00000101412,ENSG00000142945,KIF2C
ENSG00000101412,ENSG00000149313,AASDHPPT
ENSG00000111087,ENSG00000188486,H2AX
ENSG00000139687,ENSG00000132646,PCNA
ENSG00000120738,ENSG00000132773,TOE1
ENSG00000175592,ENSG00000259207,ITGB3
ENSG00000136997,ENSG00000174851,YIF1A
ENSG00000018408,ENSG00000030110,BAK1
ENSG00000185591,ENSG00000138798,EGF
ENSG00000179284,ENSG00000133315,MACROD1
ENSG00000198911,ENSG00000073756,PTGS2
ENSG00000134954,ENSG00000080815,PSEN1
ENSG00000205250,ENSG00000167513,CDT1
ENSG00000101412,ENSG00000164045,CDC25A
ENSG00000132170,ENSG00000118137,APOA1
ENSG00000101412,ENSG00000117410,ATP6V0B
ENSG00000109320,ENSG00000017797,RALBP1
ENSG00000109320,ENSG00000091513,TF
ENSG00000173039,ENSG00000159388,BTG2
ENSG00000125398,,
ENSG00000179284,ENSG00000103342,GSPT1
ENSG00000169083,ENSG00000135218,CD36
ENSG00000134954,ENSG00000149968,MMP3
ENSG00000185591,ENSG00000139515,PDX1
ENSG00000177606,ENSG00000163352,LENEP
ENSG00000091831,ENSG00000169083,AR
ENSG00000109320,ENSG00000140459,CYP11A1
ENSG00000134954,ENSG00000139318,DUSP6
ENSG00000143190,ENSG00000136960,ENPP2
ENSG00000136997,ENSG00000021776,AQR
ENSG00000101412,ENSG00000108256,NUFIP2
ENSG00000102145,ENSG00000165168,CYBB
ENSG00000101412,ENSG00000101057,MYBL2
ENSG00000066336,ENSG00000205220,PSMB10
ENSG00000156127,ENSG00000116824,CD2
ENSG00000135363,ENSG00000039068,CDH1
ENSG00000136997,ENSG00000161533,ACOX1
ENSG00000127528,ENSG00000160791,CCR5
ENSG00000109320,ENSG00000136244,IL6
ENSG00000157554,ENSG00000166825,ANPEP
ENSG00000179348,ENSG00000134200,TSHB
ENSG00000101412,ENSG00000013725,CD6
ENSG00000111087,ENSG00000171766,GATM
ENSG00000177606,ENSG00000198400,NTRK1
ENSG00000173039,ENSG00000100906,NFKBIA
ENSG00000101412,ENSG00000169016,E2F6
ENSG00000096717,ENSG00000181019,NQO1
,ENSG00000140943,MBTPS1
ENSG00000170653,ENSG00000120656,TAF12
ENSG00000169083,ENSG00000089220,PEBP1
ENSG00000172819,ENSG00000102038,SMARCA1
ENSG00000141027,ENSG00000089356,FXYD3
ENSG00000112242,ENSG00000093009,CDC45
ENSG00000101665,ENSG00000163359,COL6A3
ENSG00000173039,ENSG00000120088,CRHR1
ENSG00000136997,ENSG00000112763,BTN2A1
ENSG00000170345,ENSG00000109320,NFKB1
ENSG00000025434,ENSG00000100979,PLTP
ENSG00000168214,ENSG00000141736,ERBB2
ENSG00000091831,ENSG00000197299,BLM
ENSG00000173039,ENSG00000105325,FZR1
ENSG00000128652,ENSG00000259207,ITGB3
ENSG00000109819,ENSG00000100889,PCK2
ENSG00000149311,ENSG00000132646,PCNA
ENSG00000162772,ENSG00000168610,STAT3
ENSG00000198911,ENSG00000052344,PRSS8
ENSG00000186951,ENSG00000178537,SLC25A20
ENSG00000066336,ENSG00000119535,CSF3R
ENSG00000150907,ENSG00000120875,DUSP4
ENSG00000170581,ENSG00000243649,CFB
ENSG00000126767,ENSG00000168209,DDIT4
ENSG00000196591,ENSG00000179284,DAND5
ENSG00000173039,ENSG00000125730,C3
ENSG00000075426,ENSG00000105329,TGFB1
ENSG00000101412,ENSG00000147316,MCPH1
ENSG00000196419,ENSG00000141736,ERBB2
ENSG00000055118,ENSG00000110799,VWF
ENSG00000091831,ENSG00000145386,CCNA2
ENSG00000128272,ENSG00000160683,CXCR5
ENSG00000168610,ENSG00000111424,VDR
ENSG00000277494,ENSG00000130816,DNMT1
,ENSG00000134954,ETS1
ENSG00000173039,ENSG00000164692,COL1A2
ENSG00000179284,ENSG00000176890,TYMS
ENSG00000007968,,
ENSG00000101412,ENSG00000143437,ARNT
ENSG00000172845,ENSG00000110092,CCND1
ENSG00000172216,ENSG00000164266,SPINK1
ENSG00000205250,ENSG00000076248,UNG
ENSG00000185122,ENSG00000006062,MAP3K14
ENSG00000185591,ENSG00000197386,HTT
ENSG00000073861,ENSG00000107485,GATA3
ENSG00000158773,ENSG00000160870,CYP3A7
ENSG00000128016,ENSG00000150457,LATS2
ENSG00000066336,ENSG00000151702,FLI1
ENSG00000133895,ENSG00000111276,CDKN1B
ENSG00000185591,ENSG00000167244,IGF2
ENSG00000108001,ENSG00000124762,CDKN1A
ENSG00000205250,ENSG00000116918,TSNAX
ENSG00000066336,ENSG00000005381,MPO
ENSG00000170345,ENSG00000137673,MMP7
,ENSG00000204525,HLA-C
ENSG00000185591,ENSG00000088386,SLC15A1
ENSG00000105698,ENSG00000254647,INS
ENSG00000111206,ENSG00000171564,FGB
ENSG00000118260,ENSG00000010610,CD4
ENSG00000116478,ENSG00000273079,GRIN2B
ENSG00000158773,ENSG00000121060,TRIM25
,ENSG00000100292,HMOX1
ENSG00000101412,ENSG00000058799,YIPF1
ENSG00000141510,ENSG00000172465,TCEAL1
ENSG00000131759,ENSG00000090339,ICAM1
ENSG00000130522,ENSG00000113525,IL5
ENSG00000007968,ENSG00000072062,PRKACA
ENSG00000012504,ENSG00000011465,DCN
ENSG00000007968,ENSG00000059804,SLC2A3
ENSG00000123358,ENSG00000111276,CDKN1B
ENSG00000205250,ENSG00000125885,MCM8
ENSG00000147862,ENSG00000186652,PRG2
ENSG00000118513,ENSG00000164109,MAD2L1
ENSG00000177606,ENSG00000177575,CD163
ENSG00000124216,ENSG00000089220,PEBP1
ENSG00000131759,ENSG00000146278,PNRC1
ENSG00000109320,ENSG00000291237,SOD2
ENSG00000117505,ENSG00000177463,NR2C2
ENSG00000125798,ENSG00000167972,ABCA3
ENSG00000132170,ENSG00000147852,VLDLR
ENSG00000112242,ENSG00000105011,ASF1B
ENSG00000107485,ENSG00000039068,CDH1
ENSG00000100811,ENSG00000143870,PDIA6
ENSG00000205250,ENSG00000116288,PARK7
ENSG00000136997,ENSG00000163975,MELTF
ENSG00000139687,ENSG00000170312,CDK1
,ENSG00000123983,ACSL3
ENSG00000179348,ENSG00000129951,PLPPR3
ENSG00000074047,ENSG00000101412,E2F1
ENSG00000185591,ENSG00000185339,TCN2
ENSG00000125347,ENSG00000206503,HLA-A
ENSG00000185591,ENSG00000135744,AGT
ENSG00000187098,ENSG00000069974,RAB27A
ENSG00000175832,ENSG00000157193,LRP8
ENSG00000179284,ENSG00000187555,USP7
ENSG00000101412,ENSG00000130734,ATG4D
ENSG00000186350,ENSG00000134460,IL2RA
ENSG00000136997,ENSG00000134001,EIF2S1
ENSG00000141905,ENSG00000115207,GTF3C2
ENSG00000109819,ENSG00000110243,APOA5
ENSG00000066336,ENSG00000102145,GATA1
ENSG00000074047,ENSG00000146648,EGFR
ENSG00000100811,ENSG00000111537,IFNG
ENSG00000106462,ENSG00000105173,CCNE1
ENSG00000177606,ENSG00000186832,KRT16
ENSG00000135625,ENSG00000109471,IL2
ENSG00000205250,ENSG00000100479,POLE2
ENSG00000139352,ENSG00000117971,CHRNB4
ENSG00000172819,ENSG00000087237,CETP
ENSG00000138385,ENSG00000091136,LAMB1
ENSG00000116478,ENSG00000104332,SFRP1
ENSG00000172845,ENSG00000163810,TGM4
ENSG00000177606,ENSG00000111537,IFNG
ENSG00000134954,ENSG00000140939,NOL3
ENSG00000173039,ENSG00000128271,ADORA2A
ENSG00000177606,ENSG00000041982,TNC
ENSG00000185591,ENSG00000119772,DNMT3A
ENSG00000141646,ENSG00000102265,TIMP1
ENSG00000172845,ENSG00000160200,CBS
ENSG00000118689,ENSG00000129355,CDKN2D
ENSG00000166888,ENSG00000113520,IL4
ENSG00000177606,ENSG00000205571,SMN2
ENSG00000066336,ENSG00000166710,B2M
ENSG00000179284,ENSG00000015285,WAS
ENSG00000205250,ENSG00000134086,VHL
ENSG00000150907,ENSG00000265972,TXNIP
ENSG00000118217,ENSG00000139515,PDX1
ENSG00000136997,ENSG00000141682,PMAIP1
ENSG00000131759,ENSG00000115904,SOS1
ENSG00000143190,ENSG00000166501,PRKCB
ENSG00000205250,ENSG00000162004,CCDC78
ENSG00000165556,ENSG00000082701,GSK3B
ENSG00000005339,ENSG00000172273,HINFP
ENSG00000118689,ENSG00000138764,CCNG2
ENSG00000136997,ENSG00000115657,ABCB6
ENSG00000116017,ENSG00000170312,CDK1
ENSG00000141510,ENSG00000089280,FUS
ENSG00000007968,ENSG00000101608,MYL12A
ENSG00000118513,ENSG00000196839,ADA
ENSG00000141510,ENSG00000134954,ETS1
ENSG00000157554,ENSG00000096060,FKBP5
ENSG00000162992,ENSG00000070031,SCT
ENSG00000125798,ENSG00000168875,SOX14
ENSG00000164916,ENSG00000073111,MCM2
ENSG00000168610,ENSG00000118971,CCND2
ENSG00000136997,ENSG00000131467,PSME3
ENSG00000136997,ENSG00000107807,TLX1
ENSG00000157554,ENSG00000142515,KLK3
ENSG00000177606,ENSG00000136167,LCP1
ENSG00000118513,ENSG00000198400,NTRK1
ENSG00000120837,ENSG00000134595,SOX3
ENSG00000072310,ENSG00000134324,LPIN1
ENSG00000101412,ENSG00000178585,CTNNBIP1
ENSG00000163517,ENSG00000136634,IL10
ENSG00000169083,ENSG00000142208,AKT1
ENSG00000087510,ENSG00000124762,CDKN1A
ENSG00000245848,ENSG00000113790,EHHADH
ENSG00000105722,ENSG00000172179,PRL
ENSG00000171476,ENSG00000077782,FGFR1
ENSG00000109320,ENSG00000240972,MIF
ENSG00000173039,ENSG00000102265,TIMP1
ENSG00000158773,ENSG00000175832,ETV4
ENSG00000078900,ENSG00000135679,MDM2
ENSG00000136997,ENSG00000115875,SRSF7
ENSG00000049768,ENSG00000155313,USP25
ENSG00000054598,ENSG00000162344,FGF19
ENSG00000101412,ENSG00000035664,DAPK2
ENSG00000109320,ENSG00000160654,CD3G
ENSG00000177606,ENSG00000070831,CDC42
,ENSG00000254647,INS
ENSG00000064490,ENSG00000196126,HLA-DRB1
ENSG00000109320,ENSG00000075673,ATP12A
ENSG00000091831,ENSG00000142166,IFNAR1
ENSG00000185591,ENSG00000012124,CD22
ENSG00000118513,ENSG00000120833,SOCS2
ENSG00000136997,ENSG00000060982,BCAT1
ENSG00000245848,ENSG00000185630,PBX1
ENSG00000143437,ENSG00000177606,JUN
,ENSG00000109846,CRYAB
ENSG00000157514,ENSG00000150907,FOXO1
,ENSG00000158458,NRG2
ENSG00000169083,ENSG00000146648,EGFR
ENSG00000136997,ENSG00000031698,SARS1
ENSG00000134954,ENSG00000206439,TNF
ENSG00000186951,ENSG00000100985,MMP9
ENSG00000136997,ENSG00000173726,TOMM20
ENSG00000143190,ENSG00000136352,NKX2-1
ENSG00000172845,ENSG00000109158,GABRA4
ENSG00000101412,ENSG00000065809,FAM107B
ENSG00000130522,ENSG00000271503,CCL5
ENSG00000177606,ENSG00000127951,FGL2
ENSG00000067082,ENSG00000162772,ATF3
ENSG00000164736,ENSG00000183742,MACC1
ENSG00000151702,ENSG00000166825,ANPEP
ENSG00000091831,ENSG00000172179,PRL
ENSG00000100811,ENSG00000185122,HSF1
ENSG00000100644,ENSG00000275152,CCL16
ENSG00000066336,ENSG00000157554,ERG
ENSG00000100811,ENSG00000167286,CD3D
ENSG00000170689,ENSG00000149294,NCAM1
ENSG00000132170,ENSG00000205560,CPT1B
ENSG00000173039,ENSG00000026103,FAS
ENSG00000144485,ENSG00000178394,HTR1A
ENSG00000112658,ENSG00000087245,MMP2
ENSG00000101412,ENSG00000135604,STX11
ENSG00000102974,ENSG00000001626,CFTR
ENSG00000114315,ENSG00000169862,CTNND2
ENSG00000125686,ENSG00000087586,AURKA
ENSG00000055118,ENSG00000138685,FGF2
ENSG00000136997,ENSG00000100664,EIF5
ENSG00000172216,ENSG00000117322,CR2
ENSG00000111704,ENSG00000128052,KDR
ENSG00000177606,ENSG00000111424,VDR
,ENSG00000177731,FLII
ENSG00000182979,ENSG00000007171,NOS2
ENSG00000140968,ENSG00000129226,CD68
ENSG00000173039,ENSG00000137462,TLR2
ENSG00000091831,ENSG00000163235,TGFA
ENSG00000155090,ENSG00000105329,TGFB1
ENSG00000101412,ENSG00000116213,WRAP73
ENSG00000169083,ENSG00000102038,SMARCA1
ENSG00000115966,ENSG00000073756,PTGS2
ENSG00000168610,ENSG00000125347,IRF1
ENSG00000168066,ENSG00000104826,LHB
ENSG00000221869,ENSG00000163739,CXCL1
ENSG00000141027,ENSG00000187193,MT1X
ENSG00000125798,ENSG00000148737,TCF7L2
ENSG00000113916,ENSG00000111276,CDKN1B
ENSG00000177551,ENSG00000189221,MAOA
ENSG00000109320,ENSG00000104870,FCGRT
ENSG00000118513,ENSG00000231924,PSG1
ENSG00000136997,ENSG00000049239,H6PD
ENSG00000082641,ENSG00000129245,FXR2
ENSG00000069399,ENSG00000136997,MYC
ENSG00000077092,ENSG00000115705,TPO
,ENSG00000111424,VDR
ENSG00000159216,,
ENSG00000141510,ENSG00000136807,CDK9
ENSG00000101412,ENSG00000178691,SUZ12
ENSG00000101412,ENSG00000198015,MRPL42
ENSG00000185591,ENSG00000042980,ADAM28
ENSG00000276644,ENSG00000141456,PELP1
ENSG00000141510,ENSG00000162772,ATF3
ENSG00000120738,ENSG00000171862,PTEN
ENSG00000221869,ENSG00000261857,MIA
ENSG00000068305,ENSG00000082641,NFE2L1
ENSG00000049768,ENSG00000141736,ERBB2
ENSG00000120738,ENSG00000281861,SLC9A3
ENSG00000134852,ENSG00000115705,TPO
ENSG00000136997,ENSG00000102753,KPNA3
ENSG00000197019,ENSG00000119335,SET
ENSG00000196591,ENSG00000101144,BMP7
ENSG00000106571,ENSG00000062716,VMP1
ENSG00000179348,ENSG00000169083,AR
ENSG00000205250,ENSG00000049541,RFC2
ENSG00000168610,ENSG00000139083,ETV6
ENSG00000101412,ENSG00000108641,B9D1
ENSG00000136997,ENSG00000065054,NHERF2
ENSG00000130816,ENSG00000141510,TP53
ENSG00000141510,ENSG00000109846,CRYAB
,ENSG00000053438,NNAT
,ENSG00000109971,HSPA8
ENSG00000100644,ENSG00000148926,ADM
ENSG00000115415,ENSG00000168394,TAP1
ENSG00000120738,ENSG00000011422,PLAUR
ENSG00000115415,ENSG00000129521,EGLN3
ENSG00000143190,ENSG00000170819,BFSP2
ENSG00000181449,ENSG00000151615,POU4F2
ENSG00000101412,ENSG00000149596,JPH2
ENSG00000138795,ENSG00000100604,CHGA
ENSG00000170345,ENSG00000164399,IL3
ENSG00000154727,ENSG00000101868,POLA1
ENSG00000177606,ENSG00000120738,EGR1
ENSG00000091831,ENSG00000131910,NR0B2
ENSG00000166949,ENSG00000134363,FST
ENSG00000169083,ENSG00000109606,DHX15
ENSG00000118260,ENSG00000213281,NRAS
ENSG00000097007,ENSG00000137193,PIM1
ENSG00000109320,ENSG00000003402,CFLAR
ENSG00000100906,ENSG00000173039,RELA
ENSG00000179284,ENSG00000198848,CES1
ENSG00000131759,ENSG00000137868,STRA6
ENSG00000109320,ENSG00000167968,DNASE1L2
ENSG00000160113,ENSG00000158874,APOA2
ENSG00000091831,ENSG00000133315,MACROD1
ENSG00000182979,ENSG00000019549,SNAI2
ENSG00000131759,ENSG00000206454,POU5F1
ENSG00000185591,ENSG00000115009,CCL20
ENSG00000141510,ENSG00000111206,FOXM1
ENSG00000136997,ENSG00000101365,IDH3B
ENSG00000064490,ENSG00000179344,HLA-DQB1
ENSG00000177606,ENSG00000149021,SCGB1A1
ENSG00000105662,ENSG00000109819,PPARGC1A
ENSG00000100811,ENSG00000117362,APH1A
ENSG00000141646,ENSG00000156804,FBXO32
ENSG00000130522,ENSG00000118785,SPP1
ENSG00000185591,ENSG00000134954,ETS1
ENSG00000150907,ENSG00000188729,OSTN
ENSG00000134954,ENSG00000105401,CDC37
ENSG00000183072,ENSG00000081189,MEF2C
ENSG00000179284,ENSG00000100823,APEX1
ENSG00000130522,ENSG00000175592,FOSL1
ENSG00000136997,ENSG00000124762,CDKN1A
ENSG00000158773,ENSG00000034971,MYOC
ENSG00000115415,ENSG00000167985,SDHAF2
ENSG00000100644,ENSG00000165197,VEGFD
ENSG00000116016,ENSG00000105698,USF2
,ENSG00000120738,EGR1
ENSG00000196628,ENSG00000171791,BCL2
ENSG00000118513,ENSG00000114686,MRPL3
ENSG00000257923,ENSG00000165168,CYBB
ENSG00000168610,ENSG00000164362,TERT
ENSG00000148737,ENSG00000075651,PLD1
ENSG00000245848,ENSG00000136504,KAT7
,ENSG00000140465,CYP1A1
ENSG00000169083,ENSG00000087237,CETP
ENSG00000066336,ENSG00000143119,CD53
ENSG00000149311,ENSG00000171791,BCL2
ENSG00000177606,ENSG00000118971,CCND2
ENSG00000075426,ENSG00000007171,NOS2
ENSG00000185591,ENSG00000100292,HMOX1
ENSG00000109320,ENSG00000085662,AKR1B1
ENSG00000182568,ENSG00000116478,HDAC1
ENSG00000157557,ENSG00000100604,CHGA
ENSG00000136997,ENSG00000160201,U2AF1
,ENSG00000132646,PCNA
ENSG00000159388,ENSG00000176170,SPHK1
ENSG00000126767,ENSG00000184009,ACTG1
ENSG00000106571,,
ENSG00000134954,ENSG00000182866,LCK
ENSG00000109320,ENSG00000100012,SEC14L3
ENSG00000100644,ENSG00000178467,P4HTM
ENSG00000173153,ENSG00000146278,PNRC1
ENSG00000135457,ENSG00000091513,TF
ENSG00000112242,ENSG00000163781,TOPBP1
ENSG00000105866,ENSG00000109320,NFKB1
,ENSG00000134982,APC
ENSG00000205250,ENSG00000140939,NOL3
ENSG00000205250,ENSG00000101182,PSMA7
ENSG00000106546,ENSG00000169194,IL13
ENSG00000179284,ENSG00000130988,RGN
ENSG00000125398,ENSG00000135446,CDK4
ENSG00000172216,ENSG00000137869,CYP19A1
ENSG00000100644,ENSG00000121966,CXCR4
ENSG00000118513,ENSG00000179348,GATA2
ENSG00000136997,ENSG00000094916,CBX5
ENSG00000125347,ENSG00000162692,VCAM1
ENSG00000112658,ENSG00000149591,TAGLN
ENSG00000101412,ENSG00000100280,AP1B1
ENSG00000134852,ENSG00000070019,GUCY2C
ENSG00000113580,ENSG00000241635,UGT1A1
ENSG00000091831,ENSG00000176890,TYMS
ENSG00000012048,ENSG00000134057,CCNB1
ENSG00000173039,ENSG00000112715,VEGFA
ENSG00000172216,ENSG00000277632,CCL3
ENSG00000151702,ENSG00000187094,CCK
ENSG00000169083,ENSG00000102034,ELF4
ENSG00000064835,ENSG00000213859,KCTD11
ENSG00000111424,ENSG00000136634,IL10
ENSG00000179284,ENSG00000137440,FGFBP1
ENSG00000118260,ENSG00000090339,ICAM1
ENSG00000101412,ENSG00000149187,CELF1
ENSG00000077150,ENSG00000137077,CCL21
ENSG00000117139,ENSG00000148719,DNAJB12
ENSG00000179284,ENSG00000116133,DHCR24
ENSG00000165588,ENSG00000080166,DCT
ENSG00000118260,ENSG00000143839,REN
ENSG00000118513,ENSG00000126602,TRAP1
ENSG00000170345,ENSG00000092820,EZR
ENSG00000196712,ENSG00000175470,PPP2R2D
ENSG00000109320,ENSG00000162896,PIGR
ENSG00000101412,ENSG00000153048,CARHSP1
ENSG00000118260,ENSG00000141458,NPC1
ENSG00000179284,ENSG00000103222,ABCC1
ENSG00000167182,ENSG00000136997,MYC
ENSG00000196628,ENSG00000162552,WNT4
ENSG00000172819,ENSG00000109471,IL2
ENSG00000100393,ENSG00000147883,CDKN2B
ENSG00000157554,ENSG00000026025,VIM
ENSG00000064490,ENSG00000241674,HLA-DMB
ENSG00000066336,ENSG00000012124,CD22
ENSG00000115966,ENSG00000124762,CDKN1A
ENSG00000109320,ENSG00000102871,TRADD
,ENSG00000204257,HLA-DMA
ENSG00000131759,ENSG00000132170,PPARG
ENSG00000178585,ENSG00000157227,MMP14
ENSG00000140464,ENSG00000121858,TNFSF10
ENSG00000136997,ENSG00000156261,CCT8
ENSG00000196712,ENSG00000104368,PLAT
ENSG00000148737,ENSG00000138795,LEF1
ENSG00000120738,ENSG00000183960,KCNH8
ENSG00000101412,ENSG00000110092,CCND1
ENSG00000074047,ENSG00000078401,EDN1
ENSG00000135100,ENSG00000242515,UGT1A10
ENSG00000168610,ENSG00000136634,IL10
ENSG00000131759,ENSG00000140464,PML
ENSG00000141027,ENSG00000173039,RELA
ENSG00000136997,ENSG00000166947,EPB42
ENSG00000111206,ENSG00000197461,PDGFA
ENSG00000178951,ENSG00000147889,CDKN2A
ENSG00000112658,ENSG00000001626,CFTR
ENSG00000109320,ENSG00000111012,CYP27B1
ENSG00000178951,ENSG00000105664,COMP
ENSG00000185122,ENSG00000204632,HLA-G
,ENSG00000019991,HGF
ENSG00000185591,ENSG00000165527,ARF6
ENSG00000069011,ENSG00000114315,HES1
ENSG00000169083,ENSG00000126351,THRA
ENSG00000118513,ENSG00000097046,CDC7
ENSG00000136997,ENSG00000115414,FN1
ENSG00000120738,ENSG00000102755,FLT1
ENSG00000105698,ENSG00000166710,B2M
ENSG00000171223,ENSG00000183813,CCR4
ENSG00000130726,ENSG00000125968,ID1
ENSG00000134954,ENSG00000137745,MMP13
ENSG00000187140,ENSG00000104419,NDRG1
ENSG00000105991,ENSG00000110092,CCND1
ENSG00000150907,ENSG00000113643,RARS1
ENSG00000111704,ENSG00000179348,GATA2
ENSG00000177606,ENSG00000108839,ALOX12
ENSG00000118513,ENSG00000120738,EGR1
ENSG00000185591,ENSG00000170458,CD14
ENSG00000206454,ENSG00000105880,DLX5
ENSG00000007968,ENSG00000065154,OAT
ENSG00000143437,ENSG00000105173,CCNE1
ENSG00000101412,ENSG00000100290,BIK
ENSG00000115415,ENSG00000092067,CEBPE
ENSG00000141510,ENSG00000134982,APC
ENSG00000101412,ENSG00000198925,ATG9A
ENSG00000169057,ENSG00000105880,DLX5
ENSG00000179284,ENSG00000164611,PTTG1
ENSG00000109320,ENSG00000112592,TBP
ENSG00000111424,ENSG00000146648,EGFR
ENSG00000100393,ENSG00000131910,NR0B2
ENSG00000132170,ENSG00000105173,CCNE1
ENSG00000172845,ENSG00000142515,KLK3
ENSG00000196628,ENSG00000117560,FASLG
ENSG00000101412,ENSG00000012048,BRCA1
ENSG00000115415,ENSG00000169429,CXCL8
ENSG00000173039,ENSG00000180914,OXTR
ENSG00000074047,,
ENSG00000196628,ENSG00000115738,ID2
ENSG00000141510,ENSG00000128604,IRF5
ENSG00000185591,ENSG00000111206,FOXM1
ENSG00000168610,ENSG00000142208,AKT1
ENSG00000185591,ENSG00000152266,PTH
ENSG00000177606,ENSG00000196639,HRH1
,ENSG00000136244,IL6
ENSG00000111424,ENSG00000108821,COL1A1
ENSG00000105698,ENSG00000079435,LIPE
ENSG00000134323,ENSG00000142515,KLK3
ENSG00000134086,ENSG00000148737,TCF7L2
ENSG00000169083,ENSG00000135069,PSAT1
ENSG00000173039,ENSG00000095303,PTGS1
ENSG00000169083,ENSG00000145113,MUC4
ENSG00000136997,ENSG00000166164,BRD7
ENSG00000185591,ENSG00000177731,FLII
ENSG00000082175,ENSG00000163235,TGFA
ENSG00000172845,ENSG00000100311,PDGFB
ENSG00000131759,ENSG00000182742,HOXB4
ENSG00000126561,ENSG00000091831,ESR1
ENSG00000115415,ENSG00000160791,CCR5
ENSG00000131408,ENSG00000165140,FBP1
,ENSG00000144021,CIAO1
ENSG00000118689,ENSG00000150907,FOXO1
ENSG00000112242,ENSG00000150907,FOXO1
ENSG00000012504,ENSG00000171401,KRT13
ENSG00000101412,ENSG00000160200,CBS
ENSG00000095794,ENSG00000180176,TH
ENSG00000136997,ENSG00000101200,AVP
ENSG00000169083,ENSG00000078401,EDN1
ENSG00000185591,ENSG00000197446,CYP2F1
ENSG00000111424,ENSG00000049768,FOXP3
ENSG00000168610,ENSG00000146648,EGFR
ENSG00000141510,ENSG00000165806,CASP7
ENSG00000136997,ENSG00000166949,SMAD3
ENSG00000245848,ENSG00000105329,TGFB1
ENSG00000125740,ENSG00000169429,CXCL8
ENSG00000120738,ENSG00000078098,FAP
ENSG00000141510,ENSG00000115107,STEAP3
ENSG00000136997,ENSG00000130305,NSUN5
ENSG00000109320,ENSG00000101017,CD40
ENSG00000177606,ENSG00000164362,TERT
ENSG00000105866,ENSG00000130707,ASS1
ENSG00000135100,ENSG00000160868,CYP3A4
ENSG00000172216,ENSG00000023839,ABCC2
ENSG00000105698,ENSG00000139515,PDX1
ENSG00000138386,ENSG00000102854,MSLN
ENSG00000205250,ENSG00000101180,HRH3
ENSG00000135100,ENSG00000135423,GLS2
ENSG00000115966,ENSG00000105855,ITGB8
ENSG00000186951,ENSG00000168306,ACOX2
ENSG00000178573,ENSG00000137745,MMP13
ENSG00000109320,ENSG00000115353,TACR1
ENSG00000164649,ENSG00000069535,MAOB
ENSG00000139618,ENSG00000167861,HID1
ENSG00000112592,ENSG00000134057,CCNB1
ENSG00000162924,ENSG00000125538,IL1B
ENSG00000185122,ENSG00000168582,CRYGA
ENSG00000118513,ENSG00000113810,SMC4
ENSG00000125798,ENSG00000117601,SERPINC1
ENSG00000115966,ENSG00000115414,FN1
ENSG00000124664,ENSG00000011422,PLAUR
ENSG00000141646,ENSG00000197933,ZNF823
ENSG00000169083,ENSG00000126767,ELK1
ENSG00000143437,ENSG00000134333,LDHA
ENSG00000169856,ENSG00000187098,MITF
ENSG00000173039,,
ENSG00000177606,ENSG00000102805,CLN5
ENSG00000118260,ENSG00000165272,AQP3
ENSG00000141510,ENSG00000019991,HGF
ENSG00000136997,ENSG00000123374,CDK2
ENSG00000109320,ENSG00000105723,GSK3A
ENSG00000101412,ENSG00000105290,APLP1
ENSG00000185591,ENSG00000162337,LRP5
ENSG00000100811,ENSG00000128908,INO80
ENSG00000245848,ENSG00000134240,HMGCS2
,ENSG00000164362,TERT
ENSG00000168610,ENSG00000049768,FOXP3
ENSG00000128272,ENSG00000163993,S100P
ENSG00000109320,ENSG00000114812,VIPR1
ENSG00000134954,ENSG00000007312,CD79B
ENSG00000065978,ENSG00000116030,SUMO1
ENSG00000169083,ENSG00000072310,SREBF1
ENSG00000173039,ENSG00000164305,CASP3
ENSG00000185591,ENSG00000109971,HSPA8
ENSG00000130522,ENSG00000102245,CD40LG
ENSG00000196628,,
ENSG00000136997,ENSG00000037897,METTL1
ENSG00000136997,ENSG00000150459,SAP18
ENSG00000134982,ENSG00000136997,MYC
ENSG00000100644,ENSG00000100823,APEX1
ENSG00000134954,ENSG00000113721,PDGFRB
ENSG00000136997,ENSG00000111144,LTA4H
ENSG00000007968,ENSG00000138434,ITPRID2
ENSG00000118689,ENSG00000164442,CITED2
ENSG00000151702,ENSG00000183696,UPP1
ENSG00000101412,ENSG00000253729,PRKDC
ENSG00000134086,ENSG00000110092,CCND1
ENSG00000131408,ENSG00000100979,PLTP
ENSG00000136997,ENSG00000129451,KLK10
ENSG00000179284,ENSG00000073756,PTGS2
ENSG00000118513,ENSG00000198860,TSEN15
ENSG00000136574,ENSG00000166224,SGPL1
ENSG00000155508,ENSG00000109099,PMP22
ENSG00000099326,ENSG00000117461,PIK3R3
ENSG00000055332,ENSG00000185950,IRS2
ENSG00000122877,ENSG00000169710,FASN
ENSG00000007968,ENSG00000151229,SLC2A13
,ENSG00000109193,SULT1E1
ENSG00000177606,ENSG00000121594,CD80
ENSG00000136997,ENSG00000196652,ZKSCAN5
ENSG00000185551,ENSG00000133636,NTS
ENSG00000095794,ENSG00000070019,GUCY2C
ENSG00000166886,ENSG00000050820,BCAR1
ENSG00000173039,ENSG00000171855,IFNB1
ENSG00000127528,ENSG00000126353,CCR7
ENSG00000135100,ENSG00000149742,SLC22A9
ENSG00000116044,ENSG00000186832,KRT16
ENSG00000074047,ENSG00000115590,IL1R2
ENSG00000185551,ENSG00000164683,HEY1
ENSG00000166949,ENSG00000196611,MMP1
ENSG00000101412,ENSG00000103152,MPG
ENSG00000172845,ENSG00000144891,AGTR1
ENSG00000157554,ENSG00000087245,MMP2
ENSG00000124664,ENSG00000161011,SQSTM1
ENSG00000141027,ENSG00000196549,MME
ENSG00000177606,ENSG00000262406,MMP12
ENSG00000106571,ENSG00000164690,SHH
ENSG00000066336,ENSG00000163131,CTSS
ENSG00000107485,ENSG00000120156,TEK
ENSG00000007968,ENSG00000093009,CDC45
ENSG00000166949,ENSG00000070404,FSTL3
ENSG00000101412,ENSG00000206172,HBA1
ENSG00000152284,ENSG00000254647,INS
ENSG00000162599,ENSG00000149925,ALDOA
ENSG00000001167,ENSG00000182742,HOXB4
,ENSG00000120907,ADRA1A
ENSG00000109320,ENSG00000164128,NPY1R
,ENSG00000132182,NUP210
ENSG00000179284,ENSG00000142623,PADI1
ENSG00000109320,ENSG00000072832,CRMP1
ENSG00000078403,ENSG00000124762,CDKN1A
ENSG00000101412,ENSG00000151651,ADAM8
ENSG00000157554,ENSG00000177455,CD19
ENSG00000173039,ENSG00000132965,ALOX5AP
ENSG00000118513,,
ENSG00000150907,ENSG00000159346,ADIPOR1
ENSG00000104903,ENSG00000109320,NFKB1
ENSG00000109320,ENSG00000069399,BCL3
ENSG00000101076,ENSG00000166035,LIPC
ENSG00000185591,ENSG00000080293,SCTR
ENSG00000141510,ENSG00000173530,TNFRSF10D
,ENSG00000124145,SDC4
ENSG00000169083,ENSG00000109471,IL2
ENSG00000184486,ENSG00000164434,FABP7
ENSG00000107859,ENSG00000180176,TH
ENSG00000141510,ENSG00000141510,TP53
ENSG00000105698,ENSG00000185339,TCN2
ENSG00000175387,ENSG00000142871,CCN1
ENSG00000168610,ENSG00000133048,CHI3L1
ENSG00000162924,ENSG00000073756,PTGS2
ENSG00000066136,ENSG00000160752,FDPS
ENSG00000173039,,
ENSG00000179284,ENSG00000137776,SLTM
ENSG00000196712,ENSG00000172845,SP3
ENSG00000185668,ENSG00000101200,AVP
ENSG00000118260,ENSG00000172216,CEBPB
ENSG00000185591,ENSG00000171219,CDC42BPG
ENSG00000118513,ENSG00000196639,HRH1
ENSG00000179284,ENSG00000135047,CTSL
ENSG00000169083,ENSG00000122861,PLAU
ENSG00000230797,ENSG00000171855,IFNB1
ENSG00000136997,ENSG00000102996,MMP15
ENSG00000245848,ENSG00000168610,STAT3
ENSG00000152284,ENSG00000136997,MYC
ENSG00000185591,ENSG00000128604,IRF5
ENSG00000070366,ENSG00000005007,UPF1
ENSG00000115041,ENSG00000137270,GCM1
ENSG00000134954,ENSG00000213316,LTC4S
ENSG00000169083,ENSG00000228278,ORM2
ENSG00000158773,ENSG00000137869,CYP19A1
ENSG00000111087,ENSG00000107281,NPDC1
ENSG00000196591,ENSG00000130816,DNMT1
ENSG00000136997,ENSG00000147649,MTDH
ENSG00000131759,ENSG00000147571,CRH
ENSG00000101412,ENSG00000146143,PRIM2
ENSG00000101412,ENSG00000147606,SLC26A7
ENSG00000136997,ENSG00000112473,SLC39A7
ENSG00000179284,ENSG00000184156,KCNQ3
ENSG00000082641,ENSG00000169016,E2F6
ENSG00000088305,ENSG00000091831,ESR1
ENSG00000109320,ENSG00000182492,BGN
ENSG00000007968,ENSG00000105011,ASF1B
ENSG00000141646,ENSG00000163295,ALPI
ENSG00000078900,ENSG00000165272,AQP3
ENSG00000111087,ENSG00000123374,CDK2
ENSG00000158773,ENSG00000113522,RAD50
ENSG00000144852,ENSG00000257017,HP
ENSG00000169057,ENSG00000008086,CDKL5
ENSG00000082175,,
ENSG00000169083,ENSG00000114650,SCAP
ENSG00000100811,ENSG00000146648,EGFR
ENSG00000162924,ENSG00000052344,PRSS8
ENSG00000185947,ENSG00000166670,MMP10
ENSG00000115415,ENSG00000006210,CX3CL1
ENSG00000107807,ENSG00000165092,ALDH1A1
ENSG00000185591,ENSG00000232119,MCTS1
ENSG00000109320,ENSG00000136689,IL1RN
ENSG00000172845,ENSG00000161638,ITGA5
ENSG00000177606,ENSG00000146648,EGFR
ENSG00000185630,ENSG00000134595,SOX3
ENSG00000118513,ENSG00000102805,CLN5
ENSG00000100393,ENSG00000086232,EIF2AK1
ENSG00000115415,ENSG00000136997,MYC
ENSG00000166949,ENSG00000148677,ANKRD1
ENSG00000124496,ENSG00000104972,LILRB1
ENSG00000136997,ENSG00000178982,EIF3K
ENSG00000253293,ENSG00000180828,BHLHE22
ENSG00000136997,ENSG00000100644,HIF1A
ENSG00000101412,ENSG00000128059,PPAT
ENSG00000136997,ENSG00000143947,RPS27A
ENSG00000157557,ENSG00000173083,HPSE
ENSG00000117139,ENSG00000118523,CCN2
ENSG00000179284,ENSG00000148154,UGCG
ENSG00000177606,ENSG00000115138,POMC
ENSG00000185591,ENSG00000198189,HSD17B11
ENSG00000141510,ENSG00000087088,BAX
ENSG00000109320,ENSG00000110092,CCND1
ENSG00000185591,ENSG00000019991,HGF
ENSG00000205250,ENSG00000198668,CALM1
ENSG00000177606,ENSG00000105825,TFPI2
ENSG00000177606,ENSG00000108821,COL1A1
ENSG00000101412,ENSG00000136717,BIN1
ENSG00000170345,ENSG00000122585,NPY
ENSG00000101412,ENSG00000103005,USB1
ENSG00000066336,ENSG00000197561,ELANE
ENSG00000143190,ENSG00000197888,UGT2B17
ENSG00000118260,ENSG00000145425,RPS3A
ENSG00000172845,ENSG00000112149,CD83
ENSG00000007968,ENSG00000135801,TAF5L
ENSG00000101412,ENSG00000125356,NDUFA1
ENSG00000173153,ENSG00000124216,SNAI1
ENSG00000141905,ENSG00000164434,FABP7
ENSG00000111087,ENSG00000180176,TH
ENSG00000173039,ENSG00000115008,IL1A
,ENSG00000146648,EGFR
ENSG00000136997,ENSG00000136944,LMX1B
ENSG00000141646,ENSG00000105976,MET
ENSG00000136997,ENSG00000160789,LMNA
ENSG00000066336,ENSG00000177731,FLII
ENSG00000123268,ENSG00000165272,AQP3
ENSG00000205250,ENSG00000149308,NPAT
ENSG00000118260,ENSG00000132170,PPARG
ENSG00000182568,ENSG00000213931,HBE1
ENSG00000102974,ENSG00000108576,SLC6A4
ENSG00000166949,ENSG00000136997,MYC
ENSG00000118689,ENSG00000113916,BCL6
ENSG00000096717,ENSG00000141510,TP53
ENSG00000101412,ENSG00000169862,CTNND2
ENSG00000141510,ENSG00000120868,APAF1
ENSG00000175832,ENSG00000137673,MMP7
ENSG00000118513,,
ENSG00000173039,,
,ENSG00000076706,MCAM
ENSG00000092067,ENSG00000012223,LTF
ENSG00000136997,ENSG00000011132,APBA3
ENSG00000245848,ENSG00000118260,CREB1
ENSG00000170365,ENSG00000157450,RNF111
ENSG00000179284,ENSG00000124762,CDKN1A
ENSG00000185591,ENSG00000165029,ABCA1
ENSG00000109320,ENSG00000163485,ADORA1
ENSG00000118260,ENSG00000124216,SNAI1
ENSG00000120738,ENSG00000145431,PDGFC
ENSG00000158773,ENSG00000198363,ASPH
ENSG00000136997,ENSG00000132646,PCNA
ENSG00000141510,ENSG00000084207,GSTP1
ENSG00000106459,ENSG00000076351,SLC46A1
ENSG00000152284,ENSG00000105327,BBC3
ENSG00000124795,ENSG00000171791,BCL2
ENSG00000109320,ENSG00000012048,BRCA1
ENSG00000185591,ENSG00000102468,HTR2A
ENSG00000077092,ENSG00000171791,BCL2
ENSG00000105698,ENSG00000152254,G6PC2
ENSG00000153234,ENSG00000118785,SPP1
ENSG00000136997,ENSG00000204209,DAXX
ENSG00000106462,ENSG00000167601,AXL
ENSG00000109320,ENSG00000121807,CCR2
ENSG00000120837,ENSG00000134324,LPIN1
ENSG00000205250,ENSG00000099956,SMARCB1
ENSG00000143190,ENSG00000169083,AR
ENSG00000198517,ENSG00000181019,NQO1
ENSG00000028277,ENSG00000066336,SPI1
ENSG00000184486,ENSG00000136352,NKX2-1
ENSG00000141510,ENSG00000141646,SMAD4
ENSG00000118689,ENSG00000146278,PNRC1
ENSG00000136997,ENSG00000167080,B4GALNT2
ENSG00000245848,,
ENSG00000147133,ENSG00000124762,CDKN1A
ENSG00000169083,ENSG00000140465,CYP1A1
ENSG00000135903,ENSG00000121966,CXCR4
ENSG00000074181,,
ENSG00000177606,ENSG00000137674,MMP20
ENSG00000075426,ENSG00000137745,MMP13
ENSG00000136997,ENSG00000227565,NFKBIL1
ENSG00000185591,ENSG00000077782,FGFR1
ENSG00000130816,ENSG00000170430,MGMT
ENSG00000116016,ENSG00000164867,NOS3
ENSG00000150907,ENSG00000106829,TLE4
ENSG00000144852,ENSG00000138115,CYP2C8
ENSG00000111424,ENSG00000174123,TLR10
ENSG00000160224,ENSG00000138435,CHRNA1
ENSG00000134954,ENSG00000015475,BID
ENSG00000107485,ENSG00000138378,STAT4
ENSG00000130522,ENSG00000117525,F3
ENSG00000100811,ENSG00000196712,NF1
ENSG00000177606,ENSG00000090659,CD209
ENSG00000101412,ENSG00000141441,GAREM1
ENSG00000175756,ENSG00000160182,TFF1
ENSG00000075891,ENSG00000141736,ERBB2
ENSG00000134954,ENSG00000178726,THBD
ENSG00000001167,ENSG00000165702,GFI1B
ENSG00000138795,ENSG00000160791,CCR5
ENSG00000196588,ENSG00000112658,SRF
ENSG00000101412,ENSG00000139874,SSTR1
ENSG00000001167,ENSG00000026103,FAS
ENSG00000143190,ENSG00000122691,TWIST1
ENSG00000173757,,
ENSG00000185591,ENSG00000141510,TP53
ENSG00000136997,ENSG00000082898,XPO1
ENSG00000111206,ENSG00000168878,SFTPB
ENSG00000140009,ENSG00000116791,CRYZ
ENSG00000162924,ENSG00000124762,CDKN1A
ENSG00000151702,ENSG00000087245,MMP2
ENSG00000134046,ENSG00000111704,NANOG
ENSG00000169083,ENSG00000138685,FGF2
ENSG00000118503,ENSG00000173039,RELA
ENSG00000134954,ENSG00000183918,SH2D1A
ENSG00000118513,ENSG00000166508,MCM7
ENSG00000007968,ENSG00000154380,ENAH
ENSG00000105856,ENSG00000105173,CCNE1
ENSG00000166949,ENSG00000005339,CREBBP
ENSG00000084093,ENSG00000181195,PENK
ENSG00000074047,ENSG00000169242,EFNA1
ENSG00000168610,ENSG00000145113,MUC4
ENSG00000245848,ENSG00000007171,NOS2
ENSG00000101412,ENSG00000103168,TAF1C
ENSG00000101412,ENSG00000187240,DYNC2H1
ENSG00000169083,ENSG00000106366,SERPINE1
ENSG00000179284,ENSG00000055118,KCNH2
ENSG00000157557,ENSG00000169429,CXCL8
ENSG00000136574,ENSG00000148795,CYP17A1
ENSG00000177606,ENSG00000085117,CD82
ENSG00000100811,ENSG00000087237,CETP
ENSG00000048052,ENSG00000003402,CFLAR
ENSG00000177606,ENSG00000152661,GJA1
ENSG00000128272,ENSG00000185507,IRF7
ENSG00000112033,ENSG00000118513,MYB
ENSG00000118513,ENSG00000239264,TXNDC5
ENSG00000116044,ENSG00000171234,UGT2B7
ENSG00000118513,ENSG00000144381,HSPD1
ENSG00000143190,ENSG00000141905,NFIC
ENSG00000108813,ENSG00000012048,BRCA1
ENSG00000128272,ENSG00000057593,F7
ENSG00000133111,ENSG00000204257,HLA-DMA
ENSG00000141510,ENSG00000175305,CCNE2
ENSG00000181449,ENSG00000148773,MKI67
ENSG00000074047,ENSG00000136244,IL6
ENSG00000109320,ENSG00000153291,SLC25A27
ENSG00000126003,ENSG00000168484,SFTPC
ENSG00000179284,ENSG00000112038,OPRM1
ENSG00000101412,ENSG00000142515,KLK3
ENSG00000177606,ENSG00000168542,COL3A1
ENSG00000133111,ENSG00000225103,HLA-DQA2
ENSG00000177606,ENSG00000142168,SOD1
ENSG00000118513,ENSG00000146648,EGFR
ENSG00000173039,ENSG00000132906,CASP9
ENSG00000122691,ENSG00000150093,ITGB1
ENSG00000102974,ENSG00000117408,IPO13
ENSG00000131759,ENSG00000112715,VEGFA
ENSG00000134954,ENSG00000162692,VCAM1
ENSG00000107485,ENSG00000109320,NFKB1
ENSG00000141905,ENSG00000070770,CSNK2A2
ENSG00000196628,ENSG00000038427,VCAN
ENSG00000136997,ENSG00000170606,HSPA4
ENSG00000136574,ENSG00000090402,SI
ENSG00000136574,ENSG00000141736,ERBB2
ENSG00000101412,ENSG00000170820,FSHR
ENSG00000245848,ENSG00000166035,LIPC
ENSG00000109906,ENSG00000136997,MYC
ENSG00000049768,ENSG00000151014,NOCT
ENSG00000183733,ENSG00000152284,TCF7L1
ENSG00000118513,ENSG00000108821,COL1A1
ENSG00000120738,ENSG00000167772,ANGPTL4
ENSG00000138378,ENSG00000137193,PIM1
ENSG00000172819,ENSG00000240972,MIF
ENSG00000105698,ENSG00000100292,HMOX1
ENSG00000065978,ENSG00000135744,AGT
ENSG00000101412,ENSG00000033327,GAB2
ENSG00000100644,ENSG00000137776,SLTM
,ENSG00000142168,SOD1
ENSG00000185591,ENSG00000087088,BAX
ENSG00000173039,ENSG00000110330,BIRC2
ENSG00000119866,ENSG00000102145,GATA1
ENSG00000177606,ENSG00000171867,PRNP
ENSG00000205250,ENSG00000117318,ID3
ENSG00000102145,ENSG00000164252,AGGF1
ENSG00000124216,ENSG00000108691,CCL2
ENSG00000173039,ENSG00000100811,YY1
ENSG00000118513,ENSG00000113013,HSPA9
ENSG00000074047,ENSG00000064195,DLX3
ENSG00000186350,ENSG00000135100,HNF1A
ENSG00000105656,ENSG00000087088,BAX
ENSG00000125798,ENSG00000182871,COL18A1
ENSG00000100888,ENSG00000176890,TYMS
ENSG00000185591,ENSG00000120907,ADRA1A
ENSG00000157557,ENSG00000196611,MMP1
ENSG00000141027,ENSG00000167034,NKX3-1
ENSG00000162924,ENSG00000134460,IL2RA
ENSG00000166888,ENSG00000101017,CD40
ENSG00000175832,,
ENSG00000091831,ENSG00000141682,PMAIP1
ENSG00000118217,ENSG00000139187,KLRG1
ENSG00000181472,ENSG00000141510,TP53
ENSG00000136997,ENSG00000123505,AMD1
ENSG00000170345,ENSG00000169429,CXCL8
ENSG00000109320,ENSG00000144802,NFKBIZ
ENSG00000129654,ENSG00000066279,ASPM
ENSG00000101076,ENSG00000124253,PCK1
ENSG00000111424,ENSG00000109471,IL2
,ENSG00000113580,NR3C1
ENSG00000172216,ENSG00000082196,C1QTNF3
ENSG00000140009,ENSG00000116128,BCL9
ENSG00000126561,,
ENSG00000066336,ENSG00000132465,JCHAIN
ENSG00000179284,ENSG00000136931,NR5A1
ENSG00000172845,ENSG00000087245,MMP2
ENSG00000186350,ENSG00000160683,CXCR5
ENSG00000136997,ENSG00000198900,TOP1
ENSG00000185591,ENSG00000120868,APAF1
ENSG00000173039,ENSG00000118689,FOXO3
ENSG00000253293,ENSG00000129757,CDKN1C
ENSG00000172845,ENSG00000148795,CYP17A1
ENSG00000105880,ENSG00000029559,IBSP
ENSG00000012048,ENSG00000156273,BACH1
ENSG00000221869,ENSG00000271503,CCL5
ENSG00000101412,ENSG00000162384,CZIB
ENSG00000101412,ENSG00000185608,MRPL40
ENSG00000100644,ENSG00000166598,HSP90B1
ENSG00000067955,ENSG00000020633,RUNX3
ENSG00000206454,ENSG00000116717,GADD45A
ENSG00000179284,ENSG00000166164,BRD7
ENSG00000150907,ENSG00000196177,ACADSB
ENSG00000102145,ENSG00000179639,FCER1A
ENSG00000173039,ENSG00000123240,OPTN
ENSG00000101115,ENSG00000206454,POU5F1
ENSG00000185591,ENSG00000084207,GSTP1
ENSG00000169083,ENSG00000136244,IL6
ENSG00000120738,ENSG00000178035,IMPDH2
ENSG00000118260,ENSG00000120949,TNFRSF8
ENSG00000185591,ENSG00000231852,CYP21A2
ENSG00000134954,ENSG00000107447,DNTT
,ENSG00000150995,ITPR1
ENSG00000102878,ENSG00000137976,DNASE2B
ENSG00000130816,ENSG00000120889,TNFRSF10B
ENSG00000141646,ENSG00000041982,TNC
ENSG00000120738,ENSG00000176387,HSD11B2
ENSG00000120149,ENSG00000167034,NKX3-1
ENSG00000186834,ENSG00000110092,CCND1
ENSG00000122691,ENSG00000124813,RUNX2
ENSG00000069011,ENSG00000124813,RUNX2
ENSG00000118260,ENSG00000109743,BST1
ENSG00000100811,ENSG00000241878,PISD
ENSG00000185591,ENSG00000141646,SMAD4
ENSG00000186951,ENSG00000186951,PPARA
ENSG00000134954,ENSG00000107159,CA9
ENSG00000170345,ENSG00000212866,HSPA1B
ENSG00000173039,ENSG00000108342,CSF3
ENSG00000072310,ENSG00000130164,LDLR
ENSG00000136997,ENSG00000145192,AHSG
ENSG00000168610,ENSG00000109471,IL2
ENSG00000106462,ENSG00000146678,IGFBP1
ENSG00000169083,ENSG00000120549,KIAA1217
ENSG00000109320,ENSG00000138684,IL21
ENSG00000168610,ENSG00000095752,IL11
ENSG00000007968,ENSG00000163781,TOPBP1
ENSG00000091831,ENSG00000119408,NEK6
ENSG00000131196,ENSG00000179284,DAND5
ENSG00000168610,ENSG00000089127,OAS1
ENSG00000111424,ENSG00000196126,HLA-DRB1
ENSG00000136997,ENSG00000075415,SLC25A3
ENSG00000170365,ENSG00000148677,ANKRD1
ENSG00000118260,ENSG00000102265,TIMP1
ENSG00000173039,ENSG00000111537,IFNG
ENSG00000007968,ENSG00000133858,ZFC3H1
ENSG00000077092,ENSG00000130957,FBP2
ENSG00000167182,ENSG00000119772,DNMT3A
ENSG00000172845,ENSG00000141736,ERBB2
,ENSG00000118898,PPL
ENSG00000215021,ENSG00000143437,ARNT
ENSG00000136574,ENSG00000147465,STAR
ENSG00000172845,ENSG00000173039,RELA
ENSG00000139687,ENSG00000170345,FOS
ENSG00000173039,ENSG00000041982,TNC
ENSG00000172238,,
ENSG00000179284,ENSG00000085563,ABCB1
ENSG00000182979,ENSG00000161905,ALOX15
ENSG00000130522,ENSG00000113300,CNOT6
ENSG00000101412,ENSG00000180998,GPR137C
ENSG00000205250,ENSG00000100714,MTHFD1
ENSG00000134323,ENSG00000164938,TP53INP1
ENSG00000170345,ENSG00000196611,MMP1
ENSG00000120738,ENSG00000157152,SYN2
ENSG00000179284,ENSG00000135929,CYP27A1
ENSG00000101412,ENSG00000044574,HSPA5
ENSG00000173039,ENSG00000099866,MADCAM1
ENSG00000082175,ENSG00000091409,ITGA6
ENSG00000172216,ENSG00000172179,PRL
ENSG00000066336,ENSG00000165168,CYBB
ENSG00000173039,ENSG00000132693,CRP
ENSG00000115415,ENSG00000175899,A2M
ENSG00000071794,ENSG00000104044,OCA2
ENSG00000186442,ENSG00000206439,TNF
ENSG00000100811,ENSG00000145113,MUC4
ENSG00000177606,ENSG00000026508,CD44
ENSG00000007968,ENSG00000146085,MMUT
ENSG00000177606,ENSG00000277006,DEFB104B
ENSG00000143190,ENSG00000172179,PRL
ENSG00000128272,ENSG00000096717,SIRT1
ENSG00000138795,ENSG00000136997,MYC
ENSG00000100644,ENSG00000124762,CDKN1A
ENSG00000116604,ENSG00000167941,SOST
ENSG00000075891,ENSG00000149294,NCAM1
ENSG00000175550,ENSG00000112592,TBP
ENSG00000177606,ENSG00000145113,MUC4
ENSG00000136997,,
ENSG00000130816,ENSG00000134046,MBD2
ENSG00000113916,ENSG00000136997,MYC
ENSG00000129514,ENSG00000054598,FOXC1
ENSG00000005007,ENSG00000163950,SLBP
ENSG00000169057,ENSG00000170430,MGMT
ENSG00000100644,ENSG00000158571,PFKFB1
ENSG00000169083,ENSG00000164163,ABCE1
ENSG00000118260,ENSG00000026103,FAS
ENSG00000144852,ENSG00000241635,UGT1A1
ENSG00000169083,ENSG00000185442,FAM174B
ENSG00000101412,ENSG00000123080,CDKN2C
ENSG00000007968,ENSG00000163666,HESX1
ENSG00000100811,ENSG00000181374,CCL13
ENSG00000148737,ENSG00000156427,FGF18
ENSG00000177606,ENSG00000078401,EDN1
ENSG00000179284,ENSG00000180176,TH
ENSG00000136997,ENSG00000187498,COL4A1
ENSG00000136997,ENSG00000137100,DCTN3
ENSG00000185668,ENSG00000189403,HMGB1
ENSG00000117707,ENSG00000105221,AKT2
ENSG00000205250,ENSG00000116990,MYCL
ENSG00000072310,ENSG00000131473,ACLY
ENSG00000173757,ENSG00000180644,PRF1
ENSG00000179284,ENSG00000092964,DPYSL2
ENSG00000185591,ENSG00000076706,MCAM
ENSG00000102145,ENSG00000130508,PXDN
ENSG00000267680,ENSG00000111424,VDR
ENSG00000179348,ENSG00000164849,GPR146
ENSG00000051180,ENSG00000185591,SP1
ENSG00000152977,ENSG00000099968,BCL2L13
,ENSG00000159399,HK2
ENSG00000179284,ENSG00000150991,UBC
ENSG00000111704,ENSG00000092421,SEMA6A
ENSG00000186350,ENSG00000087086,FTL
ENSG00000141905,ENSG00000124813,RUNX2
ENSG00000170345,ENSG00000116711,PLA2G4A
ENSG00000072310,ENSG00000145284,SCD5
ENSG00000100644,ENSG00000112242,E2F3
ENSG00000175756,ENSG00000077150,NFKB2
ENSG00000141905,ENSG00000176387,HSD11B2
ENSG00000172059,ENSG00000254647,INS
ENSG00000106462,ENSG00000136997,MYC
ENSG00000136997,ENSG00000178950,GAK
ENSG00000157554,ENSG00000163513,TGFBR2
ENSG00000172845,ENSG00000077942,FBLN1
ENSG00000118260,ENSG00000148840,PPRC1
ENSG00000101412,ENSG00000266412,NCOA4
ENSG00000172216,ENSG00000213218,CSH2
ENSG00000175832,ENSG00000111335,OAS2
ENSG00000136997,ENSG00000135624,CCT7
ENSG00000136997,ENSG00000102225,CDK16
ENSG00000141905,ENSG00000174775,HRAS
ENSG00000157557,ENSG00000136997,MYC
ENSG00000185122,ENSG00000139974,SLC38A6
ENSG00000165556,ENSG00000112818,MEP1A
ENSG00000128272,ENSG00000135346,CGA
ENSG00000179284,ENSG00000035862,TIMP2
ENSG00000116478,ENSG00000141510,TP53
ENSG00000101412,ENSG00000132570,PCBD2
ENSG00000057935,ENSG00000196337,CGB7
ENSG00000177606,ENSG00000049540,ELN
ENSG00000124813,ENSG00000122861,PLAU
,ENSG00000120885,CLU
ENSG00000183770,ENSG00000096717,SIRT1
ENSG00000141646,ENSG00000130427,EPO
ENSG00000159263,ENSG00000185345,PRKN
ENSG00000111424,ENSG00000140465,CYP1A1
ENSG00000141510,ENSG00000120129,DUSP1
ENSG00000100811,ENSG00000134440,NARS1
ENSG00000136997,ENSG00000063177,RPL18
ENSG00000172819,ENSG00000120500,ARR3
ENSG00000168610,ENSG00000172936,MYD88
ENSG00000143190,ENSG00000116478,HDAC1
ENSG00000007968,ENSG00000136485,DCAF7
ENSG00000119950,ENSG00000134323,MYCN
ENSG00000141510,ENSG00000116717,GADD45A
ENSG00000101412,ENSG00000101367,MAPRE1
ENSG00000117595,ENSG00000012504,NR1H4
ENSG00000127616,ENSG00000170345,FOS
ENSG00000088305,ENSG00000075624,ACTB
ENSG00000097007,ENSG00000118689,FOXO3
ENSG00000107485,ENSG00000173930,SLCO4C1
ENSG00000173039,ENSG00000105246,EBI3
ENSG00000134954,ENSG00000251493,FOXD1
ENSG00000101412,ENSG00000127824,TUBA4A
ENSG00000136997,ENSG00000171791,BCL2
ENSG00000185591,ENSG00000121691,CAT
ENSG00000072310,ENSG00000169083,AR
ENSG00000172845,ENSG00000138448,ITGAV
ENSG00000196498,ENSG00000197888,UGT2B17
ENSG00000157557,ENSG00000111057,KRT18
ENSG00000172216,ENSG00000173432,SAA1
ENSG00000101412,ENSG00000134339,SAA2
,ENSG00000163207,IVL
ENSG00000074047,ENSG00000101384,JAG1
ENSG00000141510,ENSG00000171552,BCL2L1
ENSG00000166949,ENSG00000087365,SF3B2
ENSG00000001167,ENSG00000175197,DDIT3
ENSG00000101412,ENSG00000205362,MT1A
ENSG00000126561,ENSG00000112576,CCND3
ENSG00000136997,ENSG00000145321,GC
ENSG00000048052,ENSG00000068305,MEF2A
ENSG00000172059,ENSG00000136997,MYC
ENSG00000177606,ENSG00000138080,EMILIN1
ENSG00000100393,ENSG00000073756,PTGS2
ENSG00000091831,ENSG00000124762,CDKN1A
ENSG00000101412,ENSG00000068885,IFT80
ENSG00000140464,ENSG00000064393,HIPK2
ENSG00000157554,ENSG00000039068,CDH1
ENSG00000136997,ENSG00000060138,YBX3
ENSG00000136997,ENSG00000135776,ABCB10
ENSG00000148737,ENSG00000123999,INHA
ENSG00000141510,ENSG00000184254,ALDH1A3
,ENSG00000102081,FMR1
ENSG00000158773,ENSG00000139618,BRCA2
ENSG00000136931,ENSG00000123999,INHA
ENSG00000102145,ENSG00000123999,INHA
,ENSG00000197273,GUCA2A
ENSG00000179284,ENSG00000070019,GUCY2C
ENSG00000179284,ENSG00000140443,IGF1R
ENSG00000010818,ENSG00000204525,HLA-C
ENSG00000118513,ENSG00000074266,EED
ENSG00000007968,ENSG00000150907,FOXO1
ENSG00000100811,ENSG00000169682,SPNS1
ENSG00000169083,ENSG00000240972,MIF
ENSG00000136997,ENSG00000168906,MAT2A
ENSG00000111087,ENSG00000128590,DNAJB9
ENSG00000118513,ENSG00000156970,BUB1B
ENSG00000131759,ENSG00000111859,NEDD9
ENSG00000140009,ENSG00000070748,CHAT
ENSG00000166888,ENSG00000172057,ORMDL3
ENSG00000130816,ENSG00000148908,RGS10
ENSG00000012048,ENSG00000088247,KHSRP
ENSG00000136997,ENSG00000156471,PTDSS1
ENSG00000115966,ENSG00000176046,NUPR1
ENSG00000100811,ENSG00000110799,VWF
ENSG00000101115,ENSG00000105325,FZR1
ENSG00000170515,ENSG00000101412,E2F1
ENSG00000136997,ENSG00000132716,DCAF8
ENSG00000157557,ENSG00000128342,LIF
ENSG00000109320,ENSG00000169710,FASN
ENSG00000168610,ENSG00000137337,MDC1
ENSG00000168610,ENSG00000138685,FGF2
ENSG00000109320,ENSG00000115884,SDC1
ENSG00000020633,ENSG00000168040,FADD
ENSG00000170345,ENSG00000136997,MYC
ENSG00000196498,ENSG00000169083,AR
ENSG00000141510,ENSG00000170430,MGMT
ENSG00000109320,ENSG00000163435,ELF3
ENSG00000172845,ENSG00000001626,CFTR
ENSG00000107485,ENSG00000108786,HSD17B1
ENSG00000177606,ENSG00000109471,IL2
ENSG00000109320,ENSG00000142515,KLK3
ENSG00000175104,ENSG00000101017,CD40
ENSG00000111424,ENSG00000019186,CYP24A1
ENSG00000095794,ENSG00000117560,FASLG
ENSG00000196591,ENSG00000017427,IGF1
ENSG00000168610,ENSG00000108691,CCL2
ENSG00000126561,ENSG00000206439,TNF
ENSG00000173039,ENSG00000120738,EGR1
ENSG00000165030,ENSG00000125538,IL1B
ENSG00000107485,ENSG00000168813,ZNF507
ENSG00000168036,,
ENSG00000185591,ENSG00000115902,SLC1A4
ENSG00000033800,ENSG00000145384,FABP2
ENSG00000095794,ENSG00000100312,ACR
ENSG00000135100,ENSG00000163581,SLC2A2
ENSG00000101412,ENSG00000121481,RNF2
ENSG00000068024,ENSG00000122707,RECK
ENSG00000245848,ENSG00000124253,PCK1
ENSG00000074047,ENSG00000003402,CFLAR
ENSG00000109320,ENSG00000176884,GRIN1
ENSG00000177606,ENSG00000122861,PLAU
ENSG00000172216,ENSG00000148926,ADM
ENSG00000091831,ENSG00000173153,ESRRA
ENSG00000169083,ENSG00000007952,NOX1
ENSG00000109320,ENSG00000187094,CCK
ENSG00000163132,ENSG00000178764,ZHX2
ENSG00000172216,ENSG00000070669,ASNS
ENSG00000101412,ENSG00000187193,MT1X
ENSG00000118513,ENSG00000135069,PSAT1
ENSG00000118689,ENSG00000265972,TXNIP
ENSG00000109320,ENSG00000100311,PDGFB
ENSG00000101412,ENSG00000101109,STK4
ENSG00000148516,ENSG00000132470,ITGB4
ENSG00000177606,ENSG00000123610,TNFAIP6
ENSG00000109381,ENSG00000120156,TEK
ENSG00000118972,ENSG00000118260,CREB1
ENSG00000133111,,
ENSG00000177606,ENSG00000101654,RNMT
ENSG00000183072,ENSG00000120937,NPPB
ENSG00000105698,ENSG00000134982,APC
ENSG00000118260,ENSG00000112715,VEGFA
ENSG00000175832,ENSG00000140479,PCSK6
ENSG00000173039,ENSG00000118971,CCND2
ENSG00000100811,ENSG00000113520,IL4
ENSG00000082175,ENSG00000073756,PTGS2
ENSG00000179284,ENSG00000160013,PTGIR
ENSG00000185591,ENSG00000113580,NR3C1
ENSG00000175832,ENSG00000059377,TBXAS1
ENSG00000205250,ENSG00000106638,TBL2
ENSG00000124092,ENSG00000107262,BAG1
ENSG00000109320,ENSG00000180871,CXCR2
ENSG00000185591,ENSG00000138795,LEF1
ENSG00000143437,ENSG00000174697,LEP
ENSG00000179284,ENSG00000132639,SNAP25
ENSG00000143321,ENSG00000105325,FZR1
ENSG00000133895,ENSG00000051180,RAD51
ENSG00000118513,ENSG00000126767,ELK1
,ENSG00000110092,CCND1
ENSG00000134954,ENSG00000100284,TOM1
ENSG00000113916,ENSG00000116030,SUMO1
ENSG00000143190,ENSG00000171428,NAT1
ENSG00000136997,ENSG00000257727,CNPY2
ENSG00000131759,ENSG00000116745,RPE65
ENSG00000185591,ENSG00000178127,NDUFV2
ENSG00000111087,ENSG00000171791,BCL2
ENSG00000106462,ENSG00000197380,DACT3
ENSG00000138378,ENSG00000183255,PTTG1IP
ENSG00000111424,ENSG00000136244,IL6
ENSG00000120738,ENSG00000130164,LDLR
ENSG00000140968,ENSG00000153071,DAB2
ENSG00000101057,ENSG00000179284,DAND5
ENSG00000136997,ENSG00000117560,FASLG
ENSG00000100644,ENSG00000085563,ABCB1
,ENSG00000173638,SLC19A1
ENSG00000173039,ENSG00000166819,PLIN1
ENSG00000136997,ENSG00000108528,SLC25A11
ENSG00000066336,ENSG00000160294,MCM3AP
ENSG00000136997,ENSG00000115738,ID2
ENSG00000113580,ENSG00000146278,PNRC1
ENSG00000136997,ENSG00000005436,GCFC2
ENSG00000106459,ENSG00000108064,TFAM
ENSG00000100811,ENSG00000206527,HACD2
ENSG00000007968,ENSG00000136205,TNS3
ENSG00000112592,ENSG00000163736,PPBP
,ENSG00000164171,ITGA2
ENSG00000157554,ENSG00000085741,WNT11
ENSG00000177606,ENSG00000054983,GALC
ENSG00000124813,,
ENSG00000101412,ENSG00000069018,TRPC7
ENSG00000084093,ENSG00000157540,DYRK1A
ENSG00000136997,,
ENSG00000100811,ENSG00000075711,DLG1
ENSG00000136997,ENSG00000110700,RPS13
ENSG00000100811,ENSG00000259494,MRPL46
ENSG00000115415,ENSG00000188313,PLSCR1
ENSG00000179348,ENSG00000205208,C4orf46
ENSG00000185591,ENSG00000086991,NOX4
ENSG00000177606,ENSG00000100385,IL2RB
ENSG00000179284,ENSG00000163739,CXCL1
ENSG00000168214,ENSG00000109320,NFKB1
ENSG00000100644,ENSG00000127129,EDN2
ENSG00000109320,ENSG00000233816,IFNA13
ENSG00000173153,ENSG00000132676,DAP3
ENSG00000185591,ENSG00000118898,PPL
ENSG00000118689,ENSG00000121879,PIK3CA
ENSG00000107485,ENSG00000138081,FBXO11
ENSG00000066336,ENSG00000038945,MSR1
ENSG00000136997,ENSG00000221867,MAGEA3
ENSG00000182568,ENSG00000134460,IL2RA
ENSG00000165030,ENSG00000073756,PTGS2
ENSG00000102878,ENSG00000051180,RAD51
ENSG00000205250,ENSG00000160191,PDE9A
ENSG00000151702,ENSG00000163513,TGFBR2
ENSG00000168610,ENSG00000136244,IL6
ENSG00000169057,ENSG00000160182,TFF1
ENSG00000136997,ENSG00000183734,ASCL2
ENSG00000132170,ENSG00000196611,MMP1
ENSG00000100393,ENSG00000124762,CDKN1A
ENSG00000245848,ENSG00000121022,COPS5
ENSG00000123268,ENSG00000095380,NANS
ENSG00000136997,ENSG00000119013,NDUFB3
ENSG00000163132,ENSG00000164683,HEY1
ENSG00000107485,ENSG00000122133,PAEP
ENSG00000101412,ENSG00000167775,CD320
ENSG00000173039,ENSG00000125347,IRF1
,ENSG00000100385,IL2RB
ENSG00000125347,ENSG00000118513,MYB
ENSG00000091831,ENSG00000101200,AVP
ENSG00000101412,ENSG00000101349,PAK5
ENSG00000077092,ENSG00000064835,POU1F1
ENSG00000101076,ENSG00000158874,APOA2
ENSG00000134954,ENSG00000166200,COPS2
ENSG00000172845,ENSG00000159640,ACE
ENSG00000169083,ENSG00000085662,AKR1B1
ENSG00000171843,ENSG00000087088,BAX
ENSG00000157557,ENSG00000119535,CSF3R
ENSG00000169083,ENSG00000134588,USP26
ENSG00000260027,ENSG00000196730,DAPK1
ENSG00000141510,ENSG00000120889,TNFRSF10B
ENSG00000143390,ENSG00000204252,HLA-DOA
ENSG00000077092,ENSG00000143546,S100A8
ENSG00000206454,ENSG00000132437,DDC
ENSG00000118513,ENSG00000141384,TAF4B
ENSG00000167182,ENSG00000170458,CD14
ENSG00000118260,ENSG00000095303,PTGS1
ENSG00000084093,ENSG00000115415,STAT1
ENSG00000136997,ENSG00000095321,CRAT
ENSG00000179284,ENSG00000206075,SERPINB5
ENSG00000150907,ENSG00000120738,EGR1
ENSG00000162924,ENSG00000163739,CXCL1
ENSG00000135903,ENSG00000137776,SLTM
ENSG00000105698,ENSG00000165029,ABCA1
ENSG00000172845,ENSG00000112164,GLP1R
ENSG00000100644,ENSG00000035862,TIMP2
ENSG00000169083,ENSG00000163932,PRKCD
ENSG00000101412,ENSG00000151490,PTPRO
ENSG00000179284,ENSG00000105612,DNASE2
,ENSG00000165409,TSHR
ENSG00000134954,ENSG00000166670,MMP10
ENSG00000179284,ENSG00000178537,SLC25A20
ENSG00000139687,ENSG00000198176,TFDP1
ENSG00000072310,ENSG00000186115,CYP4F2
ENSG00000198911,ENSG00000138823,MTTP
ENSG00000185591,ENSG00000159399,HK2
ENSG00000177606,ENSG00000112116,IL17F
ENSG00000198911,ENSG00000168702,LRP1B
,ENSG00000130203,APOE
ENSG00000185591,ENSG00000170430,MGMT
ENSG00000115966,ENSG00000117560,FASLG
ENSG00000143799,ENSG00000139618,BRCA2
ENSG00000179284,ENSG00000121858,TNFSF10
ENSG00000157557,ENSG00000151702,FLI1
ENSG00000113722,ENSG00000171431,KRT20
ENSG00000115415,ENSG00000012124,CD22
,ENSG00000106211,HSPB1
ENSG00000157554,ENSG00000179776,CDH5
ENSG00000141905,ENSG00000106628,POLD2
ENSG00000007968,ENSG00000165506,DNAAF2
ENSG00000134954,ENSG00000163737,PF4
ENSG00000078900,ENSG00000112715,VEGFA
ENSG00000101412,ENSG00000137880,GCHFR
ENSG00000112242,ENSG00000147889,CDKN2A
ENSG00000102554,ENSG00000150907,FOXO1
ENSG00000185591,ENSG00000180210,F2
ENSG00000141510,ENSG00000173638,SLC19A1
ENSG00000106459,ENSG00000117118,SDHB
ENSG00000122691,ENSG00000181104,F2R
ENSG00000136997,ENSG00000106803,SEC61B
ENSG00000177606,ENSG00000108691,CCL2
ENSG00000177606,ENSG00000106366,SERPINE1
ENSG00000148737,ENSG00000171862,PTEN
ENSG00000177606,,
ENSG00000113580,ENSG00000112658,SRF
ENSG00000185630,ENSG00000165280,VCP
ENSG00000166949,ENSG00000099860,GADD45B
ENSG00000097007,ENSG00000118971,CCND2
ENSG00000111206,ENSG00000159388,BTG2
ENSG00000150907,ENSG00000118971,CCND2
ENSG00000091831,ENSG00000106459,NRF1
ENSG00000078043,ENSG00000134323,MYCN
ENSG00000074047,ENSG00000173207,CKS1B
ENSG00000116044,ENSG00000142168,SOD1
ENSG00000169083,ENSG00000162896,PIGR
ENSG00000101412,ENSG00000164938,TP53INP1
ENSG00000120738,ENSG00000169083,AR
ENSG00000106462,ENSG00000104332,SFRP1
ENSG00000136997,ENSG00000172269,DPAGT1
,ENSG00000074370,ATP2A3
ENSG00000204231,ENSG00000141582,CBX4
ENSG00000185591,ENSG00000260027,HOXB7
ENSG00000126003,ENSG00000111142,METAP2
,ENSG00000164707,SLC13A4
ENSG00000101096,ENSG00000111537,IFNG
ENSG00000109320,ENSG00000183696,UPP1
ENSG00000101412,ENSG00000166963,MAP1A
ENSG00000169083,ENSG00000159763,PIP
ENSG00000169083,ENSG00000124587,PEX6
ENSG00000136997,ENSG00000100033,PRODH
ENSG00000157557,ENSG00000102145,GATA1
ENSG00000206454,ENSG00000125378,BMP4
ENSG00000082175,ENSG00000124762,CDKN1A
ENSG00000173153,ENSG00000116544,DLGAP3
ENSG00000169083,ENSG00000074211,PPP2R2C
ENSG00000173039,ENSG00000164362,TERT
ENSG00000125952,ENSG00000140264,SERF2
ENSG00000172845,ENSG00000163513,TGFBR2
ENSG00000162924,ENSG00000121858,TNFSF10
ENSG00000168610,ENSG00000120217,CD274
ENSG00000136997,ENSG00000156136,DCK
ENSG00000165030,ENSG00000124882,EREG
ENSG00000109320,ENSG00000134339,SAA2
ENSG00000012048,ENSG00000100393,EP300
ENSG00000185591,ENSG00000102081,FMR1
ENSG00000012048,ENSG00000111276,CDKN1B
ENSG00000111087,,
ENSG00000185591,ENSG00000197273,GUCA2A
ENSG00000111206,ENSG00000105325,FZR1
,ENSG00000134595,SOX3
ENSG00000122691,ENSG00000197959,DNM3
ENSG00000154727,ENSG00000145425,RPS3A
ENSG00000100644,ENSG00000100644,HIF1A
ENSG00000109320,ENSG00000112149,CD83
ENSG00000101412,ENSG00000139197,PEX5
ENSG00000196628,ENSG00000164822,DEFA6
ENSG00000072310,ENSG00000131910,NR0B2
ENSG00000143321,ENSG00000026103,FAS
ENSG00000101412,ENSG00000288859,H2AC19
,ENSG00000206172,HBA1
ENSG00000109320,ENSG00000026025,VIM
ENSG00000119138,ENSG00000105185,PDCD5
ENSG00000171223,ENSG00000125538,IL1B
ENSG00000204371,ENSG00000196470,SIAH1
,ENSG00000160957,RECQL4
ENSG00000101412,ENSG00000140264,SERF2
ENSG00000245848,ENSG00000121053,EPX
ENSG00000101412,ENSG00000117151,CTBS
ENSG00000101076,ENSG00000241119,UGT1A9
ENSG00000266412,ENSG00000164344,KLKB1
ENSG00000096717,ENSG00000120889,TNFRSF10B
ENSG00000165556,ENSG00000242366,UGT1A8
ENSG00000172845,ENSG00000101680,LAMA1
ENSG00000111087,ENSG00000125398,SOX9
ENSG00000168036,ENSG00000138604,GLCE
ENSG00000118513,ENSG00000136425,CIB2
ENSG00000102145,ENSG00000124233,SEMG1
ENSG00000130522,ENSG00000121552,CSTA
ENSG00000172216,ENSG00000112972,HMGCS1
ENSG00000048052,ENSG00000161021,MAML1
ENSG00000169083,ENSG00000112592,TBP
ENSG00000102145,,
ENSG00000074047,ENSG00000114812,VIPR1
ENSG00000132170,ENSG00000136997,MYC
ENSG00000101412,ENSG00000160993,ALKBH4
ENSG00000205250,ENSG00000119866,BCL11A
ENSG00000025434,ENSG00000134107,BHLHE40
ENSG00000100811,ENSG00000091513,TF
ENSG00000141510,ENSG00000101966,XIAP
ENSG00000125798,ENSG00000001626,CFTR
ENSG00000101412,ENSG00000021300,PLEKHB1
ENSG00000101412,ENSG00000179218,CALR
ENSG00000131408,ENSG00000132170,PPARG
ENSG00000007372,ENSG00000134954,ETS1
ENSG00000007968,ENSG00000123349,PFDN5
ENSG00000115966,ENSG00000135318,NT5E
ENSG00000136997,ENSG00000108654,DDX5
ENSG00000172819,ENSG00000110092,CCND1
ENSG00000204103,ENSG00000100985,MMP9
ENSG00000136997,ENSG00000140374,ETFA
ENSG00000135100,ENSG00000115718,PROC
ENSG00000120738,ENSG00000100234,TIMP3
ENSG00000177606,ENSG00000140459,CYP11A1
ENSG00000179284,ENSG00000102890,ELMO3
ENSG00000118260,ENSG00000136940,PDCL
ENSG00000179284,ENSG00000163563,MNDA
ENSG00000173039,ENSG00000121594,CD80
ENSG00000130726,ENSG00000171606,ZNF274
ENSG00000068024,ENSG00000119383,PTPA
ENSG00000125347,ENSG00000164308,ERAP2
ENSG00000177606,ENSG00000136244,IL6
ENSG00000168610,ENSG00000087095,NLK
ENSG00000141510,ENSG00000138166,DUSP5
ENSG00000141905,ENSG00000169083,AR
ENSG00000109320,ENSG00000206437,LTB
ENSG00000118260,ENSG00000147437,GNRH1
ENSG00000173039,ENSG00000145777,TSLP
ENSG00000118513,ENSG00000167900,TK1
ENSG00000173039,ENSG00000262406,MMP12
ENSG00000007968,ENSG00000133884,DPF2
ENSG00000101412,ENSG00000153560,UBP1
ENSG00000179284,ENSG00000125735,TNFSF14
ENSG00000101412,ENSG00000143851,PTPN7
ENSG00000101412,ENSG00000184113,CLDN5
ENSG00000177606,ENSG00000123342,MMP19
ENSG00000115415,ENSG00000103356,EARS2
ENSG00000134852,ENSG00000123095,BHLHE41
ENSG00000101076,ENSG00000015520,NPC1L1
ENSG00000158773,ENSG00000176890,TYMS
ENSG00000169083,ENSG00000101017,CD40
ENSG00000173039,ENSG00000136634,IL10
ENSG00000112242,ENSG00000112312,GMNN
ENSG00000185591,ENSG00000120889,TNFRSF10B
ENSG00000101412,ENSG00000107890,ANKRD26
ENSG00000102145,ENSG00000087460,GNAS
ENSG00000134954,ENSG00000259207,ITGB3
ENSG00000157557,ENSG00000157554,ERG
ENSG00000143190,ENSG00000137270,GCM1
ENSG00000129514,ENSG00000138764,CCNG2
ENSG00000138795,ENSG00000196628,TCF4
ENSG00000143799,ENSG00000142166,IFNAR1
ENSG00000185591,ENSG00000140678,ITGAX
ENSG00000179284,ENSG00000100985,MMP9
ENSG00000170345,ENSG00000089250,NOS1
ENSG00000134046,ENSG00000012779,ALOX5
ENSG00000115415,ENSG00000100292,HMOX1
ENSG00000179388,ENSG00000166886,NAB2
ENSG00000118513,ENSG00000138685,FGF2
ENSG00000107485,ENSG00000172116,CD8B
ENSG00000125347,ENSG00000204267,TAP2
ENSG00000102974,,
ENSG00000175832,ENSG00000173083,HPSE
ENSG00000109819,ENSG00000110245,APOC3
ENSG00000168610,ENSG00000115386,REG1A
ENSG00000168610,ENSG00000007952,NOX1
ENSG00000148737,ENSG00000095596,CYP26A1
ENSG00000136997,ENSG00000113282,CLINT1
ENSG00000101412,ENSG00000100519,PSMC6
ENSG00000066336,ENSG00000182566,CLEC4G
ENSG00000100393,ENSG00000085563,ABCB1
ENSG00000134954,ENSG00000261371,PECAM1
ENSG00000143190,ENSG00000110777,POU2AF1
ENSG00000007968,ENSG00000142556,ZNF614
ENSG00000136997,ENSG00000160072,ATAD3B
ENSG00000172845,ENSG00000086696,HSD17B2
ENSG00000159216,ENSG00000174059,CD34
ENSG00000169083,ENSG00000172977,KAT5
ENSG00000118513,ENSG00000150593,PDCD4
ENSG00000101412,ENSG00000179091,CYC1
ENSG00000185591,ENSG00000173638,SLC19A1
ENSG00000171223,ENSG00000073756,PTGS2
ENSG00000141510,ENSG00000160957,RECQL4
ENSG00000165556,ENSG00000165376,CLDN2
ENSG00000111206,ENSG00000147889,CDKN2A
ENSG00000157554,ENSG00000106991,ENG
ENSG00000101076,ENSG00000168067,MAP4K2
ENSG00000172059,ENSG00000139515,PDX1
ENSG00000136574,ENSG00000048052,HDAC9
ENSG00000124496,ENSG00000126353,CCR7
ENSG00000131759,ENSG00000105641,SLC5A5
ENSG00000101412,ENSG00000132612,VPS4A
ENSG00000185591,ENSG00000164171,ITGA2
ENSG00000179284,ENSG00000171791,BCL2
ENSG00000169083,ENSG00000140263,SORD
ENSG00000113580,ENSG00000144852,NR1I2
ENSG00000118260,ENSG00000150281,CTF1
ENSG00000118260,ENSG00000104918,RETN
,ENSG00000115263,GCG
ENSG00000185591,ENSG00000256269,HMBS
ENSG00000169083,ENSG00000104067,TJP1
ENSG00000173039,ENSG00000142208,AKT1
ENSG00000068024,ENSG00000132670,PTPRA
ENSG00000205250,ENSG00000186480,INSIG1
ENSG00000185591,ENSG00000112759,SLC29A1
ENSG00000100906,ENSG00000109320,NFKB1
ENSG00000066336,ENSG00000150782,IL18
ENSG00000221869,ENSG00000117525,F3
ENSG00000101076,ENSG00000081051,AFP
ENSG00000136931,ENSG00000063244,U2AF2
ENSG00000141510,,
ENSG00000164736,ENSG00000115414,FN1
ENSG00000136997,ENSG00000186834,HEXIM1
ENSG00000177606,ENSG00000291237,SOD2
ENSG00000135100,ENSG00000137673,MMP7
ENSG00000118689,ENSG00000156804,FBXO32
ENSG00000173039,ENSG00000101412,E2F1
ENSG00000159216,ENSG00000125755,SYMPK
ENSG00000158773,ENSG00000121966,CXCR4
ENSG00000127528,ENSG00000166483,WEE1
ENSG00000179284,ENSG00000168906,MAT2A
ENSG00000116044,ENSG00000100983,GSS
ENSG00000187079,ENSG00000249437,NAIP
ENSG00000100811,ENSG00000017260,ATP2C1
ENSG00000143013,ENSG00000091831,ESR1
ENSG00000091831,ENSG00000167080,B4GALNT2
ENSG00000103495,ENSG00000074319,TSG101
ENSG00000173039,ENSG00000146648,EGFR
ENSG00000181449,ENSG00000258947,TUBB3
ENSG00000184486,ENSG00000142166,IFNAR1
ENSG00000205250,ENSG00000205531,NAP1L4
,ENSG00000131759,RARA
ENSG00000175387,ENSG00000137809,ITGA11
ENSG00000132170,ENSG00000206312,NOTCH4
ENSG00000185591,ENSG00000007168,PAFAH1B1
ENSG00000101412,ENSG00000197165,SULT1A2
ENSG00000101412,ENSG00000170779,CDCA4
ENSG00000185591,ENSG00000105810,CDK6
ENSG00000185591,ENSG00000168003,SLC3A2
ENSG00000116478,ENSG00000170430,MGMT
ENSG00000158773,ENSG00000263001,GTF2I
ENSG00000140009,ENSG00000160182,TFF1
ENSG00000118260,ENSG00000110680,CALCA
ENSG00000028277,ENSG00000168081,PNOC
ENSG00000143321,ENSG00000112715,VEGFA
ENSG00000118689,ENSG00000112715,VEGFA
ENSG00000112242,ENSG00000112715,VEGFA
ENSG00000066336,ENSG00000150337,FCGR1A
ENSG00000168610,ENSG00000003402,CFLAR
ENSG00000101412,ENSG00000141367,CLTC
ENSG00000130816,ENSG00000007062,PROM1
ENSG00000173039,ENSG00000108821,COL1A1
ENSG00000179284,ENSG00000073849,ST6GAL1
ENSG00000074047,ENSG00000110092,CCND1
ENSG00000169083,ENSG00000148737,TCF7L2
ENSG00000132170,ENSG00000125686,MED1
ENSG00000157554,ENSG00000104368,PLAT
ENSG00000105856,ENSG00000158517,NCF1
ENSG00000069011,ENSG00000172179,PRL
ENSG00000109320,ENSG00000073861,TBX21
ENSG00000140464,ENSG00000122025,FLT3
ENSG00000113580,ENSG00000138398,PPIG
ENSG00000078900,,
ENSG00000177606,ENSG00000075275,CELSR1
ENSG00000101412,ENSG00000185591,SP1
ENSG00000109320,ENSG00000150630,VEGFC
ENSG00000169083,ENSG00000181092,ADIPOQ
ENSG00000103495,ENSG00000157227,MMP14
ENSG00000025434,ENSG00000160179,ABCG1
ENSG00000185591,ENSG00000130203,APOE
ENSG00000173039,ENSG00000049768,FOXP3
ENSG00000245848,ENSG00000278540,ACACA
ENSG00000118513,ENSG00000091513,TF
,ENSG00000112406,HECA
ENSG00000144852,ENSG00000186204,CYP4F12
ENSG00000109320,ENSG00000087245,MMP2
ENSG00000136997,ENSG00000136573,BLK
ENSG00000185591,ENSG00000101966,XIAP
ENSG00000185591,ENSG00000106211,HSPB1
ENSG00000100811,ENSG00000160285,LSS
ENSG00000170365,ENSG00000099860,GADD45B
ENSG00000118513,ENSG00000125944,HNRNPR
ENSG00000172216,ENSG00000125538,IL1B
ENSG00000136997,ENSG00000100883,SRP54
ENSG00000136997,ENSG00000160207,HSF2BP
ENSG00000025434,ENSG00000138075,ABCG5
ENSG00000173757,ENSG00000196092,PAX5
ENSG00000205250,ENSG00000151729,SLC25A4
ENSG00000186951,ENSG00000105398,SULT2A1
ENSG00000143321,ENSG00000173511,VEGFB
ENSG00000118689,ENSG00000173511,VEGFB
ENSG00000175832,ENSG00000169429,CXCL8
ENSG00000136997,ENSG00000163681,SLMAP
ENSG00000136997,ENSG00000204642,HLA-F
ENSG00000168214,ENSG00000111276,CDKN1B
ENSG00000148737,ENSG00000113722,CDX1
ENSG00000101412,ENSG00000141543,EIF4A3
ENSG00000164611,ENSG00000117318,ID3
ENSG00000179284,ENSG00000140835,CHST4
ENSG00000125944,ENSG00000139352,ASCL1
ENSG00000158773,ENSG00000111087,GLI1
ENSG00000073282,ENSG00000148737,TCF7L2
ENSG00000136997,ENSG00000204220,PFDN6
ENSG00000185122,,
ENSG00000073282,ENSG00000134574,DDB2
ENSG00000007968,ENSG00000204256,BRD2
ENSG00000276043,ENSG00000132170,PPARG
ENSG00000185591,ENSG00000170961,HAS2
ENSG00000118217,ENSG00000133318,RTN3
ENSG00000136997,ENSG00000175592,FOSL1
ENSG00000164104,ENSG00000165702,GFI1B
ENSG00000130522,ENSG00000105329,TGFB1
ENSG00000048052,ENSG00000112406,HECA
ENSG00000166949,ENSG00000162772,ATF3
ENSG00000185591,ENSG00000074370,ATP2A3
ENSG00000205250,ENSG00000113558,SKP1
ENSG00000135100,ENSG00000159176,CSRP1
ENSG00000185591,ENSG00000164707,SLC13A4
ENSG00000120738,ENSG00000006638,TBXA2R
ENSG00000091831,ENSG00000206075,SERPINB5
ENSG00000077092,ENSG00000163220,S100A9
ENSG00000170345,ENSG00000181019,NQO1
ENSG00000162367,ENSG00000118513,MYB
,ENSG00000173762,CD7
ENSG00000172845,ENSG00000179776,CDH5
ENSG00000113916,ENSG00000061273,HDAC7
ENSG00000135100,ENSG00000187758,ADH1A
ENSG00000177606,ENSG00000140538,NTRK3
ENSG00000245848,ENSG00000005844,ITGAL
ENSG00000104884,ENSG00000136936,XPA
ENSG00000136997,ENSG00000008952,SEC62
ENSG00000132382,ENSG00000168878,SFTPB
ENSG00000185591,ENSG00000134595,SOX3
ENSG00000171720,ENSG00000121966,CXCR4
ENSG00000172845,ENSG00000203782,LORICRIN
ENSG00000179284,ENSG00000117560,FASLG
ENSG00000169083,ENSG00000110092,CCND1
ENSG00000179348,ENSG00000092964,DPYSL2
ENSG00000186350,ENSG00000113302,IL12B
ENSG00000134323,ENSG00000179776,CDH5
ENSG00000142082,ENSG00000118689,FOXO3
ENSG00000007968,ENSG00000062716,VMP1
ENSG00000141510,ENSG00000057657,PRDM1
ENSG00000198646,ENSG00000170345,FOS
ENSG00000135100,ENSG00000079112,CDH17
ENSG00000179284,ENSG00000102349,KLF8
ENSG00000185591,ENSG00000224389,C4B
ENSG00000136997,ENSG00000125508,SRMS
ENSG00000185591,ENSG00000225921,NOL7
ENSG00000116833,ENSG00000070019,GUCY2C
ENSG00000170581,ENSG00000140464,PML
ENSG00000173039,ENSG00000002330,BAD
ENSG00000065978,ENSG00000123975,CKS2
ENSG00000132170,ENSG00000118777,ABCG2
ENSG00000141510,ENSG00000166851,PLK1
ENSG00000106546,ENSG00000197408,CYP2B6
ENSG00000179284,ENSG00000138622,HCN4
ENSG00000071564,ENSG00000166349,RAG1
ENSG00000101412,,
ENSG00000136997,ENSG00000136908,DPM2
ENSG00000171223,ENSG00000124762,CDKN1A
ENSG00000185591,ENSG00000160957,RECQL4
ENSG00000175832,ENSG00000196611,MMP1
ENSG00000120738,ENSG00000090534,THPO
ENSG00000171720,ENSG00000263001,GTF2I
ENSG00000074047,ENSG00000185920,PTCH1
ENSG00000118513,ENSG00000164163,ABCE1
ENSG00000136997,ENSG00000119878,CRIPT
ENSG00000159184,ENSG00000109321,AREG
ENSG00000173039,ENSG00000124391,IL17C
ENSG00000101412,ENSG00000062822,POLD1
ENSG00000135903,ENSG00000092964,DPYSL2
ENSG00000185591,ENSG00000114638,UPK1B
ENSG00000166949,ENSG00000166167,BTRC
ENSG00000115966,ENSG00000204642,HLA-F
ENSG00000179284,ENSG00000139219,COL2A1
ENSG00000012048,ENSG00000134363,FST
ENSG00000138378,ENSG00000111537,IFNG
ENSG00000169083,ENSG00000101871,MID1
ENSG00000095794,ENSG00000170345,FOS
ENSG00000136997,ENSG00000112208,BAG2
ENSG00000125398,ENSG00000080166,DCT
ENSG00000143321,ENSG00000115593,SMYD1
ENSG00000164093,ENSG00000105989,WNT2
ENSG00000196367,ENSG00000118971,CCND2
ENSG00000125798,ENSG00000039068,CDH1
ENSG00000066336,ENSG00000140678,ITGAX
ENSG00000185591,ENSG00000261701,HPR
ENSG00000179284,ENSG00000125398,SOX9
ENSG00000172216,ENSG00000073756,PTGS2
ENSG00000091831,ENSG00000150347,ARID5B
ENSG00000100393,ENSG00000132646,PCNA
ENSG00000136997,ENSG00000135446,CDK4
ENSG00000179284,ENSG00000146674,IGFBP3
ENSG00000181449,ENSG00000108846,ABCC3
ENSG00000187140,ENSG00000077274,CAPN6
ENSG00000130816,ENSG00000136574,GATA4
ENSG00000169083,ENSG00000081181,ARG2
ENSG00000109320,ENSG00000153094,BCL2L11
,ENSG00000124762,CDKN1A
ENSG00000124827,ENSG00000152266,PTH
ENSG00000107807,ENSG00000022267,FHL1
ENSG00000205250,ENSG00000093009,CDC45
ENSG00000101412,ENSG00000147256,ARHGAP36
ENSG00000135100,ENSG00000171759,PAH
ENSG00000144852,ENSG00000138109,CYP2C9
ENSG00000101412,ENSG00000093072,ADA2
ENSG00000136997,ENSG00000100097,LGALS1
ENSG00000072310,ENSG00000112972,HMGCS1
ENSG00000169083,ENSG00000163536,SERPINI1
ENSG00000049618,,
ENSG00000185591,ENSG00000138356,AOX1
ENSG00000091831,,
ENSG00000157557,ENSG00000172465,TCEAL1
ENSG00000141905,ENSG00000213218,CSH2
ENSG00000101412,ENSG00000169618,PROKR1
ENSG00000104365,ENSG00000026508,CD44
ENSG00000175832,ENSG00000116711,PLA2G4A
ENSG00000179284,ENSG00000203857,HSD3B1
,ENSG00000197632,SERPINB2
ENSG00000173039,ENSG00000188257,PLA2G2A
ENSG00000197063,ENSG00000076242,MLH1
ENSG00000019549,ENSG00000170558,CDH2
ENSG00000111653,ENSG00000110092,CCND1
ENSG00000141510,ENSG00000169679,BUB1
ENSG00000158773,ENSG00000100823,APEX1
ENSG00000066336,ENSG00000164171,ITGA2
ENSG00000101076,ENSG00000138115,CYP2C8
ENSG00000140968,ENSG00000017427,IGF1
ENSG00000168610,ENSG00000099985,OSM
ENSG00000111206,ENSG00000112715,VEGFA
ENSG00000101412,ENSG00000170515,PA2G4
ENSG00000123268,,
ENSG00000004848,ENSG00000168779,SHOX2
ENSG00000213928,ENSG00000140464,PML
ENSG00000055118,ENSG00000026025,VIM
ENSG00000073282,ENSG00000012048,BRCA1
ENSG00000136997,ENSG00000173334,TRIB1
ENSG00000123268,ENSG00000110680,CALCA
ENSG00000105856,ENSG00000136997,MYC
ENSG00000111087,ENSG00000118785,SPP1
ENSG00000121068,ENSG00000147889,CDKN2A
ENSG00000101096,ENSG00000164362,TERT
ENSG00000184481,ENSG00000100644,HIF1A
ENSG00000134954,ENSG00000118513,MYB
ENSG00000118260,ENSG00000111537,IFNG
ENSG00000124813,ENSG00000159763,PIP
ENSG00000172819,ENSG00000029559,IBSP
ENSG00000144852,ENSG00000106100,NOD1
ENSG00000179284,ENSG00000135318,NT5E
ENSG00000101412,ENSG00000100867,DHRS2
ENSG00000245848,ENSG00000081051,AFP
ENSG00000100644,ENSG00000132970,WASF3
ENSG00000128272,ENSG00000162733,DDR2
ENSG00000185591,ENSG00000158773,USF1
ENSG00000101412,ENSG00000239839,DEFA3
ENSG00000184486,ENSG00000135903,PAX3
ENSG00000061273,ENSG00000130402,ACTN4
ENSG00000107485,ENSG00000171940,ZNF217
ENSG00000010030,ENSG00000157557,ETS2
ENSG00000006468,ENSG00000169083,AR
ENSG00000111206,ENSG00000173511,VEGFB
ENSG00000101412,ENSG00000110721,CHKA
ENSG00000001167,ENSG00000118971,CCND2
ENSG00000157554,ENSG00000177606,JUN
ENSG00000105698,ENSG00000120129,DUSP1
ENSG00000001167,ENSG00000149809,TM7SF2
ENSG00000179284,ENSG00000129991,TNNI3
ENSG00000168610,ENSG00000101017,CD40
ENSG00000157514,ENSG00000118689,FOXO3
ENSG00000205250,ENSG00000105011,ASF1B
ENSG00000102349,ENSG00000026025,VIM
ENSG00000177606,ENSG00000143437,ARNT
ENSG00000167986,ENSG00000147889,CDKN2A
ENSG00000113580,ENSG00000107018,RLN1
ENSG00000101412,ENSG00000248333,CDK11B
ENSG00000134852,ENSG00000049246,PER3
ENSG00000177606,ENSG00000247596,TWF2
ENSG00000109320,ENSG00000226979,LTA
ENSG00000196712,ENSG00000186652,PRG2
ENSG00000132170,ENSG00000079435,LIPE
ENSG00000139083,ENSG00000124762,CDKN1A
ENSG00000176046,ENSG00000141510,TP53
ENSG00000136997,ENSG00000163950,SLBP
ENSG00000068305,ENSG00000166484,MAPK7
ENSG00000185591,ENSG00000158473,CD1D
ENSG00000179284,ENSG00000156136,DCK
ENSG00000109320,ENSG00000001626,CFTR
ENSG00000132170,ENSG00000197930,ERO1A
ENSG00000173757,ENSG00000134352,IL6ST
ENSG00000185591,ENSG00000077150,NFKB2
ENSG00000115966,ENSG00000010704,HFE
ENSG00000157557,ENSG00000134954,ETS1
ENSG00000048052,ENSG00000044574,HSPA5
ENSG00000196591,ENSG00000105325,FZR1
ENSG00000116478,ENSG00000160182,TFF1
ENSG00000185129,ENSG00000026103,FAS
ENSG00000179284,ENSG00000010310,GIPR
ENSG00000106546,ENSG00000138061,CYP1B1
ENSG00000169297,ENSG00000185630,PBX1
ENSG00000118689,,
ENSG00000118689,ENSG00000106829,TLE4
ENSG00000136997,ENSG00000053371,AKR7A2
ENSG00000172216,ENSG00000163629,PTPN13
ENSG00000118260,ENSG00000122641,INHBA
ENSG00000111087,ENSG00000185338,SOCS1
ENSG00000144852,ENSG00000167207,NOD2
ENSG00000141510,ENSG00000072518,MARK2
ENSG00000118260,ENSG00000105641,SLC5A5
ENSG00000136997,ENSG00000119725,ZNF410
ENSG00000245848,ENSG00000196616,ADH1B
ENSG00000169083,ENSG00000103152,MPG
ENSG00000057657,ENSG00000132646,PCNA
ENSG00000168310,ENSG00000164308,ERAP2
ENSG00000182979,ENSG00000204371,EHMT2
ENSG00000141646,ENSG00000078401,EDN1
ENSG00000166949,ENSG00000084674,APOB
,ENSG00000171862,PTEN
ENSG00000185591,ENSG00000163631,ALB
ENSG00000136997,ENSG00000220205,VAMP2
ENSG00000124151,ENSG00000170965,PLAC1
,ENSG00000241106,HLA-DOB
ENSG00000110711,ENSG00000196208,GREB1
ENSG00000126561,ENSG00000179284,DAND5
ENSG00000196591,ENSG00000164692,COL1A2
ENSG00000107485,ENSG00000196611,MMP1
ENSG00000109320,ENSG00000149294,NCAM1
ENSG00000136997,ENSG00000265241,RBM8A
ENSG00000123268,ENSG00000198400,NTRK1
ENSG00000141510,ENSG00000273841,TAF9
ENSG00000181449,ENSG00000106571,GLI3
ENSG00000198911,ENSG00000185813,PCYT2
ENSG00000136997,ENSG00000085377,PREP
ENSG00000140464,,
ENSG00000091831,ENSG00000171791,BCL2
ENSG00000196712,ENSG00000136997,MYC
ENSG00000118260,ENSG00000176894,PXMP2
,ENSG00000011422,PLAUR
ENSG00000172845,ENSG00000038274,MAT2B
ENSG00000141510,ENSG00000189046,ALKBH2
ENSG00000143190,ENSG00000137947,GTF2B
ENSG00000179284,ENSG00000152818,UTRN
ENSG00000128272,ENSG00000168610,STAT3
ENSG00000109320,ENSG00000169876,MUC17
ENSG00000115966,ENSG00000170345,FOS
ENSG00000257923,ENSG00000161800,RACGAP1
ENSG00000101412,ENSG00000128311,TST
ENSG00000136997,ENSG00000111679,PTPN6
ENSG00000177606,ENSG00000165474,GJB2
ENSG00000173039,ENSG00000078401,EDN1
ENSG00000136997,ENSG00000159263,SIM2
ENSG00000135100,ENSG00000099194,SCD
ENSG00000134954,ENSG00000135679,MDM2
ENSG00000171720,ENSG00000137270,GCM1
ENSG00000105698,,
ENSG00000245848,ENSG00000257017,HP
ENSG00000074047,ENSG00000204262,COL5A2
ENSG00000172216,ENSG00000124762,CDKN1A
ENSG00000100811,ENSG00000148291,SURF2
ENSG00000173039,ENSG00000181374,CCL13
ENSG00000116478,ENSG00000077092,RARB
ENSG00000147596,ENSG00000206454,POU5F1
ENSG00000007968,ENSG00000130881,LRP3
ENSG00000172845,ENSG00000118137,APOA1
ENSG00000205250,ENSG00000185650,ZFP36L1
ENSG00000112033,ENSG00000102265,TIMP1
ENSG00000136997,ENSG00000101224,CDC25B
ENSG00000111087,ENSG00000123095,BHLHE41
ENSG00000177606,ENSG00000111012,CYP27B1
ENSG00000186951,ENSG00000126561,STAT5A
ENSG00000186951,ENSG00000120053,GOT1
ENSG00000102145,ENSG00000158578,ALAS2
ENSG00000116478,ENSG00000148908,RGS10
ENSG00000170345,ENSG00000134954,ETS1
ENSG00000172845,ENSG00000104368,PLAT
ENSG00000105991,ENSG00000128311,TST
ENSG00000137309,ENSG00000122691,TWIST1
ENSG00000100811,ENSG00000196188,CTSE
ENSG00000136997,,
ENSG00000101076,ENSG00000198610,AKR1C4
ENSG00000122691,ENSG00000168283,BMI1
ENSG00000005339,ENSG00000132274,TRIM22
ENSG00000118513,ENSG00000174417,TRHR
ENSG00000101412,ENSG00000166900,STX3
ENSG00000134954,ENSG00000010610,CD4
ENSG00000149311,ENSG00000196132,MYT1
ENSG00000100644,ENSG00000115738,ID2
ENSG00000179284,ENSG00000164733,CTSB
ENSG00000100811,ENSG00000147050,KDM6A
ENSG00000147274,ENSG00000130522,JUND
ENSG00000179284,ENSG00000161031,PGLYRP2
ENSG00000143799,ENSG00000143819,EPHX1
ENSG00000182568,ENSG00000171791,BCL2
ENSG00000170345,ENSG00000134259,NGF
ENSG00000185591,ENSG00000173762,CD7
ENSG00000101096,ENSG00000179388,EGR3
ENSG00000105698,ENSG00000102081,FMR1
,ENSG00000111012,CYP27B1
ENSG00000136997,ENSG00000143575,HAX1
ENSG00000131759,,
ENSG00000141646,ENSG00000101076,HNF4A
ENSG00000162367,ENSG00000128918,ALDH1A2
ENSG00000007968,ENSG00000147889,CDKN2A
ENSG00000118260,ENSG00000048392,RRM2B
ENSG00000136997,ENSG00000100142,POLR2F
ENSG00000116478,ENSG00000160957,RECQL4
ENSG00000168066,ENSG00000169297,NR0B1
ENSG00000138795,ENSG00000197561,ELANE
ENSG00000130522,ENSG00000007171,NOS2
ENSG00000141510,ENSG00000072274,TFRC
ENSG00000143257,ENSG00000197408,CYP2B6
ENSG00000179284,ENSG00000271503,CCL5
ENSG00000169083,ENSG00000109819,PPARGC1A
ENSG00000136997,ENSG00000143761,ARF1
ENSG00000122034,ENSG00000115415,STAT1
ENSG00000136997,ENSG00000112667,DNPH1
ENSG00000184481,ENSG00000121858,TNFSF10
ENSG00000141510,ENSG00000171862,PTEN
ENSG00000101412,ENSG00000092470,WDR76
ENSG00000066336,ENSG00000179639,FCER1A
ENSG00000101412,ENSG00000134057,CCNB1
ENSG00000185591,ENSG00000069667,RORA
ENSG00000154727,ENSG00000180914,OXTR
ENSG00000118503,ENSG00000177606,JUN
ENSG00000173039,ENSG00000022556,NLRP2
ENSG00000101412,,
ENSG00000119772,ENSG00000206454,POU5F1
ENSG00000115415,ENSG00000141510,TP53
ENSG00000118260,ENSG00000120738,EGR1
ENSG00000170345,ENSG00000175206,NPPA
ENSG00000162924,ENSG00000133216,EPHB2
ENSG00000077150,ENSG00000174175,SELP
ENSG00000104884,ENSG00000141510,TP53
ENSG00000101412,ENSG00000249437,NAIP
ENSG00000185591,ENSG00000137809,ITGA11
ENSG00000129514,ENSG00000168878,SFTPB
ENSG00000140009,ENSG00000148300,REXO4
ENSG00000121774,ENSG00000169083,AR
ENSG00000136997,ENSG00000176102,CSTF3
ENSG00000111704,ENSG00000164045,CDC25A
ENSG00000101412,ENSG00000167633,KIR3DL1
ENSG00000007372,ENSG00000115263,GCG
ENSG00000168610,ENSG00000136689,IL1RN
ENSG00000102145,ENSG00000005961,ITGA2B
ENSG00000136997,ENSG00000206457,CCHCR1
ENSG00000101665,ENSG00000164692,COL1A2
ENSG00000101412,ENSG00000173825,TIGD3
ENSG00000136997,ENSG00000113356,POLR3G
ENSG00000059728,ENSG00000115758,ODC1
ENSG00000101412,ENSG00000080839,RBL1
ENSG00000115966,ENSG00000181195,PENK
ENSG00000185591,ENSG00000123358,NR4A1
,,
ENSG00000101096,ENSG00000049768,FOXP3
ENSG00000143190,ENSG00000134460,IL2RA
ENSG00000101412,ENSG00000090861,AARS1
ENSG00000168610,ENSG00000110092,CCND1
ENSG00000100393,ENSG00000100985,MMP9
ENSG00000131408,ENSG00000134107,BHLHE40
ENSG00000064490,ENSG00000198502,HLA-DRB5
ENSG00000173039,ENSG00000110799,VWF
ENSG00000165030,ENSG00000121858,TNFSF10
ENSG00000107485,ENSG00000136997,MYC
ENSG00000162924,ENSG00000271503,CCL5
ENSG00000205250,ENSG00000124098,FAM210B
ENSG00000132170,ENSG00000168515,SCGB1D1
ENSG00000125686,ENSG00000169083,AR
ENSG00000074047,ENSG00000169710,FASN
ENSG00000157557,ENSG00000177731,FLII
ENSG00000064393,ENSG00000112715,VEGFA
ENSG00000091831,ENSG00000153162,BMP6
ENSG00000100811,ENSG00000168066,SF1
ENSG00000175387,ENSG00000101665,SMAD7
ENSG00000173039,ENSG00000109471,IL2
ENSG00000116833,ENSG00000203859,HSD3B2
ENSG00000169083,ENSG00000029559,IBSP
ENSG00000158773,ENSG00000073756,PTGS2
ENSG00000143190,ENSG00000123496,IL13RA2
ENSG00000169083,ENSG00000131759,RARA
ENSG00000136931,ENSG00000104899,AMH
ENSG00000171843,ENSG00000111319,SCNN1A
ENSG00000132170,ENSG00000099860,GADD45B
ENSG00000138378,ENSG00000125347,IRF1
ENSG00000100811,ENSG00000196591,HDAC2
ENSG00000077092,ENSG00000171345,KRT19
ENSG00000118260,ENSG00000129514,FOXA1
ENSG00000185591,ENSG00000197632,SERPINB2
ENSG00000173039,ENSG00000122861,PLAU
ENSG00000129152,ENSG00000113070,HBEGF
ENSG00000129351,ENSG00000196735,HLA-DQA1
ENSG00000101412,ENSG00000171487,NLRP5
ENSG00000260596,ENSG00000164683,HEY1
ENSG00000136997,ENSG00000175324,LSM1
ENSG00000136931,ENSG00000137869,CYP19A1
ENSG00000101412,ENSG00000114491,UMPS
ENSG00000072310,ENSG00000073756,PTGS2
ENSG00000101412,ENSG00000071794,HLTF
ENSG00000078900,ENSG00000111424,VDR
ENSG00000185591,ENSG00000105205,CLC
ENSG00000100644,ENSG00000135318,NT5E
ENSG00000116044,ENSG00000291237,SOD2
ENSG00000123268,ENSG00000122641,INHBA
ENSG00000143190,ENSG00000180104,EXOC3
ENSG00000101412,ENSG00000179776,CDH5
ENSG00000185591,ENSG00000138821,SLC39A8
ENSG00000150907,ENSG00000078401,EDN1
ENSG00000221869,ENSG00000185630,PBX1
ENSG00000120738,ENSG00000100823,APEX1
ENSG00000187098,ENSG00000132386,SERPINF1
ENSG00000007968,ENSG00000183665,TRMT12
ENSG00000115415,ENSG00000087088,BAX
ENSG00000197576,ENSG00000180176,TH
ENSG00000125347,ENSG00000106809,OGN
ENSG00000141510,ENSG00000177551,NHLH2
ENSG00000104884,ENSG00000087088,BAX
ENSG00000168066,ENSG00000113649,TCERG1
ENSG00000179284,ENSG00000012223,LTF
ENSG00000100811,ENSG00000163207,IVL
ENSG00000179284,ENSG00000090382,LYZ
ENSG00000141510,ENSG00000142627,EPHA2
ENSG00000066336,ENSG00000130508,PXDN
ENSG00000107485,ENSG00000153250,RBMS1
ENSG00000185591,ENSG00000127666,TICAM1
ENSG00000118503,ENSG00000109320,NFKB1
ENSG00000177606,ENSG00000163207,IVL
ENSG00000173039,ENSG00000064012,CASP8
ENSG00000141448,ENSG00000153071,DAB2
ENSG00000111704,ENSG00000075388,FGF4
ENSG00000106689,ENSG00000064835,POU1F1
ENSG00000105698,ENSG00000173638,SLC19A1
ENSG00000007968,ENSG00000047634,SCML1
ENSG00000125618,,
ENSG00000173039,ENSG00000113520,IL4
ENSG00000168066,ENSG00000115524,SF3B1
ENSG00000179284,ENSG00000118785,SPP1
ENSG00000184895,ENSG00000007062,PROM1
ENSG00000116478,ENSG00000158473,CD1D
ENSG00000245848,ENSG00000138755,CXCL9
ENSG00000136997,ENSG00000101911,PRPS2
ENSG00000117139,ENSG00000154342,WNT3A
ENSG00000109320,ENSG00000079385,CEACAM1
ENSG00000126456,ENSG00000271503,CCL5
ENSG00000163848,ENSG00000184502,GAST
ENSG00000007968,ENSG00000066382,MPPED2
ENSG00000071794,ENSG00000128731,HERC2
ENSG00000136997,ENSG00000139684,ESD
ENSG00000101412,ENSG00000107643,MAPK8
ENSG00000106546,ENSG00000140465,CYP1A1
ENSG00000205250,ENSG00000090006,LTBP4
ENSG00000007968,ENSG00000112312,GMNN
ENSG00000196092,ENSG00000115641,FHL2
ENSG00000105856,ENSG00000102145,GATA1
ENSG00000007968,ENSG00000076864,RAP1GAP
ENSG00000172216,ENSG00000166949,SMAD3
ENSG00000082175,ENSG00000107262,BAG1
ENSG00000276043,ENSG00000112715,VEGFA
ENSG00000205250,ENSG00000163781,TOPBP1
ENSG00000105698,ENSG00000169598,DFFB
ENSG00000139687,ENSG00000120708,TGFBI
ENSG00000114166,ENSG00000131914,LIN28A
ENSG00000131759,ENSG00000102038,SMARCA1
ENSG00000071564,ENSG00000010610,CD4
ENSG00000084093,ENSG00000176697,BDNF
ENSG00000169083,ENSG00000169710,FASN
ENSG00000136997,,
ENSG00000186951,ENSG00000105329,TGFB1
ENSG00000147274,ENSG00000047936,ROS1
ENSG00000091831,ENSG00000157150,TIMP4
ENSG00000169083,ENSG00000096060,FKBP5
ENSG00000101412,ENSG00000275342,PRAG1
ENSG00000169083,ENSG00000163435,ELF3
,ENSG00000087245,MMP2
ENSG00000109320,ENSG00000039068,CDH1
ENSG00000169083,ENSG00000142515,KLK3
ENSG00000165556,ENSG00000179284,DAND5
ENSG00000111087,ENSG00000163220,S100A9
ENSG00000136997,ENSG00000075142,SRI
ENSG00000169375,ENSG00000164344,KLKB1
ENSG00000175832,ENSG00000151702,FLI1
ENSG00000186951,ENSG00000109424,UCP1
ENSG00000067082,ENSG00000104763,ASAH1
ENSG00000169083,ENSG00000172115,CYCS
ENSG00000185591,ENSG00000007062,PROM1
ENSG00000118263,ENSG00000164707,SLC13A4
ENSG00000101412,ENSG00000175895,PLEKHF2
ENSG00000170365,ENSG00000084674,APOB
ENSG00000105698,ENSG00000092969,TGFB2
ENSG00000065978,ENSG00000117399,CDC20
ENSG00000162924,ENSG00000182393,IFNL1
ENSG00000172216,ENSG00000085563,ABCB1
ENSG00000075426,ENSG00000118513,MYB
ENSG00000136997,ENSG00000100060,MFNG
ENSG00000091831,ENSG00000106803,SEC61B
ENSG00000020633,ENSG00000213918,DNASE1
ENSG00000112033,ENSG00000112715,VEGFA
ENSG00000101057,ENSG00000118513,MYB
ENSG00000091831,ENSG00000135318,NT5E
ENSG00000080839,ENSG00000012048,BRCA1
ENSG00000074047,ENSG00000141232,TOB1
ENSG00000185591,ENSG00000171862,PTEN
ENSG00000186951,ENSG00000134240,HMGCS2
ENSG00000244405,ENSG00000090339,ICAM1
ENSG00000125398,ENSG00000109705,NKX3-2
ENSG00000138795,ENSG00000125084,WNT1
ENSG00000185591,ENSG00000160255,ITGB2
ENSG00000136931,ENSG00000160882,CYP11B1
ENSG00000101076,ENSG00000129214,SHBG
ENSG00000132170,ENSG00000042980,ADAM28
ENSG00000185591,ENSG00000281861,SLC9A3
ENSG00000141510,ENSG00000102755,FLT1
ENSG00000151702,ENSG00000088053,GP6
ENSG00000082175,ENSG00000171791,BCL2
ENSG00000179284,ENSG00000185338,SOCS1
ENSG00000106462,ENSG00000134982,APC
ENSG00000108924,ENSG00000159216,RUNX1
ENSG00000101412,ENSG00000101442,ACTR5
ENSG00000169083,ENSG00000164162,ANAPC10
ENSG00000001167,ENSG00000101412,E2F1
ENSG00000179284,ENSG00000112208,BAG2
ENSG00000136997,ENSG00000112118,MCM3
,ENSG00000101856,PGRMC1
ENSG00000124766,ENSG00000149294,NCAM1
ENSG00000185591,ENSG00000011422,PLAUR
ENSG00000134954,ENSG00000186431,FCAR
ENSG00000105698,ENSG00000130203,APOE
ENSG00000113580,ENSG00000095303,PTGS1
ENSG00000103479,ENSG00000012048,BRCA1
ENSG00000179284,ENSG00000135446,CDK4
ENSG00000165556,ENSG00000115850,LCT
ENSG00000123268,ENSG00000120738,EGR1
ENSG00000169083,ENSG00000105991,HOXA1
ENSG00000012048,ENSG00000136997,MYC
ENSG00000173039,ENSG00000140465,CYP1A1
ENSG00000173039,ENSG00000169245,CXCL10
ENSG00000101412,ENSG00000163938,GNL3
ENSG00000128272,ENSG00000242252,BGLAP
ENSG00000175745,ENSG00000158874,APOA2
ENSG00000141646,ENSG00000108691,CCL2
ENSG00000136997,ENSG00000083845,RPS5
ENSG00000141646,ENSG00000106366,SERPINE1
ENSG00000178919,ENSG00000074319,TSG101
ENSG00000136997,ENSG00000134900,TPP2
ENSG00000179284,ENSG00000138131,LOXL4
ENSG00000179284,ENSG00000145824,CXCL14
ENSG00000105722,ENSG00000152818,UTRN
ENSG00000131408,ENSG00000160179,ABCG1
ENSG00000136997,ENSG00000011304,PTBP1
ENSG00000179348,ENSG00000105371,ICAM4
ENSG00000177551,ENSG00000139352,ASCL1
ENSG00000110693,ENSG00000110092,CCND1
,ENSG00000205517,RGL3
ENSG00000105698,ENSG00000171560,FGA
ENSG00000125798,ENSG00000118137,APOA1
ENSG00000185591,ENSG00000070031,SCT
ENSG00000104903,ENSG00000157554,ERG
ENSG00000136997,ENSG00000082701,GSK3B
ENSG00000169083,ENSG00000089356,FXYD3
ENSG00000131408,ENSG00000138075,ABCG5
ENSG00000177606,ENSG00000110092,CCND1
ENSG00000126456,ENSG00000182393,IFNL1
ENSG00000084093,ENSG00000085063,CD59
ENSG00000141905,ENSG00000130988,RGN
ENSG00000175832,ENSG00000157557,ETS2
ENSG00000012048,ENSG00000111057,KRT18
,ENSG00000130037,KCNA5
ENSG00000131759,ENSG00000087237,CETP
ENSG00000136997,ENSG00000131051,RBM39
ENSG00000048052,ENSG00000173039,RELA
ENSG00000135373,ENSG00000146038,DCDC2
ENSG00000196591,ENSG00000112715,VEGFA
ENSG00000136997,ENSG00000160221,GATD3
ENSG00000185591,ENSG00000160870,CYP3A7
ENSG00000100811,ENSG00000204568,MRPS18B
ENSG00000185591,ENSG00000124588,NQO2
ENSG00000136997,ENSG00000108064,TFAM
ENSG00000169083,ENSG00000168036,CTNNB1
ENSG00000173039,ENSG00000108691,CCL2
ENSG00000141510,ENSG00000113328,CCNG1
,ENSG00000101412,E2F1
ENSG00000173039,ENSG00000106366,SERPINE1
ENSG00000141510,ENSG00000156508,EEF1A1
ENSG00000074047,ENSG00000168421,RHOH
ENSG00000010030,ENSG00000134954,ETS1
ENSG00000132170,ENSG00000100292,HMOX1
ENSG00000185591,ENSG00000135917,SLC19A3
ENSG00000157554,ENSG00000160180,TFF3
ENSG00000111087,ENSG00000167779,IGFBP6
ENSG00000185591,ENSG00000161011,SQSTM1
ENSG00000165588,ENSG00000138764,CCNG2
ENSG00000012048,ENSG00000089558,KCNH4
ENSG00000100644,ENSG00000130234,ACE2
ENSG00000077092,ENSG00000143320,CRABP2
ENSG00000172845,ENSG00000109320,NFKB1
ENSG00000169083,ENSG00000188321,ZNF559
ENSG00000012504,ENSG00000203859,HSD3B2
ENSG00000136997,ENSG00000096717,SIRT1
ENSG00000182568,ENSG00000113525,IL5
ENSG00000136997,ENSG00000177105,RHOG
ENSG00000166949,ENSG00000137834,SMAD6
ENSG00000118513,ENSG00000115685,PPP1R7
ENSG00000009950,ENSG00000265972,TXNIP
ENSG00000100811,ENSG00000012048,BRCA1
ENSG00000141510,ENSG00000113722,CDX1
ENSG00000179284,ENSG00000170345,FOS
ENSG00000148737,ENSG00000145604,SKP2
ENSG00000175832,ENSG00000051180,RAD51
ENSG00000075426,ENSG00000135679,MDM2
ENSG00000175387,ENSG00000136352,NKX2-1
ENSG00000120738,ENSG00000196557,CACNA1H
ENSG00000257923,ENSG00000117322,CR2
ENSG00000166949,ENSG00000142871,CCN1
ENSG00000106546,ENSG00000136244,IL6
ENSG00000100393,ENSG00000146674,IGFBP3
ENSG00000068024,ENSG00000137745,MMP13
ENSG00000177606,ENSG00000012048,BRCA1
ENSG00000172216,ENSG00000070019,GUCY2C
ENSG00000131759,ENSG00000102034,ELF4
ENSG00000102145,ENSG00000129951,PLPPR3
ENSG00000123576,ENSG00000133703,KRAS
ENSG00000168610,ENSG00000138684,IL21
ENSG00000112592,ENSG00000187772,LIN28B
ENSG00000109320,ENSG00000134057,CCNB1
ENSG00000075891,,
ENSG00000185591,ENSG00000176919,C8G
ENSG00000141510,ENSG00000121152,NCAPH
ENSG00000126561,ENSG00000166200,COPS2
ENSG00000205250,ENSG00000060491,OGFR
ENSG00000134954,ENSG00000143839,REN
ENSG00000136997,ENSG00000163104,SMARCAD1
ENSG00000136997,ENSG00000149311,ATM
ENSG00000185591,ENSG00000125148,MT2A
ENSG00000007968,ENSG00000120162,MOB3B
ENSG00000136997,ENSG00000113657,DPYSL3
ENSG00000118260,,
,ENSG00000149591,TAGLN
ENSG00000185591,ENSG00000130522,JUND
ENSG00000165588,ENSG00000007372,PAX6
ENSG00000066336,ENSG00000105205,CLC
ENSG00000082175,ENSG00000184500,PROS1
ENSG00000109320,ENSG00000127191,TRAF2
ENSG00000177606,ENSG00000160200,CBS
ENSG00000172845,ENSG00000106258,CYP3A5
ENSG00000101412,ENSG00000175470,PPP2R2D
ENSG00000176046,ENSG00000171552,BCL2L1
ENSG00000113916,ENSG00000141510,TP53
ENSG00000105698,ENSG00000179639,FCER1A
ENSG00000025434,ENSG00000135218,CD36
ENSG00000115415,ENSG00000070748,CHAT
ENSG00000119772,ENSG00000147889,CDKN2A
ENSG00000136997,ENSG00000172270,BSG
ENSG00000253293,ENSG00000119138,KLF9
ENSG00000136997,ENSG00000109079,TNFAIP1
ENSG00000185591,ENSG00000095596,CYP26A1
ENSG00000171940,ENSG00000105325,FZR1
ENSG00000118260,ENSG00000136634,IL10
ENSG00000185591,ENSG00000183960,KCNH8
ENSG00000186951,ENSG00000175564,UCP3
ENSG00000177606,ENSG00000108312,UBTF
ENSG00000172845,ENSG00000213398,LCAT
ENSG00000007968,ENSG00000108443,RPS6KB1
ENSG00000179284,ENSG00000220205,VAMP2
ENSG00000179284,ENSG00000154767,XPC
ENSG00000117318,ENSG00000071564,TCF3
ENSG00000166508,ENSG00000159210,SNF8
ENSG00000133111,ENSG00000241106,HLA-DOB
ENSG00000152217,ENSG00000171522,PTGER4
ENSG00000179348,ENSG00000184500,PROS1
ENSG00000143748,ENSG00000159173,TNNI1
ENSG00000109320,ENSG00000048052,HDAC9
ENSG00000166164,ENSG00000169925,BRD3
,ENSG00000166501,PRKCB
ENSG00000173039,ENSG00000091513,TF
ENSG00000001167,ENSG00000189266,PNRC2
ENSG00000120738,ENSG00000073756,PTGS2
ENSG00000169083,ENSG00000266412,NCOA4
ENSG00000007968,ENSG00000174628,IQCK
ENSG00000101412,ENSG00000158220,ESYT3
ENSG00000175197,ENSG00000057663,ATG5
ENSG00000101412,ENSG00000004809,SLC22A16
ENSG00000105698,ENSG00000196419,XRCC6
ENSG00000141510,ENSG00000136267,DGKB
ENSG00000106462,ENSG00000141510,TP53
ENSG00000106459,ENSG00000165672,PRDX3
,ENSG00000197479,PCDHB11
ENSG00000172819,ENSG00000084676,NCOA1
ENSG00000112592,ENSG00000136997,MYC
ENSG00000112592,ENSG00000124614,RPS10
ENSG00000177606,ENSG00000171056,SOX7
,ENSG00000148672,GLUD1
ENSG00000205250,ENSG00000127184,COX7C
ENSG00000196591,ENSG00000134107,BHLHE40
ENSG00000173039,ENSG00000136244,IL6
ENSG00000157557,ENSG00000141510,TP53
ENSG00000136997,ENSG00000133805,AMPD3
ENSG00000179284,ENSG00000158470,B4GALT5
ENSG00000166949,ENSG00000111339,ART4
ENSG00000126767,ENSG00000180210,F2
ENSG00000168610,ENSG00000177463,NR2C2
ENSG00000173757,ENSG00000075426,FOSL2
ENSG00000078900,ENSG00000164362,TERT
ENSG00000114861,ENSG00000130787,HIP1R
ENSG00000100393,ENSG00000113525,IL5
ENSG00000150907,ENSG00000117650,NEK2
ENSG00000131196,ENSG00000090339,ICAM1
ENSG00000135363,ENSG00000157554,ERG
ENSG00000109320,ENSG00000001084,GCLC
ENSG00000102145,ENSG00000203618,GP1BB
ENSG00000143190,ENSG00000160013,PTGIR
ENSG00000100219,ENSG00000089248,ERP29
ENSG00000136997,ENSG00000115758,ODC1
ENSG00000245848,ENSG00000189376,C8orf76
ENSG00000101412,ENSG00000026652,AGPAT4
ENSG00000008196,ENSG00000181092,ADIPOQ
ENSG00000143190,ENSG00000107317,PTGDS
ENSG00000169083,ENSG00000112149,CD83
ENSG00000135100,ENSG00000163586,FABP1
ENSG00000135100,ENSG00000104760,FGL1
ENSG00000109320,ENSG00000108576,SLC6A4
ENSG00000179284,ENSG00000100739,BDKRB1
ENSG00000074047,ENSG00000005102,MEOX1
ENSG00000141510,ENSG00000240583,AQP1
ENSG00000158773,ENSG00000136931,NR5A1
ENSG00000131759,ENSG00000145113,MUC4
ENSG00000025434,ENSG00000145384,FABP2
ENSG00000169083,ENSG00000026025,VIM
ENSG00000185122,ENSG00000188338,SLC38A3
ENSG00000066336,ENSG00000160255,ITGB2
ENSG00000183072,ENSG00000104903,LYL1
ENSG00000087510,ENSG00000143320,CRABP2
ENSG00000115966,ENSG00000135346,CGA
ENSG00000185591,ENSG00000068024,HDAC4
ENSG00000162924,ENSG00000102245,CD40LG
ENSG00000141510,ENSG00000104499,GML
ENSG00000158773,ENSG00000101200,AVP
ENSG00000091831,ENSG00000064835,POU1F1
ENSG00000168036,ENSG00000026508,CD44
ENSG00000100644,ENSG00000185338,SOCS1
ENSG00000091831,ENSG00000012223,LTF
,ENSG00000185591,SP1
ENSG00000130816,ENSG00000106483,SFRP4
ENSG00000141510,ENSG00000087494,PTHLH
ENSG00000118689,ENSG00000118971,CCND2
ENSG00000101412,ENSG00000149554,CHEK1
ENSG00000101412,ENSG00000129038,LOXL1
ENSG00000151702,ENSG00000138376,BARD1
ENSG00000101412,ENSG00000213366,GSTM2
ENSG00000177606,ENSG00000162892,IL24
ENSG00000115415,ENSG00000184557,SOCS3
ENSG00000130522,ENSG00000137745,MMP13
ENSG00000105698,ENSG00000163631,ALB
ENSG00000275410,ENSG00000110195,FOLR1
ENSG00000173039,ENSG00000291237,SOD2
ENSG00000166949,ENSG00000138795,LEF1
ENSG00000136997,ENSG00000065802,ASB1
ENSG00000106462,ENSG00000186111,PIP5K1C
ENSG00000170345,ENSG00000141510,TP53
ENSG00000115415,ENSG00000086991,NOX4
ENSG00000101096,ENSG00000109471,IL2
ENSG00000177374,ENSG00000157193,LRP8
ENSG00000179284,ENSG00000206449,MICB
ENSG00000132170,ENSG00000130222,GADD45G
ENSG00000141905,ENSG00000073756,PTGS2
ENSG00000145908,ENSG00000124762,CDKN1A
ENSG00000169083,ENSG00000145191,EIF2B5
ENSG00000186951,ENSG00000107485,GATA3
ENSG00000143799,ENSG00000124762,CDKN1A
ENSG00000186951,ENSG00000156096,UGT2B4
ENSG00000205250,ENSG00000114698,PLSCR4
ENSG00000185591,ENSG00000101665,SMAD7
ENSG00000028277,ENSG00000269404,SPIB
ENSG00000141510,,
ENSG00000143207,ENSG00000196611,MMP1
ENSG00000143190,ENSG00000159216,RUNX1
ENSG00000136574,ENSG00000070193,FGF10
ENSG00000141510,ENSG00000114026,OGG1
ENSG00000091831,ENSG00000175592,FOSL1
ENSG00000124151,ENSG00000121053,EPX
ENSG00000172216,ENSG00000261857,MIA
ENSG00000169083,ENSG00000187193,MT1X
ENSG00000100906,ENSG00000120075,HOXB5
ENSG00000108840,,
ENSG00000158773,ENSG00000116218,NPHS2
ENSG00000185591,ENSG00000122729,ACO1
ENSG00000168610,ENSG00000169710,FASN
ENSG00000136997,ENSG00000126091,ST3GAL3
ENSG00000103495,ENSG00000178394,HTR1A
ENSG00000136997,ENSG00000063978,RNF4
ENSG00000198176,ENSG00000180530,NRIP1
ENSG00000179284,ENSG00000134323,MYCN
ENSG00000107485,ENSG00000157554,ERG
ENSG00000101412,ENSG00000166069,TMCO5A
ENSG00000205250,ENSG00000090581,GNPTG
ENSG00000128272,ENSG00000143384,MCL1
ENSG00000185591,ENSG00000167792,NDUFV1
ENSG00000102974,ENSG00000136997,MYC
ENSG00000124813,ENSG00000029559,IBSP
ENSG00000124766,ENSG00000167034,NKX3-1
ENSG00000185591,ENSG00000185697,MYBL1
ENSG00000118513,ENSG00000160200,CBS
ENSG00000111704,ENSG00000110092,CCND1
ENSG00000126767,ENSG00000163558,PRKCI
ENSG00000107485,ENSG00000175756,AURKAIP1
ENSG00000132170,ENSG00000006831,ADIPOR2
ENSG00000129514,ENSG00000135480,KRT7
ENSG00000118260,ENSG00000008128,CDK11A
ENSG00000089225,ENSG00000147889,CDKN2A
ENSG00000109320,ENSG00000163661,PTX3
,ENSG00000150093,ITGB1
ENSG00000103495,ENSG00000160801,PTH1R
ENSG00000172845,ENSG00000160181,TFF2
,ENSG00000170819,BFSP2
ENSG00000100906,ENSG00000169429,CXCL8
ENSG00000100644,ENSG00000123095,BHLHE41
ENSG00000005339,ENSG00000125347,IRF1
ENSG00000162367,ENSG00000135480,KRT7
ENSG00000019549,ENSG00000107562,CXCL12
ENSG00000109320,ENSG00000118503,TNFAIP3
ENSG00000123268,,
ENSG00000173039,ENSG00000101255,TRIB3
ENSG00000120690,ENSG00000141736,ERBB2
ENSG00000131759,ENSG00000101076,HNF4A
ENSG00000179284,ENSG00000114378,HYAL1
ENSG00000185591,ENSG00000205517,RGL3
ENSG00000103495,ENSG00000010610,CD4
ENSG00000126767,ENSG00000120889,TNFRSF10B
ENSG00000166949,ENSG00000171552,BCL2L1
ENSG00000087510,ENSG00000196208,GREB1
,ENSG00000213030,CGB8
ENSG00000136997,ENSG00000164889,SLC4A2
ENSG00000115966,ENSG00000143507,DUSP10
ENSG00000151702,ENSG00000100393,EP300
,ENSG00000248098,BCKDHA
ENSG00000112592,ENSG00000141753,IGFBP4
ENSG00000074047,ENSG00000087245,MMP2
ENSG00000150907,ENSG00000136244,IL6
ENSG00000141027,ENSG00000198648,STK39
ENSG00000185591,ENSG00000130037,KCNA5
ENSG00000169083,ENSG00000080824,HSP90AA1
ENSG00000112033,ENSG00000131828,PDHA1
ENSG00000100906,ENSG00000197956,S100A6
ENSG00000126767,ENSG00000145936,KCNMB1
ENSG00000118513,ENSG00000132604,TERF2
ENSG00000170345,ENSG00000125255,SLC10A2
ENSG00000109320,ENSG00000173744,AGFG1
ENSG00000158773,ENSG00000158125,XDH
ENSG00000120738,ENSG00000124762,CDKN1A
ENSG00000136997,ENSG00000120699,EXOSC8
ENSG00000143190,ENSG00000181449,SOX2
ENSG00000123268,ENSG00000136634,IL10
ENSG00000179284,ENSG00000183840,GPR39
ENSG00000113916,ENSG00000071994,PDCD2
ENSG00000172466,ENSG00000113721,PDGFRB
ENSG00000118260,ENSG00000196712,NF1
ENSG00000077150,ENSG00000100644,HIF1A
ENSG00000245848,ENSG00000066336,SPI1
ENSG00000138795,ENSG00000050405,LIMA1
ENSG00000136997,ENSG00000166974,MAPRE2
ENSG00000172216,ENSG00000103241,FOXF1
ENSG00000162924,ENSG00000113302,IL12B
ENSG00000170365,ENSG00000137834,SMAD6
ENSG00000179348,ENSG00000188368,PRR19
ENSG00000136997,ENSG00000161970,RPL26
ENSG00000173039,ENSG00000240972,MIF
ENSG00000130816,ENSG00000198755,RPL10A
ENSG00000101412,ENSG00000168418,KCNG4
ENSG00000131759,ENSG00000109471,IL2
ENSG00000165588,ENSG00000163666,HESX1
ENSG00000082641,ENSG00000248333,CDK11B
ENSG00000091831,ENSG00000135446,CDK4
ENSG00000169083,ENSG00000173221,GLRX
ENSG00000078900,ENSG00000101412,E2F1
ENSG00000141510,ENSG00000167325,RRM1
ENSG00000115415,ENSG00000150337,FCGR1A
ENSG00000172216,ENSG00000198900,TOP1
ENSG00000101412,ENSG00000131747,TOP2A
ENSG00000102349,ENSG00000039068,CDH1
ENSG00000172845,ENSG00000108786,HSD17B1
ENSG00000245848,ENSG00000275365,MMP11
ENSG00000107485,ENSG00000187554,TLR5
ENSG00000100644,ENSG00000186951,PPARA
ENSG00000136997,ENSG00000164032,H2AZ1
ENSG00000067082,ENSG00000213030,CGB8
ENSG00000101412,ENSG00000177606,JUN
ENSG00000179284,ENSG00000057593,F7
ENSG00000132005,ENSG00000113578,FGF1
ENSG00000100888,ENSG00000105996,HOXA2
ENSG00000143190,ENSG00000198900,TOP1
ENSG00000179094,ENSG00000100170,SLC5A1
ENSG00000116016,ENSG00000107159,CA9
ENSG00000128016,ENSG00000100644,HIF1A
ENSG00000131759,ENSG00000122861,PLAU
ENSG00000101412,ENSG00000172845,SP3
,ENSG00000087274,ADD1
ENSG00000185591,ENSG00000215182,MUC5AC
ENSG00000124813,ENSG00000142515,KLK3
ENSG00000109320,ENSG00000106991,ENG
ENSG00000186951,ENSG00000175445,LPL
ENSG00000186951,ENSG00000140939,NOL3
ENSG00000069399,ENSG00000077150,NFKB2
ENSG00000141027,ENSG00000160862,AZGP1
ENSG00000170345,ENSG00000167323,STIM1
ENSG00000100906,ENSG00000196611,MMP1
ENSG00000177425,ENSG00000114554,PLXNA1
ENSG00000132170,ENSG00000084674,APOB
ENSG00000092067,ENSG00000140939,NOL3
ENSG00000177606,ENSG00000029559,IBSP
,ENSG00000178035,IMPDH2
ENSG00000187140,ENSG00000187098,MITF
ENSG00000129993,ENSG00000198740,ZNF652
ENSG00000066336,ENSG00000114315,HES1
ENSG00000100644,,
ENSG00000143799,ENSG00000115414,FN1
ENSG00000172845,ENSG00000137090,DMRT1
ENSG00000109906,ENSG00000138795,LEF1
ENSG00000136997,ENSG00000256525,POLG2
ENSG00000177606,ENSG00000131759,RARA
ENSG00000170345,ENSG00000084207,GSTP1
ENSG00000157557,ENSG00000038945,MSR1
ENSG00000102974,ENSG00000105327,BBC3
,ENSG00000174775,HRAS
ENSG00000100644,ENSG00000154767,XPC
ENSG00000169083,ENSG00000084676,NCOA1
ENSG00000135100,ENSG00000146678,IGFBP1
ENSG00000100644,ENSG00000181555,SETD2
ENSG00000126456,ENSG00000185129,PURA
ENSG00000179284,ENSG00000165215,CLDN3
ENSG00000170345,ENSG00000141646,SMAD4
ENSG00000169083,ENSG00000184845,DRD1
,ENSG00000277632,CCL3
ENSG00000125798,ENSG00000137673,MMP7
ENSG00000101412,ENSG00000043514,TRIT1
ENSG00000173039,ENSG00000101384,JAG1
ENSG00000179284,ENSG00000117525,F3
ENSG00000114166,ENSG00000111276,CDKN1B
ENSG00000169083,ENSG00000087245,MMP2
,ENSG00000049860,HEXB
ENSG00000137273,ENSG00000198417,MT1F
ENSG00000118260,ENSG00000164885,CDK5
ENSG00000164683,ENSG00000197822,OCLN
,ENSG00000127946,HIP1
ENSG00000185591,ENSG00000154639,CXADR
,ENSG00000196136,SERPINA3
ENSG00000185697,ENSG00000102805,CLN5
ENSG00000169083,ENSG00000173482,PTPRM
ENSG00000138378,ENSG00000196154,S100A4
ENSG00000182568,ENSG00000135446,CDK4
,ENSG00000131759,RARA
ENSG00000172819,ENSG00000102554,KLF5
ENSG00000185591,ENSG00000087494,PTHLH
ENSG00000115415,ENSG00000135940,COX5B
ENSG00000091831,ENSG00000170345,FOS
ENSG00000157557,ENSG00000164400,CSF2
ENSG00000159216,ENSG00000133026,MYH10
ENSG00000075426,ENSG00000113916,BCL6
ENSG00000172216,ENSG00000203859,HSD3B2
ENSG00000087510,ENSG00000121552,CSTA
ENSG00000125347,ENSG00000108578,BLMH
ENSG00000118260,ENSG00000090020,SLC9A1
ENSG00000173039,ENSG00000104870,FCGRT
ENSG00000112242,ENSG00000164362,TERT
ENSG00000123388,ENSG00000115850,LCT
ENSG00000185591,ENSG00000119125,GDA
,ENSG00000157152,SYN2
ENSG00000115816,ENSG00000137801,THBS1
,ENSG00000204520,MICA
ENSG00000012048,ENSG00000157554,ERG
ENSG00000106546,ENSG00000143437,ARNT
ENSG00000186470,ENSG00000123096,SSPN
ENSG00000101412,ENSG00000213593,TMX2
ENSG00000175832,ENSG00000136810,TXN
ENSG00000136997,ENSG00000105516,DBP
ENSG00000135100,ENSG00000254647,INS
ENSG00000151702,ENSG00000162367,TAL1
ENSG00000141905,ENSG00000158571,PFKFB1
ENSG00000169083,ENSG00000167748,KLK1
,ENSG00000101680,LAMA1
ENSG00000185591,ENSG00000148672,GLUD1
ENSG00000132170,ENSG00000170323,FABP4
ENSG00000100811,ENSG00000169710,FASN
ENSG00000101412,ENSG00000174938,SEZ6L2
ENSG00000115966,ENSG00000164867,NOS3
ENSG00000132170,ENSG00000042832,TG
ENSG00000123268,ENSG00000139537,CCDC65
ENSG00000134323,ENSG00000111276,CDKN1B
ENSG00000197157,ENSG00000144891,AGTR1
ENSG00000101412,ENSG00000100030,MAPK1
ENSG00000055118,ENSG00000085741,WNT11
ENSG00000100811,ENSG00000141084,RANBP10
ENSG00000120738,ENSG00000115414,FN1
ENSG00000169083,ENSG00000141736,ERBB2
,ENSG00000039068,CDH1
ENSG00000116016,ENSG00000157227,MMP14
ENSG00000175832,ENSG00000134954,ETS1
ENSG00000168610,ENSG00000105639,JAK3
ENSG00000122691,ENSG00000115414,FN1
ENSG00000150907,ENSG00000002745,WNT16
ENSG00000177606,ENSG00000169710,FASN
ENSG00000007968,ENSG00000151893,CACUL1
ENSG00000169083,ENSG00000133639,BTG1
ENSG00000162924,ENSG00000117525,F3
ENSG00000165588,ENSG00000017427,IGF1
ENSG00000169083,ENSG00000173039,RELA
ENSG00000170345,ENSG00000104267,CA2
ENSG00000169083,ENSG00000114062,UBE3A
ENSG00000112033,ENSG00000145217,SLC26A1
ENSG00000105991,ENSG00000135406,PRPH
ENSG00000072310,ENSG00000110435,PDHX
ENSG00000136997,ENSG00000125755,SYMPK
ENSG00000141510,ENSG00000106018,VIPR2
ENSG00000157933,ENSG00000135679,MDM2
ENSG00000179348,ENSG00000186834,HEXIM1
ENSG00000126456,ENSG00000185507,IRF7
ENSG00000158773,ENSG00000100345,MYH9
ENSG00000175592,ENSG00000262406,MMP12
ENSG00000118513,ENSG00000166825,ANPEP
ENSG00000170345,ENSG00000038945,MSR1
ENSG00000102974,ENSG00000163346,PBXIP1
ENSG00000185591,ENSG00000145431,PDGFC
ENSG00000109320,ENSG00000115457,IGFBP2
ENSG00000141510,ENSG00000104899,AMH
ENSG00000173039,ENSG00000003402,CFLAR
ENSG00000171720,ENSG00000239732,TLR9
ENSG00000185591,ENSG00000136352,NKX2-1
ENSG00000141646,ENSG00000085662,AKR1B1
ENSG00000010818,ENSG00000204592,HLA-E
ENSG00000025434,ENSG00000087237,CETP
ENSG00000111704,ENSG00000143033,MTF2
ENSG00000087510,ENSG00000091831,ESR1
ENSG00000177606,ENSG00000187094,CCK
ENSG00000100644,ENSG00000141959,PFKL
ENSG00000141510,ENSG00000174775,HRAS
ENSG00000158773,ENSG00000107317,PTGDS
ENSG00000136997,ENSG00000161016,RPL8
ENSG00000131759,ENSG00000140465,CYP1A1
ENSG00000185591,ENSG00000065833,ME1
ENSG00000100219,ENSG00000112715,VEGFA
ENSG00000118260,ENSG00000168621,GDNF
ENSG00000101412,ENSG00000178229,ZNF543
,ENSG00000142515,KLK3
ENSG00000158773,ENSG00000167080,B4GALNT2
ENSG00000186951,ENSG00000160712,IL6R
ENSG00000130522,ENSG00000023909,GCLM
ENSG00000068024,ENSG00000162692,VCAM1
ENSG00000158773,ENSG00000227565,NFKBIL1
ENSG00000150907,ENSG00000087095,NLK
ENSG00000116478,ENSG00000101665,SMAD7
ENSG00000179284,ENSG00000096717,SIRT1
,ENSG00000172137,CALB2
ENSG00000138795,ENSG00000138795,LEF1
ENSG00000141510,,
ENSG00000102554,,
ENSG00000114315,ENSG00000006634,DBF4
ENSG00000136492,ENSG00000076242,MLH1
ENSG00000071564,ENSG00000206454,POU5F1
ENSG00000173039,ENSG00000085662,AKR1B1
ENSG00000177463,ENSG00000138039,LHCGR
ENSG00000173039,ENSG00000247596,TWF2
ENSG00000184486,ENSG00000101200,AVP
ENSG00000152284,ENSG00000105810,CDK6
ENSG00000065526,ENSG00000104936,DMPK
ENSG00000205250,ENSG00000103254,ANTKMT
,ENSG00000115966,ATF2
ENSG00000173039,ENSG00000100012,SEC14L3
ENSG00000118260,ENSG00000145113,MUC4
ENSG00000109320,ENSG00000007908,SELE
ENSG00000162599,ENSG00000141510,TP53
ENSG00000275700,ENSG00000142515,KLK3
ENSG00000132170,ENSG00000141510,TP53
ENSG00000221869,ENSG00000007171,NOS2
ENSG00000177606,ENSG00000091181,IL5RA
ENSG00000136997,ENSG00000095261,PSMD5
ENSG00000185591,ENSG00000115616,SLC9A2
ENSG00000055118,ENSG00000179776,CDH5
ENSG00000102145,ENSG00000130303,BST2
ENSG00000107485,ENSG00000180549,FUT7
ENSG00000169083,ENSG00000065361,ERBB3
ENSG00000074047,ENSG00000120149,MSX2
ENSG00000101076,ENSG00000138109,CYP2C9
ENSG00000179284,ENSG00000149311,ATM
ENSG00000177606,ENSG00000100889,PCK2
ENSG00000120837,ENSG00000179750,APOBEC3B
ENSG00000196588,ENSG00000108821,COL1A1
ENSG00000185591,ENSG00000167910,CYP7A1
ENSG00000120738,ENSG00000085563,ABCB1
ENSG00000136997,ENSG00000137331,IER3
ENSG00000066336,ENSG00000145908,ZNF300
ENSG00000057657,ENSG00000182393,IFNL1
ENSG00000141905,ENSG00000115414,FN1
ENSG00000185591,ENSG00000184956,MUC6
ENSG00000101665,ENSG00000105976,MET
ENSG00000109320,ENSG00000110245,APOC3
ENSG00000096717,ENSG00000160691,SHC1
ENSG00000110693,ENSG00000168036,CTNNB1
ENSG00000245848,ENSG00000156113,KCNMA1
ENSG00000172845,ENSG00000135517,MIP
ENSG00000101412,ENSG00000156802,ATAD2
ENSG00000112242,ENSG00000166508,MCM7
ENSG00000143190,,
ENSG00000177606,ENSG00000168036,CTNNB1
ENSG00000007968,ENSG00000103544,VPS35L
ENSG00000172216,ENSG00000073849,ST6GAL1
ENSG00000169083,ENSG00000258818,RNASE4
ENSG00000048052,,
ENSG00000179284,ENSG00000172270,BSG
ENSG00000102974,ENSG00000164096,ARLN
ENSG00000185591,ENSG00000150093,ITGB1
ENSG00000137309,ENSG00000125538,IL1B
ENSG00000120738,ENSG00000115705,TPO
ENSG00000102145,ENSG00000006638,TBXA2R
ENSG00000114166,ENSG00000134852,CLOCK
ENSG00000143190,ENSG00000073849,ST6GAL1
ENSG00000158773,ENSG00000169689,CENPX
ENSG00000115415,ENSG00000160182,TFF1
ENSG00000074047,ENSG00000129351,ILF3
ENSG00000005339,ENSG00000146648,EGFR
ENSG00000136997,ENSG00000182934,SRPRA
ENSG00000113916,ENSG00000171552,BCL2L1
ENSG00000173039,ENSG00000162896,PIGR
ENSG00000205250,ENSG00000197905,TEAD4
ENSG00000116044,ENSG00000012048,BRCA1
ENSG00000109320,ENSG00000009413,REV3L
ENSG00000165588,ENSG00000158402,CDC25C
,ENSG00000173208,ABCD2
ENSG00000126767,ENSG00000169375,SIN3A
ENSG00000177606,ENSG00000133134,BEX2
ENSG00000118260,ENSG00000049540,ELN
ENSG00000007968,ENSG00000204611,ZNF616
ENSG00000172216,ENSG00000185010,F8
ENSG00000205250,ENSG00000158169,FANCC
ENSG00000128272,ENSG00000162946,DISC1
ENSG00000141510,ENSG00000127528,KLF2
ENSG00000136997,ENSG00000171223,JUNB
ENSG00000112242,ENSG00000101412,E2F1
ENSG00000091831,ENSG00000206449,MICB
ENSG00000140009,ENSG00000167772,ANGPTL4
ENSG00000179348,,
ENSG00000186951,ENSG00000124253,PCK1
ENSG00000100811,ENSG00000044574,HSPA5
ENSG00000120738,ENSG00000180176,TH
ENSG00000068024,ENSG00000107159,CA9
ENSG00000185591,ENSG00000073060,SCARB1
ENSG00000196588,ENSG00000101335,MYL9
ENSG00000074047,ENSG00000115380,EFEMP1
ENSG00000115415,ENSG00000130203,APOE
,ENSG00000134057,CCNB1
ENSG00000108788,ENSG00000115758,ODC1
ENSG00000179284,ENSG00000149948,HMGA2
ENSG00000205250,ENSG00000204256,BRD2
ENSG00000100219,ENSG00000175197,DDIT3
ENSG00000118513,ENSG00000243678,NME2
ENSG00000115415,ENSG00000106211,HSPB1
ENSG00000135100,ENSG00000149131,SERPING1
ENSG00000173039,ENSG00000111012,CYP27B1
ENSG00000018408,ENSG00000146678,IGFBP1
ENSG00000136997,ENSG00000175482,POLD4
ENSG00000163884,ENSG00000186510,CLCNKA
ENSG00000136997,ENSG00000071242,RPS6KA2
ENSG00000141510,ENSG00000163349,HIPK1
ENSG00000125347,ENSG00000171855,IFNB1
ENSG00000101412,ENSG00000111665,CDCA3
ENSG00000168610,ENSG00000105397,TYK2
ENSG00000164093,ENSG00000106852,LHX6
ENSG00000179284,ENSG00000171345,KRT19
ENSG00000169083,ENSG00000242515,UGT1A10
ENSG00000177606,ENSG00000277586,NEFL
ENSG00000130816,ENSG00000100234,TIMP3
ENSG00000120738,ENSG00000035862,TIMP2
ENSG00000169083,ENSG00000196549,MME
ENSG00000179284,ENSG00000115758,ODC1
ENSG00000101412,ENSG00000114098,ARMC8
ENSG00000139445,ENSG00000125779,PANK2
ENSG00000136997,ENSG00000197919,IFNA1
ENSG00000101412,ENSG00000105173,CCNE1
ENSG00000101412,ENSG00000094804,CDC6
ENSG00000001167,ENSG00000129245,FXR2
ENSG00000175832,ENSG00000177731,FLII
ENSG00000170345,ENSG00000113580,NR3C1
ENSG00000169083,ENSG00000102554,KLF5
ENSG00000141510,ENSG00000023839,ABCC2
ENSG00000196092,ENSG00000102265,TIMP1
ENSG00000185591,ENSG00000087274,ADD1
ENSG00000177606,ENSG00000105639,JAK3
ENSG00000135100,ENSG00000188878,FBF1
ENSG00000173039,ENSG00000112592,TBP
ENSG00000100644,ENSG00000174130,TLR6
ENSG00000169083,ENSG00000118520,ARG1
ENSG00000131759,ENSG00000136244,IL6
ENSG00000185591,ENSG00000104899,AMH
ENSG00000100644,ENSG00000117525,F3
ENSG00000172216,ENSG00000117560,FASLG
ENSG00000157554,ENSG00000169429,CXCL8
ENSG00000177374,ENSG00000147852,VLDLR
ENSG00000198791,ENSG00000109099,PMP22
ENSG00000185591,ENSG00000124813,RUNX2
ENSG00000185591,ENSG00000178035,IMPDH2
ENSG00000136997,ENSG00000105610,KLF1
ENSG00000185591,ENSG00000176387,HSD11B2
,ENSG00000106628,POLD2
ENSG00000143190,ENSG00000204287,HLA-DRA
ENSG00000134954,ENSG00000120949,TNFRSF8
ENSG00000104964,ENSG00000044524,EPHA3
ENSG00000185591,ENSG00000137869,CYP19A1
ENSG00000122691,ENSG00000171793,CTPS1
ENSG00000136997,ENSG00000118217,ATF6
ENSG00000185591,ENSG00000174775,HRAS
ENSG00000134954,ENSG00000147889,CDKN2A
ENSG00000136997,ENSG00000118873,RAB3GAP2
ENSG00000118260,ENSG00000109471,IL2
ENSG00000132274,ENSG00000173039,RELA
ENSG00000196367,ENSG00000187098,MITF
ENSG00000066136,ENSG00000184357,H1-5
ENSG00000115641,ENSG00000110092,CCND1
ENSG00000141905,ENSG00000174607,UGT8
ENSG00000101412,ENSG00000116459,ATP5PB
ENSG00000101412,ENSG00000162959,MEMO1
ENSG00000172845,ENSG00000163735,CXCL5
ENSG00000101412,ENSG00000185156,MFSD6L
ENSG00000109320,ENSG00000138378,STAT4
ENSG00000168779,ENSG00000120937,NPPB
ENSG00000007968,ENSG00000114686,MRPL3
ENSG00000137309,ENSG00000073756,PTGS2
ENSG00000143190,ENSG00000160683,CXCR5
ENSG00000185591,ENSG00000277632,CCL3
ENSG00000158773,ENSG00000013364,MVP
,ENSG00000179776,CDH5
ENSG00000157554,ENSG00000204248,COL11A2
ENSG00000175832,ENSG00000213930,GALT
ENSG00000007968,ENSG00000243927,MRPS6
ENSG00000169083,ENSG00000117594,HSD11B1
ENSG00000141510,ENSG00000133740,E2F5
ENSG00000118260,ENSG00000122861,PLAU
ENSG00000134954,ENSG00000102265,TIMP1
ENSG00000136997,ENSG00000142192,APP
ENSG00000205250,ENSG00000145425,RPS3A
ENSG00000141510,ENSG00000145604,SKP2
ENSG00000132170,ENSG00000060971,ACAA1
ENSG00000179284,ENSG00000079432,CIC
ENSG00000185591,ENSG00000196136,SERPINA3
ENSG00000179284,ENSG00000156076,WIF1
ENSG00000144802,ENSG00000136244,IL6
ENSG00000177606,ENSG00000149923,PPP4C
ENSG00000101412,ENSG00000105737,GRIK5
ENSG00000074047,ENSG00000213639,PPP1CB
ENSG00000164532,ENSG00000070193,FGF10
ENSG00000245848,ENSG00000017427,IGF1
ENSG00000141905,ENSG00000101981,F9
ENSG00000173039,ENSG00000101017,CD40
ENSG00000245848,ENSG00000002822,MAD1L1
ENSG00000131408,ENSG00000135218,CD36
ENSG00000179388,ENSG00000149124,GLYAT
ENSG00000101412,ENSG00000109390,NDUFC1
ENSG00000138795,ENSG00000091129,NRCAM
ENSG00000157933,ENSG00000115641,FHL2
ENSG00000100811,ENSG00000110871,COQ5
,ENSG00000078053,AMPH
ENSG00000187098,ENSG00000166501,PRKCB
ENSG00000177606,ENSG00000167889,MGAT5B
ENSG00000205250,ENSG00000132170,PPARG
ENSG00000177606,ENSG00000205362,MT1A
ENSG00000185591,ENSG00000204520,MICA
ENSG00000182979,ENSG00000124216,SNAI1
ENSG00000101412,ENSG00000168757,TSPY2
ENSG00000071564,ENSG00000105325,FZR1
ENSG00000157554,ENSG00000145335,SNCA
ENSG00000077150,ENSG00000171791,BCL2
ENSG00000170345,ENSG00000171552,BCL2L1
ENSG00000096717,ENSG00000135111,TBX3
ENSG00000205250,ENSG00000101138,CSTF1
ENSG00000158773,ENSG00000143190,POU2F1
ENSG00000025434,ENSG00000072310,SREBF1
ENSG00000112658,,
ENSG00000120738,ENSG00000100644,HIF1A
ENSG00000162772,ENSG00000162433,AK4
ENSG00000118260,ENSG00000064012,CASP8
ENSG00000107485,ENSG00000100605,ITPK1
ENSG00000082641,ENSG00000115339,GALNT3
ENSG00000173039,ENSG00000105723,GSK3A
ENSG00000066336,ENSG00000186891,TNFRSF18
ENSG00000198625,ENSG00000141510,TP53
ENSG00000177606,ENSG00000026025,VIM
ENSG00000221869,ENSG00000206439,TNF
ENSG00000101412,ENSG00000104112,SCG3
ENSG00000186951,,
ENSG00000178028,ENSG00000087088,BAX
ENSG00000055118,ENSG00000106991,ENG
ENSG00000205250,ENSG00000029993,HMGB3
ENSG00000101412,ENSG00000057608,GDI2
ENSG00000168610,ENSG00000087245,MMP2
ENSG00000106038,ENSG00000133937,GSC
ENSG00000134954,ENSG00000026103,FAS
,ENSG00000105409,ATP1A3
ENSG00000185591,ENSG00000128739,SNRPN
ENSG00000102974,ENSG00000103145,HCFC1R1
ENSG00000136997,ENSG00000115091,ACTR3
ENSG00000111424,ENSG00000141736,ERBB2
ENSG00000054611,ENSG00000182827,ACBD3
ENSG00000173039,ENSG00000170017,ALCAM
ENSG00000101096,ENSG00000160654,CD3G
ENSG00000175197,ENSG00000169429,CXCL8
ENSG00000168610,ENSG00000129988,LBP
ENSG00000186951,ENSG00000167680,SEMA6B
ENSG00000149311,ENSG00000143384,MCL1
ENSG00000109320,ENSG00000109320,NFKB1
ENSG00000173039,ENSG00000196591,HDAC2
ENSG00000169083,ENSG00000126883,NUP214
ENSG00000102878,ENSG00000163254,CRYGC
ENSG00000134954,ENSG00000104419,NDRG1
ENSG00000143799,ENSG00000163739,CXCL1
ENSG00000179284,ENSG00000164889,SLC4A2
ENSG00000175387,ENSG00000100234,TIMP3
ENSG00000109320,ENSG00000101266,CSNK2A1
ENSG00000138795,ENSG00000052850,ALX4
ENSG00000198911,ENSG00000105854,PON2
ENSG00000168610,ENSG00000101115,SALL4
ENSG00000136997,ENSG00000123405,NFE2
ENSG00000182979,ENSG00000105325,FZR1
ENSG00000101412,,
ENSG00000185551,ENSG00000186951,PPARA
ENSG00000169083,ENSG00000197746,PSAP
ENSG00000169083,ENSG00000106633,GCK
,ENSG00000181104,F2R
ENSG00000185591,ENSG00000096088,PGC
ENSG00000143190,ENSG00000165556,CDX2
ENSG00000205250,ENSG00000162595,DIRAS3
ENSG00000101412,ENSG00000057663,ATG5
ENSG00000102038,ENSG00000163064,EN1
ENSG00000102974,ENSG00000167244,IGF2
ENSG00000012048,ENSG00000134954,ETS1
ENSG00000169083,ENSG00000275410,HNF1B
ENSG00000136997,ENSG00000119383,PTPA
ENSG00000100811,ENSG00000133110,POSTN
ENSG00000136997,ENSG00000129484,PARP2
ENSG00000101412,ENSG00000153827,TRIP12
ENSG00000125347,ENSG00000132274,TRIM22
ENSG00000112033,ENSG00000118971,CCND2
ENSG00000019549,ENSG00000206454,POU5F1
ENSG00000078900,ENSG00000134508,CABLES1
ENSG00000170345,ENSG00000120885,CLU
ENSG00000102145,ENSG00000161610,HCRT
ENSG00000130816,ENSG00000147883,CDKN2B
ENSG00000169083,ENSG00000068120,COASY
ENSG00000179284,ENSG00000164867,NOS3
ENSG00000172216,ENSG00000113525,IL5
ENSG00000136997,ENSG00000104722,NEFM
ENSG00000100393,ENSG00000113302,IL12B
ENSG00000101412,ENSG00000111335,OAS2
ENSG00000136997,ENSG00000105329,TGFB1
ENSG00000066336,ENSG00000150093,ITGB1
ENSG00000143190,ENSG00000113525,IL5
ENSG00000173039,ENSG00000069399,BCL3
ENSG00000132170,ENSG00000121691,CAT
ENSG00000109320,ENSG00000188613,NANOS1
ENSG00000068024,ENSG00000181856,SLC2A4
ENSG00000185591,ENSG00000115966,ATF2
ENSG00000028277,ENSG00000162924,REL
ENSG00000106546,ENSG00000110092,CCND1
ENSG00000124813,ENSG00000150630,VEGFC
ENSG00000168310,ENSG00000108578,BLMH
ENSG00000082175,ENSG00000143153,ATP1B1
ENSG00000066136,ENSG00000165702,GFI1B
ENSG00000136997,ENSG00000109424,UCP1
ENSG00000066136,ENSG00000026103,FAS
ENSG00000115415,ENSG00000127616,SMARCA4
ENSG00000124813,ENSG00000087245,MMP2
ENSG00000074047,ENSG00000039068,CDH1
ENSG00000007968,ENSG00000186174,BCL9L
ENSG00000141646,ENSG00000182492,BGN
ENSG00000131759,ENSG00000240972,MIF
ENSG00000107485,ENSG00000157005,SST
ENSG00000245848,ENSG00000186431,FCAR
ENSG00000185591,ENSG00000143013,LMO4
ENSG00000066336,ENSG00000073060,SCARB1
ENSG00000069667,ENSG00000105398,SULT2A1
ENSG00000126561,ENSG00000017427,IGF1
ENSG00000116560,ENSG00000143819,EPHX1
ENSG00000126767,ENSG00000123358,NR4A1
ENSG00000100644,ENSG00000117118,SDHB
ENSG00000130816,ENSG00000116478,HDAC1
,ENSG00000110492,MDK
ENSG00000007968,ENSG00000136514,RTP4
ENSG00000005339,ENSG00000196154,S100A4
ENSG00000069011,ENSG00000159216,RUNX1
ENSG00000066336,ENSG00000005961,ITGA2B
ENSG00000110435,ENSG00000106633,GCK
ENSG00000118260,ENSG00000179344,HLA-DQB1
ENSG00000113580,ENSG00000196639,HRH1
ENSG00000136352,ENSG00000185483,ROR1
ENSG00000171223,ENSG00000175592,FOSL1
ENSG00000128272,ENSG00000107159,CA9
ENSG00000173039,ENSG00000182492,BGN
ENSG00000069399,ENSG00000102974,CTCF
ENSG00000118513,ENSG00000139343,SNRPF
,ENSG00000143369,ECM1
ENSG00000185591,ENSG00000145604,SKP2
ENSG00000179388,ENSG00000164056,SPRY1
ENSG00000118260,,
ENSG00000205250,ENSG00000204438,GPANK1
ENSG00000213928,ENSG00000118971,CCND2
ENSG00000106546,ENSG00000012048,BRCA1
ENSG00000118260,ENSG00000175426,PCSK1
ENSG00000105698,ENSG00000034971,MYOC
ENSG00000109320,ENSG00000136560,TANK
ENSG00000101412,ENSG00000162607,USP1
ENSG00000136997,ENSG00000167085,PHB1
ENSG00000170581,ENSG00000125347,IRF1
ENSG00000245848,ENSG00000125798,FOXA2
ENSG00000173039,ENSG00000136689,IL1RN
ENSG00000101412,ENSG00000176171,BNIP3
ENSG00000118513,ENSG00000026025,VIM
,ENSG00000184502,GAST
ENSG00000206315,ENSG00000143995,MEIS1
ENSG00000109320,ENSG00000159176,CSRP1
ENSG00000126003,ENSG00000167244,IGF2
ENSG00000120738,ENSG00000121858,TNFSF10
ENSG00000128709,ENSG00000039068,CDH1
ENSG00000185591,ENSG00000270882,H4C14
ENSG00000182979,ENSG00000147889,CDKN2A
ENSG00000100811,ENSG00000073861,TBX21
ENSG00000173039,ENSG00000110092,CCND1
ENSG00000136997,ENSG00000084623,EIF3I
ENSG00000143390,ENSG00000204257,HLA-DMA
ENSG00000112658,ENSG00000198947,DMD
ENSG00000135100,ENSG00000231974,APOM
ENSG00000135100,ENSG00000139515,PDX1
ENSG00000120837,ENSG00000085563,ABCB1
ENSG00000166261,ENSG00000165029,ABCA1
ENSG00000107175,ENSG00000121966,CXCR4
ENSG00000143390,ENSG00000225103,HLA-DQA2
ENSG00000129514,ENSG00000177519,RPRM
ENSG00000169083,ENSG00000039068,CDH1
ENSG00000134954,ENSG00000112715,VEGFA
ENSG00000091831,ENSG00000135346,CGA
ENSG00000101412,ENSG00000114904,NEK4
ENSG00000125347,ENSG00000120833,SOCS2
ENSG00000175832,ENSG00000102468,HTR2A
ENSG00000136997,ENSG00000079785,DDX1
ENSG00000185591,ENSG00000103257,SLC7A5
ENSG00000122877,ENSG00000166145,SPINT1
ENSG00000136997,ENSG00000076248,UNG
ENSG00000111801,ENSG00000109320,NFKB1
ENSG00000170515,ENSG00000142515,KLK3
ENSG00000173039,ENSG00000234127,TRIM26
ENSG00000077092,ENSG00000140939,NOL3
ENSG00000101412,ENSG00000171557,FGG
ENSG00000165891,ENSG00000101412,E2F1
ENSG00000096717,ENSG00000154736,ADAMTS5
ENSG00000162599,ENSG00000113580,NR3C1
ENSG00000177606,ENSG00000087245,MMP2
ENSG00000126456,ENSG00000164342,TLR3
ENSG00000175197,ENSG00000148677,ANKRD1
,ENSG00000115263,GCG
ENSG00000166888,ENSG00000007908,SELE
ENSG00000141510,ENSG00000197299,BLM
,ENSG00000164270,HTR4
ENSG00000106689,ENSG00000185630,PBX1
ENSG00000112592,ENSG00000089280,FUS
ENSG00000178860,ENSG00000134460,IL2RA
ENSG00000136997,ENSG00000141030,COPS3
ENSG00000074047,ENSG00000129682,FGF13
ENSG00000177606,ENSG00000129988,LBP
ENSG00000141510,ENSG00000139618,BRCA2
ENSG00000179284,ENSG00000122707,RECK
ENSG00000245848,ENSG00000090339,ICAM1
ENSG00000102908,ENSG00000160870,CYP3A7
ENSG00000172216,ENSG00000271503,CCL5
ENSG00000170581,ENSG00000138760,SCARB2
ENSG00000185591,ENSG00000106628,POLD2
ENSG00000169083,ENSG00000167034,NKX3-1
ENSG00000101412,ENSG00000140479,PCSK6
ENSG00000141510,ENSG00000104879,CKM
ENSG00000185591,ENSG00000130164,LDLR
ENSG00000109320,ENSG00000240065,PSMB9
ENSG00000111653,ENSG00000154188,ANGPT1
,ENSG00000141012,GALNS
ENSG00000173039,ENSG00000163485,ADORA1
ENSG00000101412,ENSG00000115053,NCL
ENSG00000151702,ENSG00000196611,MMP1
ENSG00000179284,ENSG00000139567,ACVRL1
ENSG00000141905,ENSG00000023330,ALAS1
ENSG00000141510,ENSG00000145386,CCNA2
ENSG00000173039,ENSG00000012048,BRCA1
ENSG00000109320,,
ENSG00000137309,ENSG00000134460,IL2RA
ENSG00000197933,ENSG00000066044,ELAVL1
ENSG00000131759,ENSG00000166426,CRABP1
ENSG00000173039,ENSG00000121807,CCR2
ENSG00000112242,ENSG00000142731,PLK4
ENSG00000107485,ENSG00000171408,PDE7B
ENSG00000120149,ENSG00000118777,ABCG2
ENSG00000100811,ENSG00000141736,ERBB2
ENSG00000118260,ENSG00000091513,TF
ENSG00000116478,ENSG00000204520,MICA
ENSG00000136997,ENSG00000108091,CCDC6
ENSG00000118260,ENSG00000187098,MITF
ENSG00000141510,ENSG00000141905,NFIC
ENSG00000117707,ENSG00000144852,NR1I2
ENSG00000141027,ENSG00000196620,UGT2B15
ENSG00000143437,ENSG00000168389,MFSD2A
ENSG00000095794,ENSG00000118260,CREB1
ENSG00000136997,ENSG00000113296,THBS4
ENSG00000172845,ENSG00000008226,DLEC1
ENSG00000118260,ENSG00000140459,CYP11A1
ENSG00000205581,ENSG00000132646,PCNA
ENSG00000091831,ENSG00000171345,KRT19
ENSG00000107485,ENSG00000196277,GRM7
ENSG00000109320,ENSG00000169891,REPS2
ENSG00000205250,ENSG00000085999,RAD54L
ENSG00000134086,ENSG00000111276,CDKN1B
ENSG00000125347,ENSG00000123240,OPTN
ENSG00000124216,ENSG00000039068,CDH1
ENSG00000196712,ENSG00000141510,TP53
ENSG00000132170,ENSG00000116717,GADD45A
ENSG00000118260,ENSG00000136244,IL6
ENSG00000101076,ENSG00000144852,NR1I2
ENSG00000019549,ENSG00000105325,FZR1
ENSG00000179284,ENSG00000136487,GH2
ENSG00000113580,ENSG00000136634,IL10
ENSG00000221869,ENSG00000134853,PDGFRA
ENSG00000141510,ENSG00000100234,TIMP3
ENSG00000198911,ENSG00000166035,LIPC
ENSG00000102145,ENSG00000213931,HBE1
ENSG00000184481,ENSG00000265190,ANXA8
ENSG00000141510,ENSG00000111725,PRKAB1
ENSG00000132170,ENSG00000171552,BCL2L1
ENSG00000136450,ENSG00000109320,NFKB1
ENSG00000136997,ENSG00000175564,UCP3
ENSG00000158773,ENSG00000183734,ASCL2
ENSG00000007968,ENSG00000123684,LPGAT1
,ENSG00000149124,GLYAT
ENSG00000112182,ENSG00000109471,IL2
ENSG00000124151,ENSG00000166670,MMP10
ENSG00000185591,ENSG00000069535,MAOB
ENSG00000125347,ENSG00000111537,IFNG
ENSG00000136997,ENSG00000134086,VHL
ENSG00000055609,ENSG00000197757,HOXC6
ENSG00000179348,ENSG00000169385,RNASE2
ENSG00000131759,ENSG00000085662,AKR1B1
ENSG00000141905,ENSG00000189403,HMGB1
ENSG00000172845,ENSG00000204248,COL11A2
ENSG00000187079,ENSG00000102854,MSLN
ENSG00000143013,ENSG00000101144,BMP7
ENSG00000185591,ENSG00000105383,CD33
ENSG00000111424,ENSG00000160868,CYP3A4
ENSG00000177606,ENSG00000213859,KCTD11
ENSG00000169083,ENSG00000129682,FGF13
ENSG00000166949,ENSG00000137809,ITGA11
ENSG00000185591,ENSG00000105409,ATP1A3
ENSG00000168310,ENSG00000171855,IFNB1
ENSG00000135100,ENSG00000135744,AGT
ENSG00000150907,ENSG00000143768,LEFTY2
ENSG00000170345,ENSG00000160182,TFF1
ENSG00000065978,ENSG00000172613,RAD9A
ENSG00000134954,ENSG00000118523,CCN2
ENSG00000130816,ENSG00000121966,CXCR4
ENSG00000143799,ENSG00000171791,BCL2
ENSG00000073861,ENSG00000169194,IL13
ENSG00000123405,ENSG00000151632,AKR1C2
ENSG00000185551,,
ENSG00000105619,ENSG00000145088,EAF2
ENSG00000075426,ENSG00000102265,TIMP1
ENSG00000172845,ENSG00000137364,TPMT
ENSG00000007968,ENSG00000164362,TERT
ENSG00000143190,ENSG00000064835,POU1F1
ENSG00000100811,ENSG00000179218,CALR
ENSG00000204371,ENSG00000020633,RUNX3
ENSG00000115415,ENSG00000105205,CLC
ENSG00000173039,ENSG00000153291,SLC25A27
,ENSG00000163235,TGFA
ENSG00000001167,ENSG00000164045,CDC25A
ENSG00000072310,ENSG00000120437,ACAT2
ENSG00000134323,ENSG00000183166,CALN1
ENSG00000157554,,
ENSG00000136997,ENSG00000118260,CREB1
ENSG00000136997,ENSG00000104960,PTOV1
,ENSG00000109163,GNRHR
ENSG00000114166,ENSG00000139687,RB1
ENSG00000162924,ENSG00000137331,IER3
ENSG00000126561,ENSG00000113916,BCL6
ENSG00000185591,ENSG00000181104,F2R
ENSG00000065526,ENSG00000196498,NCOR2
ENSG00000101412,ENSG00000006634,DBF4
ENSG00000150907,ENSG00000110092,CCND1
ENSG00000205250,ENSG00000112312,GMNN
ENSG00000206315,ENSG00000165280,VCP
ENSG00000101412,ENSG00000136122,BORA
ENSG00000102935,ENSG00000012048,BRCA1
ENSG00000020633,ENSG00000136997,MYC
ENSG00000143190,ENSG00000118785,SPP1
ENSG00000123268,,
ENSG00000175832,ENSG00000133661,SFTPD
ENSG00000109320,ENSG00000160180,TFF3
ENSG00000100811,ENSG00000147465,STAR
ENSG00000123268,ENSG00000175426,PCSK1
ENSG00000136997,ENSG00000180198,RCC1
ENSG00000185591,ENSG00000134817,APLNR
ENSG00000185591,ENSG00000169083,AR
ENSG00000115415,ENSG00000149541,B3GAT3
ENSG00000141905,ENSG00000145192,AHSG
ENSG00000101412,ENSG00000168209,DDIT4
ENSG00000177606,ENSG00000147465,STAR
,ENSG00000213218,CSH2
ENSG00000118689,ENSG00000122861,PLAU
ENSG00000112242,ENSG00000122861,PLAU
ENSG00000269404,ENSG00000185507,IRF7
ENSG00000101412,ENSG00000170498,KISS1
ENSG00000143190,ENSG00000184916,JAG2
ENSG00000005339,ENSG00000113520,IL4
ENSG00000125798,ENSG00000116833,NR5A2
ENSG00000128652,ENSG00000122861,PLAU
ENSG00000179284,ENSG00000091831,ESR1
ENSG00000186951,ENSG00000241119,UGT1A9
ENSG00000120738,ENSG00000171791,BCL2
ENSG00000101412,ENSG00000160953,PWWP3A
ENSG00000153879,ENSG00000113520,IL4
ENSG00000205250,ENSG00000054796,SPO11
ENSG00000173757,ENSG00000051180,RAD51
ENSG00000109320,ENSG00000111335,OAS2
ENSG00000122691,ENSG00000171791,BCL2
ENSG00000079246,ENSG00000101017,CD40
ENSG00000173039,ENSG00000144802,NFKBIZ
ENSG00000158773,ENSG00000156136,DCK
ENSG00000140009,ENSG00000139618,BRCA2
ENSG00000168610,ENSG00000146469,VIP
ENSG00000101412,ENSG00000168646,AXIN2
ENSG00000104064,ENSG00000145425,RPS3A
ENSG00000066336,ENSG00000129951,PLPPR3
ENSG00000121022,ENSG00000111276,CDKN1B
ENSG00000177606,ENSG00000034693,PEX3
ENSG00000118260,ENSG00000075275,CELSR1
ENSG00000148737,ENSG00000164611,PTTG1
ENSG00000136997,ENSG00000181163,NPM1
ENSG00000172845,ENSG00000146678,IGFBP1
ENSG00000136997,ENSG00000124789,NUP153
ENSG00000112242,ENSG00000088808,PPP1R13B
ENSG00000136997,ENSG00000165672,PRDX3
ENSG00000140464,ENSG00000145088,EAF2
ENSG00000112242,ENSG00000076003,MCM6
ENSG00000185591,ENSG00000145386,CCNA2
ENSG00000120837,ENSG00000132646,PCNA
ENSG00000109320,ENSG00000105835,NAMPT
,ENSG00000090534,THPO
ENSG00000179284,ENSG00000142192,APP
ENSG00000138795,ENSG00000158473,CD1D
ENSG00000124664,ENSG00000206075,SERPINB5
ENSG00000113722,ENSG00000073756,PTGS2
ENSG00000118513,ENSG00000141736,ERBB2
ENSG00000100811,ENSG00000001626,CFTR
,ENSG00000140287,HDC
ENSG00000101076,ENSG00000125730,C3
ENSG00000145741,ENSG00000123096,SSPN
ENSG00000100811,ENSG00000104517,UBR5
ENSG00000138378,ENSG00000007952,NOX1
ENSG00000068024,ENSG00000148344,PTGES
ENSG00000205250,ENSG00000065243,PKN2
ENSG00000091831,ENSG00000164867,NOS3
ENSG00000077092,ENSG00000124253,PCK1
ENSG00000141510,ENSG00000163235,TGFA
ENSG00000106004,ENSG00000076928,ARHGEF1
ENSG00000124813,ENSG00000163501,IHH
ENSG00000136997,ENSG00000049541,RFC2
ENSG00000177606,ENSG00000005421,PON1
ENSG00000101412,ENSG00000130779,CLIP1
ENSG00000008196,ENSG00000184845,DRD1
ENSG00000136997,ENSG00000122042,UBL3
ENSG00000136997,ENSG00000165025,SYK
ENSG00000123268,ENSG00000187098,MITF
ENSG00000185591,ENSG00000100234,TIMP3
ENSG00000120738,ENSG00000110848,CD69
ENSG00000113916,ENSG00000057657,PRDM1
ENSG00000151702,ENSG00000005339,CREBBP
ENSG00000114166,ENSG00000078900,TP73
ENSG00000185591,ENSG00000184502,GAST
ENSG00000120738,ENSG00000162552,WNT4
ENSG00000117139,ENSG00000012048,BRCA1
ENSG00000048052,ENSG00000140287,HDC
ENSG00000007968,ENSG00000166508,MCM7
ENSG00000123268,ENSG00000136244,IL6
ENSG00000126351,ENSG00000141582,CBX4
ENSG00000185591,ENSG00000182240,BACE2
ENSG00000146592,ENSG00000069702,TGFBR3
ENSG00000100644,ENSG00000122707,RECK
ENSG00000118217,ENSG00000102580,DNAJC3
ENSG00000148737,ENSG00000164458,TBXT
ENSG00000082175,ENSG00000135346,CGA
ENSG00000068654,ENSG00000101412,E2F1
,ENSG00000148926,ADM
ENSG00000162772,ENSG00000159346,ADIPOR1
ENSG00000113580,ENSG00000002330,BAD
ENSG00000075891,ENSG00000145423,SFRP2
ENSG00000111424,ENSG00000039068,CDH1
ENSG00000139687,ENSG00000179284,DAND5
ENSG00000138795,ENSG00000123999,INHA
ENSG00000007968,ENSG00000101412,E2F1
ENSG00000183072,ENSG00000165617,DACT1
ENSG00000061273,ENSG00000123358,NR4A1
ENSG00000126456,ENSG00000197919,IFNA1
ENSG00000179284,ENSG00000114948,ADAM23
ENSG00000105722,ENSG00000185630,PBX1
ENSG00000109320,ENSG00000188641,DPYD
ENSG00000137709,ENSG00000241794,SPRR2A
ENSG00000179284,ENSG00000113070,HBEGF
ENSG00000101412,ENSG00000111696,NT5DC3
ENSG00000185591,ENSG00000164270,HTR4
ENSG00000205250,ENSG00000103253,HAGHL
ENSG00000172845,ENSG00000136997,MYC
ENSG00000012048,ENSG00000158711,ELK4
ENSG00000115415,ENSG00000121060,TRIM25
ENSG00000115415,,
ENSG00000120738,ENSG00000175344,CHRNA7
ENSG00000008196,ENSG00000141736,ERBB2
ENSG00000162772,ENSG00000175197,DDIT3
ENSG00000158773,ENSG00000164733,CTSB
ENSG00000164093,ENSG00000131808,FSHB
ENSG00000172216,ENSG00000170345,FOS
ENSG00000177606,ENSG00000140398,NEIL1
ENSG00000169083,ENSG00000167723,TRPV3
,ENSG00000100985,MMP9
ENSG00000185122,ENSG00000204520,MICA
ENSG00000105698,ENSG00000137869,CYP19A1
ENSG00000091831,ENSG00000264343,NOTCH2NLA
ENSG00000136997,ENSG00000137764,MAP2K5
ENSG00000185591,ENSG00000141012,GALNS
ENSG00000169083,ENSG00000112640,PPP2R5D
ENSG00000139687,ENSG00000277494,GPIHBP1
ENSG00000108924,ENSG00000265190,ANXA8
ENSG00000148737,ENSG00000073756,PTGS2
ENSG00000175387,ENSG00000111087,GLI1
ENSG00000150907,ENSG00000163623,NKX6-1
ENSG00000141646,ENSG00000183072,NKX2-5
ENSG00000136997,ENSG00000140939,NOL3
ENSG00000143390,,
ENSG00000072310,ENSG00000138823,MTTP
ENSG00000168610,ENSG00000039068,CDH1
ENSG00000134954,ENSG00000108688,CCL7
ENSG00000138795,ENSG00000071564,TCF3
ENSG00000141510,ENSG00000090097,PCBP4
ENSG00000120738,ENSG00000117560,FASLG
ENSG00000177606,ENSG00000160868,CYP3A4
ENSG00000179284,ENSG00000105329,TGFB1
ENSG00000066336,ENSG00000105383,CD33
ENSG00000091831,ENSG00000185630,PBX1
ENSG00000120837,ENSG00000170312,CDK1
ENSG00000077150,ENSG00000182393,IFNL1
ENSG00000118260,ENSG00000143570,SLC39A1
ENSG00000136997,ENSG00000159217,IGF2BP1
ENSG00000100644,ENSG00000113083,LOX
ENSG00000112242,ENSG00000106366,SERPINE1
ENSG00000172216,ENSG00000172156,CCL11
ENSG00000117139,ENSG00000105974,CAV1
ENSG00000196092,ENSG00000105976,MET
ENSG00000205250,ENSG00000196262,PPIA
ENSG00000149311,ENSG00000179284,DAND5
ENSG00000179284,ENSG00000174437,ATP2A2
ENSG00000111087,ENSG00000181163,NPM1
ENSG00000091831,ENSG00000196208,GREB1
ENSG00000101412,ENSG00000123700,KCNJ2
ENSG00000101412,ENSG00000228716,DHFR
ENSG00000143190,ENSG00000105369,CD79A
ENSG00000134954,ENSG00000117400,MPL
ENSG00000169856,ENSG00000115718,PROC
ENSG00000118513,ENSG00000184381,PLA2G6
ENSG00000130816,ENSG00000120057,SFRP5
ENSG00000185591,ENSG00000152684,PELO
ENSG00000012048,ENSG00000141510,TP53
ENSG00000101412,ENSG00000180879,SSR4
ENSG00000120738,ENSG00000139219,COL2A1
ENSG00000179348,ENSG00000099957,P2RX6
ENSG00000140044,ENSG00000162772,ATF3
ENSG00000132170,ENSG00000140009,ESR2
ENSG00000130522,ENSG00000259207,ITGB3
ENSG00000065029,ENSG00000161217,PCYT1A
ENSG00000048052,ENSG00000109320,NFKB1
ENSG00000158773,ENSG00000182197,EXT1
ENSG00000131408,ENSG00000072310,SREBF1
ENSG00000177606,ENSG00000159640,ACE
ENSG00000185591,ENSG00000095794,CREM
ENSG00000245848,ENSG00000132170,PPARG
ENSG00000073861,ENSG00000186810,CXCR3
ENSG00000140009,ENSG00000172179,PRL
ENSG00000134954,ENSG00000105976,MET
ENSG00000151090,ENSG00000009950,MLXIPL
ENSG00000177606,ENSG00000146469,VIP
ENSG00000129173,ENSG00000101412,E2F1
ENSG00000101412,ENSG00000198300,PEG3
ENSG00000141510,ENSG00000176890,TYMS
ENSG00000120690,ENSG00000120156,TEK
ENSG00000118260,ENSG00000136158,SPRY2
ENSG00000169083,ENSG00000024526,DEPDC1
ENSG00000157554,ENSG00000157554,ERG
ENSG00000177606,ENSG00000196743,GM2A
ENSG00000124664,ENSG00000100985,MMP9
ENSG00000106462,ENSG00000168495,POLR3D
ENSG00000245848,ENSG00000138073,PREB
ENSG00000112033,ENSG00000142168,SOD1
ENSG00000134954,ENSG00000158636,EMSY
ENSG00000109787,ENSG00000213934,HBG1
ENSG00000185591,ENSG00000111716,LDHB
ENSG00000105698,ENSG00000198363,ASPH
ENSG00000136574,ENSG00000116030,SUMO1
ENSG00000140009,ENSG00000163235,TGFA
ENSG00000128714,ENSG00000022267,FHL1
ENSG00000185591,ENSG00000163235,TGFA
ENSG00000132170,ENSG00000165409,TSHR
ENSG00000173039,ENSG00000169710,FASN
ENSG00000124440,ENSG00000100644,HIF1A
ENSG00000136997,ENSG00000125753,VASP
ENSG00000116478,ENSG00000169083,AR
ENSG00000185591,ENSG00000147883,CDKN2B
ENSG00000136997,ENSG00000187514,PTMA
ENSG00000122877,ENSG00000078900,TP73
ENSG00000173039,ENSG00000115884,SDC1
ENSG00000109320,ENSG00000078399,HOXA9
ENSG00000136997,ENSG00000133112,TPT1
ENSG00000132170,ENSG00000130203,APOE
ENSG00000078900,ENSG00000158747,NBL1
ENSG00000172845,ENSG00000180228,PRKRA
ENSG00000161298,ENSG00000125968,ID1
ENSG00000173039,ENSG00000163435,ELF3
ENSG00000136997,ENSG00000234745,HLA-B
ENSG00000245848,ENSG00000106624,AEBP1
ENSG00000136997,ENSG00000145736,GTF2H2
ENSG00000173039,ENSG00000142515,KLK3
ENSG00000101412,ENSG00000234616,JRK
ENSG00000150907,ENSG00000109819,PPARGC1A
ENSG00000118260,ENSG00000247596,TWF2
ENSG00000101412,ENSG00000162493,PDPN
ENSG00000101412,ENSG00000003056,M6PR
ENSG00000168610,ENSG00000180644,PRF1
ENSG00000135457,,
ENSG00000101412,ENSG00000100325,ASCC2
ENSG00000100644,ENSG00000091831,ESR1
ENSG00000130700,ENSG00000100170,SLC5A1
ENSG00000158773,ENSG00000155380,SLC16A1
ENSG00000143190,ENSG00000100739,BDKRB1
ENSG00000173039,ENSG00000176884,GRIN1
ENSG00000137309,ENSG00000163739,CXCL1
ENSG00000109320,ENSG00000163735,CXCL5
,ENSG00000111087,GLI1
ENSG00000136997,,
ENSG00000173039,ENSG00000187094,CCK
ENSG00000141510,ENSG00000065057,NTHL1
ENSG00000107485,ENSG00000075089,ACTR6
ENSG00000081189,ENSG00000177606,JUN
ENSG00000185591,ENSG00000006638,TBXA2R
ENSG00000116478,ENSG00000139618,BRCA2
ENSG00000109320,ENSG00000140945,CDH13
ENSG00000134954,ENSG00000128052,KDR
ENSG00000151702,ENSG00000151702,FLI1
ENSG00000172845,ENSG00000141753,IGFBP4
ENSG00000177606,ENSG00000117632,STMN1
